title,type,genre_list,release_year,rating
Dick Johnson Is Dead,Movie,Documentaries,2020,PG-13
Blood & Water,TV Show,International TV Shows,2021,TV-MA
Blood & Water,TV Show,TV Dramas,2021,TV-MA
Blood & Water,TV Show,TV Mysteries,2021,TV-MA
Ganglands,TV Show,Crime TV Shows,2021,TV-MA
Ganglands,TV Show,International TV Shows,2021,TV-MA
Ganglands,TV Show,TV Action & Adventure,2021,TV-MA
Jailbirds New Orleans,TV Show,Docuseries,2021,TV-MA
Jailbirds New Orleans,TV Show,Reality TV,2021,TV-MA
Kota Factory,TV Show,International TV Shows,2021,TV-MA
Kota Factory,TV Show,Romantic TV Shows,2021,TV-MA
Kota Factory,TV Show,TV Comedies,2021,TV-MA
Midnight Mass,TV Show,TV Dramas,2021,TV-MA
Midnight Mass,TV Show,TV Horror,2021,TV-MA
Midnight Mass,TV Show,TV Mysteries,2021,TV-MA
My Little Pony: A New Generation,Movie,Children & Family Movies,2021,PG
Sankofa,Movie,Dramas,1993,TV-MA
Sankofa,Movie,Independent Movies,1993,TV-MA
Sankofa,Movie,International Movies,1993,TV-MA
The Great British Baking Show,TV Show,British TV Shows,2021,TV-14
The Great British Baking Show,TV Show,Reality TV,2021,TV-14
The Starling,Movie,Comedies,2021,PG-13
The Starling,Movie,Dramas,2021,PG-13
"Vendetta: Truth, Lies and The Mafia",TV Show,Crime TV Shows,2021,TV-MA
"Vendetta: Truth, Lies and The Mafia",TV Show,Docuseries,2021,TV-MA
"Vendetta: Truth, Lies and The Mafia",TV Show,International TV Shows,2021,TV-MA
Bangkok Breaking,TV Show,Crime TV Shows,2021,TV-MA
Bangkok Breaking,TV Show,International TV Shows,2021,TV-MA
Bangkok Breaking,TV Show,TV Action & Adventure,2021,TV-MA
Je Suis Karl,Movie,Dramas,2021,TV-MA
Je Suis Karl,Movie,International Movies,2021,TV-MA
Confessions of an Invisible Girl,Movie,Children & Family Movies,2021,TV-PG
Confessions of an Invisible Girl,Movie,Comedies,2021,TV-PG
Crime Stories: India Detectives,TV Show,British TV Shows,2021,TV-MA
Crime Stories: India Detectives,TV Show,Crime TV Shows,2021,TV-MA
Crime Stories: India Detectives,TV Show,Docuseries,2021,TV-MA
Dear White People,TV Show,TV Comedies,2021,TV-MA
Dear White People,TV Show,TV Dramas,2021,TV-MA
Europe's Most Dangerous Man: Otto Skorzeny in Spain,Movie,Documentaries,2020,TV-MA
Europe's Most Dangerous Man: Otto Skorzeny in Spain,Movie,International Movies,2020,TV-MA
Falsa identidad,TV Show,Crime TV Shows,2020,TV-MA
Falsa identidad,TV Show,Spanish-Language TV Shows,2020,TV-MA
Falsa identidad,TV Show,TV Dramas,2020,TV-MA
Intrusion,Movie,Thrillers,2021,TV-14
Jaguar,TV Show,International TV Shows,2021,TV-MA
Jaguar,TV Show,Spanish-Language TV Shows,2021,TV-MA
Jaguar,TV Show,TV Action & Adventure,2021,TV-MA
Monsters Inside: The 24 Faces of Billy Milligan,TV Show,Crime TV Shows,2021,TV-14
Monsters Inside: The 24 Faces of Billy Milligan,TV Show,Docuseries,2021,TV-14
Monsters Inside: The 24 Faces of Billy Milligan,TV Show,International TV Shows,2021,TV-14
Resurrection: Ertugrul,TV Show,International TV Shows,2018,TV-14
Resurrection: Ertugrul,TV Show,TV Action & Adventure,2018,TV-14
Resurrection: Ertugrul,TV Show,TV Dramas,2018,TV-14
Avvai Shanmughi,Movie,Comedies,1996,TV-PG
Avvai Shanmughi,Movie,International Movies,1996,TV-PG
Go! Go! Cory Carson: Chrissy Takes the Wheel,Movie,Children & Family Movies,2021,TV-Y
Jeans,Movie,Comedies,1998,TV-14
Jeans,Movie,International Movies,1998,TV-14
Jeans,Movie,Romantic Movies,1998,TV-14
Love on the Spectrum,TV Show,Docuseries,2021,TV-14
Love on the Spectrum,TV Show,International TV Shows,2021,TV-14
Love on the Spectrum,TV Show,Reality TV,2021,TV-14
Minsara Kanavu,Movie,Comedies,1997,TV-PG
Minsara Kanavu,Movie,International Movies,1997,TV-PG
Minsara Kanavu,Movie,Music & Musicals,1997,TV-PG
Grown Ups,Movie,Comedies,2010,PG-13
Dark Skies,Movie,Horror Movies,2013,PG-13
Dark Skies,Movie,Sci-Fi & Fantasy,2013,PG-13
Paranoia,Movie,Thrillers,2013,PG-13
Ankahi Kahaniya,Movie,Dramas,2021,TV-14
Ankahi Kahaniya,Movie,Independent Movies,2021,TV-14
Ankahi Kahaniya,Movie,International Movies,2021,TV-14
Chicago Party Aunt,TV Show,TV Comedies,2021,TV-MA
Sex Education,TV Show,British TV Shows,2020,TV-MA
Sex Education,TV Show,International TV Shows,2020,TV-MA
Sex Education,TV Show,TV Comedies,2020,TV-MA
Squid Game,TV Show,International TV Shows,2021,TV-MA
Squid Game,TV Show,TV Dramas,2021,TV-MA
Squid Game,TV Show,TV Thrillers,2021,TV-MA
Tayo and Little Wizards,TV Show,Kids' TV,2020,TV-Y7
The Father Who Moves Mountains,Movie,Dramas,2021,TV-MA
The Father Who Moves Mountains,Movie,International Movies,2021,TV-MA
The Father Who Moves Mountains,Movie,Thrillers,2021,TV-MA
The Stronghold,Movie,Action & Adventure,2021,TV-MA
The Stronghold,Movie,Dramas,2021,TV-MA
The Stronghold,Movie,International Movies,2021,TV-MA
Angry Birds,TV Show,Kids' TV,2018,TV-Y7
Angry Birds,TV Show,TV Comedies,2018,TV-Y7
Birth of the Dragon,Movie,Action & Adventure,2017,PG-13
Birth of the Dragon,Movie,Dramas,2017,PG-13
Chhota Bheem,TV Show,Kids' TV,2021,TV-Y7
He-Man and the Masters of the Universe,TV Show,Kids' TV,2021,TV-Y7
He-Man and the Masters of the Universe,TV Show,TV Sci-Fi & Fantasy,2021,TV-Y7
Jaws,Movie,Action & Adventure,1975,PG
Jaws,Movie,Classic Movies,1975,PG
Jaws,Movie,Dramas,1975,PG
Jaws 2,Movie,Dramas,1978,PG
Jaws 2,Movie,Horror Movies,1978,PG
Jaws 2,Movie,Thrillers,1978,PG
Jaws 3,Movie,Action & Adventure,1983,PG
Jaws 3,Movie,Horror Movies,1983,PG
Jaws 3,Movie,Thrillers,1983,PG
Jaws: The Revenge,Movie,Action & Adventure,1987,PG-13
Jaws: The Revenge,Movie,Horror Movies,1987,PG-13
Jaws: The Revenge,Movie,Thrillers,1987,PG-13
My Heroes Were Cowboys,Movie,Documentaries,2021,PG
Safe House,Movie,Action & Adventure,2012,R
The Smart Money Woman,TV Show,International TV Shows,2020,TV-MA
The Smart Money Woman,TV Show,Romantic TV Shows,2020,TV-MA
The Smart Money Woman,TV Show,TV Comedies,2020,TV-MA
Training Day,Movie,Dramas,2001,R
Training Day,Movie,Thrillers,2001,R
Castle and Castle,TV Show,International TV Shows,2021,TV-MA
Castle and Castle,TV Show,TV Dramas,2021,TV-MA
Dharmakshetra,TV Show,International TV Shows,2014,TV-PG
Dharmakshetra,TV Show,TV Dramas,2014,TV-PG
Dharmakshetra,TV Show,TV Sci-Fi & Fantasy,2014,TV-PG
InuYasha the Movie 2: The Castle Beyond the Looking Glass,Movie,Action & Adventure,2002,TV-14
InuYasha the Movie 2: The Castle Beyond the Looking Glass,Movie,Anime Features,2002,TV-14
InuYasha the Movie 2: The Castle Beyond the Looking Glass,Movie,International Movies,2002,TV-14
InuYasha the Movie 3: Swords of an Honorable Ruler,Movie,Action & Adventure,2003,TV-14
InuYasha the Movie 3: Swords of an Honorable Ruler,Movie,Anime Features,2003,TV-14
InuYasha the Movie 3: Swords of an Honorable Ruler,Movie,International Movies,2003,TV-14
InuYasha the Movie 4: Fire on the Mystic Island,Movie,Action & Adventure,2004,TV-PG
InuYasha the Movie 4: Fire on the Mystic Island,Movie,Anime Features,2004,TV-PG
InuYasha the Movie 4: Fire on the Mystic Island,Movie,International Movies,2004,TV-PG
InuYasha the Movie: Affections Touching Across Time,Movie,Action & Adventure,2001,TV-PG
InuYasha the Movie: Affections Touching Across Time,Movie,Anime Features,2001,TV-PG
InuYasha the Movie: Affections Touching Across Time,Movie,International Movies,2001,TV-PG
Nailed It,TV Show,Reality TV,2021,TV-PG
Naruto Shippuden the Movie: Blood Prison,Movie,Action & Adventure,2011,TV-14
Naruto Shippuden the Movie: Blood Prison,Movie,Anime Features,2011,TV-14
Naruto Shippuden the Movie: Blood Prison,Movie,International Movies,2011,TV-14
Naruto Shippûden the Movie: Bonds,Movie,Action & Adventure,2008,TV-PG
Naruto Shippûden the Movie: Bonds,Movie,Anime Features,2008,TV-PG
Naruto Shippûden the Movie: Bonds,Movie,International Movies,2008,TV-PG
Naruto Shippûden the Movie: The Will of Fire,Movie,Action & Adventure,2009,TV-PG
Naruto Shippûden the Movie: The Will of Fire,Movie,Anime Features,2009,TV-PG
Naruto Shippûden the Movie: The Will of Fire,Movie,International Movies,2009,TV-PG
Naruto Shippuden: The Movie,Movie,Action & Adventure,2007,TV-PG
Naruto Shippuden: The Movie,Movie,Anime Features,2007,TV-PG
Naruto Shippuden: The Movie,Movie,International Movies,2007,TV-PG
Naruto Shippuden: The Movie: The Lost Tower,Movie,Action & Adventure,2010,TV-14
Naruto Shippuden: The Movie: The Lost Tower,Movie,Anime Features,2010,TV-14
Naruto Shippuden: The Movie: The Lost Tower,Movie,International Movies,2010,TV-14
Naruto the Movie 2: Legend of the Stone of Gelel,Movie,Action & Adventure,2005,TV-PG
Naruto the Movie 2: Legend of the Stone of Gelel,Movie,Anime Features,2005,TV-PG
Naruto the Movie 2: Legend of the Stone of Gelel,Movie,International Movies,2005,TV-PG
Naruto the Movie 3: Guardians of the Crescent Moon Kingdom,Movie,Action & Adventure,2006,TV-PG
Naruto the Movie 3: Guardians of the Crescent Moon Kingdom,Movie,Anime Features,2006,TV-PG
Naruto the Movie 3: Guardians of the Crescent Moon Kingdom,Movie,International Movies,2006,TV-PG
Naruto the Movie: Ninja Clash in the Land of Snow,Movie,Action & Adventure,2004,TV-PG
Naruto the Movie: Ninja Clash in the Land of Snow,Movie,Anime Features,2004,TV-PG
Naruto the Movie: Ninja Clash in the Land of Snow,Movie,International Movies,2004,TV-PG
Nightbooks,Movie,Children & Family Movies,2021,TV-PG
Numberblocks,TV Show,Kids' TV,2021,TV-Y
Raja Rasoi Aur Anya Kahaniyan,TV Show,Docuseries,2014,TV-G
Raja Rasoi Aur Anya Kahaniyan,TV Show,International TV Shows,2014,TV-G
Saved by the Bell,TV Show,Kids' TV,1994,TV-PG
Saved by the Bell,TV Show,TV Comedies,1994,TV-PG
Schumacher,Movie,Documentaries,2021,TV-14
Schumacher,Movie,International Movies,2021,TV-14
Schumacher,Movie,Sports Movies,2021,TV-14
Stories by Rabindranath Tagore,TV Show,International TV Shows,2015,TV-PG
Stories by Rabindranath Tagore,TV Show,TV Dramas,2015,TV-PG
Too Hot To Handle: Latino,TV Show,International TV Shows,2021,TV-MA
Too Hot To Handle: Latino,TV Show,Reality TV,2021,TV-MA
Too Hot To Handle: Latino,TV Show,Romantic TV Shows,2021,TV-MA
A StoryBots Space Adventure,Movie,Children & Family Movies,2021,TV-Y
Jack Whitehall: Travels with My Father,TV Show,British TV Shows,2021,TV-MA
Jack Whitehall: Travels with My Father,TV Show,Docuseries,2021,TV-MA
Jack Whitehall: Travels with My Father,TV Show,International TV Shows,2021,TV-MA
King of Boys,Movie,Dramas,2018,TV-MA
King of Boys,Movie,International Movies,2018,TV-MA
The World's Most Amazing Vacation Rentals,TV Show,Reality TV,2021,TV-PG
You vs. Wild: Out Cold,Movie,Children & Family Movies,2021,TV-G
Yowamushi Pedal,TV Show,Anime Series,2013,TV-14
Yowamushi Pedal,TV Show,International TV Shows,2013,TV-14
Little Singham - Black Shadow,Movie,Children & Family Movies,2021,TV-Y7
Little Singham - Black Shadow,Movie,Comedies,2021,TV-Y7
Tughlaq Durbar,Movie,Comedies,2020,TV-14
Tughlaq Durbar,Movie,Dramas,2020,TV-14
Tughlaq Durbar,Movie,International Movies,2020,TV-14
Tughlaq Durbar (Telugu),Movie,Comedies,2021,TV-14
Tughlaq Durbar (Telugu),Movie,Dramas,2021,TV-14
Tughlaq Durbar (Telugu),Movie,International Movies,2021,TV-14
Firedrake the Silver Dragon,Movie,Children & Family Movies,2021,TV-Y7
Kate,Movie,Action & Adventure,2021,R
Lucifer,TV Show,Crime TV Shows,2021,TV-14
Lucifer,TV Show,TV Comedies,2021,TV-14
Lucifer,TV Show,TV Dramas,2021,TV-14
Metal Shop Masters,TV Show,Reality TV,2021,TV-MA
Omo Ghetto: the Saga,Movie,Action & Adventure,2020,TV-MA
Omo Ghetto: the Saga,Movie,Comedies,2020,TV-MA
Omo Ghetto: the Saga,Movie,Dramas,2020,TV-MA
Pokémon Master Journeys: The Series,TV Show,Anime Series,2021,TV-Y7
Pokémon Master Journeys: The Series,TV Show,Kids' TV,2021,TV-Y7
Prey,Movie,International Movies,2021,TV-MA
Prey,Movie,Thrillers,2021,TV-MA
Titipo Titipo,TV Show,Kids' TV,2019,TV-Y
Titipo Titipo,TV Show,Korean TV Shows,2019,TV-Y
Blood Brothers: Malcolm X & Muhammad Ali,Movie,Documentaries,2021,PG-13
Blood Brothers: Malcolm X & Muhammad Ali,Movie,Sports Movies,2021,PG-13
Mighty Raju,TV Show,Kids' TV,2017,TV-Y7
Paradise Hills,Movie,Sci-Fi & Fantasy,2019,TV-MA
Paradise Hills,Movie,Thrillers,2019,TV-MA
The Women and the Murderer,Movie,Documentaries,2021,TV-14
The Women and the Murderer,Movie,International Movies,2021,TV-14
Into the Night,TV Show,International TV Shows,2021,TV-MA
Into the Night,TV Show,TV Dramas,2021,TV-MA
Into the Night,TV Show,TV Mysteries,2021,TV-MA
JJ+E,Movie,Dramas,2021,TV-MA
JJ+E,Movie,International Movies,2021,TV-MA
JJ+E,Movie,Romantic Movies,2021,TV-MA
Show Dogs,Movie,Children & Family Movies,2018,PG
Show Dogs,Movie,Comedies,2018,PG
The Circle,TV Show,Reality TV,2021,TV-MA
If I Leave Here Tomorrow: A Film About Lynyrd Skynyrd,Movie,Documentaries,2018,TV-MA
If I Leave Here Tomorrow: A Film About Lynyrd Skynyrd,Movie,Music & Musicals,2018,TV-MA
Kid Cosmic,TV Show,Kids' TV,2021,TV-Y7
Kid Cosmic,TV Show,TV Comedies,2021,TV-Y7
Kid Cosmic,TV Show,TV Sci-Fi & Fantasy,2021,TV-Y7
Octonauts: Above & Beyond,TV Show,British TV Shows,2021,TV-Y
Octonauts: Above & Beyond,TV Show,Kids' TV,2021,TV-Y
On the Verge,TV Show,TV Comedies,2021,TV-MA
On the Verge,TV Show,TV Dramas,2021,TV-MA
Tobot Galaxy Detectives,TV Show,Kids' TV,2019,TV-Y7
Untold: Breaking Point,Movie,Documentaries,2021,TV-MA
Untold: Breaking Point,Movie,Sports Movies,2021,TV-MA
Countdown: Inspiration4 Mission to Space,TV Show,Docuseries,2021,TV-14
Countdown: Inspiration4 Mission to Space,TV Show,Science & Nature TV,2021,TV-14
Shadow Parties,Movie,Dramas,2020,TV-MA
Shadow Parties,Movie,International Movies,2020,TV-MA
Shadow Parties,Movie,Thrillers,2020,TV-MA
Tayo the Little Bus,TV Show,Kids' TV,2016,TV-Y
Tayo the Little Bus,TV Show,Korean TV Shows,2016,TV-Y
Angamaly Diaries,Movie,Action & Adventure,2017,TV-14
Angamaly Diaries,Movie,Comedies,2017,TV-14
Angamaly Diaries,Movie,Dramas,2017,TV-14
Bunk'd,TV Show,Kids' TV,2021,TV-G
Bunk'd,TV Show,TV Comedies,2021,TV-G
A Champion Heart,Movie,Children & Family Movies,2018,G
A Champion Heart,Movie,Dramas,2018,G
Dive Club,TV Show,Kids' TV,2021,TV-G
Dive Club,TV Show,TV Dramas,2021,TV-G
Dive Club,TV Show,Teen TV Shows,2021,TV-G
La casa de papel,TV Show,Crime TV Shows,2021,TV-MA
La casa de papel,TV Show,International TV Shows,2021,TV-MA
La casa de papel,TV Show,Spanish-Language TV Shows,2021,TV-MA
Money Heist: From Tokyo to Berlin,TV Show,Docuseries,2021,TV-MA
Money Heist: From Tokyo to Berlin,TV Show,International TV Shows,2021,TV-MA
Money Heist: From Tokyo to Berlin,TV Show,Spanish-Language TV Shows,2021,TV-MA
Sharkdog,TV Show,Kids' TV,2021,TV-Y
Worth,Movie,Dramas,2021,PG-13
Afterlife of the Party,Movie,Comedies,2021,TV-PG
Afterlife of the Party,Movie,Romantic Movies,2021,TV-PG
Anjaam,Movie,Dramas,1994,TV-14
Anjaam,Movie,International Movies,1994,TV-14
Anjaam,Movie,Thrillers,1994,TV-14
Bright Star,Movie,Dramas,2009,PG
Bright Star,Movie,Romantic Movies,2009,PG
Dhanak,Movie,Comedies,2015,TV-PG
Dhanak,Movie,Dramas,2015,TV-PG
Dhanak,Movie,Independent Movies,2015,TV-PG
Final Account,Movie,Documentaries,2021,PG-13
Gurgaon,Movie,Dramas,2017,TV-14
Gurgaon,Movie,International Movies,2017,TV-14
Gurgaon,Movie,Thrillers,2017,TV-14
Here and There,Movie,Dramas,2020,TV-MA
Here and There,Movie,International Movies,2020,TV-MA
Here and There,Movie,Romantic Movies,2020,TV-MA
Heroes of Goo Jit Zu,TV Show,Kids' TV,2021,TV-Y7
Heroes of Goo Jit Zu,TV Show,TV Comedies,2021,TV-Y7
Hotel Del Luna,TV Show,International TV Shows,2019,TV-14
Hotel Del Luna,TV Show,Romantic TV Shows,2019,TV-14
Hotel Del Luna,TV Show,TV Comedies,2019,TV-14
In the Cut,Movie,Thrillers,2003,R
Luv Kushh,TV Show,Kids' TV,2012,TV-Y7
Pororo - The Little Penguin,TV Show,Kids' TV,2013,TV-Y7
Pororo - The Little Penguin,TV Show,Korean TV Shows,2013,TV-Y7
Q-Force,TV Show,Crime TV Shows,2021,TV-MA
Q-Force,TV Show,TV Action & Adventure,2021,TV-MA
Q-Force,TV Show,TV Comedies,2021,TV-MA
Shikara,Movie,Dramas,2020,TV-14
Shikara,Movie,International Movies,2020,TV-14
Shikara,Movie,Romantic Movies,2020,TV-14
A Cinderella Story,Movie,Children & Family Movies,2004,PG
A Cinderella Story,Movie,Comedies,2004,PG
Agatha Christie's Crooked House,Movie,Dramas,2017,PG-13
Agatha Christie's Crooked House,Movie,International Movies,2017,PG-13
Agatha Christie's Crooked House,Movie,Thrillers,2017,PG-13
An Unfinished Life,Movie,Dramas,2005,PG-13
Barbie Big City Big Dreams,Movie,Children & Family Movies,2021,TV-Y
Barbie Big City Big Dreams,Movie,Music & Musicals,2021,TV-Y
Blade Runner: The Final Cut,Movie,Action & Adventure,1982,R
Blade Runner: The Final Cut,Movie,Classic Movies,1982,R
Blade Runner: The Final Cut,Movie,Cult Movies,1982,R
Brave Animated Series,TV Show,International TV Shows,2021,TV-MA
Brave Animated Series,TV Show,TV Action & Adventure,2021,TV-MA
Brave Animated Series,TV Show,TV Comedies,2021,TV-MA
Chappie,Movie,Action & Adventure,2015,R
Chappie,Movie,Sci-Fi & Fantasy,2015,R
Clear and Present Danger,Movie,Action & Adventure,1994,PG-13
Clear and Present Danger,Movie,Dramas,1994,PG-13
Cliffhanger,Movie,Action & Adventure,1993,R
Cold Mountain,Movie,Dramas,2003,R
Cold Mountain,Movie,Romantic Movies,2003,R
Crocodile Dundee in Los Angeles,Movie,Action & Adventure,2001,PG
Crocodile Dundee in Los Angeles,Movie,Comedies,2001,PG
Dear John,Movie,Dramas,2010,PG-13
Dear John,Movie,Romantic Movies,2010,PG-13
Do the Right Thing,Movie,Classic Movies,1989,R
Do the Right Thing,Movie,Comedies,1989,R
Do the Right Thing,Movie,Dramas,1989,R
"El patrón, radiografía de un crimen",Movie,Dramas,2014,TV-MA
"El patrón, radiografía de un crimen",Movie,International Movies,2014,TV-MA
"El patrón, radiografía de un crimen",Movie,Thrillers,2014,TV-MA
Extraction,Movie,Action & Adventure,2015,R
Freedom Writers,Movie,Dramas,2007,PG-13
Green Lantern,Movie,Action & Adventure,2011,PG-13
Green Lantern,Movie,Sci-Fi & Fantasy,2011,PG-13
House Party,Movie,Comedies,1990,R
House Party,Movie,Cult Movies,1990,R
House Party 2,Movie,Comedies,1991,R
House Party 2,Movie,Cult Movies,1991,R
House Party 2,Movie,Music & Musicals,1991,R
House Party 3,Movie,Comedies,1994,R
House Party 3,Movie,Music & Musicals,1994,R
How to Be a Cowboy,TV Show,Reality TV,2021,TV-PG
HQ Barbers,TV Show,TV Shows,2020,TV-14
I Got the Hook Up,Movie,Action & Adventure,1998,R
I Got the Hook Up,Movie,Comedies,1998,R
In Too Deep,Movie,Thrillers,1999,R
Initial D,Movie,Action & Adventure,2005,TV-14
Initial D,Movie,International Movies,2005,TV-14
Janoskians: Untold and Untrue,Movie,Comedies,2016,TV-MA
Kid-E-Cats,TV Show,Kids' TV,2016,TV-Y
Kuroko's Basketball,TV Show,Anime Series,2015,TV-MA
Kuroko's Basketball,TV Show,International TV Shows,2015,TV-MA
Kuroko's Basketball,TV Show,Teen TV Shows,2015,TV-MA
Labyrinth,Movie,Action & Adventure,1986,PG
Labyrinth,Movie,Children & Family Movies,1986,PG
Labyrinth,Movie,Cult Movies,1986,PG
Letters to Juliet,Movie,Comedies,2010,PG
Letters to Juliet,Movie,Dramas,2010,PG
Letters to Juliet,Movie,Romantic Movies,2010,PG
Level 16,Movie,Sci-Fi & Fantasy,2018,TV-14
Level 16,Movie,Thrillers,2018,TV-14
Love Don't Cost a Thing,Movie,Comedies,2003,PG-13
Love Don't Cost a Thing,Movie,Romantic Movies,2003,PG-13
Love in a Puff,Movie,Comedies,2010,TV-MA
Love in a Puff,Movie,Dramas,2010,TV-MA
Love in a Puff,Movie,International Movies,2010,TV-MA
Major Dad,TV Show,TV Comedies,1992,TV-PG
Mars Attacks!,Movie,Comedies,1996,PG-13
Mars Attacks!,Movie,Cult Movies,1996,PG-13
Mars Attacks!,Movie,Sci-Fi & Fantasy,1996,PG-13
Marshall,Movie,Dramas,2017,PG-13
My Boss's Daughter,Movie,Comedies,2003,R
My Boss's Daughter,Movie,Romantic Movies,2003,R
Mystery Men,Movie,Action & Adventure,1999,PG-13
Mystery Men,Movie,Comedies,1999,PG-13
Oldsters,TV Show,Crime TV Shows,2019,TV-MA
Oldsters,TV Show,International TV Shows,2019,TV-MA
Oldsters,TV Show,Spanish-Language TV Shows,2019,TV-MA
Once Upon a Time in America,Movie,Classic Movies,1984,R
Once Upon a Time in America,Movie,Dramas,1984,R
Open Season 2,Movie,Children & Family Movies,2008,PG
Open Season 2,Movie,Comedies,2008,PG
Osmosis Jones,Movie,Action & Adventure,2001,PG
Osmosis Jones,Movie,Children & Family Movies,2001,PG
Osmosis Jones,Movie,Comedies,2001,PG
Poseidon,Movie,Action & Adventure,2006,PG-13
Poseidon,Movie,Dramas,2006,PG-13
Rhyme & Reason,Movie,Documentaries,1997,R
Rhyme & Reason,Movie,Music & Musicals,1997,R
Same Kind of Different as Me,Movie,Dramas,2017,PG-13
Same Kind of Different as Me,Movie,Faith & Spirituality,2017,PG-13
School of Rock,Movie,Comedies,2003,PG-13
School of Rock,Movie,Music & Musicals,2003,PG-13
Snervous Tyler Oakley,Movie,Documentaries,2015,PG-13
Snervous Tyler Oakley,Movie,LGBTQ Movies,2015,PG-13
Tears of the Sun,Movie,Action & Adventure,2003,R
Tears of the Sun,Movie,Dramas,2003,R
The Blue Lagoon,Movie,Dramas,1980,R
The Blue Lagoon,Movie,Romantic Movies,1980,R
The Golden Child,Movie,Action & Adventure,1986,PG-13
The Golden Child,Movie,Comedies,1986,PG-13
The Guns of Navarone,Movie,Action & Adventure,1961,TV-14
The Guns of Navarone,Movie,Classic Movies,1961,TV-14
The Interview,Movie,Action & Adventure,2014,R
The Interview,Movie,Comedies,2014,R
The Nutty Professor,Movie,Comedies,1996,PG-13
The Nutty Professor,Movie,Romantic Movies,1996,PG-13
The Nutty Professor II: The Klumps,Movie,Comedies,2000,PG-13
The Nutty Professor II: The Klumps,Movie,Romantic Movies,2000,PG-13
Turning Point: 9/11 and the War on Terror,TV Show,Docuseries,2021,TV-14
Welcome Home Roscoe Jenkins,Movie,Comedies,2008,PG-13
In the Line of Fire,Movie,Action & Adventure,1993,R
In the Line of Fire,Movie,Classic Movies,1993,R
Sparking Joy,TV Show,Reality TV,2021,TV-PG
Untold: Crime & Penalties,Movie,Documentaries,2021,TV-MA
Untold: Crime & Penalties,Movie,Sports Movies,2021,TV-MA
Hometown Cha-Cha-Cha,TV Show,International TV Shows,2021,TV-14
Hometown Cha-Cha-Cha,TV Show,Romantic TV Shows,2021,TV-14
Hometown Cha-Cha-Cha,TV Show,TV Comedies,2021,TV-14
The Ingenuity of the Househusband,TV Show,International TV Shows,2021,TV-G
The Ingenuity of the Househusband,TV Show,TV Comedies,2021,TV-G
2 Alone in Paris,Movie,Comedies,2008,TV-MA
2 Alone in Paris,Movie,International Movies,2008,TV-MA
Bread Barbershop,TV Show,Kids' TV,2020,TV-Y
Bread Barbershop,TV Show,TV Comedies,2020,TV-Y
Thimmarusu,Movie,Dramas,2021,TV-14
Thimmarusu,Movie,International Movies,2021,TV-14
Wind River,Movie,Dramas,2017,R
Wind River,Movie,Independent Movies,2017,R
C Kkompany,Movie,Action & Adventure,2008,TV-14
C Kkompany,Movie,Comedies,2008,TV-14
C Kkompany,Movie,International Movies,2008,TV-14
D.P.,TV Show,International TV Shows,2021,TV-MA
D.P.,TV Show,TV Dramas,2021,TV-MA
Deadly Sins,TV Show,International TV Shows,2002,TV-MA
Deadly Sins,TV Show,Spanish-Language TV Shows,2002,TV-MA
Deadly Sins,TV Show,TV Dramas,2002,TV-MA
EMI: Liya Hai To Chukana Padega,Movie,Comedies,2008,TV-14
EMI: Liya Hai To Chukana Padega,Movie,Dramas,2008,TV-14
EMI: Liya Hai To Chukana Padega,Movie,International Movies,2008,TV-14
He's All That,Movie,Comedies,2021,TV-14
He's All That,Movie,Romantic Movies,2021,TV-14
I Heart Arlo,TV Show,Kids' TV,2021,TV-Y7
I Heart Arlo,TV Show,TV Comedies,2021,TV-Y7
King of Boys: The Return of the King,TV Show,Crime TV Shows,2021,TV-MA
King of Boys: The Return of the King,TV Show,International TV Shows,2021,TV-MA
King of Boys: The Return of the King,TV Show,TV Dramas,2021,TV-MA
Koi Aap Sa,Movie,Comedies,2006,TV-14
Koi Aap Sa,Movie,Dramas,2006,TV-14
Koi Aap Sa,Movie,International Movies,2006,TV-14
Krishna Cottage,Movie,Action & Adventure,2004,TV-14
Krishna Cottage,Movie,Horror Movies,2004,TV-14
Krishna Cottage,Movie,International Movies,2004,TV-14
Kucch To Hai,Movie,Dramas,2003,TV-14
Kucch To Hai,Movie,International Movies,2003,TV-14
Kucch To Hai,Movie,Thrillers,2003,TV-14
Kyaa Kool Hai Hum,Movie,Comedies,2005,TV-MA
Kyaa Kool Hai Hum,Movie,International Movies,2005,TV-MA
Kyaa Kool Hai Hum,Movie,Music & Musicals,2005,TV-MA
Kyaa Kool Hain Hum 3,Movie,Comedies,2016,TV-MA
Kyaa Kool Hain Hum 3,Movie,International Movies,2016,TV-MA
Kyaa Super Kool Hain Hum,Movie,Comedies,2012,TV-MA
Kyaa Super Kool Hain Hum,Movie,International Movies,2012,TV-MA
Kyo Kii... Main Jhuth Nahin Bolta,Movie,Comedies,2001,TV-14
Kyo Kii... Main Jhuth Nahin Bolta,Movie,International Movies,2001,TV-14
Kyo Kii... Main Jhuth Nahin Bolta,Movie,Sci-Fi & Fantasy,2001,TV-14
"LSD: Love, Sex Aur Dhokha",Movie,Dramas,2010,TV-MA
"LSD: Love, Sex Aur Dhokha",Movie,Independent Movies,2010,TV-MA
"LSD: Love, Sex Aur Dhokha",Movie,International Movies,2010,TV-MA
Mission Istaanbul: Darr Ke Aagey Jeet Hai,Movie,Action & Adventure,2008,TV-14
Mission Istaanbul: Darr Ke Aagey Jeet Hai,Movie,International Movies,2008,TV-14
Mission Istaanbul: Darr Ke Aagey Jeet Hai,Movie,Music & Musicals,2008,TV-14
Once Upon a Time in Mumbaai,Movie,Dramas,2010,TV-14
Once Upon a Time in Mumbaai,Movie,International Movies,2010,TV-14
Once Upon a Time in Mumbaai,Movie,Music & Musicals,2010,TV-14
Once Upon a Time in Mumbai Dobaara!,Movie,Dramas,2013,TV-14
Once Upon a Time in Mumbai Dobaara!,Movie,International Movies,2013,TV-14
Once Upon a Time in Mumbai Dobaara!,Movie,Music & Musicals,2013,TV-14
Ragini MMS,Movie,Horror Movies,2011,TV-MA
Ragini MMS,Movie,International Movies,2011,TV-MA
Ragini MMS 2,Movie,Horror Movies,2014,TV-MA
Ragini MMS 2,Movie,International Movies,2014,TV-MA
Rebellion,TV Show,International TV Shows,2016,TV-MA
Rebellion,TV Show,TV Dramas,2016,TV-MA
RIDE ON TIME,TV Show,Docuseries,2021,TV-PG
RIDE ON TIME,TV Show,International TV Shows,2021,TV-PG
SAS: Rise of the Black Swan,Movie,Action & Adventure,2021,R
SAS: Rise of the Black Swan,Movie,International Movies,2021,R
Shootout at Lokhandwala,Movie,Action & Adventure,2007,TV-MA
Shootout at Lokhandwala,Movie,Dramas,2007,TV-MA
Shootout at Lokhandwala,Movie,International Movies,2007,TV-MA
Shor In the City,Movie,Comedies,2011,TV-14
Shor In the City,Movie,Dramas,2011,TV-14
Shor In the City,Movie,Independent Movies,2011,TV-14
The Dirty Picture,Movie,Comedies,2011,TV-14
The Dirty Picture,Movie,Dramas,2011,TV-14
The Dirty Picture,Movie,International Movies,2011,TV-14
Titletown High,TV Show,Reality TV,2021,TV-14
Titletown High,TV Show,Teen TV Shows,2021,TV-14
EDENS ZERO,TV Show,Anime Series,2021,TV-14
EDENS ZERO,TV Show,International TV Shows,2021,TV-14
Family Reunion,TV Show,Kids' TV,2021,TV-PG
Family Reunion,TV Show,TV Comedies,2021,TV-PG
"Bob Ross: Happy Accidents, Betrayal & Greed",Movie,Documentaries,2021,TV-14
Clickbait,TV Show,Crime TV Shows,2021,TV-MA
Clickbait,TV Show,TV Dramas,2021,TV-MA
Clickbait,TV Show,TV Mysteries,2021,TV-MA
John of God: The Crimes of a Spiritual Healer,TV Show,Crime TV Shows,2021,TV-MA
John of God: The Crimes of a Spiritual Healer,TV Show,Docuseries,2021,TV-MA
John of God: The Crimes of a Spiritual Healer,TV Show,International TV Shows,2021,TV-MA
Motel Makeover,TV Show,International TV Shows,2021,TV-14
Motel Makeover,TV Show,Reality TV,2021,TV-14
Open Your Eyes,TV Show,International TV Shows,2021,TV-MA
Open Your Eyes,TV Show,TV Dramas,2021,TV-MA
Open Your Eyes,TV Show,TV Mysteries,2021,TV-MA
Post Mortem: No One Dies in Skarnes,TV Show,International TV Shows,2021,TV-MA
Post Mortem: No One Dies in Skarnes,TV Show,TV Comedies,2021,TV-MA
Post Mortem: No One Dies in Skarnes,TV Show,TV Dramas,2021,TV-MA
Really Love,Movie,Dramas,2020,TV-MA
Really Love,Movie,Independent Movies,2020,TV-MA
Really Love,Movie,Romantic Movies,2020,TV-MA
The November Man,Movie,Action & Adventure,2014,R
The Old Ways,Movie,Horror Movies,2020,TV-MA
The River Runner,Movie,Documentaries,2021,TV-MA
The River Runner,Movie,Sports Movies,2021,TV-MA
The Water Man,Movie,Children & Family Movies,2021,PG
The Water Man,Movie,Dramas,2021,PG
Wheel of Fortune,TV Show,Reality TV,2019,TV-G
Count Me In,Movie,Documentaries,2021,TV-MA
Count Me In,Movie,Music & Musicals,2021,TV-MA
Oggy Oggy,TV Show,Kids' TV,2021,TV-Y
Oggy Oggy,TV Show,TV Comedies,2021,TV-Y
Untold: Caitlyn Jenner,Movie,Documentaries,2021,TV-PG
Untold: Caitlyn Jenner,Movie,LGBTQ Movies,2021,TV-PG
Untold: Caitlyn Jenner,Movie,Sports Movies,2021,TV-PG
Boomika,Movie,Horror Movies,2021,TV-14
Boomika,Movie,International Movies,2021,TV-14
Boomika,Movie,Thrillers,2021,TV-14
Boomika (Hindi),Movie,Horror Movies,2021,TV-14
Boomika (Hindi),Movie,International Movies,2021,TV-14
Boomika (Hindi),Movie,Thrillers,2021,TV-14
Boomika (Malayalam),Movie,Horror Movies,2021,TV-14
Boomika (Malayalam),Movie,International Movies,2021,TV-14
Boomika (Malayalam),Movie,Thrillers,2021,TV-14
Boomika (Telugu),Movie,Horror Movies,2021,TV-14
Boomika (Telugu),Movie,International Movies,2021,TV-14
Boomika (Telugu),Movie,Thrillers,2021,TV-14
The Witcher: Nightmare of the Wolf,Movie,Action & Adventure,2021,TV-MA
The Witcher: Nightmare of the Wolf,Movie,Anime Features,2021,TV-MA
Manifest,TV Show,TV Dramas,2021,TV-14
Manifest,TV Show,TV Mysteries,2021,TV-14
Manifest,TV Show,TV Sci-Fi & Fantasy,2021,TV-14
Comedy Premium League,TV Show,International TV Shows,2021,TV-MA
Comedy Premium League,TV Show,TV Comedies,2021,TV-MA
Everything Will Be Fine,TV Show,International TV Shows,2021,TV-MA
Everything Will Be Fine,TV Show,Spanish-Language TV Shows,2021,TV-MA
Everything Will Be Fine,TV Show,TV Comedies,2021,TV-MA
Gunshot,Movie,Dramas,2018,TV-14
Gunshot,Movie,International Movies,2018,TV-14
Gunshot,Movie,Thrillers,2018,TV-14
Korean Cold Noodle Rhapsody,TV Show,Docuseries,2021,TV-PG
Korean Cold Noodle Rhapsody,TV Show,International TV Shows,2021,TV-PG
Man in Love,Movie,Dramas,2021,TV-MA
Man in Love,Movie,International Movies,2021,TV-MA
Man in Love,Movie,Romantic Movies,2021,TV-MA
Sweet Girl,Movie,Action & Adventure,2021,R
Sweet Girl,Movie,Dramas,2021,R
The Chair,TV Show,TV Comedies,2021,TV-MA
The Chair,TV Show,TV Dramas,2021,TV-MA
The Loud House Movie,Movie,Children & Family Movies,2021,TV-Y7
The Loud House Movie,Movie,Comedies,2021,TV-Y7
The Loud House Movie,Movie,Music & Musicals,2021,TV-Y7
A Faraway Land,Movie,Dramas,2020,TV-PG
A Faraway Land,Movie,International Movies,2020,TV-PG
A Faraway Land,Movie,Romantic Movies,2020,TV-PG
Like Crazy,Movie,Dramas,2011,PG-13
Like Crazy,Movie,Independent Movies,2011,PG-13
Like Crazy,Movie,Romantic Movies,2011,PG-13
Black Island,Movie,International Movies,2021,TV-MA
Black Island,Movie,Thrillers,2021,TV-MA
Bombay,Movie,Dramas,1995,TV-14
Bombay,Movie,International Movies,1995,TV-14
Bombay,Movie,Romantic Movies,1995,TV-14
Go! Go! Cory Carson,TV Show,Kids' TV,2021,TV-Y
Memories of a Murderer: The Nilsen Tapes,Movie,Documentaries,2021,TV-MA
Memories of a Murderer: The Nilsen Tapes,Movie,International Movies,2021,TV-MA
Nneka The Pretty Serpent,Movie,Dramas,2020,TV-14
Nneka The Pretty Serpent,Movie,International Movies,2020,TV-14
O Kadhal Kanmani,Movie,Dramas,2015,TV-14
O Kadhal Kanmani,Movie,International Movies,2015,TV-14
O Kadhal Kanmani,Movie,Romantic Movies,2015,TV-14
Out of my league,Movie,Comedies,2020,TV-MA
Out of my league,Movie,Dramas,2020,TV-MA
Out of my league,Movie,International Movies,2020,TV-MA
Pahuna,Movie,Comedies,2018,TV-PG
Pahuna,Movie,Dramas,2018,TV-PG
Pahuna,Movie,International Movies,2018,TV-PG
The Defeated,TV Show,Crime TV Shows,2020,TV-MA
The Defeated,TV Show,International TV Shows,2020,TV-MA
The Defeated,TV Show,TV Dramas,2020,TV-MA
The Secret Diary of an Exchange Student,Movie,Comedies,2021,TV-14
The Secret Diary of an Exchange Student,Movie,International Movies,2021,TV-14
The Secret Diary of an Exchange Student,Movie,Romantic Movies,2021,TV-14
Untold: Deal With the Devil,Movie,Documentaries,2021,TV-MA
Untold: Deal With the Devil,Movie,LGBTQ Movies,2021,TV-MA
Untold: Deal With the Devil,Movie,Sports Movies,2021,TV-MA
Mother Goose Club,TV Show,Kids' TV,2016,TV-Y
Walk of Shame,Movie,Comedies,2014,R
Walk of Shame,Movie,Independent Movies,2014,R
Rascal Does Not Dream of Bunny Girl Senpai,TV Show,Anime Series,2018,TV-14
Rascal Does Not Dream of Bunny Girl Senpai,TV Show,International TV Shows,2018,TV-14
Rascal Does Not Dream of Bunny Girl Senpai,TV Show,Romantic TV Shows,2018,TV-14
The Creative Indians,TV Show,Docuseries,2020,TV-MA
The Creative Indians,TV Show,International TV Shows,2020,TV-MA
The Piano,Movie,Classic Movies,1993,R
The Piano,Movie,Dramas,1993,R
The Piano,Movie,Independent Movies,1993,R
Unroyal,Movie,Dramas,2020,TV-MA
Unroyal,Movie,International Movies,2020,TV-MA
Winx Club,TV Show,Kids' TV,2015,TV-Y7
Beckett,Movie,Action & Adventure,2021,TV-MA
Brand New Cherry Flavor,TV Show,TV Dramas,2021,TV-MA
Brand New Cherry Flavor,TV Show,TV Horror,2021,TV-MA
Brand New Cherry Flavor,TV Show,TV Mysteries,2021,TV-MA
Fast & Furious Spy Racers,TV Show,Kids' TV,2021,TV-Y7
Gone for Good,TV Show,Crime TV Shows,2021,TV-MA
Gone for Good,TV Show,International TV Shows,2021,TV-MA
Gone for Good,TV Show,TV Dramas,2021,TV-MA
Grace and Frankie,TV Show,TV Comedies,2021,TV-MA
Grace and Frankie,TV Show,TV Dramas,2021,TV-MA
The Kingdom,TV Show,Crime TV Shows,2021,TV-MA
The Kingdom,TV Show,International TV Shows,2021,TV-MA
The Kingdom,TV Show,Spanish-Language TV Shows,2021,TV-MA
Valeria,TV Show,International TV Shows,2021,TV-MA
Valeria,TV Show,Romantic TV Shows,2021,TV-MA
Valeria,TV Show,Spanish-Language TV Shows,2021,TV-MA
AlRawabi School for Girls,TV Show,International TV Shows,2021,TV-14
AlRawabi School for Girls,TV Show,TV Dramas,2021,TV-14
AlRawabi School for Girls,TV Show,Teen TV Shows,2021,TV-14
Lokillo: Nothing's the Same,Movie,Stand-Up Comedy,2021,TV-MA
Monster Hunter: Legends of the Guild,Movie,Action & Adventure,2021,TV-PG
Monster Hunter: Legends of the Guild,Movie,Anime Features,2021,TV-PG
Monster Hunter: Legends of the Guild,Movie,Children & Family Movies,2021,TV-PG
Bake Squad,TV Show,Reality TV,2021,TV-PG
Brother Jekwu,Movie,Comedies,2016,TV-14
Brother Jekwu,Movie,International Movies,2016,TV-14
La diosa del asfalto,Movie,Dramas,2020,TV-MA
La diosa del asfalto,Movie,Independent Movies,2020,TV-MA
La diosa del asfalto,Movie,International Movies,2020,TV-MA
Misha and the Wolves,Movie,Documentaries,2021,PG-13
Misha and the Wolves,Movie,International Movies,2021,PG-13
The Kissing Booth 3,Movie,Comedies,2021,TV-14
The Kissing Booth 3,Movie,Romantic Movies,2021,TV-14
The Railway Man,Movie,Dramas,2013,R
The Railway Man,Movie,International Movies,2013,R
Gabby's Dollhouse,TV Show,Kids' TV,2021,TV-Y
I Need Romance,TV Show,International TV Shows,2021,TV-14
I Need Romance,TV Show,Romantic TV Shows,2021,TV-14
I Need Romance,TV Show,TV Comedies,2021,TV-14
Las muñecas de la mafia,TV Show,Crime TV Shows,2018,TV-MA
Las muñecas de la mafia,TV Show,International TV Shows,2018,TV-MA
Las muñecas de la mafia,TV Show,Spanish-Language TV Shows,2018,TV-MA
The Crowned Clown,TV Show,International TV Shows,2019,TV-14
The Crowned Clown,TV Show,Romantic TV Shows,2019,TV-14
The Crowned Clown,TV Show,TV Dramas,2019,TV-14
Untold: Malice at the Palace,Movie,Documentaries,2021,TV-MA
Untold: Malice at the Palace,Movie,Sports Movies,2021,TV-MA
SHAMAN KING,TV Show,Anime Series,2021,TV-14
SHAMAN KING,TV Show,International TV Shows,2021,TV-14
Quartet,Movie,Comedies,2012,PG-13
Quartet,Movie,Dramas,2012,PG-13
Quartet,Movie,Independent Movies,2012,PG-13
Slay,Movie,Comedies,2021,TV-MA
Slay,Movie,International Movies,2021,TV-MA
Slay,Movie,Romantic Movies,2021,TV-MA
Takizawa Kabuki ZERO 2020 The Movie,Movie,International Movies,2020,TV-PG
Takizawa Kabuki ZERO 2020 The Movie,Movie,Music & Musicals,2020,TV-PG
The Paper Tigers,Movie,Action & Adventure,2021,PG-13
The Paper Tigers,Movie,Comedies,2021,PG-13
Hit & Run,TV Show,TV Action & Adventure,2021,TV-MA
Hit & Run,TV Show,TV Dramas,2021,TV-MA
Hit & Run,TV Show,TV Mysteries,2021,TV-MA
Navarasa,TV Show,TV Shows,2021,TV-MA
Quam's Money,Movie,Comedies,2020,TV-MA
Quam's Money,Movie,Dramas,2020,TV-MA
Quam's Money,Movie,International Movies,2020,TV-MA
The Swarm,Movie,Horror Movies,2021,TV-14
The Swarm,Movie,Independent Movies,2021,TV-14
The Swarm,Movie,International Movies,2021,TV-14
Vivo,Movie,Children & Family Movies,2021,PG
Vivo,Movie,Music & Musicals,2021,PG
Chennai Express,Movie,Action & Adventure,2013,TV-14
Chennai Express,Movie,Comedies,2013,TV-14
Chennai Express,Movie,International Movies,2013,TV-14
City of God: 10 Years Later,Movie,Documentaries,2013,TV-MA
City of God: 10 Years Later,Movie,International Movies,2013,TV-MA
Esperando la carroza,Movie,Comedies,1985,TV-MA
Esperando la carroza,Movie,Cult Movies,1985,TV-MA
Esperando la carroza,Movie,International Movies,1985,TV-MA
Lady Boss: The Jackie Collins Story,Movie,Documentaries,2021,TV-14
Tango Feroz,Movie,Classic Movies,1993,TV-MA
Tango Feroz,Movie,Dramas,1993,TV-MA
Tango Feroz,Movie,International Movies,1993,TV-MA
'76,Movie,Dramas,2016,TV-PG
'76,Movie,International Movies,2016,TV-PG
Aftermath,Movie,Horror Movies,2021,TV-MA
American Masters: Inventing David Geffen,Movie,Movies,2012,TV-MA
Car Masters: Rust to Riches,TV Show,Reality TV,2021,TV-PG
Cocaine Cowboys: The Kings of Miami,TV Show,Crime TV Shows,2021,TV-MA
Cocaine Cowboys: The Kings of Miami,TV Show,Docuseries,2021,TV-MA
Control Z,TV Show,International TV Shows,2021,TV-MA
Control Z,TV Show,Spanish-Language TV Shows,2021,TV-MA
Control Z,TV Show,TV Dramas,2021,TV-MA
Cooking With Paris,TV Show,Reality TV,2021,TV-MA
Autumn's Concerto,TV Show,International TV Shows,2009,TV-14
Autumn's Concerto,TV Show,Romantic TV Shows,2009,TV-14
Autumn's Concerto,TV Show,TV Dramas,2009,TV-14
Heavy,Movie,Dramas,1995,R
Heavy,Movie,Independent Movies,1995,R
Heavy,Movie,Romantic Movies,1995,R
Ije: The Journey,Movie,Dramas,2010,TV-MA
Ije: The Journey,Movie,International Movies,2010,TV-MA
Office Girls,TV Show,International TV Shows,2011,TV-14
Office Girls,TV Show,Romantic TV Shows,2011,TV-14
Office Girls,TV Show,TV Comedies,2011,TV-14
Pray Away,Movie,Documentaries,2021,PG-13
Pray Away,Movie,LGBTQ Movies,2021,PG-13
Shiny_Flakes: The Teenage Drug Lord,Movie,Documentaries,2021,TV-MA
Shiny_Flakes: The Teenage Drug Lord,Movie,International Movies,2021,TV-MA
The Prince Who Turns into a Frog,TV Show,International TV Shows,2005,TV-14
The Prince Who Turns into a Frog,TV Show,Romantic TV Shows,2005,TV-14
The Prince Who Turns into a Frog,TV Show,TV Comedies,2005,TV-14
Top Secret UFO Projects: Declassified,TV Show,Docuseries,2021,TV-PG
Two Fathers,TV Show,International TV Shows,2013,TV-14
Two Fathers,TV Show,Romantic TV Shows,2013,TV-14
Two Fathers,TV Show,TV Comedies,2013,TV-14
You're My Destiny,TV Show,International TV Shows,2008,TV-MA
You're My Destiny,TV Show,Romantic TV Shows,2008,TV-MA
You're My Destiny,TV Show,TV Comedies,2008,TV-MA
30 Rock,TV Show,TV Comedies,2012,TV-14
44 Cats,TV Show,Kids' TV,2020,TV-Y7
Beethoven,Movie,Children & Family Movies,1992,PG
Beethoven,Movie,Comedies,1992,PG
Beethoven's 2nd,Movie,Children & Family Movies,1993,PG
Beethoven's 2nd,Movie,Comedies,1993,PG
Beowulf,Movie,Action & Adventure,2007,PG-13
Beowulf,Movie,Sci-Fi & Fantasy,2007,PG-13
Boyka: Undisputed,Movie,Action & Adventure,2016,R
Catch Me If You Can,Movie,Dramas,2002,PG-13
Cloudy with a Chance of Meatballs,Movie,Children & Family Movies,2009,PG
Cloudy with a Chance of Meatballs,Movie,Comedies,2009,PG
Cloudy with a Chance of Meatballs,Movie,Sci-Fi & Fantasy,2009,PG
Darwin’s Game,TV Show,Anime Series,2020,TV-MA
Darwin’s Game,TV Show,International TV Shows,2020,TV-MA
Darwin’s Game,TV Show,TV Thrillers,2020,TV-MA
Deep Blue Sea,Movie,Action & Adventure,1999,R
Deep Blue Sea,Movie,Horror Movies,1999,R
Deep Blue Sea,Movie,Sci-Fi & Fantasy,1999,R
Ferris Bueller's Day Off,Movie,Classic Movies,1986,PG-13
Ferris Bueller's Day Off,Movie,Comedies,1986,PG-13
Ferris Bueller's Day Off,Movie,Cult Movies,1986,PG-13
Five Feet Apart,Movie,Dramas,2019,PG-13
Five Feet Apart,Movie,Romantic Movies,2019,PG-13
Freedomland,Movie,Dramas,2006,R
Freedomland,Movie,Thrillers,2006,R
Friday Night Lights,TV Show,TV Dramas,2010,TV-14
Friday Night Lights,TV Show,Teen TV Shows,2010,TV-14
Good Luck Chuck,Movie,Comedies,2007,R
Good Luck Chuck,Movie,Romantic Movies,2007,R
Hunter X Hunter (2011),TV Show,Anime Series,2014,TV-14
Hunter X Hunter (2011),TV Show,International TV Shows,2014,TV-14
I missed you: Director's Cut,Movie,Dramas,2021,TV-14
I missed you: Director's Cut,Movie,Independent Movies,2021,TV-14
I missed you: Director's Cut,Movie,International Movies,2021,TV-14
Inception,Movie,Action & Adventure,2010,PG-13
Inception,Movie,Sci-Fi & Fantasy,2010,PG-13
Inception,Movie,Thrillers,2010,PG-13
Magnolia,Movie,Dramas,1999,R
Magnolia,Movie,Independent Movies,1999,R
Major Payne,Movie,Comedies,1995,PG-13
My Girl,Movie,Dramas,1991,PG-13
My Girl 2,Movie,Children & Family Movies,1994,PG
My Girl 2,Movie,Comedies,1994,PG
My Girl 2,Movie,Dramas,1994,PG
Open Season: Scared Silly,Movie,Children & Family Movies,2015,PG
Open Season: Scared Silly,Movie,Comedies,2015,PG
Pineapple Express,Movie,Action & Adventure,2008,R
Pineapple Express,Movie,Comedies,2008,R
Planet 51,Movie,Children & Family Movies,2009,PG
Planet 51,Movie,Comedies,2009,PG
Planet 51,Movie,Sci-Fi & Fantasy,2009,PG
Poms,Movie,Comedies,2019,PG-13
Seabiscuit,Movie,Dramas,2003,PG-13
Seabiscuit,Movie,Sports Movies,2003,PG-13
Space Cowboys,Movie,Action & Adventure,2000,PG-13
Space Cowboys,Movie,Dramas,2000,PG-13
Space Cowboys,Movie,Sci-Fi & Fantasy,2000,PG-13
Team America: World Police,Movie,Action & Adventure,2004,R
Team America: World Police,Movie,Comedies,2004,R
Team America: World Police,Movie,Cult Movies,2004,R
The Edge of Seventeen,Movie,Comedies,2016,R
The Edge of Seventeen,Movie,Dramas,2016,R
The Haunting in Connecticut 2: Ghosts of Georgia,Movie,Horror Movies,2013,R
The Last Boy Scout,Movie,Action & Adventure,1991,R
The Last Boy Scout,Movie,Comedies,1991,R
The Lincoln Lawyer,Movie,Dramas,2011,R
The Lincoln Lawyer,Movie,Thrillers,2011,R
The Losers,Movie,Action & Adventure,2010,PG-13
The Machinist,Movie,Dramas,2004,R
The Machinist,Movie,Independent Movies,2004,R
The Machinist,Movie,Thrillers,2004,R
The Net,Movie,Thrillers,1995,PG-13
The Original Kings of Comedy,Movie,Stand-Up Comedy,2000,R
Valentine's Day,Movie,Comedies,2010,PG-13
Valentine's Day,Movie,Romantic Movies,2010,PG-13
Charmed,TV Show,TV Dramas,2021,TV-14
Charmed,TV Show,TV Sci-Fi & Fantasy,2021,TV-14
The Lost Café,Movie,Dramas,2018,TV-14
The Lost Café,Movie,International Movies,2018,TV-14
The Vault,Movie,Action & Adventure,2021,R
The Vault,Movie,International Movies,2021,R
The Vault,Movie,Thrillers,2021,R
Centaurworld,TV Show,Kids' TV,2021,TV-Y7
Centaurworld,TV Show,TV Comedies,2021,TV-Y7
Eyes of a Thief,Movie,Dramas,2014,TV-14
Eyes of a Thief,Movie,Independent Movies,2014,TV-14
Eyes of a Thief,Movie,International Movies,2014,TV-14
Glow Up,TV Show,British TV Shows,2021,TV-14
Glow Up,TV Show,International TV Shows,2021,TV-14
Glow Up,TV Show,Reality TV,2021,TV-14
I'm Glad I Did,Movie,Documentaries,2020,TV-14
I'm Glad I Did,Movie,International Movies,2020,TV-14
Khawatir,TV Show,International TV Shows,2009,TV-14
Khawatir,TV Show,Reality TV,2009,TV-14
Myth & Mogul: John DeLorean,TV Show,British TV Shows,2021,TV-14
Myth & Mogul: John DeLorean,TV Show,Crime TV Shows,2021,TV-14
Myth & Mogul: John DeLorean,TV Show,Docuseries,2021,TV-14
Outer Banks,TV Show,TV Action & Adventure,2021,TV-MA
Outer Banks,TV Show,TV Dramas,2021,TV-MA
Outer Banks,TV Show,Teen TV Shows,2021,TV-MA
Pomegranates and Myrrh,Movie,Dramas,2009,TV-14
Pomegranates and Myrrh,Movie,Independent Movies,2009,TV-14
Pomegranates and Myrrh,Movie,International Movies,2009,TV-14
Rurouni Kenshin: The Beginning,Movie,Action & Adventure,2021,TV-MA
Rurouni Kenshin: The Beginning,Movie,International Movies,2021,TV-MA
The Last Mercenary,Movie,Action & Adventure,2021,TV-MA
The Last Mercenary,Movie,Comedies,2021,TV-MA
The Last Mercenary,Movie,International Movies,2021,TV-MA
Flower Girl,Movie,Comedies,2013,TV-PG
Flower Girl,Movie,International Movies,2013,TV-PG
Flower Girl,Movie,Romantic Movies,2013,TV-PG
Resort to Love,Movie,Comedies,2021,TV-14
Resort to Love,Movie,Romantic Movies,2021,TV-14
Transformers: War for Cybertron: Kingdom,TV Show,Anime Series,2021,TV-Y7
Bartkowiak,Movie,Action & Adventure,2021,TV-MA
Bartkowiak,Movie,International Movies,2021,TV-MA
Fantastic Fungi,Movie,Documentaries,2019,TV-14
Tattoo Redo,TV Show,Reality TV,2021,TV-MA
The Flash,TV Show,Crime TV Shows,2021,TV-14
The Flash,TV Show,TV Action & Adventure,2021,TV-14
The Flash,TV Show,TV Sci-Fi & Fantasy,2021,TV-14
The Snitch Cartel: Origins,TV Show,Crime TV Shows,2021,TV-MA
The Snitch Cartel: Origins,TV Show,International TV Shows,2021,TV-MA
The Snitch Cartel: Origins,TV Show,Spanish-Language TV Shows,2021,TV-MA
All American,TV Show,TV Dramas,2021,TV-14
All American,TV Show,Teen TV Shows,2021,TV-14
Department,Movie,Action & Adventure,2012,TV-MA
Department,Movie,International Movies,2012,TV-MA
Hostage House,Movie,Thrillers,2021,TV-14
How to Sell Drugs Online (Fast),TV Show,Crime TV Shows,2021,TV-MA
How to Sell Drugs Online (Fast),TV Show,International TV Shows,2021,TV-MA
How to Sell Drugs Online (Fast),TV Show,TV Comedies,2021,TV-MA
Mighty Express,TV Show,Kids' TV,2021,TV-Y
Mimi,Movie,Comedies,2021,TV-14
Mimi,Movie,Dramas,2021,TV-14
Mimi,Movie,International Movies,2021,TV-14
Plastic Cup Boyz: Laughing My Mask Off!,TV Show,Stand-Up Comedy & Talk Shows,2021,TV-MA
Plastic Cup Boyz: Laughing My Mask Off!,TV Show,TV Comedies,2021,TV-MA
The Operative,Movie,Dramas,2019,TV-MA
The Operative,Movie,International Movies,2019,TV-MA
The Operative,Movie,Thrillers,2019,TV-MA
The Walking Dead,TV Show,Classic & Cult TV,2019,TV-MA
The Walking Dead,TV Show,TV Action & Adventure,2019,TV-MA
The Walking Dead,TV Show,TV Dramas,2019,TV-MA
Wynonna Earp,TV Show,International TV Shows,2020,TV-MA
Wynonna Earp,TV Show,TV Action & Adventure,2020,TV-MA
Wynonna Earp,TV Show,TV Dramas,2020,TV-MA
Django Unchained,Movie,Action & Adventure,2012,R
Django Unchained,Movie,Dramas,2012,R
A Second Chance:  Rivals!,Movie,Children & Family Movies,2021,PG
A Second Chance:  Rivals!,Movie,Sports Movies,2021,PG
African America,Movie,Dramas,2021,TV-MA
African America,Movie,Independent Movies,2021,TV-MA
African America,Movie,International Movies,2021,TV-MA
Bankrolled,Movie,Comedies,2021,TV-MA
Bankrolled,Movie,International Movies,2021,TV-MA
Blood Red Sky,Movie,Action & Adventure,2021,TV-MA
Blood Red Sky,Movie,Horror Movies,2021,TV-MA
Blood Red Sky,Movie,International Movies,2021,TV-MA
Feels Like Ishq,TV Show,International TV Shows,2021,TV-MA
Feels Like Ishq,TV Show,Romantic TV Shows,2021,TV-MA
Feels Like Ishq,TV Show,TV Comedies,2021,TV-MA
Kingdom: Ashin of the North,Movie,Horror Movies,2021,TV-MA
Kingdom: Ashin of the North,Movie,International Movies,2021,TV-MA
Kingdom: Ashin of the North,Movie,Thrillers,2021,TV-MA
Masters of the Universe: Revelation,TV Show,TV Action & Adventure,2021,TV-PG
Masters of the Universe: Revelation,TV Show,TV Sci-Fi & Fantasy,2021,TV-PG
Revelations: The Masters of the Universe: Revelation Aftershow,TV Show,Anime Series,2021,TV-PG
Revelations: The Masters of the Universe: Revelation Aftershow,TV Show,Stand-Up Comedy & Talk Shows,2021,TV-PG
Sky Rojo,TV Show,International TV Shows,2021,TV-MA
Sky Rojo,TV Show,Spanish-Language TV Shows,2021,TV-MA
Sky Rojo,TV Show,TV Action & Adventure,2021,TV-MA
The Last Letter From Your Lover,Movie,Dramas,2021,TV-MA
The Last Letter From Your Lover,Movie,Romantic Movies,2021,TV-MA
The Movies That Made Us,TV Show,Docuseries,2021,TV-MA
9to5: The Story of a Movement,Movie,Documentaries,2021,TV-MA
Chhota Bheem - Dinosaur World,Movie,Children & Family Movies,2015,TV-Y
Chhota Bheem - Neeli Pahaadi,Movie,Children & Family Movies,2013,TV-Y7
Chhota Bheem & Ganesh,Movie,Children & Family Movies,2009,TV-Y7
Chhota Bheem & Krishna: Mayanagari,Movie,Children & Family Movies,2011,TV-Y7
Chhota Bheem & Krishna: Pataliputra- City of the Dead,Movie,Children & Family Movies,2010,TV-Y7
Chhota Bheem And The Broken Amulet,Movie,Children & Family Movies,2013,TV-Y7
Chhota Bheem And The Crown of Valhalla,Movie,Children & Family Movies,2013,TV-Y7
Chhota Bheem and the Incan Adventure,Movie,Children & Family Movies,2013,TV-Y7
Chhota Bheem and The ShiNobi Secret,Movie,Children & Family Movies,2013,TV-Y7
Chhota Bheem Aur Hanuman,Movie,Children & Family Movies,2012,TV-Y7
Chhota Bheem aur Krishna,Movie,Children & Family Movies,2009,TV-Y7
Chhota Bheem aur Krishna vs Zimbara,Movie,Children & Family Movies,2013,TV-Y7
Chhota Bheem in African Safari,Movie,Children & Family Movies,2015,TV-Y7
Chhota Bheem Ka Roosi Romanch,Movie,Children & Family Movies,2019,TV-Y
Chhota Bheem: Bheem vs Aliens,Movie,Children & Family Movies,2010,TV-Y7
Chhota Bheem: Bheem vs Aliens,Movie,Sports Movies,2010,TV-Y7
Chhota Bheem: Dholakpur to Kathmandu,Movie,Children & Family Movies,2012,TV-Y7
Chhota Bheem: Dus Pe Dus,Movie,Children & Family Movies,2014,TV-Y7
Chhota Bheem: Journey to Petra,Movie,Children & Family Movies,2011,TV-Y7
Chhota Bheem: Master of Shaolin,Movie,Children & Family Movies,2011,TV-Y7
Chhota Bheem: The Rise of Kirmada,Movie,Children & Family Movies,2012,TV-Y7
Chicago Med,TV Show,TV Dramas,2019,TV-14
Cousins,Movie,Dramas,2021,TV-MA
Wannabe Courageous,Movie,Comedies,2019,TV-14
Wannabe Courageous,Movie,International Movies,2019,TV-14
Words Bubble Up Like Soda Pop,Movie,Anime Features,2021,TV-G
Words Bubble Up Like Soda Pop,Movie,Children & Family Movies,2021,TV-G
Words Bubble Up Like Soda Pop,Movie,International Movies,2021,TV-G
Sanitation Day,Movie,Dramas,2020,TV-14
Sanitation Day,Movie,International Movies,2020,TV-14
Sanitation Day,Movie,Thrillers,2020,TV-14
Sexy Beasts,TV Show,British TV Shows,2021,TV-14
Sexy Beasts,TV Show,International TV Shows,2021,TV-14
Sexy Beasts,TV Show,Reality TV,2021,TV-14
Too Hot to Handle: Brazil,TV Show,International TV Shows,2021,TV-MA
Too Hot to Handle: Brazil,TV Show,Reality TV,2021,TV-MA
Too Hot to Handle: Brazil,TV Show,Romantic TV Shows,2021,TV-MA
Trollhunters: Rise of the Titans,Movie,Children & Family Movies,2021,TV-Y7
Milkwater,Movie,Comedies,2020,TV-MA
Milkwater,Movie,Dramas,2020,TV-MA
Milkwater,Movie,Independent Movies,2020,TV-MA
Okupas,TV Show,Classic & Cult TV,2020,TV-MA
Okupas,TV Show,Crime TV Shows,2020,TV-MA
Okupas,TV Show,International TV Shows,2020,TV-MA
Touch Your Heart,TV Show,Crime TV Shows,2019,TV-MA
Touch Your Heart,TV Show,International TV Shows,2019,TV-MA
Touch Your Heart,TV Show,Romantic TV Shows,2019,TV-MA
The Tambour of Retribution,Movie,Dramas,2021,TV-14
The Tambour of Retribution,Movie,International Movies,2021,TV-14
The Tambour of Retribution,Movie,Romantic Movies,2021,TV-14
Cosmic Sin,Movie,Action & Adventure,2021,R
2 Weeks in Lagos,Movie,Dramas,2020,TV-PG
2 Weeks in Lagos,Movie,International Movies,2020,TV-PG
2 Weeks in Lagos,Movie,Romantic Movies,2020,TV-PG
Deep,Movie,Dramas,2021,TV-MA
Deep,Movie,International Movies,2021,TV-MA
Deep,Movie,Thrillers,2021,TV-MA
Explained,TV Show,Docuseries,2021,TV-MA
Explained,TV Show,Science & Nature TV,2021,TV-MA
Fear Street Part 3: 1666,Movie,Horror Movies,2021,R
Fear Street Part 3: 1666,Movie,LGBTQ Movies,2021,R
Johnny Test,TV Show,Kids' TV,2021,TV-Y7
Johnny Test,TV Show,TV Comedies,2021,TV-Y7
La ley de Herodes,Movie,Comedies,1999,R
La ley de Herodes,Movie,International Movies,1999,R
Naomi Osaka,TV Show,Docuseries,2021,TV-14
The Beguiled,Movie,Dramas,2017,R
The Beguiled,Movie,Independent Movies,2017,R
The Beguiled,Movie,Thrillers,2017,R
The Book of Henry,Movie,Dramas,2017,PG-13
The Twilight Saga: Breaking Dawn: Part 1,Movie,Dramas,2011,PG-13
The Twilight Saga: Breaking Dawn: Part 1,Movie,Romantic Movies,2011,PG-13
The Twilight Saga: Breaking Dawn: Part 2,Movie,Dramas,2012,PG-13
The Twilight Saga: Breaking Dawn: Part 2,Movie,Romantic Movies,2012,PG-13
The Twilight Saga: Eclipse,Movie,Dramas,2010,PG-13
The Twilight Saga: Eclipse,Movie,Romantic Movies,2010,PG-13
The Twilight Saga: New Moon,Movie,Dramas,2009,PG-13
The Twilight Saga: New Moon,Movie,Romantic Movies,2009,PG-13
Twilight,Movie,Action & Adventure,2008,PG-13
Twilight,Movie,Dramas,2008,PG-13
Twilight,Movie,Romantic Movies,2008,PG-13
A Perfect Fit,Movie,Comedies,2021,TV-PG
A Perfect Fit,Movie,Dramas,2021,TV-PG
A Perfect Fit,Movie,International Movies,2021,TV-PG
BEASTARS,TV Show,Anime Series,2021,TV-MA
BEASTARS,TV Show,International TV Shows,2021,TV-MA
Cheech & Chong's Still Smokin,Movie,Comedies,1983,TV-MA
Cheech & Chong's Still Smokin,Movie,Cult Movies,1983,TV-MA
Emicida: AmarElo - Live in São Paulo,Movie,Documentaries,2021,TV-MA
Emicida: AmarElo - Live in São Paulo,Movie,International Movies,2021,TV-MA
Emicida: AmarElo - Live in São Paulo,Movie,Music & Musicals,2021,TV-MA
Her Private Life,TV Show,International TV Shows,2019,TV-14
Her Private Life,TV Show,Romantic TV Shows,2019,TV-14
Her Private Life,TV Show,TV Comedies,2019,TV-14
Lift Like a Girl,Movie,Documentaries,2021,TV-PG
Lift Like a Girl,Movie,International Movies,2021,TV-PG
Lift Like a Girl,Movie,Sports Movies,2021,TV-PG
My Amanda,Movie,Dramas,2021,TV-14
My Amanda,Movie,International Movies,2021,TV-14
My Amanda,Movie,Romantic Movies,2021,TV-14
Never Have I Ever,TV Show,TV Comedies,2021,TV-14
Never Have I Ever,TV Show,TV Dramas,2021,TV-14
Never Have I Ever,TV Show,Teen TV Shows,2021,TV-14
Surf's Up,Movie,Children & Family Movies,2007,PG
Surf's Up,Movie,Comedies,2007,PG
Surf's Up,Movie,Sports Movies,2007,PG
The Unknown Saint,Movie,Comedies,2019,TV-14
The Unknown Saint,Movie,Dramas,2019,TV-14
The Unknown Saint,Movie,Independent Movies,2019,TV-14
This Changes Everything,Movie,Documentaries,2019,TV-MA
A Classic Horror Story,Movie,Horror Movies,2021,TV-MA
A Classic Horror Story,Movie,International Movies,2021,TV-MA
Gunpowder Milkshake,Movie,Action & Adventure,2021,R
Gunpowder Milkshake,Movie,Comedies,2021,R
Heist,TV Show,Crime TV Shows,2021,TV-MA
Heist,TV Show,Docuseries,2021,TV-MA
My Unorthodox Life,TV Show,Reality TV,2021,TV-MA
Private Network: Who Killed Manuel Buendía?,Movie,Documentaries,2021,TV-MA
Private Network: Who Killed Manuel Buendía?,Movie,International Movies,2021,TV-MA
The Guide to the Perfect Family,Movie,Comedies,2021,TV-MA
The Guide to the Perfect Family,Movie,Dramas,2021,TV-MA
The Guide to the Perfect Family,Movie,International Movies,2021,TV-MA
American Woman,Movie,Dramas,2019,TV-MA
American Woman,Movie,Independent Movies,2019,TV-MA
Bridgerton - The Afterparty,Movie,Movies,2021,TV-14
Day of Destiny,Movie,Children & Family Movies,2021,TV-PG
Day of Destiny,Movie,Dramas,2021,TV-PG
Day of Destiny,Movie,International Movies,2021,TV-PG
Ridley Jones,TV Show,Kids' TV,2021,TV-Y
Born to Play,Movie,Documentaries,2020,TV-MA
Born to Play,Movie,Sports Movies,2020,TV-MA
American Ultra,Movie,Action & Adventure,2015,R
American Ultra,Movie,Comedies,2015,R
The Stand-Up,Movie,Stand-Up Comedy,2019,TV-MA
The Tour,Movie,Comedies,2016,TV-MA
The Tour,Movie,Documentaries,2016,TV-MA
The Tour,Movie,International Movies,2016,TV-MA
Atypical,TV Show,TV Comedies,2021,TV-14
Atypical,TV Show,TV Dramas,2021,TV-14
Atypical,TV Show,Teen TV Shows,2021,TV-14
Biohackers,TV Show,International TV Shows,2021,TV-MA
Biohackers,TV Show,TV Dramas,2021,TV-MA
Biohackers,TV Show,TV Sci-Fi & Fantasy,2021,TV-MA
Fear Street Part 2: 1978,Movie,Horror Movies,2021,R
Finding Hubby,Movie,Comedies,2020,TV-14
Finding Hubby,Movie,Dramas,2020,TV-14
Finding Hubby,Movie,International Movies,2020,TV-14
How I Became a Superhero,Movie,Action & Adventure,2021,TV-MA
How I Became a Superhero,Movie,Dramas,2021,TV-MA
How I Became a Superhero,Movie,International Movies,2021,TV-MA
How to Become a Tyrant,TV Show,Docuseries,2021,TV-MA
Last Summer,Movie,Dramas,2021,TV-MA
Last Summer,Movie,International Movies,2021,TV-MA
Last Summer,Movie,Romantic Movies,2021,TV-MA
Lee Su-geun: The Sense Coach,Movie,Stand-Up Comedy,2021,TV-G
Lethal Love,Movie,Thrillers,2021,TV-14
Ratchet and Clank,Movie,Children & Family Movies,2016,PG
Ratchet and Clank,Movie,Comedies,2016,PG
Ratchet and Clank,Movie,Sci-Fi & Fantasy,2016,PG
The Cook of Castamar,TV Show,International TV Shows,2021,TV-MA
The Cook of Castamar,TV Show,Romantic TV Shows,2021,TV-MA
The Cook of Castamar,TV Show,Spanish-Language TV Shows,2021,TV-MA
Virgin River,TV Show,Romantic TV Shows,2021,TV-14
Virgin River,TV Show,TV Dramas,2021,TV-14
Back to Q82,Movie,Comedies,2017,TV-14
Back to Q82,Movie,International Movies,2017,TV-14
Elize Matsunaga: Once Upon a Crime,TV Show,Crime TV Shows,2021,TV-MA
Elize Matsunaga: Once Upon a Crime,TV Show,Docuseries,2021,TV-MA
Elize Matsunaga: Once Upon a Crime,TV Show,International TV Shows,2021,TV-MA
Home Again,Movie,Comedies,2017,PG-13
Home Again,Movie,Dramas,2017,PG-13
Home Again,Movie,Romantic Movies,2017,PG-13
Midnight Sun,Movie,Dramas,2018,PG-13
Midnight Sun,Movie,Romantic Movies,2018,PG-13
RESIDENT EVIL: Infinite Darkness,TV Show,Anime Series,2021,TV-MA
RESIDENT EVIL: Infinite Darkness,TV Show,TV Horror,2021,TV-MA
RESIDENT EVIL: Infinite Darkness,TV Show,TV Thrillers,2021,TV-MA
Rock the Kasbah,Movie,Comedies,2015,R
Rock the Kasbah,Movie,Music & Musicals,2015,R
Awon Boyz,Movie,Documentaries,2019,TV-MA
Awon Boyz,Movie,International Movies,2019,TV-MA
Brick Mansions,Movie,Action & Adventure,2014,PG-13
Brick Mansions,Movie,International Movies,2014,PG-13
Cat People,TV Show,Docuseries,2021,TV-14
Clash,Movie,Dramas,2020,TV-MA
Clash,Movie,International Movies,2020,TV-MA
Dogs,TV Show,Docuseries,2021,TV-PG
Major Grom: Plague Doctor,Movie,Action & Adventure,2021,TV-MA
Major Grom: Plague Doctor,Movie,International Movies,2021,TV-MA
Mama Drama,Movie,Dramas,2020,TV-MA
Mama Drama,Movie,International Movies,2020,TV-MA
Tango With Me,Movie,Dramas,2010,TV-14
Tango With Me,Movie,International Movies,2010,TV-14
Tango With Me,Movie,Romantic Movies,2010,TV-14
The Mire,TV Show,Crime TV Shows,2021,TV-MA
The Mire,TV Show,International TV Shows,2021,TV-MA
The Mire,TV Show,TV Dramas,2021,TV-MA
The War Next-door,TV Show,International TV Shows,2021,TV-MA
The War Next-door,TV Show,Spanish-Language TV Shows,2021,TV-MA
The War Next-door,TV Show,TV Comedies,2021,TV-MA
Therapy,Movie,Dramas,2020,TV-PG
Therapy,Movie,International Movies,2020,TV-PG
This Little Love Of Mine,Movie,International Movies,2021,TV-G
This Little Love Of Mine,Movie,Romantic Movies,2021,TV-G
Three Thieves,Movie,Comedies,2019,TV-14
Three Thieves,Movie,International Movies,2019,TV-14
A Land Imagined,Movie,Dramas,2019,TV-MA
A Land Imagined,Movie,International Movies,2019,TV-MA
Ask the StoryBots,TV Show,Kids' TV,2019,TV-Y
Between,TV Show,International TV Shows,2016,TV-14
Between,TV Show,TV Dramas,2016,TV-14
Between,TV Show,TV Mysteries,2016,TV-14
Chelsea,TV Show,Stand-Up Comedy & Talk Shows,2017,TV-MA
Chelsea,TV Show,TV Comedies,2017,TV-MA
Code Lyoko,TV Show,Kids' TV,2007,TV-Y7
Colony,TV Show,TV Action & Adventure,2018,TV-14
Colony,TV Show,TV Dramas,2018,TV-14
Colony,TV Show,TV Sci-Fi & Fantasy,2018,TV-14
Cuckoo,TV Show,British TV Shows,2019,TV-MA
Cuckoo,TV Show,International TV Shows,2019,TV-MA
Cuckoo,TV Show,TV Comedies,2019,TV-MA
Derry Girls,TV Show,British TV Shows,2019,TV-MA
Derry Girls,TV Show,International TV Shows,2019,TV-MA
Derry Girls,TV Show,TV Comedies,2019,TV-MA
Girl from Nowhere,TV Show,International TV Shows,2021,TV-MA
Girl from Nowhere,TV Show,TV Dramas,2021,TV-MA
Girl from Nowhere,TV Show,TV Mysteries,2021,TV-MA
Good Morning Call,TV Show,International TV Shows,2017,TV-14
Good Morning Call,TV Show,Romantic TV Shows,2017,TV-14
Good Morning Call,TV Show,TV Comedies,2017,TV-14
Har Kisse Ke Hisse: Kaamyaab,Movie,Dramas,2020,TV-14
Har Kisse Ke Hisse: Kaamyaab,Movie,International Movies,2020,TV-14
I AM A KILLER,TV Show,British TV Shows,2020,TV-MA
I AM A KILLER,TV Show,Crime TV Shows,2020,TV-MA
I AM A KILLER,TV Show,Docuseries,2020,TV-MA
I Think You Should Leave with Tim Robinson,TV Show,TV Comedies,2021,TV-MA
Kim's Convenience,TV Show,International TV Shows,2021,TV-MA
Kim's Convenience,TV Show,TV Comedies,2021,TV-MA
Larva,TV Show,Kids' TV,2015,TV-Y7
Larva,TV Show,Korean TV Shows,2015,TV-Y7
Larva,TV Show,TV Comedies,2015,TV-Y7
Marcella,TV Show,British TV Shows,2019,TV-MA
Marcella,TV Show,Crime TV Shows,2019,TV-MA
Marcella,TV Show,International TV Shows,2019,TV-MA
Midnight Diner: Tokyo Stories,TV Show,International TV Shows,2019,TV-MA
Midnight Diner: Tokyo Stories,TV Show,TV Dramas,2019,TV-MA
My Little Pony: Friendship Is Magic,TV Show,Kids' TV,2018,TV-Y
Orange Is the New Black,TV Show,TV Comedies,2019,TV-MA
Orange Is the New Black,TV Show,TV Dramas,2019,TV-MA
Puffin Rock,TV Show,Kids' TV,2016,TV-Y
Rehmataan,Movie,Dramas,2012,TV-14
Rehmataan,Movie,International Movies,2012,TV-14
Rehmataan,Movie,Romantic Movies,2012,TV-14
Return of the Prodigal Son,Movie,Dramas,1976,TV-MA
Return of the Prodigal Son,Movie,International Movies,1976,TV-MA
Richie Rich,TV Show,Kids' TV,2015,TV-G
Richie Rich,TV Show,TV Comedies,2015,TV-G
Rise: Ini Kalilah,Movie,Dramas,2018,TV-PG
Rise: Ini Kalilah,Movie,International Movies,2018,TV-PG
Scream,TV Show,Crime TV Shows,2019,TV-MA
Scream,TV Show,TV Horror,2019,TV-MA
Scream,TV Show,TV Mysteries,2019,TV-MA
Shtisel,TV Show,International TV Shows,2021,TV-14
Shtisel,TV Show,TV Dramas,2021,TV-14
Si Doel the Movie 2,Movie,Dramas,2019,TV-G
Si Doel the Movie 2,Movie,International Movies,2019,TV-G
Some Assembly Required,TV Show,Kids' TV,2015,TV-Y
Some Assembly Required,TV Show,TV Comedies,2015,TV-Y
Tales by Light,TV Show,Docuseries,2018,TV-14
Tales by Light,TV Show,International TV Shows,2018,TV-14
Tales by Light,TV Show,Science & Nature TV,2018,TV-14
Terrace House: Opening New Doors,TV Show,International TV Shows,2018,TV-14
Terrace House: Opening New Doors,TV Show,Reality TV,2018,TV-14
The A List,TV Show,British TV Shows,2021,TV-PG
The A List,TV Show,International TV Shows,2021,TV-PG
The A List,TV Show,TV Dramas,2021,TV-PG
The New Legends of Monkey,TV Show,Kids' TV,2020,TV-PG
The New Legends of Monkey,TV Show,TV Action & Adventure,2020,TV-PG
The New Legends of Monkey,TV Show,TV Sci-Fi & Fantasy,2020,TV-PG
The Worst Witch,TV Show,British TV Shows,2020,TV-G
The Worst Witch,TV Show,Kids' TV,2020,TV-G
Truckbhar Swapna,Movie,Comedies,2018,TV-14
Truckbhar Swapna,Movie,Dramas,2018,TV-14
Truckbhar Swapna,Movie,International Movies,2018,TV-14
Ujala,Movie,Dramas,1959,TV-14
Ujala,Movie,International Movies,1959,TV-14
Undercover,TV Show,Crime TV Shows,2020,TV-MA
Undercover,TV Show,International TV Shows,2020,TV-MA
Undercover,TV Show,TV Action & Adventure,2020,TV-MA
Workin' Moms,TV Show,International TV Shows,2021,TV-MA
Workin' Moms,TV Show,TV Comedies,2021,TV-MA
YooHoo to the Rescue,TV Show,Kids' TV,2020,TV-Y
YooHoo to the Rescue,TV Show,Korean TV Shows,2020,TV-Y
You Are My Spring,TV Show,International TV Shows,2021,TV-14
You Are My Spring,TV Show,Romantic TV Shows,2021,TV-14
You Are My Spring,TV Show,TV Dramas,2021,TV-14
We the People,TV Show,Kids' TV,2021,TV-Y7
Grey's Anatomy,TV Show,Romantic TV Shows,2020,TV-14
Grey's Anatomy,TV Show,TV Dramas,2020,TV-14
Big Timber,TV Show,International TV Shows,2020,TV-14
Big Timber,TV Show,Reality TV,2020,TV-14
Fear Street Part 1: 1994,Movie,Horror Movies,2021,R
Fear Street Part 1: 1994,Movie,LGBTQ Movies,2021,R
Haseen Dillruba,Movie,International Movies,2021,TV-MA
Haseen Dillruba,Movie,Romantic Movies,2021,TV-MA
Haseen Dillruba,Movie,Thrillers,2021,TV-MA
Holiday on Mars,Movie,Comedies,2020,TV-MA
Holiday on Mars,Movie,International Movies,2020,TV-MA
Mortel,TV Show,Crime TV Shows,2019,TV-MA
Mortel,TV Show,International TV Shows,2019,TV-MA
Mortel,TV Show,TV Dramas,2019,TV-MA
RattleSnake - The Ahanna Story,Movie,Dramas,2020,TV-MA
RattleSnake - The Ahanna Story,Movie,International Movies,2020,TV-MA
RattleSnake - The Ahanna Story,Movie,Thrillers,2020,TV-MA
Snowpiercer,Movie,Action & Adventure,2013,R
Snowpiercer,Movie,Cult Movies,2013,R
Snowpiercer,Movie,International Movies,2013,R
The 8th Night,Movie,Horror Movies,2021,TV-14
The 8th Night,Movie,International Movies,2021,TV-14
The 8th Night,Movie,Thrillers,2021,TV-14
Winchester,Movie,Horror Movies,2018,PG-13
Winchester,Movie,Sci-Fi & Fantasy,2018,PG-13
6 Bullets,Movie,Action & Adventure,2012,R
Air Force One,Movie,Action & Adventure,1997,R
Audible,Movie,Documentaries,2021,PG-13
Audible,Movie,Sports Movies,2021,PG-13
Austin Powers in Goldmember,Movie,Action & Adventure,2002,PG-13
Austin Powers in Goldmember,Movie,Comedies,2002,PG-13
Austin Powers: International Man of Mystery,Movie,Comedies,1997,PG-13
Austin Powers: The Spy Who Shagged Me,Movie,Action & Adventure,1999,PG-13
Austin Powers: The Spy Who Shagged Me,Movie,Comedies,1999,PG-13
Austin Powers: The Spy Who Shagged Me,Movie,Sci-Fi & Fantasy,1999,PG-13
Boogie Nights,Movie,Comedies,1997,R
Boogie Nights,Movie,Dramas,1997,R
Boogie Nights,Movie,Independent Movies,1997,R
Bureau of Magical Things,TV Show,International TV Shows,2020,TV-G
Bureau of Magical Things,TV Show,Kids' TV,2020,TV-G
Bureau of Magical Things,TV Show,TV Mysteries,2020,TV-G
Charlie's Angels,Movie,Action & Adventure,2000,PG-13
Charlie's Angels,Movie,Comedies,2000,PG-13
Congo,Movie,Action & Adventure,1995,PG-13
Congo,Movie,Thrillers,1995,PG-13
Dennis the Menace,Movie,Children & Family Movies,1993,PG
Dennis the Menace,Movie,Comedies,1993,PG
Dreamy Eyes,Movie,Dramas,2019,TV-14
Dreamy Eyes,Movie,International Movies,2019,TV-14
Dreamy Eyes,Movie,Romantic Movies,2019,TV-14
Dynasty Warriors,Movie,Action & Adventure,2021,TV-14
Dynasty Warriors,Movie,International Movies,2021,TV-14
Generation 56k,TV Show,International TV Shows,2021,TV-MA
Generation 56k,TV Show,Romantic TV Shows,2021,TV-MA
Generation 56k,TV Show,TV Comedies,2021,TV-MA
Hampstead,Movie,Comedies,2019,PG-13
Hampstead,Movie,Dramas,2019,PG-13
Hampstead,Movie,International Movies,2019,PG-13
Kung Fu Panda,Movie,Children & Family Movies,2008,PG
Kung Fu Panda,Movie,Comedies,2008,PG
Kung Fu Panda 2,Movie,Children & Family Movies,2011,PG
Kung Fu Panda 2,Movie,Comedies,2011,PG
Life as We Know It,Movie,Comedies,2010,PG-13
Life as We Know It,Movie,Dramas,2010,PG-13
Life as We Know It,Movie,Romantic Movies,2010,PG-13
Mary Magdalene,Movie,Dramas,2019,R
Mary Magdalene,Movie,Faith & Spirituality,2019,R
Mary Magdalene,Movie,International Movies,2019,R
Masameer County,TV Show,International TV Shows,2021,TV-MA
Masameer County,TV Show,TV Comedies,2021,TV-MA
Memoirs of a Geisha,Movie,Dramas,2005,PG-13
Memoirs of a Geisha,Movie,Romantic Movies,2005,PG-13
Midnight Run,Movie,Action & Adventure,1988,R
Midnight Run,Movie,Classic Movies,1988,R
Midnight Run,Movie,Comedies,1988,R
Mobile Suit Gundam Hathaway,Movie,Action & Adventure,2021,TV-14
Mobile Suit Gundam Hathaway,Movie,Anime Features,2021,TV-14
Mobile Suit Gundam Hathaway,Movie,International Movies,2021,TV-14
Mortal Kombat,Movie,Action & Adventure,1995,PG-13
Mortal Kombat,Movie,Sci-Fi & Fantasy,1995,PG-13
Mother's Day,Movie,Comedies,2016,PG-13
Mother's Day,Movie,Dramas,2016,PG-13
No Strings Attached,Movie,Comedies,2011,R
No Strings Attached,Movie,Romantic Movies,2011,R
Not Another Teen Movie,Movie,Comedies,2001,R
Ophelia,Movie,Dramas,2018,PG-13
Ophelia,Movie,Romantic Movies,2018,PG-13
Pet Sematary 2,Movie,Horror Movies,1992,R
Quarantine Tales,TV Show,International TV Shows,2020,TV-MA
Quarantine Tales,TV Show,TV Comedies,2020,TV-MA
Quarantine Tales,TV Show,TV Dramas,2020,TV-MA
Rainbow Rangers,TV Show,Kids' TV,2018,TV-Y
Red Joan,Movie,Dramas,2019,R
Red Joan,Movie,International Movies,2019,R
Sailor Moon Crystal,TV Show,Anime Series,2016,TV-Y7
Sailor Moon Crystal,TV Show,Kids' TV,2016,TV-Y7
Seven Pounds,Movie,Dramas,2008,PG-13
Seven Pounds,Movie,Romantic Movies,2008,PG-13
She's Out of My League,Movie,Comedies,2010,R
She's Out of My League,Movie,Romantic Movies,2010,R
Snow Day,Movie,Children & Family Movies,2000,PG
Snow Day,Movie,Comedies,2000,PG
Star Trek,Movie,Action & Adventure,2009,PG-13
Star Trek,Movie,Sci-Fi & Fantasy,2009,PG-13
Stuart Little,Movie,Children & Family Movies,1999,PG
Stuart Little,Movie,Comedies,1999,PG
Sword of Trust,Movie,Comedies,2019,R
Sword of Trust,Movie,Dramas,2019,R
Sword of Trust,Movie,Independent Movies,2019,R
Talladega Nights: The Ballad of Ricky Bobby,Movie,Action & Adventure,2006,PG-13
Talladega Nights: The Ballad of Ricky Bobby,Movie,Comedies,2006,PG-13
Talladega Nights: The Ballad of Ricky Bobby,Movie,Sports Movies,2006,PG-13
The American,Movie,Dramas,2010,R
The American,Movie,Thrillers,2010,R
The Best of Enemies,Movie,Dramas,2019,PG-13
The Game,Movie,Thrillers,1997,R
The Karate Kid,Movie,Action & Adventure,1984,PG
The Karate Kid,Movie,Children & Family Movies,1984,PG
The Karate Kid,Movie,Classic Movies,1984,PG
The Karate Kid Part II,Movie,Action & Adventure,1986,PG
The Karate Kid Part II,Movie,Children & Family Movies,1986,PG
The Karate Kid Part II,Movie,Dramas,1986,PG
The Karate Kid Part III,Movie,Children & Family Movies,1989,PG
The Karate Kid Part III,Movie,Dramas,1989,PG
The Life of David Gale,Movie,Dramas,2003,R
The Long Riders,Movie,Action & Adventure,1980,R
The Queen,Movie,Dramas,2006,PG-13
The Queen,Movie,International Movies,2006,PG-13
The Strangers,Movie,Horror Movies,2008,R
The Strangers,Movie,Thrillers,2008,R
The Sum of All Fears,Movie,Action & Adventure,2002,PG-13
The Tourist,Movie,Action & Adventure,2010,PG-13
The Tourist,Movie,Romantic Movies,2010,PG-13
Underworld,Movie,Action & Adventure,2003,R
Underworld,Movie,Horror Movies,2003,R
Underworld,Movie,Sci-Fi & Fantasy,2003,R
Underworld: Awakening,Movie,Action & Adventure,2012,R
Underworld: Awakening,Movie,Horror Movies,2012,R
Underworld: Awakening,Movie,Sci-Fi & Fantasy,2012,R
Underworld: Rise of the Lycans,Movie,Action & Adventure,2009,R
Underworld: Rise of the Lycans,Movie,Horror Movies,2009,R
Underworld: Rise of the Lycans,Movie,Sci-Fi & Fantasy,2009,R
Voiceless,Movie,Dramas,2020,TV-MA
Voiceless,Movie,International Movies,2020,TV-MA
Voiceless,Movie,Thrillers,2020,TV-MA
What Dreams May Come,Movie,Dramas,1998,PG-13
What Dreams May Come,Movie,Romantic Movies,1998,PG-13
What Dreams May Come,Movie,Sci-Fi & Fantasy,1998,PG-13
Why Do Fools Fall in Love,Movie,Dramas,1998,R
Why Do Fools Fall in Love,Movie,Music & Musicals,1998,R
Why Do Fools Fall in Love,Movie,Romantic Movies,1998,R
Working Title,Movie,Dramas,2019,R
Young Royals,TV Show,International TV Shows,2021,TV-MA
Young Royals,TV Show,Romantic TV Shows,2021,TV-MA
Young Royals,TV Show,TV Dramas,2021,TV-MA
America: The Motion Picture,Movie,Action & Adventure,2021,TV-MA
America: The Motion Picture,Movie,Comedies,2021,TV-MA
Deranged,Movie,Dramas,2020,TV-14
Deranged,Movie,International Movies,2020,TV-14
Droppin' Cash: Los Angeles,TV Show,Reality TV,2019,TV-MA
Legend of Exorcism,TV Show,Anime Series,2020,TV-14
Legend of Exorcism,TV Show,Crime TV Shows,2020,TV-14
Legend of Exorcism,TV Show,International TV Shows,2020,TV-14
Lying and Stealing,Movie,Thrillers,2019,R
Mommy Issues,Movie,Comedies,2021,TV-MA
Mommy Issues,Movie,Dramas,2021,TV-MA
Mommy Issues,Movie,International Movies,2021,TV-MA
Prime Time,Movie,Dramas,2021,TV-MA
Prime Time,Movie,International Movies,2021,TV-MA
Prime Time,Movie,Thrillers,2021,TV-MA
Somos.,TV Show,Crime TV Shows,2021,TV-MA
Somos.,TV Show,International TV Shows,2021,TV-MA
Somos.,TV Show,Spanish-Language TV Shows,2021,TV-MA
Sophie: A Murder in West Cork,TV Show,British TV Shows,2021,TV-MA
Sophie: A Murder in West Cork,TV Show,Crime TV Shows,2021,TV-MA
Sophie: A Murder in West Cork,TV Show,Docuseries,2021,TV-MA
The Daily Life of the Immortal King,TV Show,Anime Series,2020,TV-14
The Daily Life of the Immortal King,TV Show,International TV Shows,2020,TV-14
The Daily Life of the Immortal King,TV Show,Teen TV Shows,2020,TV-14
StarBeam,TV Show,Kids' TV,2021,TV-Y
A Way Back Home,Movie,Dramas,2020,TV-14
A Way Back Home,Movie,International Movies,2020,TV-14
Killing Them Softly,Movie,Dramas,2012,R
The Seven Deadly Sins,TV Show,Anime Series,2021,TV-14
The Seven Deadly Sins,TV Show,International TV Shows,2021,TV-14
Wanted,Movie,Comedies,2019,TV-14
Wanted,Movie,International Movies,2019,TV-14
Into the Wind,Movie,Dramas,2018,TV-MA
Into the Wind,Movie,Independent Movies,2018,TV-MA
Into the Wind,Movie,International Movies,2018,TV-MA
Wonder Boy,Movie,Documentaries,2019,TV-14
Wonder Boy,Movie,International Movies,2019,TV-14
Here Comes the Rain,Movie,Dramas,2010,TV-MA
Here Comes the Rain,Movie,International Movies,2010,TV-MA
The Ice Road,Movie,Action & Adventure,2021,PG-13
Ray,TV Show,International TV Shows,2021,TV-MA
Ray,TV Show,TV Dramas,2021,TV-MA
Ray,TV Show,TV Mysteries,2021,TV-MA
Sex/Life,TV Show,Romantic TV Shows,2021,TV-MA
Sex/Life,TV Show,TV Dramas,2021,TV-MA
Godzilla Singular Point,TV Show,Anime Series,2021,TV-14
Godzilla Singular Point,TV Show,International TV Shows,2021,TV-14
Jiva!,TV Show,International TV Shows,2021,TV-MA
Jiva!,TV Show,TV Dramas,2021,TV-MA
Sisters on Track,Movie,Documentaries,2021,PG
Sisters on Track,Movie,Sports Movies,2021,PG
The Naked Director,TV Show,International TV Shows,2021,TV-MA
The Naked Director,TV Show,TV Dramas,2021,TV-MA
The Seventh Day,Movie,Horror Movies,2021,R
Good on Paper,Movie,Comedies,2021,TV-MA
Good on Paper,Movie,Romantic Movies,2021,TV-MA
Murder by the Coast,Movie,Documentaries,2021,TV-14
Murder by the Coast,Movie,International Movies,2021,TV-14
The House of Flowers: The Movie,Movie,Comedies,2021,TV-MA
The House of Flowers: The Movie,Movie,International Movies,2021,TV-MA
The House of Flowers: The Movie,Movie,Music & Musicals,2021,TV-MA
The Parisian Agency: Exclusive Properties,TV Show,International TV Shows,2021,TV-G
The Parisian Agency: Exclusive Properties,TV Show,Reality TV,2021,TV-G
Too Hot to Handle,TV Show,Reality TV,2021,TV-MA
Too Hot to Handle,TV Show,Romantic TV Shows,2021,TV-MA
Broken,Movie,Dramas,2019,TV-14
Broken,Movie,International Movies,2019,TV-14
Broken,Movie,Romantic Movies,2019,TV-14
O Vendedor de Sonhos,Movie,Dramas,2016,TV-14
O Vendedor de Sonhos,Movie,International Movies,2016,TV-14
Osuofia in London,Movie,Comedies,2003,TV-MA
Osuofia in London,Movie,Dramas,2003,TV-MA
Osuofia in London,Movie,International Movies,2003,TV-MA
Osuofia in London II,Movie,Comedies,2004,TV-14
Osuofia in London II,Movie,Dramas,2004,TV-14
Osuofia in London II,Movie,International Movies,2004,TV-14
This Is Pop,TV Show,Docuseries,2021,TV-MA
This Is Pop,TV Show,International TV Shows,2021,TV-MA
#Selfie,Movie,Comedies,2014,TV-MA
#Selfie,Movie,Dramas,2014,TV-MA
#Selfie,Movie,International Movies,2014,TV-MA
#Selfie 69,Movie,Comedies,2016,TV-MA
#Selfie 69,Movie,Dramas,2016,TV-MA
#Selfie 69,Movie,International Movies,2016,TV-MA
Love Is a Story,Movie,International Movies,2015,TV-MA
Love Is a Story,Movie,Music & Musicals,2015,TV-MA
Love Is a Story,Movie,Romantic Movies,2015,TV-MA
The Mole,TV Show,Reality TV,2001,TV-14
The Mole,TV Show,TV Action & Adventure,2001,TV-14
The Mole,TV Show,TV Mysteries,2001,TV-14
"Nevertheless,",TV Show,International TV Shows,2021,TV-14
"Nevertheless,",TV Show,Romantic TV Shows,2021,TV-14
"Nevertheless,",TV Show,TV Dramas,2021,TV-14
Bangkok Love Stories: Innocence,TV Show,International TV Shows,2018,TV-14
Bangkok Love Stories: Innocence,TV Show,Romantic TV Shows,2018,TV-14
Bangkok Love Stories: Innocence,TV Show,TV Dramas,2018,TV-14
Black Lightning,TV Show,TV Action & Adventure,2021,TV-14
Black Lightning,TV Show,TV Dramas,2021,TV-14
Black Lightning,TV Show,TV Sci-Fi & Fantasy,2021,TV-14
Call My Agent!,TV Show,International TV Shows,2018,TV-MA
Call My Agent!,TV Show,TV Comedies,2018,TV-MA
Call My Agent!,TV Show,TV Dramas,2018,TV-MA
Champions,TV Show,TV Comedies,2018,TV-14
Charité at War,TV Show,International TV Shows,2019,TV-MA
Charité at War,TV Show,TV Dramas,2019,TV-MA
Cleo & Cuquin,TV Show,Kids' TV,2020,TV-Y
Deadwind,TV Show,Crime TV Shows,2020,TV-MA
Deadwind,TV Show,International TV Shows,2020,TV-MA
Deadwind,TV Show,TV Dramas,2020,TV-MA
Gameboys Level-Up Edition,TV Show,International TV Shows,2020,TV-14
Gameboys Level-Up Edition,TV Show,Romantic TV Shows,2020,TV-14
Gameboys Level-Up Edition,TV Show,TV Comedies,2020,TV-14
Glee,TV Show,TV Comedies,2015,TV-14
Glee,TV Show,TV Dramas,2015,TV-14
Glee,TV Show,Teen TV Shows,2015,TV-14
Hap and Leonard,TV Show,Crime TV Shows,2018,TV-MA
Hap and Leonard,TV Show,TV Dramas,2018,TV-MA
Locked Up,TV Show,Crime TV Shows,2020,TV-MA
Locked Up,TV Show,International TV Shows,2020,TV-MA
Locked Up,TV Show,Spanish-Language TV Shows,2020,TV-MA
Mobile Suit Gundam II: Soldiers of Sorrow,Movie,Action & Adventure,1981,TV-14
Mobile Suit Gundam II: Soldiers of Sorrow,Movie,Anime Features,1981,TV-14
Mobile Suit Gundam II: Soldiers of Sorrow,Movie,International Movies,1981,TV-14
Mobile Suit Gundam III: Encounters in Space,Movie,Action & Adventure,1982,TV-MA
Mobile Suit Gundam III: Encounters in Space,Movie,Anime Features,1982,TV-MA
Mobile Suit Gundam III: Encounters in Space,Movie,International Movies,1982,TV-MA
Mobile Suit Gundam: Char's Counterattack,Movie,Action & Adventure,1988,TV-14
Mobile Suit Gundam: Char's Counterattack,Movie,Anime Features,1988,TV-14
Mobile Suit Gundam: Char's Counterattack,Movie,International Movies,1988,TV-14
No Time for Shame,TV Show,International TV Shows,2019,TV-MA
No Time for Shame,TV Show,Reality TV,2019,TV-MA
No Time for Shame,TV Show,Spanish-Language TV Shows,2019,TV-MA
Pose,TV Show,TV Dramas,2019,TV-MA
REA(L)OVE,TV Show,International TV Shows,2018,TV-MA
REA(L)OVE,TV Show,Reality TV,2018,TV-MA
REA(L)OVE,TV Show,Romantic TV Shows,2018,TV-MA
Riverdale,TV Show,Crime TV Shows,2019,TV-14
Riverdale,TV Show,TV Dramas,2019,TV-14
Riverdale,TV Show,TV Mysteries,2019,TV-14
Schitt's Creek,TV Show,TV Comedies,2020,TV-MA
The Assassination of Gianni Versace,TV Show,Crime TV Shows,2018,TV-MA
The Assassination of Gianni Versace,TV Show,TV Dramas,2018,TV-MA
The Assassination of Gianni Versace,TV Show,TV Thrillers,2018,TV-MA
The Judgement,TV Show,Crime TV Shows,2018,TV-MA
The Judgement,TV Show,International TV Shows,2018,TV-MA
The Judgement,TV Show,TV Dramas,2018,TV-MA
The Last Dance,TV Show,Docuseries,2020,TV-MA
They've Gotta Have Us,TV Show,British TV Shows,2018,TV-MA
They've Gotta Have Us,TV Show,Docuseries,2018,TV-MA
Why Are You Like This,TV Show,International TV Shows,2021,TV-MA
Why Are You Like This,TV Show,TV Comedies,2021,TV-MA
A Family,Movie,Dramas,2021,TV-MA
A Family,Movie,International Movies,2021,TV-MA
Elite,TV Show,Crime TV Shows,2021,TV-MA
Elite,TV Show,International TV Shows,2021,TV-MA
Elite,TV Show,Spanish-Language TV Shows,2021,TV-MA
Fatherhood,Movie,Dramas,2021,PG-13
Hospital Playlist,TV Show,International TV Shows,2021,TV-14
Hospital Playlist,TV Show,Korean TV Shows,2021,TV-14
Hospital Playlist,TV Show,TV Comedies,2021,TV-14
Jagame Thandhiram,Movie,Action & Adventure,2021,TV-MA
Jagame Thandhiram,Movie,Dramas,2021,TV-MA
Jagame Thandhiram,Movie,International Movies,2021,TV-MA
Kambili: The Whole 30 Yards,Movie,Comedies,2020,TV-14
Kambili: The Whole 30 Yards,Movie,International Movies,2020,TV-14
Kambili: The Whole 30 Yards,Movie,Romantic Movies,2020,TV-14
Mobile Suit Gundam I,Movie,Action & Adventure,1981,TV-14
Mobile Suit Gundam I,Movie,Anime Features,1981,TV-14
Mobile Suit Gundam I,Movie,Classic Movies,1981,TV-14
Rurouni Kenshin: The Final,Movie,Action & Adventure,2021,TV-14
Rurouni Kenshin: The Final,Movie,International Movies,2021,TV-14
So Not Worth It,TV Show,International TV Shows,2021,TV-14
So Not Worth It,TV Show,TV Comedies,2021,TV-14
The Rational Life,TV Show,International TV Shows,2021,TV-14
The Rational Life,TV Show,Romantic TV Shows,2021,TV-14
The Rational Life,TV Show,TV Dramas,2021,TV-14
Ali & Ratu Ratu Queens,Movie,Comedies,2021,TV-14
Ali & Ratu Ratu Queens,Movie,Dramas,2021,TV-14
Ali & Ratu Ratu Queens,Movie,International Movies,2021,TV-14
Aziza,Movie,Comedies,2019,TV-PG
Aziza,Movie,Dramas,2019,TV-PG
Aziza,Movie,Independent Movies,2019,TV-PG
Besieged Bread,Movie,Dramas,2015,TV-14
Besieged Bread,Movie,International Movies,2015,TV-14
Black Summer,TV Show,TV Action & Adventure,2021,TV-MA
Black Summer,TV Show,TV Dramas,2021,TV-MA
Black Summer,TV Show,TV Horror,2021,TV-MA
Elite Short Stories: Carla Samuel,TV Show,International TV Shows,2021,TV-MA
Elite Short Stories: Carla Samuel,TV Show,Romantic TV Shows,2021,TV-MA
Elite Short Stories: Carla Samuel,TV Show,Spanish-Language TV Shows,2021,TV-MA
Fan Girl,Movie,Dramas,2020,TV-MA
Fan Girl,Movie,Independent Movies,2020,TV-MA
Fan Girl,Movie,International Movies,2020,TV-MA
Katla,TV Show,International TV Shows,2021,TV-MA
Katla,TV Show,TV Dramas,2021,TV-MA
Katla,TV Show,TV Mysteries,2021,TV-MA
Record of Ragnarok,TV Show,Anime Series,2021,TV-MA
Record of Ragnarok,TV Show,International TV Shows,2021,TV-MA
Red Snow,Movie,Dramas,2019,TV-MA
Silver Linings Playbook,Movie,Comedies,2012,R
Silver Linings Playbook,Movie,Dramas,2012,R
Silver Linings Playbook,Movie,Independent Movies,2012,R
The Gift,TV Show,International TV Shows,2021,TV-MA
The Gift,TV Show,TV Dramas,2021,TV-MA
The Gift,TV Show,TV Mysteries,2021,TV-MA
A Man For The Week End,Movie,Comedies,2018,TV-14
A Man For The Week End,Movie,Dramas,2018,TV-14
A Man For The Week End,Movie,International Movies,2018,TV-14
Biking Borders,Movie,Documentaries,2019,TV-14
Biking Borders,Movie,International Movies,2019,TV-14
Biking Borders,Movie,Sports Movies,2019,TV-14
Elite Short Stories: Omar Ander Alexis,TV Show,International TV Shows,2021,TV-MA
Elite Short Stories: Omar Ander Alexis,TV Show,Spanish-Language TV Shows,2021,TV-MA
Elite Short Stories: Omar Ander Alexis,TV Show,TV Dramas,2021,TV-MA
Let's Eat,TV Show,International TV Shows,2021,TV-14
Let's Eat,TV Show,Romantic TV Shows,2021,TV-14
Let's Eat,TV Show,TV Comedies,2021,TV-14
Lowriders,Movie,Dramas,2016,PG-13
Lowriders,Movie,Independent Movies,2016,PG-13
Millennials,TV Show,International TV Shows,2020,TV-MA
Millennials,TV Show,Romantic TV Shows,2020,TV-MA
Millennials,TV Show,Spanish-Language TV Shows,2020,TV-MA
Penguin Town,TV Show,Docuseries,2021,TV-PG
Penguin Town,TV Show,Science & Nature TV,2021,TV-PG
Security,Movie,Dramas,2021,TV-MA
Security,Movie,International Movies,2021,TV-MA
Security,Movie,Thrillers,2021,TV-MA
Silver Skates,Movie,Action & Adventure,2020,TV-MA
Silver Skates,Movie,Dramas,2020,TV-MA
Silver Skates,Movie,International Movies,2020,TV-MA
Avengers Climate Conundrum,TV Show,Kids' TV,2020,TV-Y7
Avengers Climate Conundrum,TV Show,TV Comedies,2020,TV-Y7
Beyond Evil,TV Show,Crime TV Shows,2021,TV-MA
Beyond Evil,TV Show,International TV Shows,2021,TV-MA
Beyond Evil,TV Show,TV Thrillers,2021,TV-MA
Elite Short Stories: Nadia Guzmán,TV Show,International TV Shows,2021,TV-MA
Elite Short Stories: Nadia Guzmán,TV Show,Romantic TV Shows,2021,TV-MA
Elite Short Stories: Nadia Guzmán,TV Show,Spanish-Language TV Shows,2021,TV-MA
FTA,Movie,Documentaries,1972,TV-MA
Headspace: Unwind Your Mind,Movie,Documentaries,2021,TV-G
Life of Crime,Movie,Comedies,2013,R
Life of Crime,Movie,Independent Movies,2013,R
Power Rangers Dino Fury,TV Show,Kids' TV,2021,TV-G
Rhyme Time Town,TV Show,Kids' TV,2021,TV-Y
Rogue Warfare: Death of a Nation,Movie,Action & Adventure,2020,R
Sir! No Sir!,Movie,Documentaries,2005,TV-MA
The American Bible Challenge,TV Show,Reality TV,2014,TV-G
The Reason I Jump,Movie,Documentaries,2021,TV-14
Elite Short Stories: Guzmán Caye Rebe,TV Show,International TV Shows,2021,TV-MA
Elite Short Stories: Guzmán Caye Rebe,TV Show,Spanish-Language TV Shows,2021,TV-MA
Elite Short Stories: Guzmán Caye Rebe,TV Show,TV Dramas,2021,TV-MA
Metallica: Some Kind of Monster,TV Show,TV Shows,2014,TV-MA
Picture a Scientist,Movie,Documentaries,2020,TV-MA
The Devil Below,Movie,Horror Movies,2021,TV-MA
Bling Empire - The Afterparty,Movie,Movies,2021,TV-MA
Cobra Kai - The Afterparty,Movie,Movies,2021,TV-MA
Love (ft. Marriage and Divorce),TV Show,International TV Shows,2021,TV-14
Love (ft. Marriage and Divorce),TV Show,TV Dramas,2021,TV-14
To All the Boys: Always and Forever - The Afterparty,Movie,Movies,2021,TV-MA
LEGO Friends: The Power of Friendship,TV Show,Kids' TV,2016,TV-Y7
Lupin,TV Show,Crime TV Shows,2021,TV-MA
Lupin,TV Show,International TV Shows,2021,TV-MA
Lupin,TV Show,TV Action & Adventure,2021,TV-MA
Sarbath,Movie,Comedies,2021,TV-PG
Sarbath,Movie,Dramas,2021,TV-PG
Sarbath,Movie,International Movies,2021,TV-PG
Skater Girl,Movie,Children & Family Movies,2021,PG
Skater Girl,Movie,Dramas,2021,PG
Skater Girl,Movie,International Movies,2021,PG
Trese,TV Show,Anime Series,2021,TV-MA
Trese,TV Show,Crime TV Shows,2021,TV-MA
Trese,TV Show,TV Horror,2021,TV-MA
Trese After Dark,Movie,Anime Features,2021,TV-14
Trese After Dark,Movie,Documentaries,2021,TV-14
Wish Dragon,Movie,Children & Family Movies,2021,PG
Wish Dragon,Movie,Comedies,2021,PG
A Haunted House 2,Movie,Comedies,2014,R
A Haunted House 2,Movie,Horror Movies,2014,R
Blind Intersections,Movie,Dramas,2012,TV-MA
Blind Intersections,Movie,International Movies,2012,TV-MA
Camellia Sisters,Movie,Dramas,2021,TV-MA
Camellia Sisters,Movie,International Movies,2021,TV-MA
Copenhagen,Movie,Dramas,2014,TV-MA
Copenhagen,Movie,Independent Movies,2014,TV-MA
Copenhagen,Movie,Romantic Movies,2014,TV-MA
Locombianos,TV Show,International TV Shows,2021,TV-MA
Locombianos,TV Show,Spanish-Language TV Shows,2021,TV-MA
Locombianos,TV Show,Stand-Up Comedy & Talk Shows,2021,TV-MA
Until Midnight,Movie,International Movies,2019,TV-14
Until Midnight,Movie,Thrillers,2019,TV-14
Awake,Movie,Dramas,2021,TV-MA
Awake,Movie,Thrillers,2021,TV-MA
Confusion Na Wa,Movie,Comedies,2013,TV-MA
Confusion Na Wa,Movie,Dramas,2013,TV-MA
Confusion Na Wa,Movie,International Movies,2013,TV-MA
"Fresh, Fried & Crispy",TV Show,Reality TV,2021,TV-PG
L.A.’s Finest,TV Show,Crime TV Shows,2021,TV-MA
L.A.’s Finest,TV Show,TV Action & Adventure,2021,TV-MA
L.A.’s Finest,TV Show,TV Comedies,2021,TV-MA
Tragic Jungle,Movie,Dramas,2021,TV-MA
Tragic Jungle,Movie,Independent Movies,2021,TV-MA
Tragic Jungle,Movie,International Movies,2021,TV-MA
Guru Aur Bhole,TV Show,Kids' TV,2018,TV-Y7
Guru Aur Bhole,TV Show,TV Comedies,2018,TV-Y7
Vampire Academy,Movie,Action & Adventure,2014,PG-13
Vampire Academy,Movie,Comedies,2014,PG-13
Vampire Academy,Movie,Sci-Fi & Fantasy,2014,PG-13
"Newly Rich, Newly Poor",TV Show,International TV Shows,2007,TV-MA
"Newly Rich, Newly Poor",TV Show,Romantic TV Shows,2007,TV-MA
"Newly Rich, Newly Poor",TV Show,Spanish-Language TV Shows,2007,TV-MA
A Private War,Movie,Dramas,2018,R
A Private War,Movie,Independent Movies,2018,R
Kitty Love: An Homage to Cats,Movie,Children & Family Movies,2021,TV-G
Kitty Love: An Homage to Cats,Movie,Documentaries,2021,TV-G
Kitty Love: An Homage to Cats,Movie,International Movies,2021,TV-G
Small Chops,Movie,Dramas,2020,TV-MA
Small Chops,Movie,International Movies,2020,TV-MA
Small Chops,Movie,Romantic Movies,2020,TV-MA
Breaking Boundaries: The Science Of Our Planet,Movie,Documentaries,2021,TV-PG
Feel Good,TV Show,Romantic TV Shows,2021,TV-MA
Feel Good,TV Show,TV Comedies,2021,TV-MA
Feel Good,TV Show,TV Dramas,2021,TV-MA
Fireplace 4K: Classic Crackling Fireplace from Fireplace for Your Home,Movie,Movies,2015,TV-G
Fireplace 4K: Crackling Birchwood from Fireplace for Your Home,Movie,Movies,2015,TV-G
Human: The World Within,TV Show,Docuseries,2021,TV-PG
Human: The World Within,TV Show,Science & Nature TV,2021,TV-PG
Sweet & Sour,Movie,Comedies,2021,TV-14
Sweet & Sour,Movie,International Movies,2021,TV-14
Sweet & Sour,Movie,Romantic Movies,2021,TV-14
Sweet Tooth,TV Show,TV Action & Adventure,2021,TV-14
Sweet Tooth,TV Show,TV Dramas,2021,TV-14
Sweet Tooth,TV Show,TV Sci-Fi & Fantasy,2021,TV-14
Trippin' with the Kandasamys,Movie,Comedies,2021,TV-14
Trippin' with the Kandasamys,Movie,International Movies,2021,TV-14
Trippin' with the Kandasamys,Movie,Romantic Movies,2021,TV-14
Xtreme,Movie,Action & Adventure,2021,TV-MA
Xtreme,Movie,International Movies,2021,TV-MA
Alan Saldaña: Locked Up,Movie,Stand-Up Comedy,2021,TV-MA
Creator's File: GOLD,TV Show,International TV Shows,2021,TV-14
Creator's File: GOLD,TV Show,TV Comedies,2021,TV-14
Dancing Queens,Movie,Comedies,2021,TV-MA
Dancing Queens,Movie,Dramas,2021,TV-MA
Dancing Queens,Movie,International Movies,2021,TV-MA
From Stress to Happiness,Movie,Documentaries,2020,TV-G
From Stress to Happiness,Movie,International Movies,2020,TV-G
Myriam Fares: The Journey,Movie,Documentaries,2021,TV-14
Myriam Fares: The Journey,Movie,International Movies,2021,TV-14
Myriam Fares: The Journey,Movie,Music & Musicals,2021,TV-14
Pretty Guardian Sailor Moon Eternal The Movie,TV Show,TV Shows,2021,TV-14
Summertime,TV Show,International TV Shows,2021,TV-MA
Summertime,TV Show,Romantic TV Shows,2021,TV-MA
Summertime,TV Show,TV Dramas,2021,TV-MA
The Girl and the Gun,Movie,Dramas,2019,TV-MA
The Girl and the Gun,Movie,International Movies,2019,TV-MA
The Girl and the Gun,Movie,Thrillers,2019,TV-MA
2 Hearts,Movie,Dramas,2020,PG-13
2 Hearts,Movie,Faith & Spirituality,2020,PG-13
2 Hearts,Movie,Romantic Movies,2020,PG-13
A Perfect Ending,Movie,Dramas,2012,TV-MA
A Perfect Ending,Movie,Independent Movies,2012,TV-MA
A Perfect Ending,Movie,LGBTQ Movies,2012,TV-MA
American Outlaws,Movie,Action & Adventure,2001,PG-13
And Then Came Lola,Movie,Comedies,2009,TV-MA
And Then Came Lola,Movie,Independent Movies,2009,TV-MA
And Then Came Lola,Movie,LGBTQ Movies,2009,TV-MA
Attack on Titan,TV Show,Anime Series,2013,TV-MA
Attack on Titan,TV Show,International TV Shows,2013,TV-MA
Battlefield Earth,Movie,Action & Adventure,2000,PG-13
Battlefield Earth,Movie,Cult Movies,2000,PG-13
Battlefield Earth,Movie,Sci-Fi & Fantasy,2000,PG-13
Ben & Holly's Little Kingdom,TV Show,Kids' TV,2019,TV-Y
Black Holes | The Edge of All We Know,Movie,Documentaries,2021,TV-14
Bliss,Movie,Dramas,1997,R
Bliss,Movie,Romantic Movies,1997,R
Carnaval,Movie,Comedies,2021,TV-MA
Carnaval,Movie,International Movies,2021,TV-MA
Carnaval,Movie,Music & Musicals,2021,TV-MA
Cloudburst,Movie,Comedies,2011,TV-MA
Cloudburst,Movie,Dramas,2011,TV-MA
Cloudburst,Movie,Independent Movies,2011,TV-MA
Cocomelon,TV Show,Kids' TV,2021,TV-Y
Company of Heroes,Movie,Action & Adventure,2013,R
Company of Heroes,Movie,Dramas,2013,R
Cradle 2 the Grave,Movie,Action & Adventure,2003,R
Domestic Disturbance,Movie,Thrillers,2001,PG-13
Downton Abbey,TV Show,British TV Shows,2015,TV-14
Downton Abbey,TV Show,International TV Shows,2015,TV-14
Downton Abbey,TV Show,TV Dramas,2015,TV-14
Dream/Killer,Movie,Documentaries,2015,TV-MA
Felon,Movie,Action & Adventure,2008,R
Felon,Movie,Dramas,2008,R
Flipped,Movie,Comedies,2010,PG
Flipped,Movie,Dramas,2010,PG
Flipped,Movie,Romantic Movies,2010,PG
Fools Rush In,Movie,Comedies,1997,PG-13
Fools Rush In,Movie,Romantic Movies,1997,PG-13
Gold Statue,Movie,Comedies,2019,TV-14
Gold Statue,Movie,Dramas,2019,TV-14
Gold Statue,Movie,International Movies,2019,TV-14
Happy Endings,TV Show,TV Comedies,2012,TV-14
Hostel: Part III,Movie,Cult Movies,2011,R
Hostel: Part III,Movie,Horror Movies,2011,R
I Am Sam,Movie,Dramas,2001,PG-13
Love Jones,Movie,Comedies,1997,R
Love Jones,Movie,Dramas,1997,R
Love Jones,Movie,Independent Movies,1997,R
Million Dollar Baby,Movie,Dramas,2004,PG-13
Million Dollar Baby,Movie,Sports Movies,2004,PG-13
Mosquita y Mari,Movie,Dramas,2012,TV-14
Mosquita y Mari,Movie,Independent Movies,2012,TV-14
Mosquita y Mari,Movie,LGBTQ Movies,2012,TV-14
Never Back Down 2: The Beatdown,Movie,Action & Adventure,2011,R
Never Back Down 2: The Beatdown,Movie,Dramas,2011,R
Never Back Down 2: The Beatdown,Movie,Sports Movies,2011,R
Ninja Assassin,Movie,Action & Adventure,2009,R
Ouran High School Host Club,TV Show,Anime Series,2006,TV-PG
Ouran High School Host Club,TV Show,Romantic TV Shows,2006,TV-PG
Ouran High School Host Club,TV Show,Teen TV Shows,2006,TV-PG
Population 436,Movie,Horror Movies,2006,R
Population 436,Movie,Thrillers,2006,R
Racket Boys,TV Show,International TV Shows,2021,TV-14
Racket Boys,TV Show,TV Comedies,2021,TV-14
Racket Boys,TV Show,TV Dramas,2021,TV-14
Seven Souls in the Skull Castle: Season Moon Jogen,Movie,Action & Adventure,2017,TV-14
Seven Souls in the Skull Castle: Season Moon Jogen,Movie,Dramas,2017,TV-14
Seven Souls in the Skull Castle: Season Moon Jogen,Movie,International Movies,2017,TV-14
Seven Souls in the Skull Castle: Season Moon Kagen,Movie,Action & Adventure,2017,TV-PG
Seven Souls in the Skull Castle: Season Moon Kagen,Movie,Dramas,2017,TV-PG
Seven Souls in the Skull Castle: Season Moon Kagen,Movie,International Movies,2017,TV-PG
Sniper: Legacy,Movie,Action & Adventure,2014,R
Starsky & Hutch,Movie,Action & Adventure,2004,PG-13
Starsky & Hutch,Movie,Comedies,2004,PG-13
Streets of Fire,Movie,Action & Adventure,1984,PG
Streets of Fire,Movie,Classic Movies,1984,PG
Streets of Fire,Movie,Cult Movies,1984,PG
Super Monsters: Once Upon a Rhyme,Movie,Children & Family Movies,2021,TV-Y
Swordfish,Movie,Action & Adventure,2001,R
The Adventures of Sonic the Hedgehog,TV Show,Kids' TV,1993,TV-Y7
The Four Seasons,Movie,Comedies,1981,PG
The Four Seasons,Movie,Romantic Movies,1981,PG
The Girl King,Movie,Dramas,2015,TV-MA
The Girl King,Movie,International Movies,2015,TV-MA
The Girl King,Movie,LGBTQ Movies,2015,TV-MA
The Interpreter,Movie,Thrillers,2005,PG-13
The Meddler,Movie,Comedies,2015,PG-13
The Meddler,Movie,Dramas,2015,PG-13
The Meddler,Movie,Independent Movies,2015,PG-13
The Mirror Has Two Faces,Movie,Comedies,1996,PG-13
The Mirror Has Two Faces,Movie,Dramas,1996,PG-13
The Mirror Has Two Faces,Movie,Romantic Movies,1996,PG-13
The Outlaw Josey Wales,Movie,Action & Adventure,1976,PG
The Outlaw Josey Wales,Movie,Classic Movies,1976,PG
The Platform,TV Show,International TV Shows,2021,TV-14
The Platform,TV Show,TV Dramas,2021,TV-14
The Platform,TV Show,TV Mysteries,2021,TV-14
The Wedding Guest,Movie,Dramas,2018,R
The Wedding Guest,Movie,Romantic Movies,2018,R
The Wedding Guest,Movie,Thrillers,2018,R
The Wind,Movie,Horror Movies,2019,R
Then Came You,Movie,Comedies,2019,TV-MA
Then Came You,Movie,Dramas,2019,TV-MA
Then Came You,Movie,Independent Movies,2019,TV-MA
Welcome Home,Movie,Thrillers,2018,R
Dirty John,TV Show,Crime TV Shows,2020,TV-MA
Dirty John,TV Show,TV Dramas,2020,TV-MA
Dirty John,TV Show,TV Mysteries,2020,TV-MA
Bo Burnham: Inside,Movie,Stand-Up Comedy,2021,TV-MA
One Lagos Night,Movie,Comedies,2021,TV-14
One Lagos Night,Movie,International Movies,2021,TV-14
Collateral Beauty,Movie,Dramas,2016,PG-13
Dog Gone Trouble,Movie,Children & Family Movies,2021,TV-Y7
Dog Gone Trouble,Movie,Comedies,2021,TV-Y7
The Kominsky Method,TV Show,TV Comedies,2021,TV-MA
The Kominsky Method,TV Show,TV Dramas,2021,TV-MA
The Least Expected Day: Inside the Movistar Team 2019,TV Show,Docuseries,2021,TV-MA
The Least Expected Day: Inside the Movistar Team 2019,TV Show,International TV Shows,2021,TV-MA
The Least Expected Day: Inside the Movistar Team 2019,TV Show,Spanish-Language TV Shows,2021,TV-MA
Word of Honor,TV Show,International TV Shows,2021,TV-14
Word of Honor,TV Show,TV Action & Adventure,2021,TV-14
Word of Honor,TV Show,TV Dramas,2021,TV-14
Black Space,TV Show,Crime TV Shows,2021,TV-MA
Black Space,TV Show,International TV Shows,2021,TV-MA
Black Space,TV Show,TV Dramas,2021,TV-MA
Blue Miracle,Movie,Children & Family Movies,2021,TV-PG
Blue Miracle,Movie,Dramas,2021,TV-PG
Blue Miracle,Movie,Faith & Spirituality,2021,TV-PG
Eden,TV Show,Anime Series,2021,TV-PG
Eden,TV Show,International TV Shows,2021,TV-PG
Ghost Lab,Movie,Horror Movies,2021,TV-MA
Ghost Lab,Movie,International Movies,2021,TV-MA
Ghost Lab,Movie,Thrillers,2021,TV-MA
Ragnarok,TV Show,International TV Shows,2021,TV-MA
Ragnarok,TV Show,TV Action & Adventure,2021,TV-MA
Ragnarok,TV Show,TV Dramas,2021,TV-MA
Soy Rada: Serendipity,Movie,Stand-Up Comedy,2021,TV-MA
The Day I lost My Shadow,Movie,Dramas,2018,TV-MA
The Day I lost My Shadow,Movie,Independent Movies,2018,TV-MA
The Day I lost My Shadow,Movie,International Movies,2018,TV-MA
Baggio: The Divine Ponytail,Movie,Dramas,2021,TV-MA
Baggio: The Divine Ponytail,Movie,International Movies,2021,TV-MA
Baggio: The Divine Ponytail,Movie,Sports Movies,2021,TV-MA
Gatao - The Last Stray,Movie,Action & Adventure,2021,TV-MA
Gatao - The Last Stray,Movie,Dramas,2021,TV-MA
Gatao - The Last Stray,Movie,International Movies,2021,TV-MA
High on the Hog: How African American Cuisine Transformed America,TV Show,Docuseries,2021,TV-14
JoJo's Bizarre Adventure,TV Show,Anime Series,2016,TV-MA
JoJo's Bizarre Adventure,TV Show,International TV Shows,2016,TV-MA
Nail Bomber: Manhunt,Movie,Documentaries,2021,TV-MA
Nail Bomber: Manhunt,Movie,International Movies,2021,TV-MA
A Place in the Stars,Movie,Dramas,2014,TV-14
A Place in the Stars,Movie,International Movies,2014,TV-14
A Place in the Stars,Movie,Thrillers,2014,TV-14
Home,Movie,Children & Family Movies,2015,PG
Home,Movie,Comedies,2015,PG
Home,Movie,Sci-Fi & Fantasy,2015,PG
Mad for Each Other,TV Show,International TV Shows,2021,TV-MA
Mad for Each Other,TV Show,Romantic TV Shows,2021,TV-MA
Mad for Each Other,TV Show,TV Comedies,2021,TV-MA
Master of None,TV Show,TV Comedies,2021,TV-MA
Master of None,TV Show,TV Dramas,2021,TV-MA
Sam Smith: Love Goes - Live at Abbey Road Studios,Movie,International Movies,2020,TV-G
Sam Smith: Love Goes - Live at Abbey Road Studios,Movie,Music & Musicals,2020,TV-G
99 Songs,Movie,Dramas,2021,TV-14
99 Songs,Movie,International Movies,2021,TV-14
99 Songs,Movie,Music & Musicals,2021,TV-14
99 Songs (Tamil),Movie,Dramas,2021,TV-14
99 Songs (Tamil),Movie,International Movies,2021,TV-14
99 Songs (Tamil),Movie,Music & Musicals,2021,TV-14
99 Songs (Telugu),Movie,Dramas,2021,TV-14
99 Songs (Telugu),Movie,International Movies,2021,TV-14
99 Songs (Telugu),Movie,Music & Musicals,2021,TV-14
Army of the Dead,Movie,Action & Adventure,2021,R
Army of the Dead,Movie,Horror Movies,2021,R
Creating an Army of the Dead,Movie,Documentaries,2021,TV-MA
Jurassic World Camp Cretaceous,TV Show,Kids' TV,2021,TV-Y7
Jurassic World Camp Cretaceous,TV Show,TV Action & Adventure,2021,TV-Y7
Jurassic World Camp Cretaceous,TV Show,TV Sci-Fi & Fantasy,2021,TV-Y7
Strain,Movie,Dramas,2020,TV-MA
Strain,Movie,International Movies,2020,TV-MA
The Neighbor,TV Show,International TV Shows,2021,TV-MA
The Neighbor,TV Show,Spanish-Language TV Shows,2021,TV-MA
The Neighbor,TV Show,TV Comedies,2021,TV-MA
678,Movie,Dramas,2009,TV-14
678,Movie,Independent Movies,2009,TV-14
678,Movie,International Movies,2009,TV-14
Asmaa,Movie,Dramas,2011,TV-14
Asmaa,Movie,International Movies,2011,TV-14
Hating Peter Tatchell,Movie,Documentaries,2020,TV-MA
Hating Peter Tatchell,Movie,International Movies,2020,TV-MA
Hating Peter Tatchell,Movie,LGBTQ Movies,2020,TV-MA
Little Singham Future mein Satakli,Movie,Children & Family Movies,2021,TV-Y7
Little Singham Future mein Satakli,Movie,Comedies,2021,TV-Y7
Special,TV Show,TV Comedies,2021,TV-MA
Spy Kids: All the Time in the World,Movie,Children & Family Movies,2011,PG
Spy Kids: All the Time in the World,Movie,Comedies,2011,PG
Taxi No. 9211,Movie,Dramas,2006,TV-14
Taxi No. 9211,Movie,International Movies,2006,TV-14
Taxi No. 9211,Movie,Thrillers,2006,TV-14
Sabotage,Movie,Action & Adventure,2014,R
Sabotage,Movie,Dramas,2014,R
Small Town Crime,Movie,Thrillers,2017,R
The Last Days,Movie,Documentaries,1998,PG-13
The Magic School Bus,TV Show,Kids' TV,1997,TV-Y
Who Killed Sara?,TV Show,Crime TV Shows,2021,TV-MA
Who Killed Sara?,TV Show,International TV Shows,2021,TV-MA
Who Killed Sara?,TV Show,Spanish-Language TV Shows,2021,TV-MA
Amy Tan: Unintended Memoir,Movie,Documentaries,2021,TV-14
Sardar Ka Grandson,Movie,Comedies,2021,TV-14
Sardar Ka Grandson,Movie,Dramas,2021,TV-14
Sardar Ka Grandson,Movie,International Movies,2021,TV-14
Sleight,Movie,Dramas,2016,R
Sleight,Movie,Independent Movies,2016,R
Sleight,Movie,Sci-Fi & Fantasy,2016,R
Ahaan,Movie,Dramas,2021,TV-MA
Ahaan,Movie,Independent Movies,2021,TV-MA
Ahaan,Movie,International Movies,2021,TV-MA
Booba: Food Puzzle,TV Show,Kids' TV,2021,TV-Y
Love or Money,Movie,Dramas,2020,TV-MA
Love or Money,Movie,International Movies,2020,TV-MA
Love or Money,Movie,Romantic Movies,2020,TV-MA
Alma Matters,TV Show,Docuseries,2021,TV-MA
Alma Matters,TV Show,International TV Shows,2021,TV-MA
Cinema Bandi,Movie,Comedies,2021,TV-MA
Cinema Bandi,Movie,Independent Movies,2021,TV-MA
Cinema Bandi,Movie,International Movies,2021,TV-MA
Ferry,Movie,Dramas,2021,TV-MA
Ferry,Movie,International Movies,2021,TV-MA
Ferry,Movie,Thrillers,2021,TV-MA
Halston,TV Show,TV Dramas,2021,TV-MA
Haunted,TV Show,Reality TV,2021,TV-MA
Haunted,TV Show,TV Horror,2021,TV-MA
Haunted,TV Show,TV Thrillers,2021,TV-MA
I Am All Girls,Movie,Dramas,2021,TV-MA
I Am All Girls,Movie,International Movies,2021,TV-MA
I Am All Girls,Movie,Thrillers,2021,TV-MA
Jungle Beat: The Movie,Movie,Children & Family Movies,2021,TV-Y7
Jungle Beat: The Movie,Movie,Comedies,2021,TV-Y7
"Love, Death & Robots",TV Show,TV Action & Adventure,2021,TV-MA
"Love, Death & Robots",TV Show,TV Horror,2021,TV-MA
"Love, Death & Robots",TV Show,TV Sci-Fi & Fantasy,2021,TV-MA
Move to Heaven,TV Show,International TV Shows,2021,TV-MA
Move to Heaven,TV Show,TV Dramas,2021,TV-MA
Table Manners,Movie,Comedies,2018,TV-MA
Table Manners,Movie,Dramas,2018,TV-MA
Table Manners,Movie,International Movies,2018,TV-MA
The Mystic River,TV Show,International TV Shows,2020,TV-14
The Mystic River,TV Show,TV Horror,2020,TV-14
The Mystic River,TV Show,TV Sci-Fi & Fantasy,2020,TV-14
The Strange House,Movie,Horror Movies,2020,TV-MA
The Strange House,Movie,International Movies,2020,TV-MA
The Strange House,Movie,Thrillers,2020,TV-MA
The Upshaws - The Afterparty,Movie,Comedies,2021,TV-14
The Woman in the Window,Movie,Dramas,2021,R
The Woman in the Window,Movie,Thrillers,2021,R
Castlevania,TV Show,Anime Series,2021,TV-MA
Castlevania,TV Show,TV Horror,2021,TV-MA
Castlevania,TV Show,TV Thrillers,2021,TV-MA
Layer Cake,Movie,Independent Movies,2004,R
Layer Cake,Movie,International Movies,2004,R
Layer Cake,Movie,Thrillers,2004,R
Tottaa Pataaka Item Maal,Movie,Dramas,2018,TV-MA
Tottaa Pataaka Item Maal,Movie,Independent Movies,2018,TV-MA
Tottaa Pataaka Item Maal,Movie,International Movies,2018,TV-MA
Wave of Cinema: Filosofi Kopi,Movie,Documentaries,2020,TV-14
Wave of Cinema: Filosofi Kopi,Movie,International Movies,2020,TV-14
Wave of Cinema: Filosofi Kopi,Movie,Music & Musicals,2020,TV-14
Dance of the Forty One,Movie,Dramas,2021,TV-MA
Dance of the Forty One,Movie,Independent Movies,2021,TV-MA
Dance of the Forty One,Movie,International Movies,2021,TV-MA
Oxygen,Movie,Dramas,2021,TV-14
Oxygen,Movie,International Movies,2021,TV-14
Oxygen,Movie,Thrillers,2021,TV-14
The Upshaws,TV Show,TV Comedies,2021,TV-14
Use For My Talent,TV Show,International TV Shows,2021,TV-14
Use For My Talent,TV Show,Romantic TV Shows,2021,TV-14
Use For My Talent,TV Show,TV Comedies,2021,TV-14
Dear Affy,Movie,Comedies,2020,TV-14
Dear Affy,Movie,Dramas,2020,TV-14
Dear Affy,Movie,International Movies,2020,TV-14
Illegal Woman,Movie,Dramas,2020,TV-MA
Illegal Woman,Movie,International Movies,2020,TV-MA
"Money, Explained",TV Show,Docuseries,2021,TV-14
Deadly Switch,Movie,Independent Movies,2019,TV-PG
Deadly Switch,Movie,Thrillers,2019,TV-PG
Mine,TV Show,International TV Shows,2021,TV-14
Mine,TV Show,TV Dramas,2021,TV-14
Nayattu,Movie,Dramas,2021,TV-MA
Nayattu,Movie,International Movies,2021,TV-MA
Nayattu,Movie,Thrillers,2021,TV-MA
Sleepless,Movie,Action & Adventure,2017,R
Super Me,Movie,Action & Adventure,2021,TV-14
Super Me,Movie,Dramas,2021,TV-14
Super Me,Movie,International Movies,2021,TV-14
Have You Ever Seen Fireflies? - Theatre Play,Movie,Dramas,1999,TV-MA
Have You Ever Seen Fireflies? - Theatre Play,Movie,International Movies,1999,TV-MA
In Our Mothers' Gardens,Movie,Documentaries,2020,TV-MA
Jupiter's Legacy,TV Show,TV Action & Adventure,2021,TV-MA
Jupiter's Legacy,TV Show,TV Sci-Fi & Fantasy,2021,TV-MA
Milestone,Movie,Dramas,2021,TV-14
Milestone,Movie,Independent Movies,2021,TV-14
Milestone,Movie,International Movies,2021,TV-14
Monster,Movie,Dramas,2021,TV-MA
Sab Jholmaal Hai,TV Show,Kids' TV,2017,TV-Y7
Sab Jholmaal Hai,TV Show,TV Comedies,2017,TV-Y7
The Circle - The Afterparty,Movie,Comedies,2021,TV-14
Time to Dance,Movie,Dramas,2020,TV-PG
Time to Dance,Movie,International Movies,2020,TV-PG
Time to Dance,Movie,Romantic Movies,2020,TV-PG
Unrest,Movie,Documentaries,2017,TV-MA
And Tomorrow the Entire World,Movie,Dramas,2020,TV-MA
And Tomorrow the Entire World,Movie,International Movies,2020,TV-MA
And Tomorrow the Entire World,Movie,Thrillers,2020,TV-MA
Dead Man Down,Movie,Action & Adventure,2013,R
Framing John DeLorean,Movie,Documentaries,2019,TV-MA
Framing John DeLorean,Movie,Dramas,2019,TV-MA
Lava Ka Dhaava,TV Show,Reality TV,2021,TV-PG
The Sons of Sam: A Descent into Darkness,TV Show,Crime TV Shows,2021,TV-MA
The Sons of Sam: A Descent into Darkness,TV Show,Docuseries,2021,TV-MA
Selena: The Series,TV Show,TV Dramas,2020,TV-PG
StartUp,TV Show,Crime TV Shows,2018,TV-MA
StartUp,TV Show,TV Dramas,2018,TV-MA
The Clovehitch Killer,Movie,Dramas,2018,TV-MA
The Clovehitch Killer,Movie,Independent Movies,2018,TV-MA
The Clovehitch Killer,Movie,Thrillers,2018,TV-MA
Trash Truck,TV Show,Kids' TV,2021,TV-Y
Aliens Stole My Body,Movie,Children & Family Movies,2020,PG
Aliens Stole My Body,Movie,Comedies,2020,PG
Angelina Ballerina,TV Show,British TV Shows,2010,TV-Y
Angelina Ballerina,TV Show,Kids' TV,2010,TV-Y
Au coeur des gangs,Movie,Action & Adventure,2006,R
Au coeur des gangs,Movie,Dramas,2006,R
Barney and Friends,TV Show,Kids' TV,2010,TV-Y
Best of the Best,Movie,Action & Adventure,1989,PG-13
Best of the Best,Movie,Sports Movies,1989,PG-13
Dead Again in Tombstone,Movie,Action & Adventure,2017,R
Dead Again in Tombstone,Movie,Horror Movies,2017,R
Due Date,Movie,Action & Adventure,2010,R
Due Date,Movie,Comedies,2010,R
Fun with Dick & Jane,Movie,Comedies,2005,PG-13
Green Zone,Movie,Action & Adventure,2010,R
Hachi: A Dog's Tale,Movie,Children & Family Movies,2009,G
Hachi: A Dog's Tale,Movie,Dramas,2009,G
JT LeRoy,Movie,Dramas,2018,R
JT LeRoy,Movie,Independent Movies,2018,R
Madagascar 3: Europe's Most Wanted,Movie,Children & Family Movies,2012,PG
Madagascar 3: Europe's Most Wanted,Movie,Comedies,2012,PG
Miniforce: Super Dino Power,TV Show,Kids' TV,2020,TV-Y7
Motu Patlu in Dragon's World,Movie,Children & Family Movies,2017,TV-Y7
Motu Patlu in Dragon's World,Movie,Comedies,2017,TV-Y7
Motu Patlu in the Game of Zones,Movie,Children & Family Movies,2019,TV-Y7
Motu Patlu in the Game of Zones,Movie,Comedies,2019,TV-Y7
Motu Patlu in the Game of Zones,Movie,Music & Musicals,2019,TV-Y7
Motu Patlu in Wonderland,Movie,Children & Family Movies,2013,TV-Y7
Motu Patlu in Wonderland,Movie,Music & Musicals,2013,TV-Y7
Motu Patlu: Deep Sea Adventure,Movie,Children & Family Movies,2014,TV-Y7
Motu Patlu: Deep Sea Adventure,Movie,Comedies,2014,TV-Y7
Motu Patlu: Mission Moon,Movie,Children & Family Movies,2013,TV-Y7
Motu Patlu: Mission Moon,Movie,Comedies,2013,TV-Y7
Mystic River,Movie,Dramas,2003,R
Mystic River,Movie,Thrillers,2003,R
Never Back Down,Movie,Action & Adventure,2008,PG-13
Never Back Down,Movie,Dramas,2008,PG-13
Never Back Down,Movie,Sports Movies,2008,PG-13
S.M.A.R.T Chase,Movie,Action & Adventure,2018,TV-MA
Sitting in Limbo,Movie,Dramas,2020,TV-MA
Sitting in Limbo,Movie,International Movies,2020,TV-MA
Stargate,Movie,Action & Adventure,1994,PG-13
Stargate,Movie,Sci-Fi & Fantasy,1994,PG-13
State of Play,Movie,Dramas,2009,PG-13
State of Play,Movie,Thrillers,2009,PG-13
Swiped,Movie,Comedies,2018,TV-14
The Darkest Hour,Movie,Action & Adventure,2011,PG-13
The Darkest Hour,Movie,Sci-Fi & Fantasy,2011,PG-13
The Lovely Bones,Movie,Dramas,2009,PG-13
The Lovely Bones,Movie,International Movies,2009,PG-13
The Lovely Bones,Movie,Sci-Fi & Fantasy,2009,PG-13
The Sweetest Thing,Movie,Comedies,2002,R
The Sweetest Thing,Movie,Romantic Movies,2002,R
The Whole Nine Yards,Movie,Action & Adventure,2000,R
The Whole Nine Yards,Movie,Comedies,2000,R
The Whole Truth,Movie,Dramas,2016,R
The Whole Truth,Movie,Thrillers,2016,R
The Yeti Adventures,Movie,Children & Family Movies,2018,TV-PG
The Yeti Adventures,Movie,Comedies,2018,TV-PG
Under Siege,Movie,Action & Adventure,1992,R
Zack and Miri Make a Porno,Movie,Comedies,2008,R
Zack and Miri Make a Porno,Movie,Independent Movies,2008,R
Zack and Miri Make a Porno,Movie,Romantic Movies,2008,R
Pet Stars,TV Show,Reality TV,2021,TV-PG
Seven,Movie,Dramas,2019,TV-14
Seven,Movie,International Movies,2019,TV-14
The Disciple,Movie,Dramas,2021,TV-MA
The Disciple,Movie,Independent Movies,2021,TV-MA
The Disciple,Movie,International Movies,2021,TV-MA
The Innocent,TV Show,Crime TV Shows,2021,TV-MA
The Innocent,TV Show,International TV Shows,2021,TV-MA
The Innocent,TV Show,Spanish-Language TV Shows,2021,TV-MA
The Mitchells vs. The Machines,Movie,Children & Family Movies,2021,PG
The Mitchells vs. The Machines,Movie,Comedies,2021,PG
The Strangers: Prey at Night,Movie,Horror Movies,2018,R
The Unremarkable Juanquini,TV Show,International TV Shows,2021,TV-MA
The Unremarkable Juanquini,TV Show,Spanish-Language TV Shows,2021,TV-MA
The Unremarkable Juanquini,TV Show,TV Comedies,2021,TV-MA
Things Heard & Seen,Movie,Horror Movies,2021,TV-MA
Things Heard & Seen,Movie,Thrillers,2021,TV-MA
Yasuke,TV Show,Anime Series,2021,TV-MA
Yasuke,TV Show,International TV Shows,2021,TV-MA
Get the Grift,Movie,Comedies,2021,TV-MA
Get the Grift,Movie,International Movies,2021,TV-MA
Headspace Guide to Sleep,TV Show,Docuseries,2021,TV-G
Headspace Guide to Sleep,TV Show,Science & Nature TV,2021,TV-G
Sexify,TV Show,International TV Shows,2021,TV-MA
Sexify,TV Show,TV Comedies,2021,TV-MA
Sexify,TV Show,TV Dramas,2021,TV-MA
August: Osage County,Movie,Dramas,2014,R
Battle: Los Angeles,Movie,Action & Adventure,2011,PG-13
Battle: Los Angeles,Movie,Sci-Fi & Fantasy,2011,PG-13
Between Worlds,Movie,Thrillers,2018,R
Fatma,TV Show,International TV Shows,2021,TV-MA
Fatma,TV Show,TV Dramas,2021,TV-MA
Fatma,TV Show,TV Thrillers,2021,TV-MA
One,Movie,Dramas,2020,TV-PG
One,Movie,International Movies,2020,TV-PG
Ram Prasad Ki Tehrvi,Movie,Dramas,2019,TV-14
Ram Prasad Ki Tehrvi,Movie,Independent Movies,2019,TV-14
Ram Prasad Ki Tehrvi,Movie,International Movies,2019,TV-14
Shadow and Bone - The Afterparty,Movie,Action & Adventure,2021,TV-14
Shadow and Bone - The Afterparty,Movie,Comedies,2021,TV-14
Shadow and Bone - The Afterparty,Movie,Dramas,2021,TV-14
Among Family,Movie,Comedies,2017,TV-14
Among Family,Movie,International Movies,2017,TV-14
Dedemin Fisi,Movie,Comedies,2016,TV-14
Dedemin Fisi,Movie,International Movies,2016,TV-14
Deliha,Movie,Comedies,2014,TV-MA
Deliha,Movie,International Movies,2014,TV-MA
Deliha,Movie,Romantic Movies,2014,TV-MA
Düğün Dernek,Movie,Comedies,2013,TV-MA
Düğün Dernek,Movie,International Movies,2013,TV-MA
Dügün Dernek 2: Sünnet,Movie,Comedies,2015,TV-MA
Dügün Dernek 2: Sünnet,Movie,International Movies,2015,TV-MA
G.O.R.A,Movie,Action & Adventure,2004,TV-MA
G.O.R.A,Movie,Comedies,2004,TV-MA
G.O.R.A,Movie,International Movies,2004,TV-MA
Hayat Öpücügü,Movie,Comedies,2015,TV-14
Hayat Öpücügü,Movie,Dramas,2015,TV-14
Hayat Öpücügü,Movie,International Movies,2015,TV-14
Heroes: Silence and Rock & Roll,Movie,Documentaries,2021,TV-MA
Heroes: Silence and Rock & Roll,Movie,International Movies,2021,TV-MA
Heroes: Silence and Rock & Roll,Movie,Music & Musicals,2021,TV-MA
Kara Bela,Movie,Comedies,2015,TV-MA
Kara Bela,Movie,International Movies,2015,TV-MA
Kocan Kadar Konus,Movie,Comedies,2015,TV-MA
Kocan Kadar Konus,Movie,International Movies,2015,TV-MA
Kocan Kadar Konus,Movie,Romantic Movies,2015,TV-MA
Kocan Kadar Konus 2: Dirilis,Movie,Comedies,2016,TV-14
Kocan Kadar Konus 2: Dirilis,Movie,International Movies,2016,TV-14
Kocan Kadar Konus 2: Dirilis,Movie,Romantic Movies,2016,TV-14
Legal Hash,Movie,Comedies,2019,TV-MA
Legal Hash,Movie,International Movies,2019,TV-MA
Let's Fight Ghost,TV Show,International TV Shows,2021,TV-14
Let's Fight Ghost,TV Show,Romantic TV Shows,2021,TV-14
Let's Fight Ghost,TV Show,TV Comedies,2021,TV-14
My Travel Buddy,Movie,Comedies,2017,TV-MA
My Travel Buddy,Movie,International Movies,2017,TV-MA
Niyazi Gül Dörtnala,Movie,Comedies,2015,TV-MA
Niyazi Gül Dörtnala,Movie,International Movies,2015,TV-MA
One Like It,Movie,Dramas,2020,TV-G
One Like It,Movie,Independent Movies,2020,TV-G
One Like It,Movie,International Movies,2020,TV-G
Perfume Imaginary Museum “Time Warp”,Movie,International Movies,2020,TV-G
Perfume Imaginary Museum “Time Warp”,Movie,Music & Musicals,2020,TV-G
Shadow and Bone,TV Show,TV Action & Adventure,2021,TV-14
Shadow and Bone,TV Show,TV Dramas,2021,TV-14
Shadow and Bone,TV Show,TV Sci-Fi & Fantasy,2021,TV-14
This Lady Called Life,Movie,Dramas,2020,TV-14
This Lady Called Life,Movie,International Movies,2020,TV-14
This Lady Called Life,Movie,Romantic Movies,2020,TV-14
Vizontele,Movie,Comedies,2001,TV-MA
Vizontele,Movie,Dramas,2001,TV-MA
Vizontele,Movie,International Movies,2001,TV-MA
HOMUNCULUS,Movie,Horror Movies,2021,TV-MA
HOMUNCULUS,Movie,International Movies,2021,TV-MA
HOMUNCULUS,Movie,Thrillers,2021,TV-MA
Life in Color with David Attenborough,TV Show,British TV Shows,2021,TV-PG
Life in Color with David Attenborough,TV Show,Docuseries,2021,TV-PG
Life in Color with David Attenborough,TV Show,International TV Shows,2021,TV-PG
Searching For Sheela,Movie,Documentaries,2021,TV-14
Searching For Sheela,Movie,International Movies,2021,TV-14
Stowaway,Movie,Dramas,2021,TV-MA
Stowaway,Movie,International Movies,2021,TV-MA
Stowaway,Movie,Thrillers,2021,TV-MA
Wild Dog,Movie,Action & Adventure,2020,TV-MA
Wild Dog,Movie,International Movies,2020,TV-MA
Oloibiri,Movie,Dramas,2015,TV-14
Oloibiri,Movie,International Movies,2015,TV-14
Oloibiri,Movie,Thrillers,2015,TV-14
Tell Me When,Movie,Comedies,2021,TV-MA
Tell Me When,Movie,International Movies,2021,TV-MA
Zero,TV Show,International TV Shows,2021,TV-MA
Zero,TV Show,TV Comedies,2021,TV-MA
Zero,TV Show,TV Dramas,2021,TV-MA
Izzy's Koala World,TV Show,Kids' TV,2021,TV-Y
Keymon and Nani in Space Adventure,Movie,Children & Family Movies,2013,TV-Y
Keymon and Nani in Space Adventure,Movie,Comedies,2013,TV-Y
Motu Patlu Dino Invasion,Movie,Children & Family Movies,2018,TV-Y7
Motu Patlu Dino Invasion,Movie,Comedies,2018,TV-Y7
Motu Patlu in Octupus World,Movie,Children & Family Movies,2017,TV-Y
Motu Patlu in Octupus World,Movie,Comedies,2017,TV-Y
Motu Patlu VS Robo Kids,Movie,Children & Family Movies,2019,TV-Y
Rudra: Secret of the Black Moon,Movie,Children & Family Movies,2020,TV-Y7
Rudra: The Rise of King Pharaoh,Movie,Children & Family Movies,2019,TV-Y7
Free to Play,Movie,Documentaries,2014,TV-14
Luis Miguel - The Series,TV Show,International TV Shows,2021,TV-MA
Luis Miguel - The Series,TV Show,Spanish-Language TV Shows,2021,TV-MA
Luis Miguel - The Series,TV Show,TV Dramas,2021,TV-MA
Miss Sloane,Movie,Thrillers,2016,R
PJ Masks,TV Show,Kids' TV,2019,TV-Y
American Me,Movie,Dramas,1992,R
Delhi Belly,Movie,Action & Adventure,2011,TV-MA
Delhi Belly,Movie,Comedies,2011,TV-MA
Delhi Belly,Movie,International Movies,2011,TV-MA
Dhobi Ghat (Mumbai Diaries),Movie,Dramas,2010,TV-MA
Dhobi Ghat (Mumbai Diaries),Movie,International Movies,2010,TV-MA
Jaane Tu... Ya Jaane Na,Movie,Comedies,2008,TV-14
Jaane Tu... Ya Jaane Na,Movie,International Movies,2008,TV-14
Jaane Tu... Ya Jaane Na,Movie,Music & Musicals,2008,TV-14
Lagaan,Movie,Dramas,2001,PG
Lagaan,Movie,International Movies,2001,PG
Lagaan,Movie,Music & Musicals,2001,PG
Madness in the Desert,Movie,Documentaries,2004,TV-14
Madness in the Desert,Movie,International Movies,2004,TV-14
Peepli Live,Movie,Comedies,2010,TV-MA
Peepli Live,Movie,Dramas,2010,TV-MA
Peepli Live,Movie,Independent Movies,2010,TV-MA
Taare Zameen Par,Movie,Dramas,2007,PG
Taare Zameen Par,Movie,International Movies,2007,PG
Ajeeb Daastaans,Movie,Dramas,2021,TV-MA
Ajeeb Daastaans,Movie,Independent Movies,2021,TV-MA
Ajeeb Daastaans,Movie,International Movies,2021,TV-MA
Arlo the Alligator Boy,Movie,Children & Family Movies,2021,TV-Y7
Arlo the Alligator Boy,Movie,Comedies,2021,TV-Y7
Arlo the Alligator Boy,Movie,Music & Musicals,2021,TV-Y7
Bakugan: Geogan Rising,TV Show,Anime Series,2021,TV-Y7
Bakugan: Geogan Rising,TV Show,Kids' TV,2021,TV-Y7
Barbie & Chelsea: The Lost Birthday,Movie,Children & Family Movies,2021,TV-Y
Crimson Peak,Movie,Horror Movies,2015,R
Crimson Peak,Movie,Romantic Movies,2015,R
Crimson Peak,Movie,Sci-Fi & Fantasy,2015,R
Dad Stop Embarrassing Me - The Afterparty,Movie,Comedies,2021,TV-14
Doctor Bello,Movie,Dramas,2013,TV-MA
Doctor Bello,Movie,International Movies,2013,TV-MA
Four Sisters Before the Wedding,Movie,Children & Family Movies,2020,TV-MA
Four Sisters Before the Wedding,Movie,Comedies,2020,TV-MA
Four Sisters Before the Wedding,Movie,Dramas,2020,TV-MA
Into the Beat,Movie,Dramas,2020,TV-14
Into the Beat,Movie,International Movies,2020,TV-14
Into the Beat,Movie,Romantic Movies,2020,TV-14
Love Naggers,TV Show,International TV Shows,2021,TV-14
Love Naggers,TV Show,Stand-Up Comedy & Talk Shows,2021,TV-14
Rush,Movie,Action & Adventure,2013,R
Rush,Movie,Dramas,2013,R
Rush,Movie,International Movies,2013,R
Synchronic,Movie,Thrillers,2020,R
The Zookeeper's Wife,Movie,Dramas,2017,PG-13
Time Trap,Movie,Action & Adventure,2017,TV-14
Time Trap,Movie,Sci-Fi & Fantasy,2017,TV-14
Tuesdays & Fridays,Movie,Comedies,2021,TV-14
Tuesdays & Fridays,Movie,Dramas,2021,TV-14
Tuesdays & Fridays,Movie,International Movies,2021,TV-14
Dancing Angels,TV Show,International TV Shows,2016,TV-PG
Dancing Angels,TV Show,Romantic TV Shows,2016,TV-PG
Dancing Angels,TV Show,TV Comedies,2016,TV-PG
Dark City Beneath the Beat,Movie,Documentaries,2020,TV-MA
Dark City Beneath the Beat,Movie,Music & Musicals,2020,TV-MA
Durarara!!,TV Show,Anime Series,2016,TV-MA
Durarara!!,TV Show,Crime TV Shows,2016,TV-MA
Durarara!!,TV Show,International TV Shows,2016,TV-MA
GANTZ:O,Movie,Action & Adventure,2016,TV-MA
GANTZ:O,Movie,Anime Features,2016,TV-MA
GANTZ:O,Movie,Horror Movies,2016,TV-MA
Garth Brooks: The Road I’m On,TV Show,Docuseries,2019,TV-PG
Gilmore Girls,TV Show,Romantic TV Shows,2006,TV-14
Gilmore Girls,TV Show,TV Comedies,2006,TV-14
Gilmore Girls,TV Show,TV Dramas,2006,TV-14
High-Rise Invasion,TV Show,Anime Series,2021,TV-MA
High-Rise Invasion,TV Show,International TV Shows,2021,TV-MA
High-Rise Invasion,TV Show,TV Thrillers,2021,TV-MA
Next in Fashion,TV Show,Reality TV,2020,TV-14
Only Mine,Movie,Thrillers,2019,TV-14
Peasants Rebellion,TV Show,International TV Shows,2018,TV-14
Peasants Rebellion,TV Show,TV Dramas,2018,TV-14
Power Players,TV Show,Kids' TV,2020,TV-Y
Ricky Zoom,TV Show,British TV Shows,2019,TV-Y
Ricky Zoom,TV Show,Kids' TV,2019,TV-Y
Ride or Die,Movie,Dramas,2021,TV-MA
Ride or Die,Movie,International Movies,2021,TV-MA
Ride or Die,Movie,LGBTQ Movies,2021,TV-MA
Sonic X,TV Show,Anime Series,2003,TV-Y7
Sonic X,TV Show,Kids' TV,2003,TV-Y7
The Master,Movie,Dramas,2012,R
The Master,Movie,Independent Movies,2012,R
Time Is Illmatic,Movie,Documentaries,2014,TV-MA
Time Is Illmatic,Movie,Music & Musicals,2014,TV-MA
Wave of Cinema: One Day We'll Talk About Today,Movie,Documentaries,2020,TV-14
Wave of Cinema: One Day We'll Talk About Today,Movie,International Movies,2020,TV-14
Wave of Cinema: One Day We'll Talk About Today,Movie,Music & Musicals,2020,TV-14
Zoot Suit,Movie,Cult Movies,1981,R
Zoot Suit,Movie,Dramas,1981,R
Zoot Suit,Movie,Music & Musicals,1981,R
Ajaibnya Cinta,TV Show,International TV Shows,2015,TV-PG
Ajaibnya Cinta,TV Show,TV Dramas,2015,TV-PG
Dad Stop Embarrassing Me!,TV Show,TV Comedies,2021,TV-14
Fate: The Winx Saga,TV Show,British TV Shows,2021,TV-MA
Fate: The Winx Saga,TV Show,International TV Shows,2021,TV-MA
Fate: The Winx Saga,TV Show,TV Dramas,2021,TV-MA
House of Cards,TV Show,TV Dramas,2018,TV-MA
House of Cards,TV Show,TV Thrillers,2018,TV-MA
Indian Matchmaking,TV Show,Reality TV,2020,TV-14
Indian Matchmaking,TV Show,Romantic TV Shows,2020,TV-14
Jeffrey Epstein: Filthy Rich,TV Show,Crime TV Shows,2020,TV-MA
Jeffrey Epstein: Filthy Rich,TV Show,Docuseries,2020,TV-MA
Law School,TV Show,Crime TV Shows,2021,TV-14
Law School,TV Show,International TV Shows,2021,TV-14
Law School,TV Show,TV Dramas,2021,TV-14
Living with Yourself,TV Show,TV Comedies,2019,TV-MA
Living with Yourself,TV Show,TV Dramas,2019,TV-MA
Signal,TV Show,Crime TV Shows,2016,TV-MA
Signal,TV Show,International TV Shows,2016,TV-MA
Signal,TV Show,Korean TV Shows,2016,TV-MA
Slasher,TV Show,TV Horror,2019,TV-MA
Slasher,TV Show,TV Mysteries,2019,TV-MA
Slasher,TV Show,TV Thrillers,2019,TV-MA
The Soul,Movie,Dramas,2021,TV-MA
The Soul,Movie,International Movies,2021,TV-MA
The Soul,Movie,Thrillers,2021,TV-MA
The Underclass,TV Show,International TV Shows,2020,TV-MA
The Underclass,TV Show,TV Dramas,2020,TV-MA
The Underclass,TV Show,Teen TV Shows,2020,TV-MA
Unnatural Selection,TV Show,Docuseries,2019,TV-MA
Unnatural Selection,TV Show,Science & Nature TV,2019,TV-MA
Uppena,Movie,Dramas,2020,TV-14
Uppena,Movie,International Movies,2020,TV-14
Uppena,Movie,Romantic Movies,2020,TV-14
Why Did You Kill Me?,Movie,Documentaries,2021,TV-MA
Motu Patlu in Hong Kong: Kung Fu Kings 3,Movie,Children & Family Movies,2017,TV-Y7
Motu Patlu in Hong Kong: Kung Fu Kings 3,Movie,Music & Musicals,2017,TV-Y7
Motu Patlu in the City of Gold,Movie,Children & Family Movies,2018,TV-Y7
Motu Patlu in the City of Gold,Movie,Comedies,2018,TV-Y7
Motu Patlu in the City of Gold,Movie,Music & Musicals,2018,TV-Y7
Motu Patlu Kung Fu Kings 4 The Challenge of Kung Fu Brothers,Movie,Children & Family Movies,2018,TV-Y7
Motu Patlu Kung Fu Kings 4 The Challenge of Kung Fu Brothers,Movie,Music & Musicals,2018,TV-Y7
Motu Patlu the Superheroes – Super Villains from Mars,Movie,Children & Family Movies,2019,TV-Y7
My Love: Six Stories of True Love,TV Show,Docuseries,2021,TV-PG
Shiva VS Autobots,Movie,Children & Family Movies,2018,TV-Y7
Shiva: Journey to Plunotaria,Movie,Children & Family Movies,2019,TV-Y7
Shiva: The Secret World Of Vedas City,Movie,Children & Family Movies,2017,TV-Y
The Baker and the Beauty,TV Show,Romantic TV Shows,2020,TV-PG
The Baker and the Beauty,TV Show,TV Comedies,2020,TV-PG
The Baker and the Beauty,TV Show,TV Dramas,2020,TV-PG
New Gods: Nezha Reborn,Movie,Action & Adventure,2021,TV-14
New Gods: Nezha Reborn,Movie,Anime Features,2021,TV-14
New Gods: Nezha Reborn,Movie,International Movies,2021,TV-14
"Nicky, Ricky, Dicky & Dawn",TV Show,Kids' TV,2018,TV-G
"Nicky, Ricky, Dicky & Dawn",TV Show,TV Comedies,2018,TV-G
Don't be the First one,TV Show,International TV Shows,2021,TV-14
Don't be the First one,TV Show,Reality TV,2021,TV-14
The Stand-In,Movie,Comedies,2020,R
Heaven Official's Blessing,TV Show,Anime Series,2020,TV-14
Heaven Official's Blessing,TV Show,International TV Shows,2020,TV-14
Heaven Official's Blessing,TV Show,Romantic TV Shows,2020,TV-14
Night in Paradise,Movie,Dramas,2021,TV-MA
Night in Paradise,Movie,International Movies,2021,TV-MA
Ojukokoro: Greed,Movie,Dramas,2016,TV-MA
Ojukokoro: Greed,Movie,International Movies,2016,TV-MA
Ojukokoro: Greed,Movie,Thrillers,2016,TV-MA
Roohi,Movie,Comedies,2021,TV-14
Roohi,Movie,Horror Movies,2021,TV-14
Roohi,Movie,International Movies,2021,TV-14
Thunder Force,Movie,Action & Adventure,2021,PG-13
Thunder Force,Movie,Comedies,2021,PG-13
Two Distant Strangers,Movie,Dramas,2021,TV-MA
Story of Kale: When Someone's in Love,Movie,Dramas,2020,TV-PG
Story of Kale: When Someone's in Love,Movie,International Movies,2020,TV-PG
Story of Kale: When Someone's in Love,Movie,Romantic Movies,2020,TV-PG
The Way of the Househusband,TV Show,Anime Series,2021,TV-MA
The Way of the Househusband,TV Show,International TV Shows,2021,TV-MA
Dolly Parton: A MusiCares Tribute,Movie,Documentaries,2021,TV-PG
Dolly Parton: A MusiCares Tribute,Movie,Music & Musicals,2021,TV-PG
The Big Day,TV Show,International TV Shows,2021,TV-14
The Big Day,TV Show,Reality TV,2021,TV-14
The Big Day,TV Show,Romantic TV Shows,2021,TV-14
The Wedding Coach,TV Show,Reality TV,2021,TV-MA
The Wedding Coach,TV Show,Romantic TV Shows,2021,TV-MA
This Is a Robbery: The World's Biggest Art Heist,TV Show,Crime TV Shows,2021,TV-MA
This Is a Robbery: The World's Biggest Art Heist,TV Show,Docuseries,2021,TV-MA
This Is a Robbery: The World's Biggest Art Heist,TV Show,TV Mysteries,2021,TV-MA
The Last Kids on Earth: Happy Apocalypse to You,Movie,Children & Family Movies,2021,TV-Y7
The Last Kids on Earth: Happy Apocalypse to You,Movie,Comedies,2021,TV-Y7
Coded Bias,Movie,Documentaries,2020,TV-MA
Mandela,Movie,Comedies,2021,TV-14
Mandela,Movie,Dramas,2021,TV-14
Mandela,Movie,International Movies,2021,TV-14
The Fisherman's Diary,Movie,Dramas,2020,TV-MA
The Fisherman's Diary,Movie,International Movies,2020,TV-MA
What Lies Below,Movie,Horror Movies,2020,TV-MA
What Lies Below,Movie,Thrillers,2020,TV-MA
Escape from Planet Earth,Movie,Children & Family Movies,2013,PG
Escape from Planet Earth,Movie,Comedies,2013,PG
Escape from Planet Earth,Movie,Sci-Fi & Fantasy,2013,PG
Accepted,Movie,Comedies,2006,PG-13
Air Strike,Movie,Action & Adventure,2018,R
Air Strike,Movie,Dramas,2018,R
Air Strike,Movie,International Movies,2018,R
An American Girl: McKenna Shoots for the Stars,Movie,Children & Family Movies,2012,TV-Y
An American Girl: McKenna Shoots for the Stars,Movie,Comedies,2012,TV-Y
An American Girl: McKenna Shoots for the Stars,Movie,Dramas,2012,TV-Y
Concrete Cowboy,Movie,Dramas,2021,R
Concrete Cowboy,Movie,Independent Movies,2021,R
Cross: Rise of the Villains,Movie,Action & Adventure,2019,R
God Calling,Movie,Dramas,2018,TV-MA
God Calling,Movie,Faith & Spirituality,2018,TV-MA
God Calling,Movie,International Movies,2018,TV-MA
Irul,Movie,International Movies,2021,TV-MA
Irul,Movie,Thrillers,2021,TV-MA
Just Say Yes,Movie,Comedies,2021,TV-MA
Just Say Yes,Movie,International Movies,2021,TV-MA
Just Say Yes,Movie,Romantic Movies,2021,TV-MA
Madame Claude,Movie,Dramas,2021,TV-MA
Madame Claude,Movie,International Movies,2021,TV-MA
Wild Child,Movie,Comedies,2008,PG-13
Wild Child,Movie,Romantic Movies,2008,PG-13
Woody Woodpecker,Movie,Children & Family Movies,2017,PG
Woody Woodpecker,Movie,Comedies,2017,PG
2012,Movie,Action & Adventure,2009,PG-13
2012,Movie,Sci-Fi & Fantasy,2009,PG-13
3 Idiots,Movie,Comedies,2009,PG-13
3 Idiots,Movie,Dramas,2009,PG-13
3 Idiots,Movie,International Movies,2009,PG-13
Ferrari Ki Sawaari,Movie,Comedies,2012,TV-PG
Ferrari Ki Sawaari,Movie,International Movies,2012,TV-PG
Ferrari Ki Sawaari,Movie,Sports Movies,2012,TV-PG
Glimpses of a Future,TV Show,Docuseries,2020,TV-PG
Glimpses of a Future,TV Show,International TV Shows,2020,TV-PG
Ibrahim a Fate to Define,Movie,Documentaries,2019,TV-PG
Ibrahim a Fate to Define,Movie,International Movies,2019,TV-PG
Insidious,Movie,Horror Movies,2010,PG-13
Insidious,Movie,Thrillers,2010,PG-13
Into the Grizzly Maze,Movie,Action & Adventure,2015,R
Into the Grizzly Maze,Movie,Horror Movies,2015,R
Kingsglaive: Final Fantasy XV,Movie,Action & Adventure,2016,PG-13
Kingsglaive: Final Fantasy XV,Movie,Sci-Fi & Fantasy,2016,PG-13
Legally Blonde,Movie,Comedies,2001,PG-13
Legally Blonde,Movie,Romantic Movies,2001,PG-13
Madam Chief Minister,Movie,Dramas,2020,TV-14
Madam Chief Minister,Movie,International Movies,2020,TV-14
Magical Andes,TV Show,Docuseries,2021,TV-G
Magical Andes,TV Show,International TV Shows,2021,TV-G
Magical Andes,TV Show,Science & Nature TV,2021,TV-G
Maximum Risk,Movie,Action & Adventure,1996,R
Murder Maps,TV Show,British TV Shows,2017,TV-MA
Murder Maps,TV Show,Crime TV Shows,2017,TV-MA
Murder Maps,TV Show,Docuseries,2017,TV-MA
My Fair Lady,Movie,Classic Movies,1964,G
My Fair Lady,Movie,Music & Musicals,1964,G
Prank Encounters,TV Show,Reality TV,2021,TV-MA
Prank Encounters,TV Show,TV Comedies,2021,TV-MA
Prank Encounters,TV Show,TV Horror,2021,TV-MA
S.W.A.T.: Under Siege,Movie,Action & Adventure,2017,R
S.W.A.T.: Under Siege,Movie,International Movies,2017,R
Secrets of Great British Castles,TV Show,British TV Shows,2016,TV-PG
Secrets of Great British Castles,TV Show,Docuseries,2016,TV-PG
Secrets of Great British Castles,TV Show,International TV Shows,2016,TV-PG
Seven Souls in the Skull Castle: Season Bird,Movie,Action & Adventure,2017,TV-14
Seven Souls in the Skull Castle: Season Bird,Movie,Dramas,2017,TV-14
Seven Souls in the Skull Castle: Season Bird,Movie,International Movies,2017,TV-14
Seven Souls in the Skull Castle: Season Flower,Movie,Action & Adventure,2017,TV-14
Seven Souls in the Skull Castle: Season Flower,Movie,Dramas,2017,TV-14
Seven Souls in the Skull Castle: Season Flower,Movie,International Movies,2017,TV-14
Seven Souls in the Skull Castle: Season Wind,Movie,Action & Adventure,2017,TV-14
Seven Souls in the Skull Castle: Season Wind,Movie,Dramas,2017,TV-14
Seven Souls in the Skull Castle: Season Wind,Movie,International Movies,2017,TV-14
Sniper: Ghost Shooter,Movie,Action & Adventure,2016,R
Starship Troopers: Traitor of Mars,Movie,Action & Adventure,2017,R
Starship Troopers: Traitor of Mars,Movie,Sci-Fi & Fantasy,2017,R
Takers,Movie,Action & Adventure,2010,PG-13
Tersanjung the Movie,Movie,Dramas,2021,TV-14
Tersanjung the Movie,Movie,International Movies,2021,TV-14
Tersanjung the Movie,Movie,Romantic Movies,2021,TV-14
The Knight and the Princess,Movie,Action & Adventure,2019,TV-PG
The Knight and the Princess,Movie,International Movies,2019,TV-PG
The Knight and the Princess,Movie,Music & Musicals,2019,TV-PG
The Pianist,Movie,Dramas,2002,R
The Pianist,Movie,Independent Movies,2002,R
The Pianist,Movie,International Movies,2002,R
The Stepfather,Movie,Horror Movies,2009,PG-13
The Stepfather,Movie,Thrillers,2009,PG-13
Universal Soldier: The Return,Movie,Action & Adventure,1999,R
Wazir,Movie,Dramas,2016,TV-14
Wazir,Movie,International Movies,2016,TV-14
Wazir,Movie,Thrillers,2016,TV-14
White Boy,Movie,Documentaries,2017,TV-MA
Worn Stories,TV Show,Docuseries,2021,TV-MA
Worn Stories,TV Show,Reality TV,2021,TV-MA
Yes Man,Movie,Comedies,2008,PG-13
Yes Man,Movie,Romantic Movies,2008,PG-13
At Eternity's Gate,Movie,Dramas,2018,PG-13
Haunted: Latin America,TV Show,International TV Shows,2021,TV-14
Haunted: Latin America,TV Show,Reality TV,2021,TV-14
Haunted: Latin America,TV Show,Spanish-Language TV Shows,2021,TV-14
Not a Game,Movie,Documentaries,2020,TV-MA
Not a Game,Movie,International Movies,2020,TV-MA
Not a Game,Movie,Sports Movies,2020,TV-MA
Robocar Poli,TV Show,Kids' TV,2015,TV-Y
Robocar Poli,TV Show,Korean TV Shows,2015,TV-Y
Yu-Gi-Oh!,TV Show,Anime Series,2005,TV-Y7
Yu-Gi-Oh!,TV Show,Kids' TV,2005,TV-Y7
7 Yards: The Chris Norton Story,Movie,Documentaries,2021,TV-PG
Octonauts & the Ring of Fire,Movie,Children & Family Movies,2021,TV-Y
Rainbow High,TV Show,Kids' TV,2020,TV-Y
Mandela: Long Walk to Freedom,Movie,Dramas,2013,PG-13
Mandela: Long Walk to Freedom,Movie,International Movies,2013,PG-13
Lawless,Movie,Dramas,2012,R
Marked,Movie,Documentaries,2021,TV-PG
Marked,Movie,International Movies,2021,TV-PG
A Week Away,Movie,Children & Family Movies,2021,TV-PG
A Week Away,Movie,Faith & Spirituality,2021,TV-PG
A Week Away,Movie,Music & Musicals,2021,TV-PG
Bad Trip,Movie,Comedies,2021,TV-MA
Big Time Rush,TV Show,Kids' TV,2013,TV-G
Black Is Beltza,Movie,Dramas,2018,TV-MA
Black Is Beltza,Movie,International Movies,2018,TV-MA
Croupier,Movie,Dramas,1998,TV-MA
Croupier,Movie,Independent Movies,1998,TV-MA
Croupier,Movie,Thrillers,1998,TV-MA
Elizabeth and Margaret: Love and Loyalty,Movie,Documentaries,2020,TV-PG
Keeping the Bees,Movie,Dramas,2020,TV-14
Keeping the Bees,Movie,International Movies,2020,TV-14
Magic for Humans Spain,TV Show,International TV Shows,2021,TV-MA
Magic for Humans Spain,TV Show,Reality TV,2021,TV-MA
Magic for Humans Spain,TV Show,Spanish-Language TV Shows,2021,TV-MA
Ni de coña,Movie,Comedies,2020,TV-MA
Ni de coña,Movie,International Movies,2020,TV-MA
Pagglait,Movie,Comedies,2021,TV-PG
Pagglait,Movie,Dramas,2021,TV-PG
Pagglait,Movie,International Movies,2021,TV-PG
The Irregulars,TV Show,British TV Shows,2021,TV-14
The Irregulars,TV Show,Crime TV Shows,2021,TV-14
The Irregulars,TV Show,International TV Shows,2021,TV-14
Caught by a Wave,Movie,Dramas,2021,TV-14
Caught by a Wave,Movie,International Movies,2021,TV-14
Caught by a Wave,Movie,Romantic Movies,2021,TV-14
DOTA: Dragon's Blood,TV Show,Anime Series,2021,TV-MA
Pui Pui Molcar,TV Show,Kids' TV,2021,TV-Y7
Secret Magic Control Agency,Movie,Children & Family Movies,2021,TV-Y7
Secret Magic Control Agency,Movie,Comedies,2021,TV-Y7
Seaspiracy,Movie,Documentaries,2021,TV-14
Loyiso Gola: Unlearning,Movie,Stand-Up Comedy,2021,TV-MA
Men on a Mission,TV Show,International TV Shows,2021,TV-14
Men on a Mission,TV Show,Korean TV Shows,2021,TV-14
Men on a Mission,TV Show,Stand-Up Comedy & Talk Shows,2021,TV-14
Navillera,TV Show,International TV Shows,2021,TV-14
Navillera,TV Show,TV Dramas,2021,TV-14
Philomena,Movie,Dramas,2013,PG-13
Philomena,Movie,Independent Movies,2013,PG-13
Philomena,Movie,International Movies,2013,PG-13
Any Crybabies Around?,Movie,Dramas,2020,TV-MA
Any Crybabies Around?,Movie,International Movies,2020,TV-MA
Hospital,Movie,Horror Movies,2020,TV-MA
Hospital,Movie,International Movies,2020,TV-MA
Jiu Jitsu,Movie,Action & Adventure,2020,R
Mighty Morphin Power Rangers,TV Show,Kids' TV,2010,TV-Y7
Alien TV,TV Show,Kids' TV,2021,TV-Y7
Alien TV,TV Show,TV Comedies,2021,TV-Y7
Country Comfort,TV Show,TV Comedies,2021,TV-PG
Formula 1: Drive to Survive,TV Show,Docuseries,2021,TV-MA
Reframe THEATER EXPERIENCE with you,Movie,International Movies,2020,TV-G
Reframe THEATER EXPERIENCE with you,Movie,Music & Musicals,2020,TV-G
The Yin Yang Master,Movie,Action & Adventure,2021,TV-14
The Yin Yang Master,Movie,International Movies,2021,TV-14
Who's the Boss,Movie,Comedies,2020,TV-MA
Who's the Boss,Movie,International Movies,2020,TV-MA
Who's the Boss,Movie,Romantic Movies,2020,TV-MA
B: The Beginning,TV Show,Anime Series,2021,TV-MA
B: The Beginning,TV Show,Crime TV Shows,2021,TV-MA
B: The Beginning,TV Show,International TV Shows,2021,TV-MA
Deadly Illusions,Movie,Thrillers,2021,R
Get the Goat,Movie,Action & Adventure,2021,TV-14
Get the Goat,Movie,Comedies,2021,TV-14
Get the Goat,Movie,International Movies,2021,TV-14
Nate Bargatze: The Greatest Average American,Movie,Stand-Up Comedy,2021,TV-G
Skylines,Movie,Action & Adventure,2020,R
The Fluffy Movie,Movie,Stand-Up Comedy,2014,PG-13
The Present,Movie,Dramas,2020,TV-MA
The Present,Movie,International Movies,2020,TV-MA
Wave of Cinema: 90's Generation,Movie,Documentaries,2020,TV-PG
Wave of Cinema: 90's Generation,Movie,International Movies,2020,TV-PG
Wave of Cinema: 90's Generation,Movie,Music & Musicals,2020,TV-PG
Catch.er,Movie,Dramas,2017,TV-14
Catch.er,Movie,International Movies,2017,TV-14
Catch.er,Movie,Thrillers,2017,TV-14
Operation Varsity Blues: The College Admissions Scandal,Movie,Documentaries,2021,R
Under Suspicion: Uncovering the Wesphael Case,TV Show,Crime TV Shows,2021,TV-14
Under Suspicion: Uncovering the Wesphael Case,TV Show,Docuseries,2021,TV-14
Under Suspicion: Uncovering the Wesphael Case,TV Show,International TV Shows,2021,TV-14
Get on Up,Movie,Dramas,2014,PG-13
Get on Up,Movie,Music & Musicals,2014,PG-13
RebellComedy: Straight Outta the Zoo,Movie,Stand-Up Comedy,2021,TV-MA
Savages,Movie,Dramas,2012,R
Savages,Movie,Thrillers,2012,R
Waffles + Mochi,TV Show,Kids' TV,2021,TV-Y
Abla Fahita: Drama Queen,TV Show,Crime TV Shows,2021,TV-14
Abla Fahita: Drama Queen,TV Show,International TV Shows,2021,TV-14
Abla Fahita: Drama Queen,TV Show,TV Comedies,2021,TV-14
C/O Kaadhal,Movie,Dramas,2021,TV-14
C/O Kaadhal,Movie,International Movies,2021,TV-14
C/O Kaadhal,Movie,Romantic Movies,2021,TV-14
The BFG,Movie,Children & Family Movies,2016,PG
The BFG,Movie,Dramas,2016,PG
The Last Blockbuster,Movie,Documentaries,2020,TV-14
The Lost Pirate Kingdom,TV Show,Docuseries,2021,TV-MA
The Lost Pirate Kingdom,TV Show,Science & Nature TV,2021,TV-MA
The Lost Pirate Kingdom,TV Show,TV Action & Adventure,2021,TV-MA
Zero Chill,TV Show,British TV Shows,2021,TV-G
Zero Chill,TV Show,Kids' TV,2021,TV-G
Zero Chill,TV Show,TV Dramas,2021,TV-G
Audrey,Movie,Documentaries,2020,TV-14
Çarsi Pazar,Movie,Comedies,2015,TV-MA
Çarsi Pazar,Movie,International Movies,2015,TV-MA
Just In Time,Movie,Comedies,2020,TV-G
Just In Time,Movie,Dramas,2020,TV-G
Just In Time,Movie,International Movies,2020,TV-G
Love Alarm,TV Show,International TV Shows,2021,TV-MA
Love Alarm,TV Show,Korean TV Shows,2021,TV-MA
Love Alarm,TV Show,Romantic TV Shows,2021,TV-MA
Mucize,Movie,Dramas,2015,TV-14
Mucize,Movie,International Movies,2015,TV-14
Paper Lives,Movie,Dramas,2021,TV-MA
Paper Lives,Movie,International Movies,2021,TV-MA
Paradise PD,TV Show,TV Comedies,2021,TV-MA
Quiet,Movie,Dramas,2020,TV-MA
Quiet,Movie,International Movies,2020,TV-MA
Quiet,Movie,Music & Musicals,2020,TV-MA
Romantik Komedi,Movie,Comedies,2010,TV-MA
Romantik Komedi,Movie,International Movies,2010,TV-MA
Romantik Komedi,Movie,Romantic Movies,2010,TV-MA
Romantik Komedi 2: Bekarlığa Veda,Movie,Comedies,2013,TV-MA
Romantik Komedi 2: Bekarlığa Veda,Movie,International Movies,2013,TV-MA
Romantik Komedi 2: Bekarlığa Veda,Movie,Romantic Movies,2013,TV-MA
The One,TV Show,British TV Shows,2021,TV-MA
The One,TV Show,Crime TV Shows,2021,TV-MA
The One,TV Show,International TV Shows,2021,TV-MA
YES DAY,Movie,Children & Family Movies,2021,PG
YES DAY,Movie,Comedies,2021,PG
You're Everything To Me,Movie,Comedies,2016,TV-PG
You're Everything To Me,Movie,Dramas,2016,TV-PG
You're Everything To Me,Movie,Independent Movies,2016,TV-PG
Coven of Sisters,Movie,Dramas,2021,TV-MA
Coven of Sisters,Movie,Independent Movies,2021,TV-MA
Coven of Sisters,Movie,International Movies,2021,TV-MA
Generasi 90an: Melankolia,Movie,Dramas,2020,TV-14
Generasi 90an: Melankolia,Movie,International Movies,2020,TV-14
The Block Island Sound,Movie,Horror Movies,2020,TV-MA
The Block Island Sound,Movie,Independent Movies,2020,TV-MA
Dealer,TV Show,Crime TV Shows,2021,TV-MA
Dealer,TV Show,International TV Shows,2021,TV-MA
Dealer,TV Show,TV Action & Adventure,2021,TV-MA
Last Chance U: Basketball,TV Show,Docuseries,2021,TV-MA
Marriage or Mortgage,TV Show,Reality TV,2021,TV-G
Marriage or Mortgage,TV Show,Romantic TV Shows,2021,TV-G
The Houseboat,TV Show,Docuseries,2021,TV-14
The Houseboat,TV Show,International TV Shows,2021,TV-14
Bombay Begums,TV Show,International TV Shows,2021,TV-MA
Bombay Begums,TV Show,TV Dramas,2021,TV-MA
Bombay Rose,Movie,Dramas,2021,PG-13
Bombay Rose,Movie,Independent Movies,2021,PG-13
Bombay Rose,Movie,International Movies,2021,PG-13
My Way,TV Show,International TV Shows,2015,TV-14
My Way,TV Show,TV Dramas,2015,TV-14
Aelay,Movie,Comedies,2021,TV-14
Aelay,Movie,Dramas,2021,TV-14
Aelay,Movie,Independent Movies,2021,TV-14
City of Ghosts,TV Show,Kids' TV,2021,TV-Y7
Dogwashers,Movie,Comedies,2021,TV-MA
Dogwashers,Movie,Dramas,2021,TV-MA
Dogwashers,Movie,International Movies,2021,TV-MA
Fate of Alakada,Movie,Comedies,2020,TV-14
Fate of Alakada,Movie,International Movies,2020,TV-14
Nevenka: Breaking the Silence,TV Show,Docuseries,2021,TV-MA
Nevenka: Breaking the Silence,TV Show,International TV Shows,2021,TV-MA
Nevenka: Breaking the Silence,TV Show,Spanish-Language TV Shows,2021,TV-MA
Pokémon Journeys: The Series,TV Show,Anime Series,2021,TV-Y7
Pokémon Journeys: The Series,TV Show,Kids' TV,2021,TV-Y7
Pokémon Journeys: The Series,TV Show,TV Action & Adventure,2021,TV-Y7
Sentinelle,Movie,Action & Adventure,2021,TV-MA
Sentinelle,Movie,Dramas,2021,TV-MA
Sentinelle,Movie,International Movies,2021,TV-MA
Mariposa,Movie,Comedies,2020,TV-14
Mariposa,Movie,International Movies,2020,TV-14
Mariposa,Movie,Romantic Movies,2020,TV-14
Pacific Rim: The Black,TV Show,Anime Series,2021,TV-14
Parker,Movie,Action & Adventure,2013,R
Safe Haven,Movie,Dramas,2013,PG-13
Safe Haven,Movie,Romantic Movies,2013,PG-13
Moxie,Movie,Comedies,2021,PG-13
Moxie,Movie,Dramas,2021,PG-13
Moxie,Movie,Music & Musicals,2021,PG-13
Murder Among the Mormons,TV Show,Crime TV Shows,2021,TV-14
Murder Among the Mormons,TV Show,Docuseries,2021,TV-14
Black or White,Movie,Dramas,2014,PG-13
Indoo Ki Jawani,Movie,Action & Adventure,2020,TV-14
Indoo Ki Jawani,Movie,Comedies,2020,TV-14
Indoo Ki Jawani,Movie,International Movies,2020,TV-14
Word Party,TV Show,Kids' TV,2021,TV-Y
A Perfect Day For Arsenide,TV Show,Classic & Cult TV,2019,TV-MA
A Perfect Day For Arsenide,TV Show,Crime TV Shows,2019,TV-MA
A Perfect Day For Arsenide,TV Show,International TV Shows,2019,TV-MA
Banyuki,Movie,Action & Adventure,2009,TV-PG
Banyuki,Movie,Dramas,2009,TV-PG
Banyuki,Movie,International Movies,2009,TV-PG
Biggie: I Got a Story to Tell,Movie,Documentaries,2021,R
Biggie: I Got a Story to Tell,Movie,Music & Musicals,2021,R
Blanche Gardin: The All-Nighter,Movie,Stand-Up Comedy,2021,TV-MA
Connected,Movie,Documentaries,2021,TV-G
Connected,Movie,International Movies,2021,TV-G
Connected,Movie,Music & Musicals,2021,TV-G
Dances with Wolves,Movie,Action & Adventure,1990,PG-13
Dances with Wolves,Movie,Classic Movies,1990,PG-13
Dances with Wolves,Movie,Dramas,1990,PG-13
How to Be Really Bad,Movie,Comedies,2018,TV-14
How to Be Really Bad,Movie,International Movies,2018,TV-14
LEGO Marvel Spider-Man: Vexed by Venom,Movie,Children & Family Movies,2019,TV-Y
LEGO Marvel Spider-Man: Vexed by Venom,Movie,Comedies,2019,TV-Y
Rain Man,Movie,Classic Movies,1988,R
Rain Man,Movie,Dramas,1988,R
Seven Souls in the Skull Castle 2011,Movie,Action & Adventure,2011,TV-14
Seven Souls in the Skull Castle 2011,Movie,Dramas,2011,TV-14
Seven Souls in the Skull Castle 2011,Movie,International Movies,2011,TV-14
Tenacious D in The Pick of Destiny,Movie,Comedies,2006,R
Tenacious D in The Pick of Destiny,Movie,Cult Movies,2006,R
Tenacious D in The Pick of Destiny,Movie,Music & Musicals,2006,R
TIGER & BUNNY,TV Show,Anime Series,2011,TV-14
TIGER & BUNNY,TV Show,International TV Shows,2011,TV-14
Bigfoot Family,Movie,Children & Family Movies,2021,TV-Y7
Bigfoot Family,Movie,Comedies,2021,TV-Y7
Captain Fantastic,Movie,Comedies,2016,R
Captain Fantastic,Movie,Dramas,2016,R
Captain Fantastic,Movie,Independent Movies,2016,R
Crazy About Her,Movie,Comedies,2021,TV-MA
Crazy About Her,Movie,International Movies,2021,TV-MA
Crazy About Her,Movie,Romantic Movies,2021,TV-MA
Fuga,Movie,Dramas,2006,TV-MA
Fuga,Movie,Independent Movies,2006,TV-MA
Fuga,Movie,International Movies,2006,TV-MA
Ginny & Georgia - The Afterparty,Movie,Comedies,2021,TV-MA
Ginny & Georgia - The Afterparty,Movie,Dramas,2021,TV-MA
No Escape,Movie,Action & Adventure,2015,R
Our Idiot Brother,Movie,Comedies,2011,R
Our Idiot Brother,Movie,Dramas,2011,R
Our Idiot Brother,Movie,Independent Movies,2011,R
The Girl on the Train,Movie,International Movies,2021,TV-MA
The Girl on the Train,Movie,Thrillers,2021,TV-MA
Tony Manero,Movie,Dramas,2008,TV-MA
Tony Manero,Movie,Independent Movies,2008,TV-MA
Tony Manero,Movie,International Movies,2008,TV-MA
Who Am I,Movie,International Movies,2014,TV-MA
Who Am I,Movie,Thrillers,2014,TV-MA
El final del paraíso,TV Show,Crime TV Shows,2019,TV-MA
El final del paraíso,TV Show,International TV Shows,2019,TV-MA
El final del paraíso,TV Show,Spanish-Language TV Shows,2019,TV-MA
Geez & Ann,Movie,Dramas,2021,TV-PG
Geez & Ann,Movie,International Movies,2021,TV-PG
Geez & Ann,Movie,Romantic Movies,2021,TV-PG
Sin senos sí hay paraíso,TV Show,International TV Shows,2018,TV-MA
Sin senos sí hay paraíso,TV Show,Spanish-Language TV Shows,2018,TV-MA
Sin senos sí hay paraíso,TV Show,TV Dramas,2018,TV-MA
The Last Bastion,TV Show,International TV Shows,2018,TV-MA
The Last Bastion,TV Show,Spanish-Language TV Shows,2018,TV-MA
The Last Bastion,TV Show,TV Dramas,2018,TV-MA
Age of Samurai: Battle for Japan,TV Show,Docuseries,2021,TV-MA
Age of Samurai: Battle for Japan,TV Show,International TV Shows,2021,TV-MA
"Blue, Painful, Fragile",Movie,International Movies,2020,TV-14
"Blue, Painful, Fragile",Movie,Thrillers,2020,TV-14
Canine Intervention,TV Show,Reality TV,2021,TV-PG
Ginny & Georgia,TV Show,Romantic TV Shows,2021,TV-14
Ginny & Georgia,TV Show,TV Comedies,2021,TV-14
Ginny & Georgia,TV Show,TV Dramas,2021,TV-14
M8 - When Death Rescues Life,Movie,Dramas,2019,TV-MA
M8 - When Death Rescues Life,Movie,International Movies,2019,TV-MA
Two Sentence Horror Stories,TV Show,TV Horror,2021,TV-14
Two Sentence Horror Stories,TV Show,Teen TV Shows,2021,TV-14
Brian Regan: On the Rocks,Movie,Stand-Up Comedy,2021,TV-G
Made You Look: A True Story About Fake Art,Movie,Documentaries,2020,TV-14
Made You Look: A True Story About Fake Art,Movie,International Movies,2020,TV-14
Pelé,Movie,Documentaries,2021,TV-14
Pelé,Movie,International Movies,2021,TV-14
Pelé,Movie,Sports Movies,2021,TV-14
Red,Movie,Dramas,2021,TV-14
Red,Movie,International Movies,2021,TV-14
Zindagi in Short,TV Show,International TV Shows,2020,TV-MA
Zindagi in Short,TV Show,TV Dramas,2020,TV-MA
The Conjuring,Movie,Horror Movies,2013,R
The Conjuring,Movie,Thrillers,2013,R
The Conjuring 2,Movie,Horror Movies,2016,R
Vincenzo,TV Show,International TV Shows,2021,TV-14
Vincenzo,TV Show,TV Comedies,2021,TV-14
Vincenzo,TV Show,TV Dramas,2021,TV-14
Classmates Minus,Movie,Comedies,2020,TV-MA
Classmates Minus,Movie,Dramas,2020,TV-MA
Classmates Minus,Movie,Independent Movies,2020,TV-MA
Fate: The Winx Saga - The Afterparty,Movie,Comedies,2021,TV-14
Fate: The Winx Saga - The Afterparty,Movie,Dramas,2021,TV-14
Operation Finale,Movie,Dramas,2018,PG-13
Operation Finale,Movie,Thrillers,2018,PG-13
Wave of Cinema: Surat dari Timur,Movie,Documentaries,2020,TV-G
Wave of Cinema: Surat dari Timur,Movie,International Movies,2020,TV-G
Wave of Cinema: Surat dari Timur,Movie,Music & Musicals,2020,TV-G
I Care a Lot,Movie,Comedies,2021,R
I Care a Lot,Movie,LGBTQ Movies,2021,R
I Care a Lot,Movie,Thrillers,2021,R
Love,Movie,Dramas,2020,TV-14
Love,Movie,Independent Movies,2020,TV-14
Love,Movie,International Movies,2020,TV-14
Perú: Tesoro escondido,Movie,Documentaries,2017,TV-PG
Perú: Tesoro escondido,Movie,International Movies,2017,TV-PG
Pitta Kathalu,TV Show,International TV Shows,2021,TV-MA
Pitta Kathalu,TV Show,TV Dramas,2021,TV-MA
Tribes of Europa,TV Show,International TV Shows,2021,TV-MA
Tribes of Europa,TV Show,TV Action & Adventure,2021,TV-MA
Tribes of Europa,TV Show,TV Dramas,2021,TV-MA
Eeb Allay Ooo!,Movie,Comedies,2019,TV-MA
Eeb Allay Ooo!,Movie,Dramas,2019,TV-MA
Eeb Allay Ooo!,Movie,Independent Movies,2019,TV-MA
"Hello, Me!",TV Show,International TV Shows,2021,TV-14
"Hello, Me!",TV Show,Romantic TV Shows,2021,TV-14
"Hello, Me!",TV Show,TV Comedies,2021,TV-14
No Escape Room,Movie,Horror Movies,2018,TV-14
Sisyphus,TV Show,International TV Shows,2021,TV-14
Sisyphus,TV Show,TV Action & Adventure,2021,TV-14
Sisyphus,TV Show,TV Dramas,2021,TV-14
Thus Spoke Kishibe Rohan,TV Show,Anime Series,2021,TV-MA
Thus Spoke Kishibe Rohan,TV Show,International TV Shows,2021,TV-MA
Amend: The Fight for America,TV Show,Docuseries,2021,TV-MA
Behind Her Eyes,TV Show,British TV Shows,2021,TV-MA
Behind Her Eyes,TV Show,International TV Shows,2021,TV-MA
Behind Her Eyes,TV Show,TV Dramas,2021,TV-MA
MeatEater,TV Show,Docuseries,2021,TV-14
MeatEater,TV Show,Reality TV,2021,TV-14
MeatEater,TV Show,Science & Nature TV,2021,TV-14
The Most Unknown,Movie,Documentaries,2018,TV-PG
Animals on the Loose: A You vs. Wild Movie,Movie,Children & Family Movies,2021,TV-PG
Awara Paagal Deewana,Movie,Action & Adventure,2002,TV-14
Awara Paagal Deewana,Movie,Comedies,2002,TV-14
Awara Paagal Deewana,Movie,Dramas,2002,TV-14
Good Girls,TV Show,Crime TV Shows,2020,TV-MA
Good Girls,TV Show,TV Comedies,2020,TV-MA
Good Girls,TV Show,TV Dramas,2020,TV-MA
The Resurrection of Gavin Stone,Movie,Children & Family Movies,2017,PG
The Resurrection of Gavin Stone,Movie,Comedies,2017,PG
The Resurrection of Gavin Stone,Movie,Dramas,2017,PG
Booba,TV Show,Kids' TV,2021,TV-Y7
Booba,TV Show,TV Comedies,2021,TV-Y7
"My Teacher, My Obsession",Movie,Thrillers,2018,TV-14
The Crew,TV Show,TV Comedies,2021,TV-14
Namaste Wahala,Movie,Comedies,2021,TV-14
Namaste Wahala,Movie,Dramas,2021,TV-14
Namaste Wahala,Movie,International Movies,2021,TV-14
Monsoon,Movie,Dramas,2020,TV-MA
Monsoon,Movie,Independent Movies,2020,TV-MA
Monsoon,Movie,LGBTQ Movies,2020,TV-MA
Buried by the Bernards,TV Show,Reality TV,2021,TV-14
Chappelle's Show,TV Show,TV Comedies,2005,TV-MA
Hate by Dani Rovira,Movie,Stand-Up Comedy,2021,TV-MA
Mundina Nildana,Movie,Dramas,2019,TV-MA
Mundina Nildana,Movie,International Movies,2019,TV-MA
Mundina Nildana,Movie,Romantic Movies,2019,TV-MA
Nadiya Bakes,TV Show,British TV Shows,2021,TV-G
Nadiya Bakes,TV Show,International TV Shows,2021,TV-G
Nadiya Bakes,TV Show,Reality TV,2021,TV-G
To All The Boys: Always And Forever,Movie,Comedies,2021,TV-14
To All The Boys: Always And Forever,Movie,Romantic Movies,2021,TV-14
Xico's Journey,Movie,Children & Family Movies,2021,TV-Y7
Capitani,TV Show,Crime TV Shows,2019,TV-MA
Capitani,TV Show,International TV Shows,2019,TV-MA
Capitani,TV Show,TV Dramas,2019,TV-MA
El Chema,TV Show,Crime TV Shows,2016,TV-MA
El Chema,TV Show,Spanish-Language TV Shows,2016,TV-MA
El Chema,TV Show,TV Action & Adventure,2016,TV-MA
Growing up and other problems,Movie,Comedies,2018,TV-14
Growing up and other problems,Movie,Dramas,2018,TV-14
Growing up and other problems,Movie,International Movies,2018,TV-14
Layla Majnun,Movie,Dramas,2020,TV-14
Layla Majnun,Movie,International Movies,2020,TV-14
Layla Majnun,Movie,Romantic Movies,2020,TV-14
Middle of Nowhere,Movie,Dramas,2012,R
Middle of Nowhere,Movie,Independent Movies,2012,R
Middle of Nowhere,Movie,Romantic Movies,2012,R
Red Dot,Movie,International Movies,2021,TV-MA
Red Dot,Movie,Thrillers,2021,TV-MA
Squared Love,Movie,Comedies,2021,TV-14
Squared Love,Movie,International Movies,2021,TV-14
Squared Love,Movie,Romantic Movies,2021,TV-14
This Is the Life,Movie,Documentaries,2008,TV-MA
This Is the Life,Movie,Music & Musicals,2008,TV-MA
Crime Scene: The Vanishing at the Cecil Hotel,TV Show,Crime TV Shows,2021,TV-MA
Crime Scene: The Vanishing at the Cecil Hotel,TV Show,Docuseries,2021,TV-MA
The Misadventures of Hedi and Cokeman,Movie,Comedies,2021,TV-MA
The Misadventures of Hedi and Cokeman,Movie,International Movies,2021,TV-MA
The World We Make,Movie,Dramas,2019,PG
The World We Make,Movie,Romantic Movies,2019,PG
Five Came Back: The Reference Films,TV Show,TV Shows,1945,TV-MA
ICarly,TV Show,Kids' TV,2008,TV-G
ICarly,TV Show,TV Comedies,2008,TV-G
War Dogs,Movie,Comedies,2016,R
War Dogs,Movie,Dramas,2016,R
Monster Run,Movie,Action & Adventure,2020,TV-14
Monster Run,Movie,International Movies,2020,TV-14
The Sinner,TV Show,Crime TV Shows,2020,TV-MA
The Sinner,TV Show,TV Dramas,2020,TV-MA
The Sinner,TV Show,TV Mysteries,2020,TV-MA
Blanche Gardin: I talk to myself,Movie,Stand-Up Comedy,2017,TV-MA
Doob: No Bed of Roses,Movie,Dramas,2017,TV-PG
Doob: No Bed of Roses,Movie,Independent Movies,2017,TV-PG
Doob: No Bed of Roses,Movie,International Movies,2017,TV-PG
Hache,TV Show,Crime TV Shows,2021,TV-MA
Hache,TV Show,International TV Shows,2021,TV-MA
Hache,TV Show,Spanish-Language TV Shows,2021,TV-MA
Invisible City,TV Show,Crime TV Shows,2021,TV-MA
Invisible City,TV Show,International TV Shows,2021,TV-MA
Invisible City,TV Show,TV Dramas,2021,TV-MA
Little Big Women,Movie,Dramas,2020,TV-14
Little Big Women,Movie,International Movies,2020,TV-14
Malcolm & Marie,Movie,Dramas,2021,R
Malcolm & Marie,Movie,Independent Movies,2021,R
Space Sweepers,Movie,Action & Adventure,2021,TV-MA
Space Sweepers,Movie,Dramas,2021,TV-MA
Space Sweepers,Movie,International Movies,2021,TV-MA
"Strip Down, Rise Up",Movie,Documentaries,2021,R
The Last Paradiso,Movie,Dramas,2020,TV-MA
The Last Paradiso,Movie,International Movies,2020,TV-MA
The Last Paradiso,Movie,Romantic Movies,2020,TV-MA
The Yin-Yang Master: Dream Of Eternity,Movie,Action & Adventure,2021,TV-14
The Yin-Yang Master: Dream Of Eternity,Movie,International Movies,2021,TV-14
All My Friends Are Dead,Movie,Comedies,2020,TV-MA
All My Friends Are Dead,Movie,Dramas,2020,TV-MA
All My Friends Are Dead,Movie,International Movies,2020,TV-MA
Black Beach,Movie,Action & Adventure,2020,TV-MA
Black Beach,Movie,International Movies,2020,TV-MA
Firefly Lane,TV Show,Romantic TV Shows,2021,TV-MA
Firefly Lane,TV Show,TV Dramas,2021,TV-MA
"Pablo Escobar, el patrón del mal",TV Show,Crime TV Shows,2012,TV-MA
"Pablo Escobar, el patrón del mal",TV Show,International TV Shows,2012,TV-MA
"Pablo Escobar, el patrón del mal",TV Show,Spanish-Language TV Shows,2012,TV-MA
Power Rangers Ninja Steel,TV Show,Kids' TV,2018,TV-Y7
"Our Lady of San Juan, Four Centuries of Miracles",Movie,Dramas,2020,TV-PG
"Our Lady of San Juan, Four Centuries of Miracles",Movie,Faith & Spirituality,2020,TV-PG
"Our Lady of San Juan, Four Centuries of Miracles",Movie,International Movies,2020,TV-PG
Tiffany Haddish Presents: They Ready,TV Show,Stand-Up Comedy & Talk Shows,2021,TV-MA
Tiffany Haddish Presents: They Ready,TV Show,TV Comedies,2021,TV-MA
Beverly Hills Ninja,Movie,Action & Adventure,1997,PG-13
Beverly Hills Ninja,Movie,Comedies,1997,PG-13
Heartland,TV Show,TV Dramas,2019,TV-14
Love Daily,TV Show,Romantic TV Shows,2018,TV-14
Love Daily,TV Show,Teen TV Shows,2018,TV-14
My Dead Ex,TV Show,TV Comedies,2018,TV-14
My Dead Ex,TV Show,Teen TV Shows,2018,TV-14
Rocks,Movie,Dramas,2019,TV-MA
Shutter Island,Movie,Thrillers,2010,R
The Bank Job,Movie,Dramas,2008,R
The Bank Job,Movie,International Movies,2008,R
The Bank Job,Movie,Thrillers,2008,R
The House Arrest of Us,TV Show,International TV Shows,2020,TV-MA
The House Arrest of Us,TV Show,Romantic TV Shows,2020,TV-MA
The House Arrest of Us,TV Show,TV Comedies,2020,TV-MA
The Unsettling,TV Show,TV Horror,2019,TV-14
The Unsettling,TV Show,Teen TV Shows,2019,TV-14
Total Drama,TV Show,Kids' TV,2015,TV-PG
Total Drama,TV Show,TV Comedies,2015,TV-PG
Zac and Mia,TV Show,Romantic TV Shows,2019,TV-14
Zac and Mia,TV Show,TV Dramas,2019,TV-14
Zac and Mia,TV Show,Teen TV Shows,2019,TV-14
Zathura,Movie,Children & Family Movies,2005,PG
Zathura,Movie,Sci-Fi & Fantasy,2005,PG
Zig & Sharko,TV Show,Kids' TV,2019,TV-Y7
Zig & Sharko,TV Show,TV Comedies,2019,TV-Y7
Fatima,Movie,Dramas,2020,PG-13
Fatima,Movie,Faith & Spirituality,2020,PG-13
Hell Fest,Movie,Horror Movies,2018,R
Below Zero,Movie,Action & Adventure,2021,TV-MA
Below Zero,Movie,International Movies,2021,TV-MA
Finding ‘Ohana,Movie,Children & Family Movies,2021,PG
Finding ‘Ohana,Movie,Comedies,2021,PG
The Dig,Movie,Dramas,2021,PG-13
The Dig,Movie,International Movies,2021,PG-13
We Are: The Brooklyn Saints,TV Show,Docuseries,2021,TV-14
June & Kopi,Movie,Children & Family Movies,2021,TV-PG
June & Kopi,Movie,Dramas,2021,TV-PG
June & Kopi,Movie,International Movies,2021,TV-PG
50M2,TV Show,International TV Shows,2021,TV-MA
50M2,TV Show,TV Dramas,2021,TV-MA
50M2,TV Show,TV Thrillers,2021,TV-MA
Accomplice,Movie,Documentaries,2021,TV-14
Accomplice,Movie,International Movies,2021,TV-14
Accomplice,Movie,Sports Movies,2021,TV-14
BONDING,TV Show,TV Comedies,2021,TV-MA
BONDING,TV Show,TV Dramas,2021,TV-MA
Kilometers and Kilometers,Movie,Comedies,2020,TV-MA
Kilometers and Kilometers,Movie,Dramas,2020,TV-MA
Kilometers and Kilometers,Movie,Independent Movies,2020,TV-MA
Outlander,TV Show,Romantic TV Shows,2018,TV-MA
Outlander,TV Show,TV Action & Adventure,2018,TV-MA
Outlander,TV Show,TV Dramas,2018,TV-MA
Penguin Bloom,Movie,Children & Family Movies,2021,TV-14
Penguin Bloom,Movie,Dramas,2021,TV-14
Black Rose,Movie,Dramas,2018,TV-14
Black Rose,Movie,International Movies,2018,TV-14
Go Dog Go,TV Show,Kids' TV,2021,TV-Y
Hire a Woman,Movie,Comedies,2019,TV-14
Hire a Woman,Movie,International Movies,2019,TV-14
Hire a Woman,Movie,Romantic Movies,2019,TV-14
She Is,Movie,Dramas,2019,TV-PG
She Is,Movie,International Movies,2019,TV-PG
She Is,Movie,Romantic Movies,2019,TV-PG
Blown Away,TV Show,International TV Shows,2021,TV-14
Blown Away,TV Show,Reality TV,2021,TV-14
Busted!,TV Show,Crime TV Shows,2021,TV-14
Busted!,TV Show,International TV Shows,2021,TV-14
Busted!,TV Show,Korean TV Shows,2021,TV-14
Demon Slayer: Kimetsu no Yaiba,TV Show,Anime Series,2019,TV-14
Demon Slayer: Kimetsu no Yaiba,TV Show,International TV Shows,2019,TV-14
So My Grandma’s a Lesbian!,Movie,Comedies,2020,TV-MA
So My Grandma’s a Lesbian!,Movie,International Movies,2020,TV-MA
So My Grandma’s a Lesbian!,Movie,LGBTQ Movies,2020,TV-MA
The Next Three Days,Movie,Dramas,2010,PG-13
The Next Three Days,Movie,Thrillers,2010,PG-13
The White Tiger,Movie,Dramas,2021,R
Friendsgiving,Movie,Comedies,2020,R
The Shadow of Violence,Movie,Dramas,2020,R
Cut Throat City,Movie,Dramas,2020,R
Daughter From Another Mother,TV Show,International TV Shows,2021,TV-MA
Daughter From Another Mother,TV Show,Spanish-Language TV Shows,2021,TV-MA
Daughter From Another Mother,TV Show,TV Comedies,2021,TV-MA
Sightless,Movie,Thrillers,2020,TV-14
Spycraft,TV Show,Docuseries,2021,TV-MA
Spycraft,TV Show,Science & Nature TV,2021,TV-MA
Hello Ninja,TV Show,Kids' TV,2021,TV-Y
Homefront,Movie,Action & Adventure,2013,R
A Monster Calls,Movie,Dramas,2016,PG-13
A Monster Calls,Movie,Sci-Fi & Fantasy,2016,PG-13
Death of Me,Movie,Horror Movies,2020,R
Radium Girls,Movie,Dramas,2018,TV-14
Radium Girls,Movie,Independent Movies,2018,TV-14
Bling Empire,TV Show,Reality TV,2021,TV-MA
Carmen Sandiego,TV Show,Kids' TV,2021,TV-Y7
Carmen Sandiego,TV Show,TV Thrillers,2021,TV-Y7
Disenchantment,TV Show,TV Action & Adventure,2021,TV-14
Disenchantment,TV Show,TV Comedies,2021,TV-14
Disenchantment,TV Show,TV Sci-Fi & Fantasy,2021,TV-14
Double Dad,Movie,Children & Family Movies,2020,TV-G
Double Dad,Movie,Comedies,2020,TV-G
Double Dad,Movie,Dramas,2020,TV-G
Henry Danger,TV Show,Kids' TV,2016,TV-G
Henry Danger,TV Show,TV Comedies,2016,TV-G
Outside the Wire,Movie,Action & Adventure,2021,R
Penguins of Madagascar: The Movie,Movie,Children & Family Movies,2014,PG
Penguins of Madagascar: The Movie,Movie,Comedies,2014,PG
Pinkfong & Baby Shark's Space Adventure,Movie,Children & Family Movies,2019,TV-Y
The Magicians,TV Show,TV Dramas,2020,TV-MA
The Magicians,TV Show,TV Sci-Fi & Fantasy,2020,TV-MA
The Vanished,Movie,Thrillers,2020,R
Tribhanga - Tedhi Medhi Crazy,Movie,Dramas,2021,TV-MA
Tribhanga - Tedhi Medhi Crazy,Movie,International Movies,2021,TV-MA
What Would Sophia Loren Do?,Movie,Documentaries,2021,TV-14
Wish You,Movie,Dramas,2021,TV-PG
Wish You,Movie,International Movies,2021,TV-PG
Wish You,Movie,LGBTQ Movies,2021,TV-PG
Tanda Tanya,Movie,Dramas,2011,TV-MA
Tanda Tanya,Movie,International Movies,2011,TV-MA
The Heartbreak Club,Movie,Comedies,2020,TV-14
The Heartbreak Club,Movie,Dramas,2020,TV-14
The Heartbreak Club,Movie,International Movies,2020,TV-14
An Imperfect Murder,Movie,Dramas,2017,R
An Imperfect Murder,Movie,Thrillers,2017,R
Night Stalker: The Hunt for a Serial Killer,TV Show,Crime TV Shows,2021,TV-MA
Night Stalker: The Hunt for a Serial Killer,TV Show,Docuseries,2021,TV-MA
Al acecho,Movie,International Movies,2019,TV-MA
Al acecho,Movie,Thrillers,2019,TV-MA
Chris Rock Total Blackout: The Tamborine Extended Cut,Movie,Stand-Up Comedy,2021,TV-MA
Last Tango in Halifax,TV Show,British TV Shows,2020,TV-MA
Last Tango in Halifax,TV Show,Romantic TV Shows,2020,TV-MA
Last Tango in Halifax,TV Show,TV Dramas,2020,TV-MA
"Crack: Cocaine, Corruption & Conspiracy",Movie,Documentaries,2021,TV-MA
The Intouchables,Movie,Comedies,2011,R
The Intouchables,Movie,Dramas,2011,R
The Intouchables,Movie,International Movies,2011,R
Apaharan,Movie,Dramas,2005,TV-14
Apaharan,Movie,International Movies,2005,TV-14
BluffMaster!,Movie,Comedies,2005,TV-14
BluffMaster!,Movie,International Movies,2005,TV-14
BluffMaster!,Movie,Romantic Movies,2005,TV-14
Charming,Movie,Children & Family Movies,2021,TV-Y7
Charming,Movie,Comedies,2021,TV-Y7
Creating The Queen's Gambit,Movie,Documentaries,2021,TV-14
Gangaajal,Movie,Dramas,2003,TV-MA
Gangaajal,Movie,International Movies,2003,TV-MA
Inside the World’s Toughest Prisons,TV Show,British TV Shows,2021,TV-MA
Inside the World’s Toughest Prisons,TV Show,Crime TV Shows,2021,TV-MA
Inside the World’s Toughest Prisons,TV Show,Docuseries,2021,TV-MA
Is Love Enough? Sir,Movie,Dramas,2018,TV-MA
Is Love Enough? Sir,Movie,Independent Movies,2018,TV-MA
Is Love Enough? Sir,Movie,International Movies,2018,TV-MA
Mighty Little Bheem: Kite Festival,TV Show,Kids' TV,2021,TV-Y
Mighty Little Bheem: Kite Festival,TV Show,TV Comedies,2021,TV-Y
Pretend It’s a City,TV Show,Docuseries,2021,TV-14
Stuck Apart,Movie,Comedies,2021,TV-MA
Stuck Apart,Movie,Dramas,2021,TV-MA
Stuck Apart,Movie,International Movies,2021,TV-MA
The Idhun Chronicles,TV Show,Anime Series,2021,TV-14
The Idhun Chronicles,TV Show,International TV Shows,2021,TV-14
The Idhun Chronicles,TV Show,Spanish-Language TV Shows,2021,TV-14
100% Halal,Movie,Dramas,2020,TV-14
100% Halal,Movie,International Movies,2020,TV-14
Leap!,Movie,Children & Family Movies,2016,PG
Leap!,Movie,Comedies,2016,PG
Pieces of a Woman,Movie,Dramas,2020,R
Ratones Paranoicos: The Band that Rocked Argentina,Movie,Documentaries,2021,TV-MA
Ratones Paranoicos: The Band that Rocked Argentina,Movie,International Movies,2021,TV-MA
Ratones Paranoicos: The Band that Rocked Argentina,Movie,Music & Musicals,2021,TV-MA
Surviving Death,TV Show,Docuseries,2021,TV-MA
Surviving Death,TV Show,Reality TV,2021,TV-MA
Tony Parker: The Final Shot,Movie,Documentaries,2020,TV-14
Tony Parker: The Final Shot,Movie,International Movies,2020,TV-14
Tony Parker: The Final Shot,Movie,Sports Movies,2020,TV-14
History of Swear Words,TV Show,Docuseries,2021,TV-MA
History of Swear Words,TV Show,TV Comedies,2021,TV-MA
Nailed It! Mexico,TV Show,International TV Shows,2021,TV-PG
Nailed It! Mexico,TV Show,Reality TV,2021,TV-PG
Nailed It! Mexico,TV Show,Spanish-Language TV Shows,2021,TV-PG
Hello Brother,Movie,Action & Adventure,1999,TV-14
Hello Brother,Movie,Comedies,1999,TV-14
Hello Brother,Movie,International Movies,1999,TV-14
Korean Pork Belly Rhapsody,TV Show,Docuseries,2020,TV-G
Korean Pork Belly Rhapsody,TV Show,International TV Shows,2020,TV-G
QB1: Beyond the Lights,TV Show,Docuseries,2019,TV-14
Playing for Keeps,Movie,Comedies,2012,PG-13
Playing for Keeps,Movie,Romantic Movies,2012,PG-13
Playing for Keeps,Movie,Sports Movies,2012,PG-13
Asphalt Burning,Movie,Action & Adventure,2020,TV-14
Asphalt Burning,Movie,Comedies,2020,TV-14
Asphalt Burning,Movie,International Movies,2020,TV-14
Bad Grandpa .5,Movie,Comedies,2014,TV-MA
Case 39,Movie,Horror Movies,2009,R
Case 39,Movie,Thrillers,2009,R
Cobra Kai,TV Show,TV Action & Adventure,2021,TV-14
Cobra Kai,TV Show,TV Comedies,2021,TV-14
Cobra Kai,TV Show,TV Dramas,2021,TV-14
Dream Home Makeover,TV Show,Reality TV,2021,TV-G
Eddie Murphy: Raw,Movie,Stand-Up Comedy,1987,R
Full Out 2: You Got This!,Movie,Children & Family Movies,2020,TV-Y
Full Out 2: You Got This!,Movie,Dramas,2020,TV-Y
Full Out 2: You Got This!,Movie,Sports Movies,2020,TV-Y
Gimme Shelter,Movie,Dramas,2013,PG-13
Gimme Shelter,Movie,Independent Movies,2013,PG-13
Good Burger,Movie,Children & Family Movies,1997,PG
Good Burger,Movie,Comedies,1997,PG
Good Hair,Movie,Documentaries,2009,PG-13
Headspace Guide to Meditation,TV Show,Docuseries,2021,TV-G
Headspace Guide to Meditation,TV Show,Science & Nature TV,2021,TV-G
Into the Wild,Movie,Action & Adventure,2007,R
Into the Wild,Movie,Dramas,2007,R
Into the Wild,Movie,Independent Movies,2007,R
Jenni Rivera: Mariposa de Barrio,TV Show,Spanish-Language TV Shows,2017,TV-MA
Jenni Rivera: Mariposa de Barrio,TV Show,TV Dramas,2017,TV-MA
London Heist,Movie,Action & Adventure,2017,R
Mean Girls 2,Movie,Comedies,2011,PG-13
Monarca,TV Show,International TV Shows,2021,TV-MA
Monarca,TV Show,Spanish-Language TV Shows,2021,TV-MA
Monarca,TV Show,TV Dramas,2021,TV-MA
Mystic Pizza,Movie,Comedies,1988,R
Mystic Pizza,Movie,Dramas,1988,R
Mystic Pizza,Movie,Independent Movies,1988,R
Running Man,TV Show,Kids' TV,2020,TV-Y7
Running Man,TV Show,TV Comedies,2020,TV-Y7
The Cat in the Hat Knows a Lot About That!,TV Show,Kids' TV,2014,TV-Y
The Creative Brain,Movie,Documentaries,2019,TV-14
The Haunted Hathaways,TV Show,Kids' TV,2013,TV-G
The Haunted Hathaways,TV Show,TV Comedies,2013,TV-G
The Haunted Hathaways,TV Show,TV Sci-Fi & Fantasy,2013,TV-G
The Minimalists: Less Is Now,Movie,Documentaries,2021,TV-14
Unknown,Movie,Action & Adventure,2011,PG-13
Unknown,Movie,Thrillers,2011,PG-13
What Happened to Mr. Cha?,Movie,Comedies,2021,TV-MA
What Happened to Mr. Cha?,Movie,International Movies,2021,TV-MA
What's Eating Gilbert Grape,Movie,Classic Movies,1993,PG-13
What's Eating Gilbert Grape,Movie,Dramas,1993,PG-13
What's Eating Gilbert Grape,Movie,Independent Movies,1993,PG-13
Alaska Is a Drag,Movie,Dramas,2017,TV-MA
Alaska Is a Drag,Movie,LGBTQ Movies,2017,TV-MA
Best of Stand-Up 2020,Movie,Stand-Up Comedy,2020,TV-MA
Bobby Jasoos,Movie,Comedies,2014,TV-14
Bobby Jasoos,Movie,Dramas,2014,TV-14
Bobby Jasoos,Movie,International Movies,2014,TV-14
Chilling Adventures of Sabrina,TV Show,TV Horror,2020,TV-14
Chilling Adventures of Sabrina,TV Show,TV Mysteries,2020,TV-14
Chilling Adventures of Sabrina,TV Show,TV Sci-Fi & Fantasy,2020,TV-14
Tarung Sarung,Movie,Action & Adventure,2020,TV-PG
Tarung Sarung,Movie,Dramas,2020,TV-PG
Tarung Sarung,Movie,Faith & Spirituality,2020,TV-PG
Too Handsome to Handle,Movie,Comedies,2019,TV-14
Too Handsome to Handle,Movie,Dramas,2019,TV-14
Too Handsome to Handle,Movie,International Movies,2019,TV-14
Best Leftovers Ever!,TV Show,Reality TV,2020,TV-G
Dare Me,TV Show,Crime TV Shows,2019,TV-MA
Dare Me,TV Show,TV Dramas,2019,TV-MA
Dare Me,TV Show,TV Thrillers,2019,TV-MA
Equinox,TV Show,International TV Shows,2020,TV-MA
Equinox,TV Show,TV Mysteries,2020,TV-MA
Equinox,TV Show,TV Thrillers,2020,TV-MA
SanPa: Sins of the Savior,TV Show,Crime TV Shows,2020,TV-MA
SanPa: Sins of the Savior,TV Show,Docuseries,2020,TV-MA
SanPa: Sins of the Savior,TV Show,International TV Shows,2020,TV-MA
Still Game,TV Show,British TV Shows,2018,TV-14
Still Game,TV Show,Classic & Cult TV,2018,TV-14
Still Game,TV Show,International TV Shows,2018,TV-14
The Rope Curse 2,Movie,Horror Movies,2020,TV-MA
The Rope Curse 2,Movie,International Movies,2020,TV-MA
Transformers: War for Cybertron: Earthrise,TV Show,Anime Series,2020,TV-Y7
A Love So Beautiful,TV Show,International TV Shows,2020,TV-PG
A Love So Beautiful,TV Show,Romantic TV Shows,2020,TV-PG
A Love So Beautiful,TV Show,TV Comedies,2020,TV-PG
Cops and Robbers,Movie,Dramas,2020,PG-13
Rango,Movie,Children & Family Movies,2011,PG
Rango,Movie,Comedies,2011,PG
Death to 2020,Movie,Comedies,2020,TV-MA
Sakho & Mangane,TV Show,Crime TV Shows,2019,TV-MA
Sakho & Mangane,TV Show,International TV Shows,2019,TV-MA
Sakho & Mangane,TV Show,TV Dramas,2019,TV-MA
DNA,Movie,Dramas,2020,TV-MA
DNA,Movie,International Movies,2020,TV-MA
Regiment Diaries,TV Show,Docuseries,2020,TV-PG
Regiment Diaries,TV Show,International TV Shows,2020,TV-PG
The Magic School Bus Rides Again In the Zone,Movie,Children & Family Movies,2020,TV-Y
AK vs AK,Movie,Comedies,2020,TV-MA
AK vs AK,Movie,Dramas,2020,TV-MA
AK vs AK,Movie,International Movies,2020,TV-MA
Bridgerton,TV Show,Romantic TV Shows,2020,TV-MA
Bridgerton,TV Show,TV Dramas,2020,TV-MA
Isa Pa with Feelings,Movie,International Movies,2019,TV-G
Isa Pa with Feelings,Movie,Romantic Movies,2019,TV-G
We Can Be Heroes,Movie,Children & Family Movies,2020,PG
We Can Be Heroes,Movie,Comedies,2020,PG
Bridezilla,Movie,Comedies,2019,TV-MA
Bridezilla,Movie,Dramas,2019,TV-MA
Bridezilla,Movie,International Movies,2019,TV-MA
Cemara's Family,Movie,Children & Family Movies,2018,TV-G
Cemara's Family,Movie,Dramas,2018,TV-G
Cemara's Family,Movie,International Movies,2018,TV-G
"Hello, Love, Goodbye",Movie,Dramas,2019,TV-14
"Hello, Love, Goodbye",Movie,International Movies,2019,TV-14
"Hello, Love, Goodbye",Movie,Romantic Movies,2019,TV-14
The History of Future Folk,Movie,Action & Adventure,2012,TV-14
The History of Future Folk,Movie,Comedies,2012,TV-14
The History of Future Folk,Movie,Independent Movies,2012,TV-14
The Midnight Sky,Movie,Dramas,2020,PG-13
Your Name Engraved Herein,Movie,Dramas,2020,TV-MA
Your Name Engraved Herein,Movie,International Movies,2020,TV-MA
Your Name Engraved Herein,Movie,LGBTQ Movies,2020,TV-MA
After We Collided,Movie,Dramas,2020,R
After We Collided,Movie,Romantic Movies,2020,R
London Hughes: To Catch a D*ck,Movie,Stand-Up Comedy,2020,TV-MA
Lovestruck in the City,TV Show,International TV Shows,2020,TV-14
Lovestruck in the City,TV Show,Romantic TV Shows,2020,TV-14
Lovestruck in the City,TV Show,TV Comedies,2020,TV-14
QLIMAX THE SOURCE,Movie,Music & Musicals,2020,TV-14
Rhyme Time Town Singalongs,TV Show,Kids' TV,2020,TV-Y
Shaun the Sheep,TV Show,British TV Shows,2016,TV-Y
Shaun the Sheep,TV Show,Kids' TV,2016,TV-Y
Shaun the Sheep,TV Show,TV Comedies,2016,TV-Y
Shaun the Sheep: The Farmer’s Llamas,Movie,Children & Family Movies,2020,TV-Y
Shaun the Sheep: The Farmer’s Llamas,Movie,Comedies,2020,TV-Y
Timmy Time,TV Show,British TV Shows,2010,TV-Y
Timmy Time,TV Show,Kids' TV,2010,TV-Y
"Ariana grande: excuse me, i love you",Movie,Documentaries,2020,TV-MA
"Ariana grande: excuse me, i love you",Movie,Music & Musicals,2020,TV-MA
The Con Is On,Movie,Comedies,2018,R
Mohamed Hussein,Movie,Comedies,2019,TV-14
Mohamed Hussein,Movie,International Movies,2019,TV-14
Rhys Nicholson Live at the Athenaeum,Movie,Stand-Up Comedy,2020,TV-MA
Atlas Shrugged: Part II,Movie,Dramas,2012,PG-13
Diamond City,TV Show,Crime TV Shows,2019,TV-MA
Diamond City,TV Show,International TV Shows,2019,TV-MA
Diamond City,TV Show,TV Dramas,2019,TV-MA
Guest House,Movie,Comedies,2020,R
Home for Christmas,TV Show,International TV Shows,2020,TV-MA
Home for Christmas,TV Show,Romantic TV Shows,2020,TV-MA
Home for Christmas,TV Show,TV Comedies,2020,TV-MA
Ma Rainey's Black Bottom,Movie,Dramas,2020,R
Ma Rainey's Black Bottom,Movie,Music & Musicals,2020,R
Ma Rainey's Black Bottom: A Legacy Brought to Screen,Movie,Documentaries,2020,TV-PG
Ma Rainey's Black Bottom: A Legacy Brought to Screen,Movie,Music & Musicals,2020,TV-PG
Mukhsin,Movie,Children & Family Movies,2006,TV-PG
Mukhsin,Movie,Comedies,2006,TV-PG
Mukhsin,Movie,Dramas,2006,TV-PG
Paava Kadhaigal,TV Show,International TV Shows,2020,TV-MA
Paava Kadhaigal,TV Show,TV Dramas,2020,TV-MA
Rabun,Movie,Dramas,2004,TV-PG
Rabun,Movie,Independent Movies,2004,TV-PG
Rabun,Movie,International Movies,2004,TV-PG
Talentime,Movie,Dramas,2009,TV-14
Talentime,Movie,International Movies,2009,TV-14
Talentime,Movie,Romantic Movies,2009,TV-14
An Unremarkable Christmas,Movie,Comedies,2020,TV-14
An Unremarkable Christmas,Movie,Dramas,2020,TV-14
An Unremarkable Christmas,Movie,International Movies,2020,TV-14
Braven,Movie,Action & Adventure,2018,R
Eggnoid: Love & Time Portal,Movie,Dramas,2019,TV-14
Eggnoid: Love & Time Portal,Movie,International Movies,2019,TV-14
Eggnoid: Love & Time Portal,Movie,Romantic Movies,2019,TV-14
Love You to the Stars and Back,Movie,Comedies,2017,TV-14
Love You to the Stars and Back,Movie,International Movies,2017,TV-14
Love You to the Stars and Back,Movie,Romantic Movies,2017,TV-14
Morphle,TV Show,British TV Shows,2020,TV-Y
Morphle,TV Show,Kids' TV,2020,TV-Y
Run On,TV Show,International TV Shows,2020,TV-MA
Run On,TV Show,Romantic TV Shows,2020,TV-MA
Run On,TV Show,TV Comedies,2020,TV-MA
Sakaling Maging Tayo,Movie,International Movies,2019,TV-14
Sakaling Maging Tayo,Movie,Romantic Movies,2019,TV-14
Schulz Saves America,TV Show,Stand-Up Comedy & Talk Shows,2020,TV-MA
Schulz Saves America,TV Show,TV Comedies,2020,TV-MA
The Wedding Shaman,Movie,Dramas,2019,TV-PG
The Wedding Shaman,Movie,International Movies,2019,TV-PG
The Wedding Shaman,Movie,Romantic Movies,2019,TV-PG
Anitta: Made In Honório,TV Show,Docuseries,2020,TV-MA
Anitta: Made In Honório,TV Show,International TV Shows,2020,TV-MA
BREAK IT ALL: The History of Rock in Latin America,TV Show,Docuseries,2020,TV-MA
BREAK IT ALL: The History of Rock in Latin America,TV Show,Spanish-Language TV Shows,2020,TV-MA
Bwakaw,Movie,Dramas,2012,TV-MA
Bwakaw,Movie,International Movies,2012,TV-MA
Bwakaw,Movie,LGBTQ Movies,2012,TV-MA
How To Ruin Christmas,TV Show,International TV Shows,2020,TV-MA
How To Ruin Christmas,TV Show,TV Comedies,2020,TV-MA
How To Ruin Christmas,TV Show,TV Dramas,2020,TV-MA
Incarnate,Movie,Horror Movies,2016,PG-13
Incarnate,Movie,Thrillers,2016,PG-13
Lee Daniels' The Butler,Movie,Dramas,2013,PG-13
Marvel Anime: Wolverine,TV Show,Anime Series,2011,TV-14
Marvel Anime: Wolverine,TV Show,International TV Shows,2011,TV-14
Marvel Anime: X-Men,TV Show,Anime Series,2011,TV-14
Marvel Anime: X-Men,TV Show,International TV Shows,2011,TV-14
Nocturnal Animals,Movie,Dramas,2016,R
Nocturnal Animals,Movie,Thrillers,2016,R
The Ripper,TV Show,British TV Shows,2020,TV-MA
The Ripper,TV Show,Crime TV Shows,2020,TV-MA
The Ripper,TV Show,Docuseries,2020,TV-MA
Vir Das: Outside In - The Lockdown Special,Movie,Stand-Up Comedy,2020,TV-MA
Black Ink Crew New York,TV Show,Reality TV,2014,TV-14
Grizzlies,Movie,Dramas,2018,R
Grizzlies,Movie,Independent Movies,2018,R
Grizzlies,Movie,Sports Movies,2018,R
Pup Academy,TV Show,Kids' TV,2020,TV-Y
Pup Academy,TV Show,TV Comedies,2020,TV-Y
Song Exploder,TV Show,Docuseries,2020,TV-MA
Teen Mom 2,TV Show,Reality TV,2011,TV-14
The Challenge,TV Show,Reality TV,2006,TV-14
The Professor and the Madman,Movie,Dramas,2019,TV-14
The Professor and the Madman,Movie,Independent Movies,2019,TV-14
A California Christmas,Movie,Comedies,2020,PG-13
A California Christmas,Movie,Romantic Movies,2020,PG-13
Hilda,TV Show,Kids' TV,2021,TV-Y7
Tiny Pretty Things,TV Show,TV Dramas,2020,TV-MA
Tiny Pretty Things,TV Show,TV Mysteries,2020,TV-MA
Tiny Pretty Things,TV Show,TV Thrillers,2020,TV-MA
The Netflix Afterparty: The Best Shows of The Worst Year,Movie,Comedies,2020,TV-MA
Children of Adam,TV Show,International TV Shows,2020,TV-14
Children of Adam,TV Show,TV Dramas,2020,TV-14
Children of Adam,TV Show,TV Thrillers,2020,TV-14
Grizzy et les Lemmings,TV Show,Kids' TV,2018,TV-Y
Grizzy et les Lemmings,TV Show,TV Comedies,2018,TV-Y
A Trash Truck Christmas,Movie,Children & Family Movies,2020,TV-Y
Canvas,Movie,Children & Family Movies,2020,G
Canvas,Movie,Dramas,2020,G
Giving Voice,Movie,Documentaries,2020,PG-13
The Mess You Leave Behind,TV Show,International TV Shows,2020,TV-MA
The Mess You Leave Behind,TV Show,Spanish-Language TV Shows,2020,TV-MA
The Mess You Leave Behind,TV Show,TV Dramas,2020,TV-MA
The Prom,Movie,Comedies,2020,PG-13
The Prom,Movie,LGBTQ Movies,2020,PG-13
The Prom,Movie,Music & Musicals,2020,PG-13
Torbaaz,Movie,Dramas,2020,TV-MA
Torbaaz,Movie,International Movies,2020,TV-MA
Torbaaz,Movie,Sports Movies,2020,TV-MA
Alice in Borderland,TV Show,International TV Shows,2020,TV-MA
Alice in Borderland,TV Show,TV Action & Adventure,2020,TV-MA
Alice in Borderland,TV Show,TV Mysteries,2020,TV-MA
Funny Boy,Movie,Dramas,2020,TV-MA
Funny Boy,Movie,LGBTQ Movies,2020,TV-MA
Futmalls.com,TV Show,Crime TV Shows,2020,TV-14
Futmalls.com,TV Show,International TV Shows,2020,TV-14
Futmalls.com,TV Show,TV Dramas,2020,TV-14
Just The Way You Are,Movie,International Movies,2016,TV-G
Just The Way You Are,Movie,Romantic Movies,2016,TV-G
She's the One,Movie,Dramas,2013,TV-14
She's the One,Movie,International Movies,2013,TV-14
She's the One,Movie,Romantic Movies,2013,TV-14
The Panti Sisters,Movie,Comedies,2019,TV-MA
The Panti Sisters,Movie,International Movies,2019,TV-MA
The Panti Sisters,Movie,LGBTQ Movies,2019,TV-MA
"Kalel, 15",Movie,Dramas,2019,TV-MA
"Kalel, 15",Movie,Independent Movies,2019,TV-MA
"Kalel, 15",Movie,International Movies,2019,TV-MA
Masameer Classics,TV Show,International TV Shows,2013,TV-14
Masameer Classics,TV Show,TV Comedies,2013,TV-14
Once Upon a Time,TV Show,International TV Shows,2019,TV-14
Once Upon a Time,TV Show,Romantic TV Shows,2019,TV-14
Once Upon a Time,TV Show,TV Dramas,2019,TV-14
Rose Island,Movie,Comedies,2020,TV-14
Rose Island,Movie,Dramas,2020,TV-14
Rose Island,Movie,International Movies,2020,TV-14
The Big Show Show,TV Show,Kids' TV,2020,TV-G
The Big Show Show,TV Show,TV Comedies,2020,TV-G
The Expanding Universe of Ashley Garcia,TV Show,Kids' TV,2020,TV-PG
The Expanding Universe of Ashley Garcia,TV Show,TV Comedies,2020,TV-PG
The Expanding Universe of Ashley Garcia,TV Show,Teen TV Shows,2020,TV-PG
The Surgeon's Cut,TV Show,Docuseries,2020,TV-14
The Surgeon's Cut,TV Show,Science & Nature TV,2020,TV-14
André & his olive tree,Movie,Documentaries,2020,TV-PG
André & his olive tree,Movie,International Movies,2020,TV-PG
Bobbleheads The Movie,Movie,Children & Family Movies,2020,PG
Bobbleheads The Movie,Movie,Comedies,2020,PG
Emicida: AmarElo - It’s All For Yesterday,Movie,Documentaries,2020,TV-MA
Emicida: AmarElo - It’s All For Yesterday,Movie,International Movies,2020,TV-MA
Emicida: AmarElo - It’s All For Yesterday,Movie,Music & Musicals,2020,TV-MA
Juman,TV Show,International TV Shows,2019,TV-PG
Juman,TV Show,Romantic TV Shows,2019,TV-PG
Juman,TV Show,TV Dramas,2019,TV-PG
Mr. Iglesias,TV Show,TV Comedies,2020,TV-14
Mr. Iglesias,TV Show,Teen TV Shows,2020,TV-14
Spirit Riding Free: Ride Along Adventure,Movie,Children & Family Movies,2020,TV-Y7
Super Monsters: Santa’s Super Monster Helpers,Movie,Children & Family Movies,2020,TV-Y
Triple 9,Movie,Dramas,2016,R
Triple 9,Movie,Thrillers,2016,R
100 Days My Prince,TV Show,International TV Shows,2018,TV-14
100 Days My Prince,TV Show,Romantic TV Shows,2018,TV-14
100 Days My Prince,TV Show,TV Dramas,2018,TV-14
Ava,Movie,Action & Adventure,2020,R
Ava,Movie,Dramas,2020,R
Manhunt: Deadly Games,TV Show,Crime TV Shows,2020,TV-14
Manhunt: Deadly Games,TV Show,TV Dramas,2020,TV-14
Manhunt: Deadly Games,TV Show,TV Mysteries,2020,TV-14
Room 2806: The Accusation,TV Show,Crime TV Shows,2020,TV-MA
Room 2806: The Accusation,TV Show,Docuseries,2020,TV-MA
Room 2806: The Accusation,TV Show,International TV Shows,2020,TV-MA
Detention,TV Show,International TV Shows,2020,TV-MA
Detention,TV Show,TV Dramas,2020,TV-MA
Detention,TV Show,TV Horror,2020,TV-MA
Mighty Express: A Mighty Christmas,Movie,Children & Family Movies,2020,TV-Y
Bhaag Beanie Bhaag,TV Show,International TV Shows,2020,TV-MA
Bhaag Beanie Bhaag,TV Show,Romantic TV Shows,2020,TV-MA
Bhaag Beanie Bhaag,TV Show,TV Comedies,2020,TV-MA
Big Mouth,TV Show,TV Comedies,2020,TV-MA
Captain Underpants Mega Blissmas,Movie,Children & Family Movies,2020,TV-Y7
Captain Underpants Mega Blissmas,Movie,Comedies,2020,TV-Y7
Christmas Crossfire,Movie,Comedies,2020,TV-MA
Christmas Crossfire,Movie,International Movies,2020,TV-MA
Christmas Crossfire,Movie,Thrillers,2020,TV-MA
Kings of Jo'Burg,TV Show,Crime TV Shows,2020,TV-MA
Kings of Jo'Burg,TV Show,International TV Shows,2020,TV-MA
Kings of Jo'Burg,TV Show,TV Dramas,2020,TV-MA
Leyla Everlasting,Movie,Comedies,2020,TV-MA
Leyla Everlasting,Movie,International Movies,2020,TV-MA
MANK,Movie,Dramas,2020,R
MANK,Movie,Independent Movies,2020,R
The Great British Baking Show: Holidays,TV Show,British TV Shows,2020,TV-MA
The Great British Baking Show: Holidays,TV Show,Reality TV,2020,TV-MA
You Are My Home,Movie,Children & Family Movies,2020,TV-PG
You Are My Home,Movie,Dramas,2020,TV-PG
Between Maybes,Movie,Dramas,2019,TV-14
Between Maybes,Movie,International Movies,2019,TV-14
Between Maybes,Movie,Romantic Movies,2019,TV-14
Break,Movie,Comedies,2018,TV-MA
Break,Movie,Dramas,2018,TV-MA
Break,Movie,International Movies,2018,TV-MA
Chico Bon Bon and the Very Berry Holiday,Movie,Children & Family Movies,2020,TV-Y
Just Another Christmas,Movie,Comedies,2020,TV-MA
Just Another Christmas,Movie,International Movies,2020,TV-MA
Must Be... Love,Movie,Comedies,2013,TV-14
Must Be... Love,Movie,Dramas,2013,TV-14
Must Be... Love,Movie,International Movies,2013,TV-14
Alien Worlds,TV Show,British TV Shows,2020,TV-PG
Alien Worlds,TV Show,Docuseries,2020,TV-PG
Alien Worlds,TV Show,International TV Shows,2020,TV-PG
Ari Eldjárn: Pardon My Icelandic,Movie,Stand-Up Comedy,2020,TV-MA
Check The Store Next Door: The Next Chapter,TV Show,International TV Shows,2020,TV-14
Check The Store Next Door: The Next Chapter,TV Show,TV Comedies,2020,TV-14
Check The Store Next Door: The Next Chapter,TV Show,TV Dramas,2020,TV-14
Fierce,Movie,Comedies,2020,TV-MA
Fierce,Movie,Dramas,2020,TV-MA
Fierce,Movie,International Movies,2020,TV-MA
Hazel Brugger: Tropical,Movie,Stand-Up Comedy,2020,TV-MA
3 Days to Kill,Movie,Action & Adventure,2014,PG-13
Angela's Christmas Wish,Movie,Children & Family Movies,2020,TV-Y
Angels & Demons,Movie,Thrillers,2009,PG-13
Are You The One,TV Show,Reality TV,2014,TV-14
Chef,Movie,Comedies,2014,R
Chef,Movie,Independent Movies,2014,R
Effie Gray,Movie,Dramas,2014,PG-13
Effie Gray,Movie,International Movies,2014,PG-13
Effie Gray,Movie,Romantic Movies,2014,PG-13
Gormiti,TV Show,Kids' TV,2018,TV-Y
Ink Master,TV Show,Reality TV,2012,TV-14
Monster House,Movie,Children & Family Movies,2006,PG
Monster House,Movie,Comedies,2006,PG
Natalie Palamides: Nate - A One Man Show,Movie,Comedies,2020,TV-MA
Octonauts,TV Show,British TV Shows,2015,TV-Y
Octonauts,TV Show,Kids' TV,2015,TV-Y
Oddbods,TV Show,Kids' TV,2017,TV-Y
Oddbods,TV Show,TV Comedies,2017,TV-Y
Peppermint,Movie,Action & Adventure,2018,R
Quigley Down Under,Movie,Action & Adventure,1990,PG-13
Stargate SG-1,TV Show,Classic & Cult TV,2006,TV-MA
Stargate SG-1,TV Show,TV Action & Adventure,2006,TV-MA
Stargate SG-1,TV Show,TV Sci-Fi & Fantasy,2006,TV-MA
The Bachelorette,TV Show,Reality TV,2010,TV-14
The Bachelorette,TV Show,Romantic TV Shows,2010,TV-14
The Da Vinci Code,Movie,Thrillers,2006,PG-13
The Guest,TV Show,International TV Shows,2018,TV-14
The Guest,TV Show,TV Horror,2018,TV-14
The Guest,TV Show,TV Mysteries,2018,TV-14
The Happytime Murders,Movie,Action & Adventure,2018,R
The Happytime Murders,Movie,Comedies,2018,R
The Holiday Movies That Made Us,TV Show,Docuseries,2020,TV-PG
The Repair Shop,TV Show,British TV Shows,2018,TV-PG
The Repair Shop,TV Show,Reality TV,2018,TV-PG
U-Turn,Movie,Horror Movies,2020,TV-MA
U-Turn,Movie,International Movies,2020,TV-MA
Finding Agnes,Movie,Dramas,2020,TV-PG
Finding Agnes,Movie,International Movies,2020,TV-PG
Rust Creek,Movie,Thrillers,2018,R
Spookley and the Christmas Kittens,Movie,Children & Family Movies,2019,TV-Y
The 2nd,Movie,Action & Adventure,2020,TV-MA
The Uncanny Counter,TV Show,International TV Shows,2020,TV-14
The Uncanny Counter,TV Show,TV Action & Adventure,2020,TV-14
The Uncanny Counter,TV Show,TV Dramas,2020,TV-14
A Go! Go! Cory Carson Christmas,Movie,Children & Family Movies,2020,TV-Y
Dance Dreams: Hot Chocolate Nutcracker,Movie,Children & Family Movies,2020,TV-PG
Dance Dreams: Hot Chocolate Nutcracker,Movie,Documentaries,2020,TV-PG
Don’t Listen,Movie,Horror Movies,2020,TV-MA
Don’t Listen,Movie,International Movies,2020,TV-MA
Fabulous Lives of Bollywood Wives,TV Show,International TV Shows,2020,TV-MA
Fabulous Lives of Bollywood Wives,TV Show,Reality TV,2020,TV-MA
Heartbreak High,TV Show,International TV Shows,1999,TV-14
Heartbreak High,TV Show,TV Dramas,1999,TV-14
Heartbreak High,TV Show,Teen TV Shows,1999,TV-14
Over Christmas,TV Show,International TV Shows,2020,TV-MA
Over Christmas,TV Show,Romantic TV Shows,2020,TV-MA
Over Christmas,TV Show,TV Comedies,2020,TV-MA
Sugar Rush Christmas,TV Show,Reality TV,2020,TV-14
The Beast,Movie,Action & Adventure,2020,TV-MA
The Beast,Movie,International Movies,2020,TV-MA
The Call,Movie,International Movies,2020,TV-MA
The Call,Movie,Thrillers,2020,TV-MA
Fantastica,Movie,Comedies,2018,TV-PG
Fantastica,Movie,International Movies,2018,TV-PG
Fantastica,Movie,LGBTQ Movies,2018,TV-PG
Larry the Cable Guy: Remain Seated,Movie,Stand-Up Comedy,2020,TV-14
Mosul,Movie,Action & Adventure,2020,TV-MA
Mosul,Movie,Dramas,2020,TV-MA
Mosul,Movie,International Movies,2020,TV-MA
Unexpectedly Yours,Movie,Comedies,2017,TV-14
Unexpectedly Yours,Movie,International Movies,2017,TV-14
Unexpectedly Yours,Movie,Romantic Movies,2017,TV-14
Ghosts of War,Movie,Horror Movies,2020,R
Great Pretender,TV Show,Anime Series,2020,TV-MA
Great Pretender,TV Show,Crime TV Shows,2020,TV-MA
Great Pretender,TV Show,International TV Shows,2020,TV-MA
Shawn Mendes: Live in Concert,Movie,Music & Musicals,2020,TV-PG
The Christmas Chronicles: Part Two,Movie,Children & Family Movies,2020,PG
The Christmas Chronicles: Part Two,Movie,Comedies,2020,PG
Andhaghaaram,Movie,Horror Movies,2020,TV-14
Andhaghaaram,Movie,International Movies,2020,TV-14
Andhaghaaram,Movie,Thrillers,2020,TV-14
Andhakaaram,Movie,Horror Movies,2020,TV-14
Andhakaaram,Movie,International Movies,2020,TV-14
Andhakaaram,Movie,Thrillers,2020,TV-14
Before 30,TV Show,International TV Shows,2015,TV-MA
Before 30,TV Show,Romantic TV Shows,2015,TV-MA
Before 30,TV Show,TV Comedies,2015,TV-MA
Dragons: Rescue Riders: Huttsgalor Holiday,Movie,Children & Family Movies,2020,TV-Y
Dragons: Rescue Riders: Huttsgalor Holiday,Movie,Comedies,2020,TV-Y
Hillbilly Elegy,Movie,Dramas,2020,R
Notes for My Son,Movie,Dramas,2020,TV-MA
Notes for My Son,Movie,International Movies,2020,TV-MA
Valentino,TV Show,International TV Shows,2020,TV-14
Valentino,TV Show,TV Comedies,2020,TV-14
Valentino,TV Show,TV Dramas,2020,TV-14
Hard Kill,Movie,Action & Adventure,2020,R
Shawn Mendes: In Wonder,Movie,Documentaries,2020,TV-MA
Shawn Mendes: In Wonder,Movie,Music & Musicals,2020,TV-MA
Strongest Deliveryman,TV Show,International TV Shows,2017,TV-MA
Strongest Deliveryman,TV Show,Romantic TV Shows,2017,TV-MA
Strongest Deliveryman,TV Show,TV Dramas,2017,TV-MA
The Suit,Movie,Action & Adventure,2018,TV-14
The Suit,Movie,Comedies,2018,TV-14
The Suit,Movie,International Movies,2018,TV-14
Dolly Parton’s Christmas on the Square,Movie,Children & Family Movies,2020,TV-PG
Dolly Parton’s Christmas on the Square,Movie,Music & Musicals,2020,TV-PG
Machete Kills,Movie,Action & Adventure,2013,R
40 Sticks,Movie,International Movies,2019,TV-14
40 Sticks,Movie,Thrillers,2019,TV-14
Alien Xmas,Movie,Children & Family Movies,2020,TV-Y
Flavorful Origins,TV Show,Docuseries,2020,TV-G
Flavorful Origins,TV Show,International TV Shows,2020,TV-G
Heart & Soul,TV Show,International TV Shows,2019,TV-14
Heart & Soul,TV Show,TV Dramas,2019,TV-14
If Anything Happens I Love You,Movie,Dramas,2020,PG
Mismatched,TV Show,International TV Shows,2020,TV-MA
Mismatched,TV Show,Romantic TV Shows,2020,TV-MA
Mismatched,TV Show,TV Comedies,2020,TV-MA
The App That Stole Christmas,Movie,Children & Family Movies,2020,TV-PG
The App That Stole Christmas,Movie,Comedies,2020,TV-PG
Voices of Fire,TV Show,Docuseries,2020,TV-PG
Voices of Fire,TV Show,Reality TV,2020,TV-PG
Black Friday,Movie,Dramas,2004,TV-MA
Black Friday,Movie,International Movies,2004,TV-MA
Bodyguard,Movie,Action & Adventure,2011,TV-14
Bodyguard,Movie,Comedies,2011,TV-14
Bodyguard,Movie,International Movies,2011,TV-14
Break Ke Baad,Movie,Comedies,2010,TV-14
Break Ke Baad,Movie,International Movies,2010,TV-14
Break Ke Baad,Movie,Music & Musicals,2010,TV-14
Hawaizaada,Movie,Dramas,2015,TV-14
Hawaizaada,Movie,International Movies,2015,TV-14
Hawaizaada,Movie,Romantic Movies,2015,TV-14
My Amnesia Girl,Movie,International Movies,2010,TV-14
My Amnesia Girl,Movie,Romantic Movies,2010,TV-14
Raman Raghav 2.0,Movie,International Movies,2016,TV-MA
Raman Raghav 2.0,Movie,Thrillers,2016,TV-MA
Singham,Movie,Action & Adventure,2011,TV-14
Singham,Movie,Dramas,2011,TV-14
Singham,Movie,International Movies,2011,TV-14
TE3N,Movie,Dramas,2016,TV-14
TE3N,Movie,International Movies,2016,TV-14
TE3N,Movie,Thrillers,2016,TV-14
The Princess Switch: Switched Again,Movie,Children & Family Movies,2020,TV-G
The Princess Switch: Switched Again,Movie,Comedies,2020,TV-G
The Princess Switch: Switched Again,Movie,Dramas,2020,TV-G
Three Words to Forever,Movie,Comedies,2018,TV-G
Three Words to Forever,Movie,Dramas,2018,TV-G
Three Words to Forever,Movie,International Movies,2018,TV-G
Well Done Abba,Movie,Comedies,2009,TV-14
Well Done Abba,Movie,International Movies,2009,TV-14
Holiday Home Makeover with Mr. Christmas,TV Show,Reality TV,2020,TV-G
Ainu Mosir,Movie,Dramas,2020,TV-PG
Ainu Mosir,Movie,International Movies,2020,TV-PG
Kevin Hart: Zero F**ks Given,Movie,Stand-Up Comedy,2020,TV-MA
The Boss Baby: Back in Business,TV Show,Kids' TV,2020,TV-Y7
The Boss Baby: Back in Business,TV Show,TV Comedies,2020,TV-Y7
We Are the Champions,TV Show,Docuseries,2020,TV-MA
We Are the Champions,TV Show,Reality TV,2020,TV-MA
Loving,Movie,Dramas,2016,PG-13
Loving,Movie,Romantic Movies,2016,PG-13
Whose Streets?,Movie,Documentaries,2017,R
A Very Country Christmas,Movie,Music & Musicals,2017,TV-G
A Very Country Christmas,Movie,Romantic Movies,2017,TV-G
America's Next Top Model,TV Show,Reality TV,2013,TV-14
Beyblade Burst Rise,TV Show,Anime Series,2019,TV-Y
Beyblade Burst Rise,TV Show,Kids' TV,2019,TV-Y
Cloudy with a Chance of Meatballs 2,Movie,Children & Family Movies,2013,PG
Cloudy with a Chance of Meatballs 2,Movie,Comedies,2013,PG
Hometown Holiday,Movie,Romantic Movies,2018,TV-G
Polly Pocket,TV Show,Kids' TV,2021,TV-Y
Survivor,TV Show,Reality TV,2014,TV-14
The Crown,TV Show,British TV Shows,2020,TV-MA
The Crown,TV Show,International TV Shows,2020,TV-MA
The Crown,TV Show,TV Dramas,2020,TV-MA
White Christmas,Movie,Children & Family Movies,1954,TV-G
White Christmas,Movie,Classic Movies,1954,TV-G
White Christmas,Movie,Comedies,1954,TV-G
Killer Cove,Movie,Thrillers,2019,TV-14
American Horror Story,TV Show,TV Horror,2019,TV-MA
American Horror Story,TV Show,TV Mysteries,2019,TV-MA
American Horror Story,TV Show,TV Thrillers,2019,TV-MA
Fukrey Boyzzz: Space Mein Fukrapanti,Movie,Children & Family Movies,2020,TV-Y7
Fukrey Boyzzz: Space Mein Fukrapanti,Movie,Comedies,2020,TV-Y7
Jingle Jangle: A Christmas Journey,Movie,Children & Family Movies,2020,PG
Jingle Jangle: A Christmas Journey,Movie,Music & Musicals,2020,PG
The Beginning of Life 2: Outside,Movie,Documentaries,2020,TV-PG
The Beginning of Life 2: Outside,Movie,International Movies,2020,TV-PG
The Life Ahead,Movie,Dramas,2020,PG-13
The Life Ahead,Movie,International Movies,2020,PG-13
The Minions of Midas,TV Show,Crime TV Shows,2020,TV-MA
The Minions of Midas,TV Show,International TV Shows,2020,TV-MA
The Minions of Midas,TV Show,Spanish-Language TV Shows,2020,TV-MA
A Very Special Love,Movie,International Movies,2008,TV-G
A Very Special Love,Movie,Romantic Movies,2008,TV-G
Ethos,TV Show,International TV Shows,2020,TV-MA
Ethos,TV Show,TV Dramas,2020,TV-MA
First Love,Movie,Dramas,2018,TV-MA
First Love,Movie,International Movies,2018,TV-MA
First Love,Movie,Romantic Movies,2018,TV-MA
Fruitvale Station,Movie,Dramas,2013,R
Fruitvale Station,Movie,Independent Movies,2013,R
Graceful Friends,TV Show,Crime TV Shows,2020,TV-MA
Graceful Friends,TV Show,International TV Shows,2020,TV-MA
Graceful Friends,TV Show,TV Dramas,2020,TV-MA
Ludo,Movie,Comedies,2020,TV-MA
Ludo,Movie,Dramas,2020,TV-MA
Ludo,Movie,International Movies,2020,TV-MA
Memories of a Teenager,Movie,Dramas,2019,TV-MA
Memories of a Teenager,Movie,International Movies,2019,TV-MA
Memories of a Teenager,Movie,LGBTQ Movies,2019,TV-MA
Prom Night,Movie,Horror Movies,2008,PG-13
A Queen Is Born,TV Show,International TV Shows,2020,TV-14
A Queen Is Born,TV Show,Reality TV,2020,TV-14
Aunty Donna's Big Ol' House of Fun,TV Show,TV Comedies,2020,TV-MA
The Liberator,TV Show,TV Action & Adventure,2020,TV-MA
The Liberator,TV Show,TV Dramas,2020,TV-MA
Trial 4,TV Show,Crime TV Shows,2020,TV-MA
Trial 4,TV Show,Docuseries,2020,TV-MA
We Are All For The Fatherland,Movie,Documentaries,1979,TV-14
We Are All For The Fatherland,Movie,International Movies,1979,TV-14
What We Wanted,Movie,Dramas,2020,TV-MA
What We Wanted,Movie,International Movies,2020,TV-MA
A Lion in the House,TV Show,TV Shows,2006,TV-14
DASH & LILY,TV Show,Romantic TV Shows,2020,TV-14
DASH & LILY,TV Show,TV Comedies,2020,TV-14
DASH & LILY,TV Show,TV Dramas,2020,TV-14
Bakugan: Armored Alliance,TV Show,Anime Series,2020,TV-Y7
Bakugan: Armored Alliance,TV Show,Kids' TV,2020,TV-Y7
Bakugan: Battle Planet,TV Show,Anime Series,2018,TV-PG
Bakugan: Battle Planet,TV Show,Kids' TV,2018,TV-PG
Citation,Movie,Dramas,2020,TV-MA
Citation,Movie,International Movies,2020,TV-MA
Country Ever After,TV Show,Reality TV,2020,TV-PG
Girl's Revenge,Movie,Dramas,2020,TV-MA
Girl's Revenge,Movie,International Movies,2020,TV-MA
The Endless Trench,Movie,Dramas,2019,TV-MA
The Endless Trench,Movie,Independent Movies,2019,TV-MA
The Endless Trench,Movie,International Movies,2019,TV-MA
The Late Bloomer,Movie,Comedies,2016,R
Wrong Kind of Black,TV Show,International TV Shows,2018,TV-MA
Wrong Kind of Black,TV Show,TV Comedies,2018,TV-MA
Wrong Kind of Black,TV Show,TV Dramas,2018,TV-MA
A New York Christmas Wedding,Movie,Dramas,2020,TV-MA
A New York Christmas Wedding,Movie,LGBTQ Movies,2020,TV-MA
A New York Christmas Wedding,Movie,Romantic Movies,2020,TV-MA
Alone/Together,Movie,Dramas,2019,TV-14
Alone/Together,Movie,International Movies,2019,TV-14
Alone/Together,Movie,Romantic Movies,2019,TV-14
Carmel: Who Killed Maria Marta?,TV Show,Crime TV Shows,2020,TV-14
Carmel: Who Killed Maria Marta?,TV Show,Docuseries,2020,TV-14
Carmel: Who Killed Maria Marta?,TV Show,International TV Shows,2020,TV-14
Midnight at the Magnolia,Movie,Comedies,2020,TV-G
Midnight at the Magnolia,Movie,Romantic Movies,2020,TV-G
One More Try,Movie,Dramas,2012,TV-14
One More Try,Movie,International Movies,2012,TV-14
One More Try,Movie,Romantic Movies,2012,TV-14
Operation Christmas Drop,Movie,Children & Family Movies,2020,TV-G
Operation Christmas Drop,Movie,Comedies,2020,TV-G
Operation Christmas Drop,Movie,Romantic Movies,2020,TV-G
Paranormal,TV Show,International TV Shows,2020,TV-14
Paranormal,TV Show,TV Dramas,2020,TV-14
Paranormal,TV Show,TV Horror,2020,TV-14
A Christmas Catch,Movie,Dramas,2018,TV-G
A Christmas Catch,Movie,Romantic Movies,2018,TV-G
Christmas with a Prince,Movie,Comedies,2018,TV-PG
Christmas with a Prince,Movie,Dramas,2018,TV-PG
Christmas with a Prince,Movie,Romantic Movies,2018,TV-PG
Love & Anarchy,TV Show,International TV Shows,2020,TV-MA
Love & Anarchy,TV Show,Romantic TV Shows,2020,TV-MA
Love & Anarchy,TV Show,TV Comedies,2020,TV-MA
Miss India,Movie,Dramas,2020,TV-PG
Miss India,Movie,International Movies,2020,TV-PG
Felix Lobrecht: Hype,Movie,Stand-Up Comedy,2020,TV-MA
MOTHER,Movie,Dramas,2020,TV-14
MOTHER,Movie,International Movies,2020,TV-14
The Beginning of Life,Movie,Documentaries,2016,TV-PG
The Beginning of Life,Movie,International Movies,2016,TV-PG
Ya no estoy aquí: Una conversación entre Guillermo del Toro y Alfonso Cuarón,Movie,Documentaries,2020,TV-PG
Can You Hear Me?,TV Show,International TV Shows,2020,TV-MA
Can You Hear Me?,TV Show,TV Comedies,2020,TV-MA
Can You Hear Me?,TV Show,TV Dramas,2020,TV-MA
Prospect,Movie,Sci-Fi & Fantasy,2018,R
Prospect,Movie,Thrillers,2018,R
60 Days In,TV Show,Reality TV,2019,TV-MA
Christmas Break-In,Movie,Children & Family Movies,2019,TV-PG
Christmas Break-In,Movie,Comedies,2019,TV-PG
Dawson's Creek,TV Show,Romantic TV Shows,2002,TV-14
Dawson's Creek,TV Show,TV Dramas,2002,TV-14
Dawson's Creek,TV Show,Teen TV Shows,2002,TV-14
Elf Pets: A Fox Cub’s Christmas Tale,Movie,Children & Family Movies,2020,TV-Y
Elf Pets: Santa’s Reindeer Rescue,Movie,Children & Family Movies,2020,TV-Y
Elliot the Littlest Reindeer,Movie,Children & Family Movies,2018,PG
Forged in Fire,TV Show,Reality TV,2019,TV-14
Leah Remini: Scientology and the Aftermath,TV Show,Docuseries,2018,TV-14
LEGO Jurassic World: Legend of Isla Nublar,TV Show,Kids' TV,2019,TV-Y
LEGO Jurassic World: Secret Exhibit,TV Show,Kids' TV,2018,TV-Y
LEGO Ninjago,TV Show,Kids' TV,2020,TV-Y7
LEGO Ninjago: Masters of Spinjitzu,TV Show,Kids' TV,2019,TV-Y7
LEGO: CITY Adventures,TV Show,Kids' TV,2019,TV-Y
LEGO: CITY Adventures,TV Show,TV Comedies,2019,TV-Y
Little Monsters,Movie,Children & Family Movies,1989,PG
Little Monsters,Movie,Comedies,1989,PG
Mile 22,Movie,Action & Adventure,2018,R
Piercing,Movie,Dramas,2018,R
Piercing,Movie,Independent Movies,2018,R
Piercing,Movie,Thrillers,2018,R
Snowden,Movie,Dramas,2016,R
Snowden,Movie,Thrillers,2016,R
The Garfield Show,TV Show,Kids' TV,2018,TV-Y
The Garfield Show,TV Show,TV Comedies,2018,TV-Y
The Good Detective,TV Show,Crime TV Shows,2020,TV-MA
The Good Detective,TV Show,International TV Shows,2020,TV-MA
The Good Detective,TV Show,TV Dramas,2020,TV-MA
The Impossible,Movie,Dramas,2012,PG-13
The Next Karate Kid,Movie,Action & Adventure,1994,PG
The Next Karate Kid,Movie,Dramas,1994,PG
The Next Karate Kid,Movie,Sports Movies,1994,PG
Voice,TV Show,Crime TV Shows,2018,TV-14
Voice,TV Show,International TV Shows,2018,TV-14
Voice,TV Show,Korean TV Shows,2018,TV-14
Wheels of Fortune,Movie,Comedies,2020,R
Wheels of Fortune,Movie,Sports Movies,2020,R
Afronta! Facing It!,TV Show,Docuseries,2017,TV-PG
Afronta! Facing It!,TV Show,International TV Shows,2017,TV-PG
The 12th Man,Movie,Action & Adventure,2018,TV-MA
The 12th Man,Movie,Dramas,2018,TV-MA
The 12th Man,Movie,International Movies,2018,TV-MA
Zumbo's Just Desserts,TV Show,International TV Shows,2019,TV-PG
Zumbo's Just Desserts,TV Show,Reality TV,2019,TV-PG
Hidden in Plain Sight,Movie,Dramas,2019,TV-14
Hidden in Plain Sight,Movie,Independent Movies,2019,TV-14
Hidden in Plain Sight,Movie,Thrillers,2019,TV-14
His House,Movie,Horror Movies,2020,TV-14
His House,Movie,Independent Movies,2020,TV-14
In Line,Movie,Dramas,2017,TV-14
In Line,Movie,International Movies,2017,TV-14
Kaali Khuhi,Movie,Horror Movies,2020,TV-14
Kaali Khuhi,Movie,International Movies,2020,TV-14
Kongsuni and Friends,TV Show,Kids' TV,2020,TV-Y
Kongsuni and Friends,TV Show,Korean TV Shows,2020,TV-Y
Marvel's Agents of S.H.I.E.L.D.,TV Show,TV Action & Adventure,2020,TV-14
Marvel's Agents of S.H.I.E.L.D.,TV Show,TV Sci-Fi & Fantasy,2020,TV-14
Rogue City,Movie,Dramas,2020,TV-MA
Rogue City,Movie,International Movies,2020,TV-MA
Rogue City,Movie,Thrillers,2020,TV-MA
Somebody Feed Phil,TV Show,Docuseries,2020,TV-14
Somebody Feed Phil,TV Show,Reality TV,2020,TV-14
Suburra: Blood on Rome,TV Show,Crime TV Shows,2020,TV-MA
Suburra: Blood on Rome,TV Show,International TV Shows,2020,TV-MA
Suburra: Blood on Rome,TV Show,TV Dramas,2020,TV-MA
The Day of the Lord,Movie,Horror Movies,2020,TV-MA
The Day of the Lord,Movie,International Movies,2020,TV-MA
Pagpag: Nine Lives,Movie,Horror Movies,2013,TV-14
Pagpag: Nine Lives,Movie,International Movies,2013,TV-14
Holidate,Movie,Comedies,2020,TV-MA
Holidate,Movie,Romantic Movies,2020,TV-MA
La Gran Ilusión,Movie,International Movies,2016,TV-14
Metallica Through The Never,Movie,Music & Musicals,2013,R
Nobody Sleeps in the Woods Tonight,Movie,Horror Movies,2020,TV-MA
Nobody Sleeps in the Woods Tonight,Movie,International Movies,2020,TV-MA
Secrets of the Saqqara Tomb,Movie,Documentaries,2020,TV-PG
Blood of Zeus,TV Show,Anime Series,2020,TV-MA
Chico Bon Bon: Monkey with a Tool Belt,TV Show,Kids' TV,2020,TV-Y
Guillermo Vilas: Settling the Score,Movie,Documentaries,2020,TV-14
Guillermo Vilas: Settling the Score,Movie,International Movies,2020,TV-14
Guillermo Vilas: Settling the Score,Movie,Sports Movies,2020,TV-14
Sarah Cooper: Everything's Fine,Movie,Comedies,2020,TV-MA
The Devil Punisher,TV Show,International TV Shows,2020,TV-14
The Devil Punisher,TV Show,Romantic TV Shows,2020,TV-14
The Devil Punisher,TV Show,TV Mysteries,2020,TV-14
Ajab Prem Ki Ghazab Kahani,Movie,Comedies,2009,TV-14
Ajab Prem Ki Ghazab Kahani,Movie,International Movies,2009,TV-14
Ajab Prem Ki Ghazab Kahani,Movie,Music & Musicals,2009,TV-14
Black '47,Movie,Action & Adventure,2018,R
Black '47,Movie,Dramas,2018,R
Black '47,Movie,Independent Movies,2018,R
I Am Woman,Movie,Dramas,2019,TV-MA
I Am Woman,Movie,Music & Musicals,2019,TV-MA
Alice Junior,Movie,Comedies,2019,TV-MA
Alice Junior,Movie,International Movies,2019,TV-MA
Alice Junior,Movie,LGBTQ Movies,2019,TV-MA
Barbarians,TV Show,International TV Shows,2020,TV-MA
Barbarians,TV Show,TV Action & Adventure,2020,TV-MA
Barbarians,TV Show,TV Dramas,2020,TV-MA
Move,TV Show,Docuseries,2020,TV-MA
Move,TV Show,International TV Shows,2020,TV-MA
Over the Moon,Movie,Children & Family Movies,2020,PG
Over the Moon,Movie,Music & Musicals,2020,PG
Shattered Memories,Movie,Dramas,2018,TV-14
Shattered Memories,Movie,Thrillers,2018,TV-14
Stolen Away,TV Show,Crime TV Shows,2020,TV-MA
Stolen Away,TV Show,International TV Shows,2020,TV-MA
Stolen Away,TV Show,Spanish-Language TV Shows,2020,TV-MA
The Queen's Gambit,TV Show,TV Dramas,2020,TV-MA
Bending the Arc,Movie,Documentaries,2017,TV-MA
Cadaver,Movie,Horror Movies,2020,TV-MA
Cadaver,Movie,International Movies,2020,TV-MA
Exes Baggage,Movie,Dramas,2018,TV-MA
Exes Baggage,Movie,International Movies,2018,TV-MA
Exes Baggage,Movie,Romantic Movies,2018,TV-MA
Fisherman's Friends,Movie,Comedies,2019,PG-13
Fisherman's Friends,Movie,Dramas,2019,PG-13
Fisherman's Friends,Movie,Music & Musicals,2019,PG-13
The Hows of Us,Movie,Dramas,2018,TV-14
The Hows of Us,Movie,International Movies,2018,TV-14
The Hows of Us,Movie,Romantic Movies,2018,TV-14
The Hummingbird Project,Movie,Dramas,2018,R
The Hummingbird Project,Movie,Independent Movies,2018,R
"Yes, God, Yes",Movie,Comedies,2020,R
"Yes, God, Yes",Movie,Dramas,2020,R
"Yes, God, Yes",Movie,Independent Movies,2020,R
Brave Blue World: Racing to Solve Our Water Crisis,Movie,Documentaries,2020,TV-PG
Brave Blue World: Racing to Solve Our Water Crisis,Movie,International Movies,2020,TV-PG
My Next Guest Needs No Introduction With David Letterman,TV Show,Stand-Up Comedy & Talk Shows,2020,TV-MA
Rebecca,Movie,Dramas,2020,PG-13
Rebecca,Movie,Romantic Movies,2020,PG-13
Rebecca,Movie,Thrillers,2020,PG-13
The Magic School Bus Rides Again The Frizz Connection,Movie,Children & Family Movies,2020,TV-Y
Tremors: Shrieker Island,Movie,Action & Adventure,2020,PG-13
Tremors: Shrieker Island,Movie,Horror Movies,2020,PG-13
Beirut Oh Beirut,Movie,Classic Movies,1975,TV-14
Beirut Oh Beirut,Movie,Dramas,1975,TV-14
Beirut Oh Beirut,Movie,International Movies,1975,TV-14
Bosta,Movie,Dramas,2005,TV-14
Bosta,Movie,International Movies,2005,TV-14
Bosta,Movie,Music & Musicals,2005,TV-14
Ghadi,Movie,Comedies,2013,TV-MA
Ghadi,Movie,Dramas,2013,TV-MA
Ghadi,Movie,International Movies,2013,TV-MA
Heritages,Movie,Documentaries,2014,TV-14
Heritages,Movie,International Movies,2014,TV-14
Listen,Movie,Dramas,2017,TV-MA
Listen,Movie,Independent Movies,2017,TV-MA
Listen,Movie,International Movies,2017,TV-MA
Out of Life,Movie,Classic Movies,1991,TV-MA
Out of Life,Movie,Dramas,1991,TV-MA
Out of Life,Movie,Independent Movies,1991,TV-MA
Panoptic,Movie,Documentaries,2017,TV-MA
Panoptic,Movie,International Movies,2017,TV-MA
Taxi Ballad,Movie,Dramas,2012,TV-MA
Taxi Ballad,Movie,International Movies,2012,TV-MA
The Kite,Movie,Dramas,2003,TV-MA
The Kite,Movie,International Movies,2003,TV-MA
The Kite,Movie,Romantic Movies,2003,TV-MA
The Little Wars,Movie,Dramas,1982,TV-14
The Little Wars,Movie,Independent Movies,1982,TV-14
The Little Wars,Movie,International Movies,1982,TV-14
Under the Bombs,Movie,Dramas,2007,TV-MA
Under the Bombs,Movie,Independent Movies,2007,TV-MA
Under the Bombs,Movie,International Movies,2007,TV-MA
Unsolved Mysteries,TV Show,Crime TV Shows,2020,TV-MA
Unsolved Mysteries,TV Show,Docuseries,2020,TV-MA
West Beirut,Movie,Dramas,1999,TV-MA
West Beirut,Movie,International Movies,1999,TV-MA
What Did I Mess,Movie,Comedies,2018,TV-14
What Did I Mess,Movie,International Movies,2018,TV-14
What Did I Mess,Movie,Romantic Movies,2018,TV-14
Whispers,Movie,Documentaries,1980,TV-14
Whispers,Movie,International Movies,1980,TV-14
Zozo,Movie,Dramas,2005,TV-MA
Zozo,Movie,International Movies,2005,TV-MA
ParaNorman,Movie,Children & Family Movies,2012,PG
ParaNorman,Movie,Comedies,2012,PG
Start-Up,TV Show,International TV Shows,2020,TV-14
Start-Up,TV Show,Romantic TV Shows,2020,TV-14
Start-Up,TV Show,TV Comedies,2020,TV-14
I Am Vengeance: Retaliation,Movie,Action & Adventure,2020,R
Disconnect,Movie,Comedies,2018,TV-MA
Disconnect,Movie,International Movies,2018,TV-MA
Disconnect,Movie,Romantic Movies,2018,TV-MA
Grand Army,TV Show,TV Dramas,2020,TV-MA
Grand Army,TV Show,Teen TV Shows,2020,TV-MA
In a Valley of Violence,Movie,Action & Adventure,2016,R
La Révolution,TV Show,International TV Shows,2020,TV-MA
La Révolution,TV Show,TV Action & Adventure,2020,TV-MA
La Révolution,TV Show,TV Dramas,2020,TV-MA
Someone Has to Die,TV Show,Crime TV Shows,2020,TV-MA
Someone Has to Die,TV Show,International TV Shows,2020,TV-MA
Someone Has to Die,TV Show,Spanish-Language TV Shows,2020,TV-MA
The Last Kids on Earth,TV Show,Kids' TV,2020,TV-Y7
The Last Kids on Earth,TV Show,TV Comedies,2020,TV-Y7
The Trial of the Chicago 7,Movie,Dramas,2020,R
Unfriended,Movie,Horror Movies,2014,R
Unfriended,Movie,Thrillers,2014,R
A Babysitter's Guide to Monster Hunting,Movie,Children & Family Movies,2020,TV-PG
Batman: The Killing Joke,Movie,Action & Adventure,2016,R
El-Khawaga's Dilemma,Movie,Action & Adventure,2018,TV-14
El-Khawaga's Dilemma,Movie,Comedies,2018,TV-14
El-Khawaga's Dilemma,Movie,International Movies,2018,TV-14
Fireman Sam,TV Show,British TV Shows,2018,TV-Y
Fireman Sam,TV Show,Kids' TV,2018,TV-Y
Half & Half,TV Show,TV Comedies,2005,TV-14
Kartini: Princess of Java,Movie,Dramas,2017,TV-PG
Kartini: Princess of Java,Movie,International Movies,2017,TV-PG
Love Like the Falling Rain,Movie,Dramas,2020,TV-14
Love Like the Falling Rain,Movie,International Movies,2020,TV-14
Love Like the Falling Rain,Movie,Romantic Movies,2020,TV-14
One on One,TV Show,TV Comedies,2006,TV-14
One on One,TV Show,Teen TV Shows,2006,TV-14
Power Rangers Beast Morphers,TV Show,Kids' TV,2020,TV-Y7
Rooting for Roona,Movie,Documentaries,2020,TV-PG
Rooting for Roona,Movie,International Movies,2020,TV-PG
Social Distance,TV Show,TV Comedies,2020,TV-MA
Social Distance,TV Show,TV Dramas,2020,TV-MA
A Choo,Movie,Action & Adventure,2020,TV-14
A Choo,Movie,International Movies,2020,TV-14
A Choo,Movie,Romantic Movies,2020,TV-14
BLACKPINK: Light Up the Sky,Movie,Documentaries,2020,TV-14
BLACKPINK: Light Up the Sky,Movie,Music & Musicals,2020,TV-14
The Three Deaths of Marisela Escobedo,Movie,Documentaries,2020,TV-MA
The Three Deaths of Marisela Escobedo,Movie,International Movies,2020,TV-MA
Fida,Movie,International Movies,2004,TV-14
Fida,Movie,Romantic Movies,2004,TV-14
Fida,Movie,Thrillers,2004,TV-14
Octonauts & the Great Barrier Reef,Movie,Children & Family Movies,2020,TV-Y
The Cabin with Bert Kreischer,TV Show,Reality TV,2020,TV-MA
The Cabin with Bert Kreischer,TV Show,TV Comedies,2020,TV-MA
Dil,Movie,Comedies,1990,TV-14
Dil,Movie,Dramas,1990,TV-14
Dil,Movie,International Movies,1990,TV-14
Disco Dancer,Movie,Cult Movies,1982,TV-14
Disco Dancer,Movie,Dramas,1982,TV-14
Disco Dancer,Movie,International Movies,1982,TV-14
Hunterrr,Movie,Comedies,2015,TV-MA
Hunterrr,Movie,International Movies,2015,TV-MA
Hunterrr,Movie,Romantic Movies,2015,TV-MA
Kipo and the Age of Wonderbeasts,TV Show,Kids' TV,2020,TV-Y7
Kipo and the Age of Wonderbeasts,TV Show,TV Comedies,2020,TV-Y7
Phir Hera Pheri,Movie,Comedies,2006,TV-14
Phir Hera Pheri,Movie,International Movies,2006,TV-14
The Legend of Bhagat Singh,Movie,Dramas,2002,TV-14
The Legend of Bhagat Singh,Movie,International Movies,2002,TV-14
House of the Witch,Movie,Horror Movies,2017,TV-MA
Deaf U,TV Show,Docuseries,2020,TV-MA
Ginny Weds Sunny,Movie,Comedies,2020,TV-MA
Ginny Weds Sunny,Movie,International Movies,2020,TV-MA
Ginny Weds Sunny,Movie,Romantic Movies,2020,TV-MA
My Step Dad: The Hippie,Movie,Comedies,2018,TV-MA
My Step Dad: The Hippie,Movie,International Movies,2018,TV-MA
Super Monsters: Dia de los Monsters,Movie,Children & Family Movies,2020,TV-Y
The Forty-Year-Old Version,Movie,Comedies,2020,R
The Forty-Year-Old Version,Movie,Dramas,2020,R
The Forty-Year-Old Version,Movie,Independent Movies,2020,R
The Haunting of Bly Manor,TV Show,TV Dramas,2020,TV-MA
The Haunting of Bly Manor,TV Show,TV Horror,2020,TV-MA
The Haunting of Bly Manor,TV Show,TV Mysteries,2020,TV-MA
Bigflo & Oli: Hip Hop Frenzy,Movie,Documentaries,2020,TV-MA
Bigflo & Oli: Hip Hop Frenzy,Movie,International Movies,2020,TV-MA
Bigflo & Oli: Hip Hop Frenzy,Movie,Music & Musicals,2020,TV-MA
Do Do Sol Sol La La Sol,TV Show,International TV Shows,2020,TV-14
Do Do Sol Sol La La Sol,TV Show,Romantic TV Shows,2020,TV-14
Do Do Sol Sol La La Sol,TV Show,TV Comedies,2020,TV-14
Palermo Hollywood,Movie,Dramas,2004,TV-MA
Palermo Hollywood,Movie,International Movies,2004,TV-MA
Private Lives,TV Show,Crime TV Shows,2020,TV-14
Private Lives,TV Show,International TV Shows,2020,TV-14
Private Lives,TV Show,TV Dramas,2020,TV-14
The 100,TV Show,TV Action & Adventure,2020,TV-MA
The 100,TV Show,TV Dramas,2020,TV-MA
The 100,TV Show,TV Sci-Fi & Fantasy,2020,TV-MA
Hubie Halloween,Movie,Comedies,2020,PG-13
Hubie Halloween,Movie,Horror Movies,2020,PG-13
To the Lake,TV Show,International TV Shows,2020,TV-MA
To the Lake,TV Show,TV Dramas,2020,TV-MA
To the Lake,TV Show,TV Mysteries,2020,TV-MA
American Pie 9: Girls' Rules,Movie,Comedies,2020,R
Dolly Parton: Here I Am,Movie,Documentaries,2019,TV-14
Dolly Parton: Here I Am,Movie,Music & Musicals,2019,TV-14
StarBeam: Halloween Hero,Movie,Children & Family Movies,2020,TV-Y
Walk Away from Love,Movie,Dramas,2017,TV-14
Walk Away from Love,Movie,Romantic Movies,2017,TV-14
Bad Boy Billionaires: India,TV Show,British TV Shows,2020,TV-14
Bad Boy Billionaires: India,TV Show,Docuseries,2020,TV-14
Bad Boy Billionaires: India,TV Show,International TV Shows,2020,TV-14
David Attenborough: A Life on Our Planet,Movie,Documentaries,2020,PG
"Best Wishes, Warmest Regards: A Schitt's Creek Farewell",Movie,Documentaries,2020,TV-MA
"Best Wishes, Warmest Regards: A Schitt's Creek Farewell",Movie,LGBTQ Movies,2020,TV-MA
Good Game: The Beginning,Movie,Dramas,2018,TV-14
Good Game: The Beginning,Movie,International Movies,2018,TV-14
Good Game: The Beginning,Movie,Sports Movies,2018,TV-14
Pat a Pat Como,TV Show,Kids' TV,2016,TV-Y
Qurious Como,TV Show,Kids' TV,2017,TV-Y
A Chaster Marriage,Movie,Comedies,2016,TV-14
A Chaster Marriage,Movie,International Movies,2016,TV-14
A Chaster Marriage,Movie,Romantic Movies,2016,TV-14
A Go! Go! Cory Carson Halloween,Movie,Children & Family Movies,2020,TV-Y
DreamWorks Happy Holidays from Madagascar,TV Show,Kids' TV,2005,TV-PG
DreamWorks Happy Holidays from Madagascar,TV Show,TV Comedies,2005,TV-PG
Emily in Paris,TV Show,Romantic TV Shows,2020,TV-MA
Emily in Paris,TV Show,TV Comedies,2020,TV-MA
Emily in Paris,TV Show,TV Dramas,2020,TV-MA
H2O: Just Add Water,TV Show,Kids' TV,2009,TV-PG
H2O: Just Add Water,TV Show,TV Dramas,2009,TV-PG
Òlòtūré,Movie,Dramas,2020,TV-MA
Òlòtūré,Movie,International Movies,2020,TV-MA
Serious Men,Movie,Comedies,2020,TV-MA
Serious Men,Movie,Dramas,2020,TV-MA
Serious Men,Movie,International Movies,2020,TV-MA
The Binding,Movie,Horror Movies,2020,TV-MA
The Binding,Movie,International Movies,2020,TV-MA
The Binding,Movie,Thrillers,2020,TV-MA
Turkish Dance School,Movie,Comedies,2017,TV-MA
Turkish Dance School,Movie,International Movies,2017,TV-MA
Turkish Dance School,Movie,Romantic Movies,2017,TV-MA
Vampires vs. the Bronx,Movie,Comedies,2020,PG-13
Vampires vs. the Bronx,Movie,Horror Movies,2020,PG-13
You've Got This,Movie,Comedies,2020,TV-MA
You've Got This,Movie,International Movies,2020,TV-MA
You've Got This,Movie,Romantic Movies,2020,TV-MA
All Because of You,Movie,Action & Adventure,2020,TV-PG
All Because of You,Movie,Comedies,2020,TV-PG
All Because of You,Movie,International Movies,2020,TV-PG
An Ordinary Man,Movie,Dramas,2017,R
An Ordinary Man,Movie,Thrillers,2017,R
Carlos Almaraz: Playing with Fire,Movie,Documentaries,2019,TV-14
Carlos Almaraz: Playing with Fire,Movie,LGBTQ Movies,2019,TV-14
Cold Harbour,Movie,Action & Adventure,2013,TV-MA
Cold Harbour,Movie,Dramas,2013,TV-MA
Cold Harbour,Movie,International Movies,2013,TV-MA
Evil,TV Show,TV Dramas,2019,TV-14
Familiar Wife,TV Show,International TV Shows,2018,TV-MA
Familiar Wife,TV Show,Romantic TV Shows,2018,TV-MA
Familiar Wife,TV Show,TV Dramas,2018,TV-MA
Food Wars!: Shokugeki no Soma,TV Show,Anime Series,2016,TV-MA
Food Wars!: Shokugeki no Soma,TV Show,International TV Shows,2016,TV-MA
Food Wars!: Shokugeki no Soma,TV Show,Teen TV Shows,2016,TV-MA
Free State of Jones,Movie,Action & Adventure,2016,R
Free State of Jones,Movie,Dramas,2016,R
"Good Morning, Verônica",TV Show,Crime TV Shows,2020,TV-MA
"Good Morning, Verônica",TV Show,International TV Shows,2020,TV-MA
"Good Morning, Verônica",TV Show,TV Mysteries,2020,TV-MA
Human Nature,Movie,Documentaries,2019,TV-14
Hunt for the Wilderpeople,Movie,Action & Adventure,2016,PG-13
Hunt for the Wilderpeople,Movie,Comedies,2016,PG-13
Hunt for the Wilderpeople,Movie,Dramas,2016,PG-13
I'm Leaving Now,Movie,Documentaries,2019,TV-MA
I'm Leaving Now,Movie,International Movies,2019,TV-MA
Journey of an African Colony,TV Show,Docuseries,2018,TV-MA
Journey of an African Colony,TV Show,International TV Shows,2018,TV-MA
Oktoberfest: Beer & Blood,TV Show,International TV Shows,2020,TV-MA
Oktoberfest: Beer & Blood,TV Show,TV Dramas,2020,TV-MA
Rize,Movie,Documentaries,2005,PG-13
Rize,Movie,Music & Musicals,2005,PG-13
Secreto bien guardado,TV Show,International TV Shows,2019,TV-MA
Secreto bien guardado,TV Show,Romantic TV Shows,2019,TV-MA
Secreto bien guardado,TV Show,Spanish-Language TV Shows,2019,TV-MA
Sword Art Online,TV Show,Anime Series,2018,TV-MA
Sword Art Online,TV Show,International TV Shows,2018,TV-MA
The American Game,Movie,Comedies,2019,TV-PG
The American Game,Movie,International Movies,2019,TV-PG
The American Game,Movie,Romantic Movies,2019,TV-PG
The Book of Sun,Movie,Comedies,2020,TV-14
The Book of Sun,Movie,Independent Movies,2020,TV-14
The Book of Sun,Movie,International Movies,2020,TV-14
The Outpost,Movie,Action & Adventure,2020,R
The Outpost,Movie,Dramas,2020,R
The Parkers,TV Show,TV Comedies,2003,TV-PG
The Unicorn,TV Show,TV Comedies,2019,TV-14
The Unicorn,TV Show,TV Dramas,2019,TV-14
We Have Always Lived in the Castle,Movie,Dramas,2018,TV-14
We Have Always Lived in the Castle,Movie,Thrillers,2018,TV-14
You Cannot Hide,TV Show,Crime TV Shows,2020,TV-MA
You Cannot Hide,TV Show,International TV Shows,2020,TV-MA
You Cannot Hide,TV Show,Spanish-Language TV Shows,2020,TV-MA
American Murder: The Family Next Door,Movie,Documentaries,2020,TV-MA
Baxu and the Giants,Movie,Dramas,2019,TV-PG
Baxu and the Giants,Movie,International Movies,2019,TV-PG
Black Butler,TV Show,Anime Series,2010,TV-MA
Black Butler,TV Show,International TV Shows,2010,TV-MA
Man with a Plan,TV Show,TV Comedies,2020,TV-PG
Poacher,Movie,Dramas,2018,TV-MA
Poacher,Movie,International Movies,2018,TV-MA
Poacher,Movie,Thrillers,2018,TV-MA
The Boys in the Band,Movie,Dramas,2020,R
The Boys in the Band,Movie,LGBTQ Movies,2020,R
The Boys in the Band: Something Personal,Movie,Documentaries,2020,TV-MA
The Boys in the Band: Something Personal,Movie,LGBTQ Movies,2020,TV-MA
Wentworth,TV Show,Crime TV Shows,2020,TV-MA
Wentworth,TV Show,TV Dramas,2020,TV-MA
Bully,Movie,Documentaries,2012,PG-13
Michelle Buteau: Welcome to Buteaupia,Movie,Stand-Up Comedy,2020,TV-MA
Welcome to Sudden Death,Movie,Action & Adventure,2020,R
Amandla! A Revolution in Four Part Harmony,Movie,Documentaries,2002,PG-13
Amandla! A Revolution in Four Part Harmony,Movie,International Movies,2002,PG-13
Amandla! A Revolution in Four Part Harmony,Movie,Music & Musicals,2002,PG-13
Ankhon Dekhi,Movie,Dramas,2013,TV-PG
Ankhon Dekhi,Movie,Independent Movies,2013,TV-PG
Ankhon Dekhi,Movie,International Movies,2013,TV-PG
Dedh Ishqiya,Movie,Comedies,2014,TV-14
Dedh Ishqiya,Movie,Dramas,2014,TV-14
Dedh Ishqiya,Movie,International Movies,2014,TV-14
Golmaal Returns,Movie,Comedies,2008,TV-MA
Golmaal Returns,Movie,International Movies,2008,TV-MA
Golmaal Returns,Movie,Music & Musicals,2008,TV-MA
Ishq Vishk,Movie,Comedies,2003,TV-PG
Ishq Vishk,Movie,International Movies,2003,TV-PG
Ishq Vishk,Movie,Music & Musicals,2003,TV-PG
Ishqiya,Movie,Comedies,2009,TV-14
Ishqiya,Movie,International Movies,2009,TV-14
Ishqiya,Movie,Romantic Movies,2009,TV-14
Jab We Met,Movie,Comedies,2007,TV-14
Jab We Met,Movie,International Movies,2007,TV-14
Jab We Met,Movie,Music & Musicals,2007,TV-14
Mann,Movie,Dramas,1999,TV-14
Mann,Movie,International Movies,1999,TV-14
Mann,Movie,Romantic Movies,1999,TV-14
Manorama Six Feet Under,Movie,Dramas,2007,TV-14
Manorama Six Feet Under,Movie,International Movies,2007,TV-14
Manorama Six Feet Under,Movie,Thrillers,2007,TV-14
Welcome,Movie,Comedies,2007,TV-PG
Welcome,Movie,International Movies,2007,TV-PG
Welcome,Movie,Music & Musicals,2007,TV-PG
"Whose Vote Counts, Explained",TV Show,Docuseries,2020,TV-PG
Van Helsing,TV Show,International TV Shows,2019,TV-MA
Van Helsing,TV Show,TV Action & Adventure,2019,TV-MA
Van Helsing,TV Show,TV Dramas,2019,TV-MA
The Good Place,TV Show,TV Comedies,2020,TV-14
Time Out,Movie,Dramas,2015,TV-14
Time Out,Movie,Independent Movies,2015,TV-14
Time Out,Movie,International Movies,2015,TV-14
A Perfect Crime,TV Show,Crime TV Shows,2020,TV-14
A Perfect Crime,TV Show,Docuseries,2020,TV-14
A Perfect Crime,TV Show,International TV Shows,2020,TV-14
Mighty Little Bheem,TV Show,Kids' TV,2020,TV-Y
Mighty Little Bheem,TV Show,TV Comedies,2020,TV-Y
My Mother's Wound,Movie,Dramas,2016,TV-MA
My Mother's Wound,Movie,International Movies,2016,TV-MA
Sneakerheads,TV Show,TV Comedies,2020,TV-MA
The School Nurse Files,TV Show,International TV Shows,2020,TV-MA
The School Nurse Files,TV Show,TV Dramas,2020,TV-MA
The School Nurse Files,TV Show,TV Mysteries,2020,TV-MA
Zulu Man in Japan,Movie,Documentaries,2019,TV-MA
Zulu Man in Japan,Movie,International Movies,2019,TV-MA
Zulu Man in Japan,Movie,Music & Musicals,2019,TV-MA
Real Steel,Movie,Action & Adventure,2011,PG-13
Real Steel,Movie,Sci-Fi & Fantasy,2011,PG-13
Real Steel,Movie,Sports Movies,2011,PG-13
The Chef Show,TV Show,Docuseries,2020,TV-MA
Enola Holmes,Movie,Action & Adventure,2020,PG-13
Enola Holmes,Movie,Children & Family Movies,2020,PG-13
Enola Holmes,Movie,Dramas,2020,PG-13
Kiss the Ground,Movie,Documentaries,2020,TV-G
The Playbook,TV Show,Docuseries,2020,TV-MA
A Love Song for Latasha,Movie,Documentaries,2020,TV-PG
DTC Yukemuri Junjo Hen From High & Low,Movie,Dramas,2018,TV-PG
DTC Yukemuri Junjo Hen From High & Low,Movie,International Movies,2018,TV-PG
High & Low The Movie,Movie,Action & Adventure,2016,TV-MA
High & Low The Movie,Movie,International Movies,2016,TV-MA
High & Low The Movie 2 / End of Sky,Movie,Action & Adventure,2017,TV-MA
High & Low The Movie 2 / End of Sky,Movie,International Movies,2017,TV-MA
High & Low The Movie 3 / Final Mission,Movie,Action & Adventure,2017,TV-MA
High & Low The Movie 3 / Final Mission,Movie,International Movies,2017,TV-MA
High & Low The Red Rain,Movie,Action & Adventure,2016,TV-MA
High & Low The Red Rain,Movie,International Movies,2016,TV-MA
High & Low The Worst,Movie,Action & Adventure,2019,TV-MA
High & Low The Worst,Movie,International Movies,2019,TV-MA
Road To High & Low,Movie,Action & Adventure,2016,TV-MA
Road To High & Low,Movie,International Movies,2016,TV-MA
The Blue Elephant 2,Movie,Horror Movies,2019,TV-MA
The Blue Elephant 2,Movie,International Movies,2019,TV-MA
The Blue Elephant 2,Movie,Thrillers,2019,TV-MA
Bhaji In Problem,Movie,Comedies,2013,TV-14
Bhaji In Problem,Movie,International Movies,2013,TV-14
Black,Movie,Action & Adventure,2015,TV-14
Black,Movie,International Movies,2015,TV-14
Fukrey Boyzzz,TV Show,Kids' TV,2020,TV-Y
Fukrey Boyzzz,TV Show,TV Comedies,2020,TV-Y
Saheb Biwi Aur Gangster Returns,Movie,Dramas,2013,TV-MA
Saheb Biwi Aur Gangster Returns,Movie,International Movies,2013,TV-MA
Saheb Biwi Aur Gangster Returns,Movie,Romantic Movies,2013,TV-MA
Santa Banta Pvt Ltd,Movie,Comedies,2016,TV-14
Santa Banta Pvt Ltd,Movie,International Movies,2016,TV-14
The Royal Bengal Tiger,Movie,Dramas,2014,TV-MA
The Royal Bengal Tiger,Movie,International Movies,2014,TV-MA
The Royal Bengal Tiger,Movie,Thrillers,2014,TV-MA
Dolly Kitty Aur Woh Chamakte Sitare,Movie,Dramas,2020,TV-MA
Dolly Kitty Aur Woh Chamakte Sitare,Movie,Independent Movies,2020,TV-MA
Dolly Kitty Aur Woh Chamakte Sitare,Movie,International Movies,2020,TV-MA
Ratched,TV Show,TV Dramas,2020,TV-MA
Ratched,TV Show,TV Horror,2020,TV-MA
Ratched,TV Show,TV Mysteries,2020,TV-MA
The American Barbecue Showdown,TV Show,Reality TV,2020,TV-G
The Blacklist,TV Show,Crime TV Shows,2019,TV-14
The Blacklist,TV Show,TV Dramas,2019,TV-14
The Blacklist,TV Show,TV Thrillers,2019,TV-14
Whipped,Movie,Comedies,2020,TV-14
Whipped,Movie,International Movies,2020,TV-14
Whipped,Movie,Romantic Movies,2020,TV-14
Anaamika,Movie,International Movies,2014,TV-14
Anaamika,Movie,Thrillers,2014,TV-14
Dragon's Dogma,TV Show,Anime Series,2020,TV-MA
Dragon's Dogma,TV Show,International TV Shows,2020,TV-MA
GIMS: On the Record,Movie,Documentaries,2020,TV-MA
GIMS: On the Record,Movie,International Movies,2020,TV-MA
GIMS: On the Record,Movie,Music & Musicals,2020,TV-MA
Horrid Henry's Gross Day Out,Movie,Children & Family Movies,2020,TV-Y
Horrid Henry's Gross Day Out,Movie,Comedies,2020,TV-Y
Nee Enge En Anbe,Movie,International Movies,2014,TV-14
Nee Enge En Anbe,Movie,Thrillers,2014,TV-14
Residue,Movie,Dramas,2020,TV-MA
Residue,Movie,Independent Movies,2020,TV-MA
The Last Word,TV Show,International TV Shows,2020,TV-MA
The Last Word,TV Show,TV Comedies,2020,TV-MA
The Last Word,TV Show,TV Dramas,2020,TV-MA
Baby,TV Show,International TV Shows,2020,TV-MA
Baby,TV Show,TV Dramas,2020,TV-MA
Baby,TV Show,Teen TV Shows,2020,TV-MA
Challenger,TV Show,Docuseries,2020,TV-14
Challenger,TV Show,Science & Nature TV,2020,TV-14
Criminal: UK,TV Show,British TV Shows,2020,TV-MA
Criminal: UK,TV Show,Crime TV Shows,2020,TV-MA
Criminal: UK,TV Show,International TV Shows,2020,TV-MA
Dr Jason Leong Hashtag Blessed,Movie,Stand-Up Comedy,2018,TV-MA
Signs,TV Show,Crime TV Shows,2020,TV-MA
Signs,TV Show,International TV Shows,2020,TV-MA
Signs,TV Show,TV Dramas,2020,TV-MA
Sing On!,TV Show,Reality TV,2020,TV-PG
The Devil All The Time,Movie,Dramas,2020,R
The Devil All The Time,Movie,Thrillers,2020,R
The Paramedic,Movie,Dramas,2020,TV-MA
The Paramedic,Movie,International Movies,2020,TV-MA
The Paramedic,Movie,Thrillers,2020,TV-MA
The Take,Movie,Action & Adventure,2016,R
The Take,Movie,International Movies,2016,R
Call the Midwife,TV Show,British TV Shows,2020,TV-MA
Call the Midwife,TV Show,International TV Shows,2020,TV-MA
Call the Midwife,TV Show,TV Dramas,2020,TV-MA
Hope Frozen: A Quest to Live Twice,Movie,Documentaries,2020,TV-PG
Hope Frozen: A Quest to Live Twice,Movie,International Movies,2020,TV-PG
Michael McIntyre: Showman,Movie,Stand-Up Comedy,2020,TV-MA
Raising Victor Vargas,Movie,Dramas,2002,R
Raising Victor Vargas,Movie,Independent Movies,2002,R
Raising Victor Vargas,Movie,Romantic Movies,2002,R
Taco Chronicles,TV Show,Docuseries,2020,TV-MA
Taco Chronicles,TV Show,International TV Shows,2020,TV-MA
Taco Chronicles,TV Show,Reality TV,2020,TV-MA
The Smurfs 2,Movie,Children & Family Movies,2013,PG
The Smurfs 2,Movie,Comedies,2013,PG
Wish Upon a Unicorn,Movie,Children & Family Movies,2020,PG
Lara and the Beat,Movie,Dramas,2018,TV-MA
Lara and the Beat,Movie,International Movies,2018,TV-MA
Lara and the Beat,Movie,Music & Musicals,2018,TV-MA
Buddi,TV Show,British TV Shows,2020,TV-Y
Buddi,TV Show,Kids' TV,2020,TV-Y
Dad Wanted,Movie,Children & Family Movies,2020,TV-14
Dad Wanted,Movie,Comedies,2020,TV-14
Dad Wanted,Movie,Dramas,2020,TV-14
Family Business,TV Show,International TV Shows,2020,TV-MA
Family Business,TV Show,TV Comedies,2020,TV-MA
Family Business,TV Show,TV Dramas,2020,TV-MA
Girlfriends,TV Show,TV Comedies,2007,TV-14
How to Train Your Dragon 2,Movie,Children & Family Movies,2014,PG
Pets United,Movie,Children & Family Movies,2020,TV-Y7
Pets United,Movie,Comedies,2020,TV-Y7
The Barrier,TV Show,International TV Shows,2020,TV-MA
The Barrier,TV Show,Spanish-Language TV Shows,2020,TV-MA
The Barrier,TV Show,TV Dramas,2020,TV-MA
The Duchess,TV Show,British TV Shows,2020,TV-MA
The Duchess,TV Show,International TV Shows,2020,TV-MA
The Duchess,TV Show,TV Comedies,2020,TV-MA
Wonho Chung: Live in New York,Movie,Stand-Up Comedy,2014,TV-14
Aapla Manus,Movie,Dramas,2018,TV-14
Aapla Manus,Movie,International Movies,2018,TV-14
Aapla Manus,Movie,Thrillers,2018,TV-14
Ani... Dr. Kashinath Ghanekar,Movie,Dramas,2018,TV-14
Ani... Dr. Kashinath Ghanekar,Movie,International Movies,2018,TV-14
Bhai: Vyakti Ki Valli - Poorvardha,Movie,Dramas,2019,TV-14
Bhai: Vyakti Ki Valli - Poorvardha,Movie,International Movies,2019,TV-14
Bhai: Vyakti Ki Valli - Uttarardh,Movie,Dramas,2019,TV-PG
Bhai: Vyakti Ki Valli - Uttarardh,Movie,International Movies,2019,TV-PG
Cycle,Movie,Comedies,2018,TV-PG
Cycle,Movie,Dramas,2018,TV-PG
Cycle,Movie,International Movies,2018,TV-PG
Dhh,Movie,Children & Family Movies,2017,TV-G
Dhh,Movie,Dramas,2017,TV-G
Dhh,Movie,International Movies,2017,TV-G
Greenleaf,TV Show,TV Dramas,2020,TV-14
Julie and the Phantoms,TV Show,Kids' TV,2020,TV-G
Julie and the Phantoms,TV Show,TV Comedies,2020,TV-G
Kaagar,Movie,Dramas,2019,TV-MA
Kaagar,Movie,International Movies,2019,TV-MA
Kaagar,Movie,Romantic Movies,2019,TV-MA
Night of Knots,Movie,Comedies,2018,TV-MA
Night of Knots,Movie,International Movies,2018,TV-MA
Night of Knots,Movie,Romantic Movies,2018,TV-MA
PhotoCopy,Movie,Comedies,2016,TV-14
PhotoCopy,Movie,Dramas,2016,TV-14
PhotoCopy,Movie,International Movies,2016,TV-14
Poshter Girl,Movie,Comedies,2016,TV-14
Poshter Girl,Movie,Dramas,2016,TV-14
Poshter Girl,Movie,International Movies,2016,TV-14
Satria Heroes: Revenge of the Darkness,Movie,Children & Family Movies,2017,TV-G
Son Of Adam,Movie,Dramas,2018,TV-14
Son Of Adam,Movie,International Movies,2018,TV-14
Son Of Adam,Movie,Thrillers,2018,TV-14
The Babysitter: Killer Queen,Movie,Comedies,2020,TV-MA
The Babysitter: Killer Queen,Movie,Horror Movies,2020,TV-MA
Cargo,Movie,Comedies,2020,TV-14
Cargo,Movie,Dramas,2020,TV-14
Cargo,Movie,Independent Movies,2020,TV-14
Cuties,Movie,Dramas,2020,TV-MA
Cuties,Movie,International Movies,2020,TV-MA
Get Organized with The Home Edit,TV Show,Reality TV,2020,TV-PG
La Línea: Shadow of Narco,TV Show,Crime TV Shows,2020,TV-MA
La Línea: Shadow of Narco,TV Show,Docuseries,2020,TV-MA
La Línea: Shadow of Narco,TV Show,International TV Shows,2020,TV-MA
So Much Love to Give,Movie,Comedies,2020,TV-14
So Much Love to Give,Movie,International Movies,2020,TV-14
So Much Love to Give,Movie,Music & Musicals,2020,TV-14
The Social Dilemma,Movie,Documentaries,2020,PG-13
#Alive,Movie,Horror Movies,2020,TV-MA
#Alive,Movie,International Movies,2020,TV-MA
#Alive,Movie,Thrillers,2020,TV-MA
Record of Youth,TV Show,International TV Shows,2020,TV-14
Record of Youth,TV Show,Romantic TV Shows,2020,TV-14
Record of Youth,TV Show,TV Dramas,2020,TV-14
My Octopus Teacher,Movie,Children & Family Movies,2020,TV-G
My Octopus Teacher,Movie,Documentaries,2020,TV-G
My Octopus Teacher,Movie,International Movies,2020,TV-G
Toll Booth,Movie,Dramas,2010,TV-MA
Toll Booth,Movie,Independent Movies,2010,TV-MA
Toll Booth,Movie,International Movies,2010,TV-MA
Transformers: Cyberverse,TV Show,Kids' TV,2020,TV-Y7
"Waiting for ""Superman""",Movie,Documentaries,2010,PG
Cleverman,TV Show,TV Dramas,2017,TV-MA
Cleverman,TV Show,TV Sci-Fi & Fantasy,2017,TV-MA
Cleverman,TV Show,TV Thrillers,2017,TV-MA
Villain,Movie,Dramas,2020,R
Away,TV Show,Romantic TV Shows,2020,TV-14
Away,TV Show,TV Dramas,2020,TV-14
Away,TV Show,TV Sci-Fi & Fantasy,2020,TV-14
I'm Thinking of Ending Things,Movie,Dramas,2020,R
I'm Thinking of Ending Things,Movie,Independent Movies,2020,R
Kandasamys: The Wedding,Movie,Comedies,2019,TV-14
Kandasamys: The Wedding,Movie,Dramas,2019,TV-14
Kandasamys: The Wedding,Movie,International Movies,2019,TV-14
Spirit Riding Free: Riding Academy,TV Show,Kids' TV,2020,TV-Y7
The Lost Okoroshi,Movie,Comedies,2019,TV-MA
The Lost Okoroshi,Movie,Dramas,2019,TV-MA
The Lost Okoroshi,Movie,Independent Movies,2019,TV-MA
You're My Boss,Movie,Comedies,2015,TV-14
You're My Boss,Movie,International Movies,2015,TV-14
You're My Boss,Movie,Romantic Movies,2015,TV-14
Afonso Padilha: Classless,Movie,Stand-Up Comedy,2020,TV-MA
Ave Maryam,Movie,Dramas,2018,TV-PG
Ave Maryam,Movie,Independent Movies,2018,TV-PG
Ave Maryam,Movie,International Movies,2018,TV-PG
"Love, Guaranteed",Movie,Comedies,2020,TV-PG
"Love, Guaranteed",Movie,Independent Movies,2020,TV-PG
"Love, Guaranteed",Movie,Romantic Movies,2020,TV-PG
Young Wallander,TV Show,Crime TV Shows,2020,TV-MA
Young Wallander,TV Show,International TV Shows,2020,TV-MA
Young Wallander,TV Show,TV Dramas,2020,TV-MA
Chef's Table: BBQ,TV Show,Docuseries,2020,TV-14
Chef's Table: BBQ,TV Show,Reality TV,2020,TV-14
Freaks – You're One of Us,Movie,Dramas,2020,TV-MA
Freaks – You're One of Us,Movie,Independent Movies,2020,TV-MA
Freaks – You're One of Us,Movie,International Movies,2020,TV-MA
Hotel for Dogs,Movie,Children & Family Movies,2009,PG
Hotel for Dogs,Movie,Comedies,2009,PG
Sky Tour: The Movie,Movie,Documentaries,2020,TV-G
Sky Tour: The Movie,Movie,International Movies,2020,TV-G
Sky Tour: The Movie,Movie,Music & Musicals,2020,TV-G
The Witcher: A Look Inside the Episodes,TV Show,Docuseries,2020,TV-MA
The Witcher: A Look Inside the Episodes,TV Show,TV Sci-Fi & Fantasy,2020,TV-MA
Adrift,Movie,Action & Adventure,2018,PG-13
Adrift,Movie,Dramas,2018,PG-13
Adrift,Movie,Romantic Movies,2018,PG-13
Always Be My Maybe,Movie,International Movies,2016,TV-14
Always Be My Maybe,Movie,Romantic Movies,2016,TV-14
Barbie Princess Adventure,Movie,Children & Family Movies,2020,TV-Y
Barbie Princess Adventure,Movie,Music & Musicals,2020,TV-Y
Blue Exorcist,TV Show,Anime Series,2017,TV-MA
Blue Exorcist,TV Show,International TV Shows,2017,TV-MA
Bookmarks,TV Show,Kids' TV,2020,TV-Y
Borgen,TV Show,International TV Shows,2012,TV-MA
Borgen,TV Show,TV Dramas,2012,TV-MA
Children of the Sea,Movie,Anime Features,2019,TV-PG
Children of the Sea,Movie,International Movies,2019,TV-PG
Erased,TV Show,Anime Series,2016,TV-14
Erased,TV Show,International TV Shows,2016,TV-14
Erased,TV Show,TV Thrillers,2016,TV-14
Fate/Grand Order -First Order-,Movie,Action & Adventure,2016,TV-14
Fate/Grand Order -First Order-,Movie,Anime Features,2016,TV-14
Fate/Grand Order -First Order-,Movie,International Movies,2016,TV-14
Felipe Esparza: Bad Decisions,TV Show,Stand-Up Comedy & Talk Shows,2020,TV-MA
Felipe Esparza: Bad Decisions,TV Show,TV Comedies,2020,TV-MA
H,TV Show,International TV Shows,2002,TV-MA
H,TV Show,TV Comedies,2002,TV-MA
Heidi,TV Show,Kids' TV,2020,TV-Y7
Puss in Boots,Movie,Children & Family Movies,2011,PG
Puss in Boots,Movie,Comedies,2011,PG
Sex Drive,Movie,Comedies,2008,R
"Sister, Sister",TV Show,TV Comedies,1998,TV-PG
"Sister, Sister",TV Show,Teen TV Shows,1998,TV-PG
Soldier,Movie,Comedies,1998,TV-14
Soldier,Movie,Dramas,1998,TV-14
Soldier,Movie,International Movies,1998,TV-14
"Take the Ball, Pass the Ball",Movie,Documentaries,2018,TV-MA
"Take the Ball, Pass the Ball",Movie,International Movies,2018,TV-MA
"Take the Ball, Pass the Ball",Movie,Sports Movies,2018,TV-MA
The Boss Baby: Get That Baby!,Movie,Children & Family Movies,2020,TV-Y7
The Boss Baby: Get That Baby!,Movie,Comedies,2020,TV-Y7
The Match,Movie,Dramas,2020,TV-MA
The Match,Movie,International Movies,2020,TV-MA
The Match,Movie,Sports Movies,2020,TV-MA
The Promised Neverland,TV Show,Anime Series,2019,TV-14
The Promised Neverland,TV Show,International TV Shows,2019,TV-14
The Promised Neverland,TV Show,TV Thrillers,2019,TV-14
The Smurfs,Movie,Children & Family Movies,2011,PG
The Smurfs,Movie,Comedies,2011,PG
Thomas and Friends,TV Show,British TV Shows,2020,TV-Y
Thomas and Friends,TV Show,Classic & Cult TV,2020,TV-Y
Thomas and Friends,TV Show,Kids' TV,2020,TV-Y
True: Friendship Day,Movie,Children & Family Movies,2020,TV-Y
Maniyarayile Ashokan,Movie,Comedies,2020,TV-14
Maniyarayile Ashokan,Movie,International Movies,2020,TV-14
Maniyarayile Ashokan,Movie,Romantic Movies,2020,TV-14
The Debt Collector 2,Movie,Action & Adventure,2020,TV-MA
All Together Now,Movie,Dramas,2020,PG
I AM A KILLER: RELEASED,TV Show,British TV Shows,2020,TV-MA
I AM A KILLER: RELEASED,TV Show,Crime TV Shows,2020,TV-MA
I AM A KILLER: RELEASED,TV Show,Docuseries,2020,TV-MA
Masaba Masaba,TV Show,International TV Shows,2020,TV-MA
Masaba Masaba,TV Show,TV Comedies,2020,TV-MA
Masaba Masaba,TV Show,TV Dramas,2020,TV-MA
Santana,Movie,Action & Adventure,2020,TV-MA
Santana,Movie,International Movies,2020,TV-MA
Unknown Origins,Movie,International Movies,2020,TV-MA
Unknown Origins,Movie,Thrillers,2020,TV-MA
Aggretsuko,TV Show,Anime Series,2020,TV-14
Aggretsuko,TV Show,International TV Shows,2020,TV-14
Edge of Seventeen,Movie,Comedies,1998,TV-MA
Edge of Seventeen,Movie,Dramas,1998,TV-MA
Edge of Seventeen,Movie,Independent Movies,1998,TV-MA
The Bridge Curse,Movie,Horror Movies,2020,TV-MA
The Bridge Curse,Movie,International Movies,2020,TV-MA
The Bridge Curse,Movie,Thrillers,2020,TV-MA
The Young Messiah,Movie,Dramas,2016,PG-13
The Young Messiah,Movie,Faith & Spirituality,2016,PG-13
Her Mother's Killer,TV Show,International TV Shows,2020,TV-MA
Her Mother's Killer,TV Show,Spanish-Language TV Shows,2020,TV-MA
Her Mother's Killer,TV Show,TV Dramas,2020,TV-MA
Lingua Franca,Movie,Dramas,2019,TV-MA
Lingua Franca,Movie,International Movies,2019,TV-MA
Lingua Franca,Movie,LGBTQ Movies,2019,TV-MA
Making The Witcher,Movie,Documentaries,2020,TV-MA
Million Dollar Beach House,TV Show,Reality TV,2020,TV-MA
Rising Phoenix,Movie,Documentaries,2020,PG-13
Rising Phoenix,Movie,International Movies,2020,PG-13
Rising Phoenix,Movie,Sports Movies,2020,PG-13
Emily's Wonder Lab,TV Show,Kids' TV,2020,TV-Y
Trinkets,TV Show,TV Dramas,2020,TV-MA
Trinkets,TV Show,Teen TV Shows,2020,TV-MA
Septembers of Shiraz,Movie,Dramas,2016,PG-13
Septembers of Shiraz,Movie,Thrillers,2016,PG-13
Baewatch: Parental Guidance,TV Show,British TV Shows,2019,TV-MA
Baewatch: Parental Guidance,TV Show,Reality TV,2019,TV-MA
Baewatch: Parental Guidance,TV Show,Romantic TV Shows,2019,TV-MA
Ojos in d' House,TV Show,International TV Shows,2013,TV-G
Ojos in d' House,TV Show,TV Comedies,2013,TV-G
Class of '83,Movie,Dramas,2020,TV-14
Class of '83,Movie,International Movies,2020,TV-14
Class of '83,Movie,Thrillers,2020,TV-14
Dark Forces,Movie,Horror Movies,2020,TV-MA
Dark Forces,Movie,Independent Movies,2020,TV-MA
Dark Forces,Movie,International Movies,2020,TV-MA
Hoops,TV Show,TV Comedies,2020,TV-MA
Rust Valley Restorers,TV Show,International TV Shows,2020,TV-14
Rust Valley Restorers,TV Show,Reality TV,2020,TV-14
The Sleepover,Movie,Action & Adventure,2020,TV-PG
The Sleepover,Movie,Children & Family Movies,2020,TV-PG
The Sleepover,Movie,Comedies,2020,TV-PG
Goedam,TV Show,International TV Shows,2020,TV-MA
Goedam,TV Show,TV Horror,2020,TV-MA
Goedam,TV Show,TV Mysteries,2020,TV-MA
John Was Trying to Contact Aliens,Movie,Documentaries,2020,TV-PG
John Was Trying to Contact Aliens,Movie,LGBTQ Movies,2020,TV-PG
Scarecrow,Movie,Comedies,2019,TV-MA
Scarecrow,Movie,International Movies,2019,TV-MA
The Crimes That Bind,Movie,Dramas,2020,TV-14
The Crimes That Bind,Movie,International Movies,2020,TV-14
DeMarcus Family Rules,TV Show,Reality TV,2020,TV-14
High Score,TV Show,Docuseries,2020,TV-14
High Score,TV Show,Science & Nature TV,2020,TV-14
Little Singham: Kaal Ka Badla,Movie,Children & Family Movies,2020,TV-Y7
Little Singham: Kaal Ka Badla,Movie,Comedies,2020,TV-Y7
Drunk Parents,Movie,Comedies,2019,R
Meet the In-Laws,Movie,Comedies,2017,TV-PG
Meet the In-Laws,Movie,Dramas,2017,TV-PG
Meet the In-Laws,Movie,International Movies,2017,TV-PG
Crazy Awesome Teachers,Movie,Comedies,2020,TV-PG
Crazy Awesome Teachers,Movie,Dramas,2020,TV-PG
Crazy Awesome Teachers,Movie,International Movies,2020,TV-PG
Glitch Techs,TV Show,Kids' TV,2020,TV-Y7
Islands of Faith,Movie,Documentaries,2018,TV-PG
Islands of Faith,Movie,Faith & Spirituality,2018,TV-PG
Islands of Faith,Movie,International Movies,2018,TV-PG
Les Misérables,Movie,Dramas,2012,PG-13
Les Misérables,Movie,International Movies,2012,PG-13
Les Misérables,Movie,Music & Musicals,2012,PG-13
Seventh Son,Movie,Action & Adventure,2014,PG-13
Seventh Son,Movie,Sci-Fi & Fantasy,2014,PG-13
Stranger,TV Show,Crime TV Shows,2020,TV-MA
Stranger,TV Show,International TV Shows,2020,TV-MA
Stranger,TV Show,Korean TV Shows,2020,TV-MA
Dérè: An African Tale,TV Show,International TV Shows,2016,TV-PG
Dérè: An African Tale,TV Show,Romantic TV Shows,2016,TV-PG
Dérè: An African Tale,TV Show,TV Dramas,2016,TV-PG
Rita,TV Show,International TV Shows,2020,TV-MA
Rita,TV Show,TV Comedies,2020,TV-MA
Rita,TV Show,TV Dramas,2020,TV-MA
Takki,TV Show,International TV Shows,2014,TV-14
Takki,TV Show,TV Dramas,2014,TV-14
What's Your Raashee?,Movie,Comedies,2009,TV-PG
What's Your Raashee?,Movie,International Movies,2009,TV-PG
What's Your Raashee?,Movie,Music & Musicals,2009,TV-PG
3%,TV Show,International TV Shows,2020,TV-MA
3%,TV Show,TV Dramas,2020,TV-MA
3%,TV Show,TV Sci-Fi & Fantasy,2020,TV-MA
Beyond the Boundary: ICC Women's T20 World Cup Australia 2020,Movie,Documentaries,2020,TV-G
Beyond the Boundary: ICC Women's T20 World Cup Australia 2020,Movie,International Movies,2020,TV-G
Beyond the Boundary: ICC Women's T20 World Cup Australia 2020,Movie,Sports Movies,2020,TV-G
Fearless,Movie,Children & Family Movies,2020,TV-Y7
Fearless,Movie,Comedies,2020,TV-Y7
Nigerian Prince,Movie,Dramas,2018,TV-MA
Nigerian Prince,Movie,Independent Movies,2018,TV-MA
Octonauts & the Caves of Sac Actun,Movie,Children & Family Movies,2020,TV-Y
Project Power,Movie,Action & Adventure,2020,R
Teenage Bounty Hunters,TV Show,Crime TV Shows,2020,TV-MA
Teenage Bounty Hunters,TV Show,TV Comedies,2020,TV-MA
Teenage Bounty Hunters,TV Show,TV Dramas,2020,TV-MA
The Great Heist,TV Show,Crime TV Shows,2020,TV-MA
The Great Heist,TV Show,International TV Shows,2020,TV-MA
The Great Heist,TV Show,Spanish-Language TV Shows,2020,TV-MA
The Legend of Korra,TV Show,Kids' TV,2014,TV-Y7
The Legend of Korra,TV Show,TV Action & Adventure,2014,TV-Y7
The Legend of Korra,TV Show,TV Sci-Fi & Fantasy,2014,TV-Y7
Zoids Wild,TV Show,Anime Series,2018,TV-Y7
Zoids Wild,TV Show,Kids' TV,2018,TV-Y7
An Easy Girl,Movie,Comedies,2019,TV-MA
An Easy Girl,Movie,Dramas,2019,TV-MA
An Easy Girl,Movie,International Movies,2019,TV-MA
Christine,Movie,Dramas,2016,R
Christine,Movie,Independent Movies,2016,R
Simon Killer,Movie,Dramas,2012,TV-MA
Simon Killer,Movie,Independent Movies,2012,TV-MA
Simon Killer,Movie,Thrillers,2012,TV-MA
(Un)Well,TV Show,Reality TV,2020,TV-MA
Gunjan Saxena: The Kargil Girl,Movie,Action & Adventure,2020,TV-14
Gunjan Saxena: The Kargil Girl,Movie,Dramas,2020,TV-14
Gunjan Saxena: The Kargil Girl,Movie,International Movies,2020,TV-14
Mr. Peabody & Sherman,Movie,Children & Family Movies,2014,PG
Mr. Peabody & Sherman,Movie,Comedies,2014,PG
Mr. Peabody & Sherman,Movie,Sci-Fi & Fantasy,2014,PG
"Rob Schneider: Asian Momma, Mexican Kids",Movie,Stand-Up Comedy,2020,TV-MA
GAME ON: A Comedy Crossover Event,TV Show,Kids' TV,2020,TV-G
GAME ON: A Comedy Crossover Event,TV Show,TV Comedies,2020,TV-G
Terrace House: Tokyo 2019-2020,TV Show,International TV Shows,2019,TV-MA
Terrace House: Tokyo 2019-2020,TV Show,Reality TV,2019,TV-MA
The Lost Husband,Movie,Dramas,2020,PG-13
The Lost Husband,Movie,Romantic Movies,2020,PG-13
Diamonds in the Sky,Movie,Dramas,2018,TV-14
Diamonds in the Sky,Movie,International Movies,2018,TV-14
The Governor,TV Show,International TV Shows,2016,TV-14
The Governor,TV Show,TV Dramas,2016,TV-14
We Summon the Darkness,Movie,Horror Movies,2020,R
We Summon the Darkness,Movie,Thrillers,2020,R
"Berlin, Berlin: Lolle on the Run",Movie,Comedies,2020,TV-MA
"Berlin, Berlin: Lolle on the Run",Movie,International Movies,2020,TV-MA
High Seas,TV Show,Crime TV Shows,2020,TV-MA
High Seas,TV Show,International TV Shows,2020,TV-MA
High Seas,TV Show,Spanish-Language TV Shows,2020,TV-MA
Selling Sunset,TV Show,Reality TV,2020,TV-MA
Sing On! Germany,TV Show,International TV Shows,2020,TV-PG
Sing On! Germany,TV Show,Reality TV,2020,TV-PG
Stars in the Sky: A Hunting Story,Movie,Documentaries,2018,TV-14
The Magic School Bus Rides Again Kids In Space,Movie,Children & Family Movies,2020,TV-Y
Tiny Creatures,TV Show,Docuseries,2020,TV-PG
Tiny Creatures,TV Show,Science & Nature TV,2020,TV-PG
Tiny Creatures,TV Show,TV Action & Adventure,2020,TV-PG
Wizards: Tales of Arcadia,TV Show,Kids' TV,2020,TV-Y7
Wizards: Tales of Arcadia,TV Show,TV Action & Adventure,2020,TV-Y7
Wizards: Tales of Arcadia,TV Show,TV Sci-Fi & Fantasy,2020,TV-Y7
Word Party Songs,TV Show,Kids' TV,2020,TV-Y
Work It,Movie,Comedies,2020,TV-14
Ever After High,TV Show,Kids' TV,2016,TV-Y7
Nasha Natasha,Movie,Documentaries,2020,TV-PG
Nasha Natasha,Movie,International Movies,2020,TV-PG
Nasha Natasha,Movie,Music & Musicals,2020,TV-PG
The Rain,TV Show,International TV Shows,2020,TV-MA
The Rain,TV Show,TV Dramas,2020,TV-MA
The Rain,TV Show,TV Mysteries,2020,TV-MA
Anelka: Misunderstood,Movie,Documentaries,2020,TV-14
Anelka: Misunderstood,Movie,International Movies,2020,TV-14
Anelka: Misunderstood,Movie,Sports Movies,2020,TV-14
Sin City,Movie,International Movies,2019,TV-14
Sin City,Movie,Thrillers,2019,TV-14
World's Most Wanted,TV Show,Crime TV Shows,2020,TV-14
World's Most Wanted,TV Show,Docuseries,2020,TV-14
World's Most Wanted,TV Show,International TV Shows,2020,TV-14
A Go! Go! Cory Carson Summer Camp,Movie,Children & Family Movies,2020,TV-Y
Malibu Rescue: The Next Wave,Movie,Children & Family Movies,2020,TV-G
Malibu Rescue: The Next Wave,Movie,Comedies,2020,TV-G
Mystery Lab,TV Show,Docuseries,2020,TV-PG
Mystery Lab,TV Show,International TV Shows,2020,TV-PG
Mystery Lab,TV Show,Science & Nature TV,2020,TV-PG
Sam Jay: 3 In The Morning,Movie,Stand-Up Comedy,2020,TV-MA
Immigration Nation,TV Show,Docuseries,2020,TV-MA
Almost Love,Movie,Comedies,2020,TV-MA
Almost Love,Movie,Dramas,2020,TV-MA
Almost Love,Movie,Independent Movies,2020,TV-MA
Killing Hasselhoff,Movie,Comedies,2017,R
Moesha,TV Show,TV Comedies,2000,TV-PG
Moesha,TV Show,Teen TV Shows,2000,TV-PG
My Perfect Landing,TV Show,Kids' TV,2020,TV-G
Nagi-Asu: A Lull in the Sea,TV Show,Anime Series,2014,TV-14
Nagi-Asu: A Lull in the Sea,TV Show,Romantic TV Shows,2014,TV-14
Nagi-Asu: A Lull in the Sea,TV Show,Teen TV Shows,2014,TV-14
Rogue Warfare: The Hunt,Movie,Action & Adventure,2020,R
Super Monsters: The New Class,Movie,Children & Family Movies,2020,TV-Y
The Next Step,TV Show,Kids' TV,2018,TV-G
The Next Step,TV Show,Reality TV,2018,TV-G
The Next Step,TV Show,TV Dramas,2018,TV-G
The Ottoman Lieutenant,Movie,Dramas,2017,R
The Ottoman Lieutenant,Movie,Romantic Movies,2017,R
Toradora!,TV Show,Anime Series,2008,TV-14
Toradora!,TV Show,International TV Shows,2008,TV-14
Toradora!,TV Show,Romantic TV Shows,2008,TV-14
Transformers Rescue Bots Academy,TV Show,Kids' TV,2020,TV-Y
Tumi or not Tumi,Movie,Stand-Up Comedy,2020,TV-MA
What Keeps You Alive,Movie,LGBTQ Movies,2018,R
What Keeps You Alive,Movie,Thrillers,2018,R
Get Even,TV Show,British TV Shows,2020,TV-PG
Get Even,TV Show,Crime TV Shows,2020,TV-PG
Get Even,TV Show,International TV Shows,2020,TV-PG
Latte and the Magic Waterstone,Movie,Children & Family Movies,2020,TV-Y
Latte and the Magic Waterstone,Movie,Comedies,2020,TV-Y
Raat Akeli Hai,Movie,Dramas,2020,TV-MA
Raat Akeli Hai,Movie,International Movies,2020,TV-MA
Raat Akeli Hai,Movie,Thrillers,2020,TV-MA
Seriously Single,Movie,Comedies,2020,TV-MA
Seriously Single,Movie,International Movies,2020,TV-MA
Seriously Single,Movie,Romantic Movies,2020,TV-MA
Sugar High,Movie,Children & Family Movies,2020,TV-G
Sugar Rush,TV Show,Reality TV,2020,TV-PG
The Umbrella Academy,TV Show,TV Action & Adventure,2020,TV-14
The Umbrella Academy,TV Show,TV Mysteries,2020,TV-14
The Umbrella Academy,TV Show,TV Sci-Fi & Fantasy,2020,TV-14
Retablo,Movie,Dramas,2017,TV-MA
Retablo,Movie,International Movies,2017,TV-MA
Transformers: War For Cybertron Trilogy,TV Show,Anime Series,2020,TV-Y7
Uma Maheswara Ugra Roopasya,Movie,Comedies,2020,TV-MA
Uma Maheswara Ugra Roopasya,Movie,Dramas,2020,TV-MA
Uma Maheswara Ugra Roopasya,Movie,Independent Movies,2020,TV-MA
Unlucky Ploy,TV Show,International TV Shows,2020,TV-MA
Unlucky Ploy,TV Show,Romantic TV Shows,2020,TV-MA
Unlucky Ploy,TV Show,TV Comedies,2020,TV-MA
It's Her Day,Movie,Comedies,2016,TV-MA
It's Her Day,Movie,International Movies,2016,TV-MA
It's Her Day,Movie,Romantic Movies,2016,TV-MA
Redemption,Movie,Dramas,2019,TV-MA
Redemption,Movie,International Movies,2019,TV-MA
Redemption,Movie,Thrillers,2019,TV-MA
Shine Your Eyes,Movie,Dramas,2020,TV-MA
Shine Your Eyes,Movie,Independent Movies,2020,TV-MA
Shine Your Eyes,Movie,International Movies,2020,TV-MA
The Hater,Movie,Dramas,2020,TV-MA
The Hater,Movie,International Movies,2020,TV-MA
The Hater,Movie,Thrillers,2020,TV-MA
The Speed Cubers,Movie,Documentaries,2020,TV-PG
Tread,Movie,Documentaries,2019,TV-MA
Last Chance U,TV Show,Docuseries,2020,TV-MA
Banana Split,Movie,Comedies,2020,TV-MA
Banana Split,Movie,Dramas,2020,TV-MA
Banana Split,Movie,Independent Movies,2020,TV-MA
Shameless (U.S.),TV Show,TV Comedies,2019,TV-MA
Shameless (U.S.),TV Show,TV Dramas,2019,TV-MA
Door Ke Darshan,Movie,Comedies,2020,TV-14
Door Ke Darshan,Movie,International Movies,2020,TV-14
Double World,Movie,Action & Adventure,2020,TV-14
Double World,Movie,International Movies,2020,TV-14
Project Marathwada,Movie,Dramas,2016,TV-MA
Project Marathwada,Movie,Independent Movies,2016,TV-MA
Project Marathwada,Movie,International Movies,2016,TV-MA
Animal Crackers,Movie,Children & Family Movies,2020,TV-Y7
Animal Crackers,Movie,Comedies,2020,TV-Y7
Dragons: Rescue Riders: Secrets of the Songwing,Movie,Children & Family Movies,2020,TV-Y
Dragons: Rescue Riders: Secrets of the Songwing,Movie,Comedies,2020,TV-Y
Nimbe,Movie,Dramas,2019,TV-MA
Nimbe,Movie,International Movies,2019,TV-MA
Offering to the Storm,Movie,International Movies,2020,TV-MA
Offering to the Storm,Movie,Thrillers,2020,TV-MA
Romance Doll,Movie,Dramas,2020,TV-MA
Romance Doll,Movie,International Movies,2020,TV-MA
Romance Doll,Movie,Romantic Movies,2020,TV-MA
Sing On! Spain,TV Show,International TV Shows,2020,TV-G
Sing On! Spain,TV Show,Reality TV,2020,TV-G
Sing On! Spain,TV Show,Spanish-Language TV Shows,2020,TV-G
The Kissing Booth 2,Movie,Comedies,2020,TV-14
The Kissing Booth 2,Movie,Romantic Movies,2020,TV-14
Sinatra: All or Nothing at All,TV Show,Docuseries,2015,TV-14
The Larva Island Movie,Movie,Children & Family Movies,2020,TV-Y7
The Larva Island Movie,Movie,Comedies,2020,TV-Y7
The Letter Reader,Movie,Dramas,2019,TV-PG
The Letter Reader,Movie,International Movies,2019,TV-PG
Fear City: New York vs The Mafia,TV Show,Crime TV Shows,2020,TV-MA
Fear City: New York vs The Mafia,TV Show,Docuseries,2020,TV-MA
Norsemen,TV Show,International TV Shows,2020,TV-MA
Norsemen,TV Show,TV Comedies,2020,TV-MA
The Remix: Hip Hop X Fashion,Movie,Documentaries,2019,TV-MA
The Remix: Hip Hop X Fashion,Movie,Music & Musicals,2019,TV-MA
Ip Man 4: The Finale,Movie,Action & Adventure,2019,TV-MA
Ip Man 4: The Finale,Movie,Dramas,2019,TV-MA
Ip Man 4: The Finale,Movie,International Movies,2019,TV-MA
Jack Whitehall: I'm Only Joking,Movie,Stand-Up Comedy,2020,TV-MA
Street Food: Latin America,TV Show,Docuseries,2020,TV-PG
Street Food: Latin America,TV Show,Spanish-Language TV Shows,2020,TV-PG
Killer Women with Piers Morgan,TV Show,British TV Shows,2017,TV-MA
Killer Women with Piers Morgan,TV Show,Crime TV Shows,2017,TV-MA
Killer Women with Piers Morgan,TV Show,Docuseries,2017,TV-MA
Funan,Movie,Dramas,2018,TV-14
Funan,Movie,International Movies,2018,TV-14
Gigantosaurus,TV Show,Kids' TV,2019,TV-Y
Single Wives,TV Show,Reality TV,2018,TV-MA
Single Wives,TV Show,Romantic TV Shows,2018,TV-MA
Cursed,TV Show,TV Action & Adventure,2020,TV-MA
Cursed,TV Show,TV Dramas,2020,TV-MA
Cursed,TV Show,TV Sci-Fi & Fantasy,2020,TV-MA
Father Soldier Son,Movie,Documentaries,2020,R
In The Dark,TV Show,Crime TV Shows,2020,TV-14
In The Dark,TV Show,TV Dramas,2020,TV-14
Kissing Game,TV Show,International TV Shows,2020,TV-MA
Kissing Game,TV Show,TV Dramas,2020,TV-MA
Kissing Game,TV Show,TV Mysteries,2020,TV-MA
The Millions,Movie,Comedies,2019,TV-MA
The Millions,Movie,International Movies,2019,TV-MA
Fatal Affair,Movie,Thrillers,2020,TV-14
MILF,Movie,Comedies,2018,TV-MA
MILF,Movie,International Movies,2018,TV-MA
MILF,Movie,Romantic Movies,2018,TV-MA
Cold Feet,Movie,Dramas,2019,TV-14
Cold Feet,Movie,International Movies,2019,TV-14
Cold Feet,Movie,Romantic Movies,2019,TV-14
Dark Desire,TV Show,Crime TV Shows,2020,TV-MA
Dark Desire,TV Show,International TV Shows,2020,TV-MA
Dark Desire,TV Show,Spanish-Language TV Shows,2020,TV-MA
Little Singham: Legend of Dugabakka,Movie,Children & Family Movies,2020,TV-Y7
Little Singham: Legend of Dugabakka,Movie,Comedies,2020,TV-Y7
Skin Decision: Before and After,TV Show,Reality TV,2020,TV-MA
Skin Decision: Before and After,TV Show,Science & Nature TV,2020,TV-MA
Sunny Bunnies,TV Show,British TV Shows,2016,TV-Y
Sunny Bunnies,TV Show,Kids' TV,2016,TV-Y
Sunny Bunnies,TV Show,TV Comedies,2016,TV-Y
Sylvia,Movie,Dramas,2018,TV-14
Sylvia,Movie,International Movies,2018,TV-14
Sylvia,Movie,Thrillers,2018,TV-14
The Players,Movie,Comedies,2020,TV-MA
The Players,Movie,International Movies,2020,TV-MA
The Business of Drugs,TV Show,Docuseries,2020,TV-MA
Urzila Carlson: Overqualified Loser,Movie,Stand-Up Comedy,2020,TV-MA
We Are One,Movie,Documentaries,2020,TV-MA
We Are One,Movie,International Movies,2020,TV-MA
We Are One,Movie,Music & Musicals,2020,TV-MA
Hole in the Wall,Movie,Dramas,2016,TV-MA
Hole in the Wall,Movie,International Movies,2016,TV-MA
Dating Around: Brazil,TV Show,International TV Shows,2020,TV-14
Dating Around: Brazil,TV Show,Reality TV,2020,TV-14
Dating Around: Brazil,TV Show,Romantic TV Shows,2020,TV-14
Down to Earth with Zac Efron,TV Show,Docuseries,2020,TV-PG
Down to Earth with Zac Efron,TV Show,Reality TV,2020,TV-PG
Down to Earth with Zac Efron,TV Show,Science & Nature TV,2020,TV-PG
Mama's Boy,Movie,Comedies,2018,TV-14
Mama's Boy,Movie,International Movies,2018,TV-14
The Claudia Kishi Club,Movie,Documentaries,2020,TV-14
The Epic Tales of Captain Underpants in Space,TV Show,Kids' TV,2020,TV-Y7
The Epic Tales of Captain Underpants in Space,TV Show,TV Action & Adventure,2020,TV-Y7
The Epic Tales of Captain Underpants in Space,TV Show,TV Comedies,2020,TV-Y7
The Old Guard,Movie,Action & Adventure,2020,R
The Twelve,TV Show,Crime TV Shows,2019,TV-MA
The Twelve,TV Show,International TV Shows,2019,TV-MA
The Twelve,TV Show,TV Dramas,2019,TV-MA
Your Excellency,Movie,Comedies,2019,TV-G
Your Excellency,Movie,International Movies,2019,TV-G
Japan Sinks: 2020,TV Show,Anime Series,2020,TV-MA
Japan Sinks: 2020,TV Show,International TV Shows,2020,TV-MA
The Protector,TV Show,International TV Shows,2020,TV-MA
The Protector,TV Show,Romantic TV Shows,2020,TV-MA
The Protector,TV Show,TV Action & Adventure,2020,TV-MA
Was It Love?,TV Show,International TV Shows,2020,TV-14
Was It Love?,TV Show,Korean TV Shows,2020,TV-14
Was It Love?,TV Show,Romantic TV Shows,2020,TV-14
Born Racer,Movie,Documentaries,2018,R
Born Racer,Movie,Sports Movies,2018,R
Mucho Mucho Amor: The Legend of Walter Mercado,Movie,Documentaries,2020,TV-14
Mucho Mucho Amor: The Legend of Walter Mercado,Movie,LGBTQ Movies,2020,TV-14
Stateless,TV Show,International TV Shows,2020,TV-MA
Stateless,TV Show,TV Dramas,2020,TV-MA
The Long Dumb Road,Movie,Comedies,2018,R
The Long Dumb Road,Movie,Independent Movies,2018,R
Dr. Seuss' The Lorax,Movie,Children & Family Movies,2012,PG
Jim Jefferies: Intolerant,Movie,Stand-Up Comedy,2020,TV-MA
A Kid from Coney Island,Movie,Documentaries,2019,TV-MA
A Kid from Coney Island,Movie,Sports Movies,2019,TV-MA
PNL - Dans la légende tour,Movie,International Movies,2020,TV-MA
PNL - Dans la légende tour,Movie,Music & Musicals,2020,TV-MA
Aiyyaa,Movie,Comedies,2012,TV-14
Aiyyaa,Movie,International Movies,2012,TV-14
Aiyyaa,Movie,Music & Musicals,2012,TV-14
Bbuddah Hoga Terra Baap,Movie,Action & Adventure,2011,TV-14
Bbuddah Hoga Terra Baap,Movie,Comedies,2011,TV-14
Bbuddah Hoga Terra Baap,Movie,Dramas,2011,TV-14
Blood Money,Movie,Dramas,2012,TV-14
Blood Money,Movie,International Movies,2012,TV-14
Blood Money,Movie,Romantic Movies,2012,TV-14
Bombay Talkies,Movie,Dramas,2013,TV-MA
Bombay Talkies,Movie,International Movies,2013,TV-MA
Boss,Movie,Action & Adventure,2013,TV-14
Boss,Movie,Comedies,2013,TV-14
Boss,Movie,Dramas,2013,TV-14
Budhia Singh: Born to Run,Movie,Dramas,2016,TV-MA
Budhia Singh: Born to Run,Movie,Independent Movies,2016,TV-MA
Budhia Singh: Born to Run,Movie,International Movies,2016,TV-MA
Chashme Baddoor,Movie,Comedies,2013,TV-14
Chashme Baddoor,Movie,International Movies,2013,TV-14
Chashme Baddoor,Movie,Music & Musicals,2013,TV-14
Dharam Sankat Mein,Movie,Comedies,2015,TV-PG
Dharam Sankat Mein,Movie,Dramas,2015,TV-PG
Dharam Sankat Mein,Movie,International Movies,2015,TV-PG
Drishyam,Movie,Dramas,2015,TV-14
Drishyam,Movie,International Movies,2015,TV-14
Drishyam,Movie,Thrillers,2015,TV-14
Gabbar Is Back,Movie,Action & Adventure,2015,TV-14
Gabbar Is Back,Movie,Dramas,2015,TV-14
Gabbar Is Back,Movie,International Movies,2015,TV-14
Gollu Aur Pappu,Movie,Action & Adventure,2014,TV-14
Gollu Aur Pappu,Movie,Comedies,2014,TV-14
Gollu Aur Pappu,Movie,International Movies,2014,TV-14
Hook,TV Show,International TV Shows,2020,TV-MA
Hook,TV Show,Romantic TV Shows,2020,TV-MA
Hook,TV Show,TV Comedies,2020,TV-MA
Inkaar,Movie,Dramas,2013,TV-MA
Inkaar,Movie,International Movies,2013,TV-MA
Inkaar,Movie,Romantic Movies,2013,TV-MA
Madras Café,Movie,Dramas,2013,TV-14
Madras Café,Movie,International Movies,2013,TV-14
Madras Café,Movie,Thrillers,2013,TV-14
Mary Kom,Movie,Dramas,2014,TV-PG
Mary Kom,Movie,International Movies,2014,TV-PG
Mary Kom,Movie,Sports Movies,2014,TV-PG
Michael,Movie,Dramas,2011,TV-MA
Michael,Movie,Independent Movies,2011,TV-MA
Michael,Movie,International Movies,2011,TV-MA
Mumbai Delhi Mumbai,Movie,Comedies,2014,TV-MA
Mumbai Delhi Mumbai,Movie,International Movies,2014,TV-MA
Mumbai Delhi Mumbai,Movie,Romantic Movies,2014,TV-MA
Oh My God,Movie,Comedies,2012,TV-PG
Oh My God,Movie,Dramas,2012,TV-PG
Oh My God,Movie,International Movies,2012,TV-PG
One by Two,Movie,Comedies,2014,TV-14
One by Two,Movie,Dramas,2014,TV-14
One by Two,Movie,International Movies,2014,TV-14
Only,Movie,Dramas,2019,TV-MA
Only,Movie,Independent Movies,2019,TV-MA
Only,Movie,Romantic Movies,2019,TV-MA
Penalty,Movie,Dramas,2019,TV-14
Penalty,Movie,Independent Movies,2019,TV-14
Penalty,Movie,International Movies,2019,TV-14
Players,Movie,Action & Adventure,2012,TV-14
Players,Movie,International Movies,2012,TV-14
Pyaar Ka Punchnama 2,Movie,Comedies,2015,TV-MA
Pyaar Ka Punchnama 2,Movie,Dramas,2015,TV-MA
Pyaar Ka Punchnama 2,Movie,International Movies,2015,TV-MA
Queen,Movie,Comedies,2014,TV-MA
Queen,Movie,Dramas,2014,TV-MA
Queen,Movie,International Movies,2014,TV-MA
Shaitan,Movie,Action & Adventure,2011,TV-MA
Shaitan,Movie,Dramas,2011,TV-MA
Shaitan,Movie,Independent Movies,2011,TV-MA
Special 26,Movie,Dramas,2013,TV-PG
Special 26,Movie,International Movies,2013,TV-PG
Special 26,Movie,Thrillers,2013,TV-PG
Tanu Weds Manu,Movie,Comedies,2011,TV-14
Tanu Weds Manu,Movie,Dramas,2011,TV-14
Tanu Weds Manu,Movie,International Movies,2011,TV-14
What the Fish,Movie,Comedies,2013,TV-14
What the Fish,Movie,International Movies,2013,TV-14
Little Singham,TV Show,Kids' TV,2020,TV-Y7
Little Singham,TV Show,TV Comedies,2020,TV-Y7
Cable Girls,TV Show,International TV Shows,2019,TV-MA
Cable Girls,TV Show,Romantic TV Shows,2019,TV-MA
Cable Girls,TV Show,Spanish-Language TV Shows,2019,TV-MA
Desperados,Movie,Comedies,2020,TV-MA
Desperados,Movie,Romantic Movies,2020,TV-MA
Hunter in the Blue Side of Manchester,Movie,Dramas,2020,TV-MA
Hunter in the Blue Side of Manchester,Movie,International Movies,2020,TV-MA
I Am Not Your Negro,Movie,Documentaries,2017,PG-13
JU-ON: Origins,TV Show,International TV Shows,2020,TV-MA
JU-ON: Origins,TV Show,TV Horror,2020,TV-MA
JU-ON: Origins,TV Show,TV Mysteries,2020,TV-MA
Southern Survival,TV Show,Reality TV,2020,TV-PG
The Baby-Sitters Club,TV Show,Kids' TV,2020,TV-G
The Baby-Sitters Club,TV Show,TV Dramas,2020,TV-G
The Perfect Picture: Ten Years Later,Movie,Comedies,2019,TV-MA
The Perfect Picture: Ten Years Later,Movie,Dramas,2019,TV-MA
The Perfect Picture: Ten Years Later,Movie,International Movies,2019,TV-MA
Supermarket Sweep,TV Show,Reality TV,1993,TV-G
Thiago Ventura: POKAS,Movie,Stand-Up Comedy,2020,TV-MA
Warrior Nun,TV Show,TV Action & Adventure,2020,TV-MA
Warrior Nun,TV Show,TV Mysteries,2020,TV-MA
Warrior Nun,TV Show,TV Sci-Fi & Fantasy,2020,TV-MA
#AnneFrank - Parallel Stories,Movie,Documentaries,2019,TV-14
#AnneFrank - Parallel Stories,Movie,International Movies,2019,TV-14
21 Again,TV Show,British TV Shows,2019,TV-MA
21 Again,TV Show,Reality TV,2019,TV-MA
A Touch of Green,TV Show,International TV Shows,2016,TV-MA
A Touch of Green,TV Show,TV Dramas,2016,TV-MA
Abby Hatcher,TV Show,Kids' TV,2019,TV-Y
Adú,Movie,Dramas,2020,TV-MA
Adú,Movie,International Movies,2020,TV-MA
Ali Baba ve 7 Cüceler,Movie,Action & Adventure,2015,TV-MA
Ali Baba ve 7 Cüceler,Movie,Comedies,2015,TV-MA
Ali Baba ve 7 Cüceler,Movie,International Movies,2015,TV-MA
David Foster: Off the Record,Movie,Documentaries,2019,TV-MA
David Foster: Off the Record,Movie,Music & Musicals,2019,TV-MA
Double Jeopardy,Movie,Thrillers,1999,R
Pek Yakında,Movie,Comedies,2014,TV-MA
Pek Yakında,Movie,International Movies,2014,TV-MA
Say I Do,TV Show,Reality TV,2020,TV-14
Say I Do,TV Show,Romantic TV Shows,2020,TV-14
Stardust,Movie,Action & Adventure,2007,PG-13
Stardust,Movie,International Movies,2007,PG-13
Stardust,Movie,Romantic Movies,2007,PG-13
The F**k-It List,Movie,Comedies,2019,TV-MA
The Silence of Others,Movie,Documentaries,2019,TV-14
The Silence of Others,Movie,International Movies,2019,TV-14
Total Recall,Movie,Action & Adventure,1990,R
Total Recall,Movie,Sci-Fi & Fantasy,1990,R
Trotro,TV Show,Kids' TV,2004,TV-Y
Under the Riccione Sun,Movie,Comedies,2020,TV-MA
Under the Riccione Sun,Movie,International Movies,2020,TV-MA
Under the Riccione Sun,Movie,Romantic Movies,2020,TV-MA
BNA,TV Show,Anime Series,2020,TV-14
BNA,TV Show,International TV Shows,2020,TV-14
George Lopez: We'll Do It For Half,Movie,Stand-Up Comedy,2020,TV-MA
Homemade,TV Show,International TV Shows,2020,TV-MA
Homemade,TV Show,TV Dramas,2020,TV-MA
The Mirror Boy,Movie,Action & Adventure,2011,TV-14
The Mirror Boy,Movie,Dramas,2011,TV-14
The Mirror Boy,Movie,International Movies,2011,TV-14
#FriendButMarried 2,Movie,Dramas,2020,TV-G
#FriendButMarried 2,Movie,International Movies,2020,TV-G
#FriendButMarried 2,Movie,Romantic Movies,2020,TV-G
Skin,Movie,Documentaries,2019,TV-MA
Skin,Movie,International Movies,2019,TV-MA
Thackeray (Marathi),Movie,Dramas,2019,TV-14
Thackeray (Marathi),Movie,International Movies,2019,TV-14
Dark,TV Show,Crime TV Shows,2020,TV-MA
Dark,TV Show,International TV Shows,2020,TV-MA
Dark,TV Show,TV Dramas,2020,TV-MA
Ride Like a Girl,Movie,Children & Family Movies,2020,PG
Ride Like a Girl,Movie,Dramas,2020,PG
Ride Like a Girl,Movie,Independent Movies,2020,PG
All For Love,TV Show,International TV Shows,2020,TV-MA
All For Love,TV Show,Romantic TV Shows,2020,TV-MA
All For Love,TV Show,Spanish-Language TV Shows,2020,TV-MA
Eurovision Song Contest: The Story of Fire Saga,Movie,Comedies,2020,PG-13
Eurovision Song Contest: The Story of Fire Saga,Movie,Music & Musicals,2020,PG-13
Eurovision Song Contest: The Story of Fire Saga,Movie,Romantic Movies,2020,PG-13
Home Game,TV Show,Docuseries,2020,TV-MA
Kasanova,Movie,Comedies,2019,TV-14
Kasanova,Movie,International Movies,2019,TV-14
Kasanova,Movie,Romantic Movies,2019,TV-14
Ordinary People,Movie,Dramas,2016,TV-MA
Ordinary People,Movie,Independent Movies,2016,TV-MA
Ordinary People,Movie,International Movies,2016,TV-MA
Seven (Tamil),Movie,Dramas,2019,TV-MA
Seven (Tamil),Movie,International Movies,2019,TV-MA
Seven (Tamil),Movie,Romantic Movies,2019,TV-MA
Seven (Telugu),Movie,Dramas,2019,TV-14
Seven (Telugu),Movie,International Movies,2019,TV-14
Seven (Telugu),Movie,Romantic Movies,2019,TV-14
Thackeray (Hindi),Movie,Dramas,2019,TV-14
Thackeray (Hindi),Movie,International Movies,2019,TV-14
Twogether,TV Show,International TV Shows,2020,TV-G
Twogether,TV Show,Korean TV Shows,2020,TV-G
Twogether,TV Show,Reality TV,2020,TV-G
Krishna and His Leela,Movie,International Movies,2020,TV-MA
Krishna and His Leela,Movie,Romantic Movies,2020,TV-MA
Prem Ratan Dhan Payo,Movie,Action & Adventure,2015,TV-14
Prem Ratan Dhan Payo,Movie,Dramas,2015,TV-14
Prem Ratan Dhan Payo,Movie,International Movies,2015,TV-14
Vivah,Movie,Dramas,2006,TV-14
Vivah,Movie,International Movies,2006,TV-14
Vivah,Movie,Romantic Movies,2006,TV-14
Athlete A,Movie,Documentaries,2020,PG-13
Athlete A,Movie,Sports Movies,2020,PG-13
Bulbbul,Movie,Horror Movies,2020,TV-MA
Bulbbul,Movie,International Movies,2020,TV-MA
Crazy Delicious,TV Show,British TV Shows,2020,TV-PG
Crazy Delicious,TV Show,International TV Shows,2020,TV-PG
Crazy Delicious,TV Show,Reality TV,2020,TV-PG
Nobody Knows I'm Here,Movie,Dramas,2020,TV-MA
Nobody Knows I'm Here,Movie,Independent Movies,2020,TV-MA
Nobody Knows I'm Here,Movie,International Movies,2020,TV-MA
Eric Andre: Legalize Everything,Movie,Stand-Up Comedy,2020,TV-MA
"Roswell, New Mexico",TV Show,Classic & Cult TV,2020,TV-14
"Roswell, New Mexico",TV Show,TV Dramas,2020,TV-14
"Roswell, New Mexico",TV Show,TV Sci-Fi & Fantasy,2020,TV-14
Kappela,Movie,Dramas,2020,TV-14
Kappela,Movie,Independent Movies,2020,TV-14
Kappela,Movie,International Movies,2020,TV-14
The Royal Hibiscus Hotel,Movie,Comedies,2017,TV-PG
The Royal Hibiscus Hotel,Movie,International Movies,2017,TV-PG
The Royal Hibiscus Hotel,Movie,Romantic Movies,2017,TV-PG
It's Okay to Not Be Okay,TV Show,International TV Shows,2020,TV-MA
It's Okay to Not Be Okay,TV Show,Korean TV Shows,2020,TV-MA
It's Okay to Not Be Okay,TV Show,Romantic TV Shows,2020,TV-MA
Woodshock,Movie,Dramas,2017,R
Woodshock,Movie,Independent Movies,2017,R
Woodshock,Movie,Thrillers,2017,R
Elevator Baby,Movie,Dramas,2019,TV-MA
Elevator Baby,Movie,International Movies,2019,TV-MA
Babies,TV Show,Docuseries,2020,TV-14
Babies,TV Show,Science & Nature TV,2020,TV-14
Chaman Bahaar,Movie,Comedies,2020,TV-MA
Chaman Bahaar,Movie,Dramas,2020,TV-MA
Chaman Bahaar,Movie,International Movies,2020,TV-MA
Destiny,Movie,Dramas,1997,TV-14
Destiny,Movie,International Movies,1997,TV-14
Disclosure,Movie,Documentaries,2020,TV-MA
Disclosure,Movie,LGBTQ Movies,2020,TV-MA
Feel the Beat,Movie,Children & Family Movies,2020,TV-G
Feel the Beat,Movie,Comedies,2020,TV-G
Feel the Beat,Movie,Dramas,2020,TV-G
Floor Is Lava,TV Show,Reality TV,2020,TV-PG
Lost Bullet,Movie,Action & Adventure,2020,TV-MA
Lost Bullet,Movie,Dramas,2020,TV-MA
Lost Bullet,Movie,International Movies,2020,TV-MA
Most Beautiful Thing,TV Show,International TV Shows,2020,TV-MA
Most Beautiful Thing,TV Show,Romantic TV Shows,2020,TV-MA
Most Beautiful Thing,TV Show,TV Dramas,2020,TV-MA
One-Way to Tomorrow,Movie,Dramas,2020,TV-MA
One-Way to Tomorrow,Movie,International Movies,2020,TV-MA
One-Way to Tomorrow,Movie,Romantic Movies,2020,TV-MA
The Emigrant,Movie,Dramas,1994,TV-14
The Emigrant,Movie,International Movies,1994,TV-14
The Politician,TV Show,TV Comedies,2020,TV-MA
The Politician,TV Show,TV Dramas,2020,TV-MA
The Politician,TV Show,Teen TV Shows,2020,TV-MA
Wasp Network,Movie,Dramas,2020,TV-MA
Wasp Network,Movie,International Movies,2020,TV-MA
Wasp Network,Movie,Thrillers,2020,TV-MA
A Whisker Away,Movie,Anime Features,2020,TV-PG
A Whisker Away,Movie,Children & Family Movies,2020,TV-PG
A Whisker Away,Movie,International Movies,2020,TV-PG
Alexandria ... Why?,Movie,Classic Movies,1979,TV-MA
Alexandria ... Why?,Movie,Dramas,1979,TV-MA
Alexandria ... Why?,Movie,International Movies,1979,TV-MA
Alexandria: Again and Forever,Movie,Classic Movies,1989,TV-MA
Alexandria: Again and Forever,Movie,Dramas,1989,TV-MA
Alexandria: Again and Forever,Movie,International Movies,1989,TV-MA
An Egyptian Story,Movie,Classic Movies,1982,TV-MA
An Egyptian Story,Movie,Dramas,1982,TV-MA
An Egyptian Story,Movie,Independent Movies,1982,TV-MA
Cairo Station,Movie,Classic Movies,1958,TV-14
Cairo Station,Movie,Dramas,1958,TV-14
Cairo Station,Movie,International Movies,1958,TV-14
Dark Waters,Movie,Classic Movies,1956,TV-14
Dark Waters,Movie,Dramas,1956,TV-14
Dark Waters,Movie,International Movies,1956,TV-14
El límite infinito,Movie,Documentaries,2020,TV-PG
El límite infinito,Movie,International Movies,2020,TV-PG
El límite infinito,Movie,Sports Movies,2020,TV-PG
Lola Igna,Movie,Comedies,2019,TV-14
Lola Igna,Movie,International Movies,2019,TV-14
One Take,Movie,Documentaries,2020,TV-G
One Take,Movie,International Movies,2020,TV-G
One Take,Movie,Music & Musicals,2020,TV-G
Saladin,Movie,Action & Adventure,1963,TV-MA
Saladin,Movie,Classic Movies,1963,TV-MA
Saladin,Movie,Dramas,1963,TV-MA
Stray Bullet,Movie,Dramas,2010,TV-MA
Stray Bullet,Movie,International Movies,2010,TV-MA
Stray Bullet,Movie,Romantic Movies,2010,TV-MA
The Blazing Sun,Movie,Classic Movies,1954,TV-14
The Blazing Sun,Movie,Dramas,1954,TV-14
The Blazing Sun,Movie,International Movies,1954,TV-14
The Land,Movie,Classic Movies,1970,TV-MA
The Land,Movie,Dramas,1970,TV-MA
The Land,Movie,International Movies,1970,TV-MA
The Nut Job,Movie,Children & Family Movies,2014,PG
The Nut Job,Movie,Comedies,2014,PG
The Order,TV Show,International TV Shows,2020,TV-MA
The Order,TV Show,TV Dramas,2020,TV-MA
The Order,TV Show,TV Horror,2020,TV-MA
An Evening with Beverly Luff Linn,Movie,Comedies,2018,R
An Evening with Beverly Luff Linn,Movie,Independent Movies,2018,R
Riding Faith,Movie,Children & Family Movies,2020,TV-PG
Riding Faith,Movie,Dramas,2020,TV-PG
Riding Faith,Movie,Faith & Spirituality,2020,TV-PG
Last Flight to Abuja,Movie,Dramas,2012,TV-14
Last Flight to Abuja,Movie,International Movies,2012,TV-14
The Darkness,Movie,Horror Movies,2016,PG-13
The Darkness,Movie,Thrillers,2016,PG-13
The Chase,TV Show,Reality TV,2015,TV-PG
The Show Must Go On: The Queen + Adam Lambert Story,Movie,Documentaries,2019,TV-MA
The Show Must Go On: The Queen + Adam Lambert Story,Movie,Music & Musicals,2019,TV-MA
Underdogs,Movie,Children & Family Movies,2013,PG
Underdogs,Movie,Sports Movies,2013,PG
Wira,Movie,Action & Adventure,2019,TV-14
Wira,Movie,Dramas,2019,TV-14
Wira,Movie,International Movies,2019,TV-14
4th Republic,Movie,Dramas,2019,TV-MA
4th Republic,Movie,International Movies,2019,TV-MA
4th Republic,Movie,Thrillers,2019,TV-MA
Alexa & Katie,TV Show,Kids' TV,2020,TV-G
Alexa & Katie,TV Show,TV Comedies,2020,TV-G
Asura Guru,Movie,Dramas,2020,TV-14
Asura Guru,Movie,International Movies,2020,TV-14
How to Get Away with Murder,TV Show,Crime TV Shows,2020,TV-14
How to Get Away with Murder,TV Show,TV Dramas,2020,TV-14
How to Get Away with Murder,TV Show,TV Mysteries,2020,TV-14
Milea,Movie,Dramas,2020,TV-14
Milea,Movie,International Movies,2020,TV-14
Milea,Movie,Romantic Movies,2020,TV-14
Axone,Movie,Comedies,2020,TV-MA
Axone,Movie,Dramas,2020,TV-MA
Axone,Movie,Independent Movies,2020,TV-MA
Da 5 Bloods,Movie,Action & Adventure,2020,R
Da 5 Bloods,Movie,Dramas,2020,R
Dating Around,TV Show,Reality TV,2020,TV-MA
Dating Around,TV Show,Romantic TV Shows,2020,TV-MA
F is for Family,TV Show,TV Comedies,2020,TV-MA
Frank Elstner: Just One Last Question,TV Show,International TV Shows,2020,TV-MA
Frank Elstner: Just One Last Question,TV Show,Stand-Up Comedy & Talk Shows,2020,TV-MA
Jo Koy: In His Elements,Movie,Stand-Up Comedy,2020,TV-MA
Okko's Inn,Movie,Anime Features,2018,PG
Okko's Inn,Movie,Children & Family Movies,2018,PG
ONE PIECE,TV Show,Anime Series,2002,TV-14
The Search,TV Show,Crime TV Shows,2020,TV-MA
The Search,TV Show,International TV Shows,2020,TV-MA
The Search,TV Show,Spanish-Language TV Shows,2020,TV-MA
The Woods,TV Show,Crime TV Shows,2020,TV-MA
The Woods,TV Show,International TV Shows,2020,TV-MA
The Woods,TV Show,TV Dramas,2020,TV-MA
From A to B,Movie,Comedies,2014,TV-MA
From A to B,Movie,Dramas,2014,TV-MA
From A to B,Movie,International Movies,2014,TV-MA
Menahi,Movie,Comedies,2008,TV-14
Menahi,Movie,International Movies,2008,TV-14
Curon,TV Show,International TV Shows,2020,TV-MA
Curon,TV Show,TV Dramas,2020,TV-MA
Curon,TV Show,TV Horror,2020,TV-MA
DC's Legends of Tomorrow,TV Show,TV Action & Adventure,2020,TV-14
DC's Legends of Tomorrow,TV Show,TV Sci-Fi & Fantasy,2020,TV-14
Lenox Hill,TV Show,Docuseries,2020,TV-MA
Lenox Hill,TV Show,Reality TV,2020,TV-MA
Lenox Hill,TV Show,Science & Nature TV,2020,TV-MA
Middle Men,Movie,Comedies,2009,R
Middle Men,Movie,Dramas,2009,R
Middle Men,Movie,Independent Movies,2009,R
My Mister,TV Show,Crime TV Shows,2018,TV-MA
My Mister,TV Show,International TV Shows,2018,TV-MA
My Mister,TV Show,Korean TV Shows,2018,TV-MA
Reality Z,TV Show,International TV Shows,2020,TV-MA
Reality Z,TV Show,TV Horror,2020,TV-MA
Reality Z,TV Show,TV Mysteries,2020,TV-MA
The Witch: Part 1 - The Subversion,Movie,Action & Adventure,2018,TV-MA
The Witch: Part 1 - The Subversion,Movie,International Movies,2018,TV-MA
The Witch: Part 1 - The Subversion,Movie,Sci-Fi & Fantasy,2018,TV-MA
Before I Fall,Movie,Dramas,2017,PG-13
Before I Fall,Movie,Romantic Movies,2017,PG-13
365 Days,Movie,Dramas,2020,TV-MA
365 Days,Movie,International Movies,2020,TV-MA
365 Days,Movie,Romantic Movies,2020,TV-MA
Forensic,Movie,International Movies,2020,TV-14
Forensic,Movie,Thrillers,2020,TV-14
Project Papa,Movie,Dramas,2018,TV-14
Project Papa,Movie,Independent Movies,2018,TV-14
Project Papa,Movie,International Movies,2018,TV-14
Queen of the South,TV Show,Crime TV Shows,2018,TV-MA
Queen of the South,TV Show,TV Action & Adventure,2018,TV-MA
Queen of the South,TV Show,TV Dramas,2018,TV-MA
The Night Clerk,Movie,Dramas,2020,R
The Night Clerk,Movie,Independent Movies,2020,R
13 Reasons Why,TV Show,Crime TV Shows,2020,TV-MA
13 Reasons Why,TV Show,TV Dramas,2020,TV-MA
13 Reasons Why,TV Show,TV Mysteries,2020,TV-MA
Before the Summer Crowds,Movie,Dramas,2016,TV-14
Before the Summer Crowds,Movie,International Movies,2016,TV-14
Big Stone Gap,Movie,Comedies,2014,PG-13
Big Stone Gap,Movie,Romantic Movies,2014,PG-13
Choked: Paisa Bolta Hai,Movie,Dramas,2020,TV-14
Choked: Paisa Bolta Hai,Movie,International Movies,2020,TV-14
Merry Men 2: Another Mission,Movie,Comedies,2019,TV-MA
Merry Men 2: Another Mission,Movie,International Movies,2019,TV-MA
Queer Eye,TV Show,Reality TV,2020,TV-14
Supernatural,TV Show,Classic & Cult TV,2019,TV-14
Supernatural,TV Show,TV Action & Adventure,2019,TV-14
Supernatural,TV Show,TV Horror,2019,TV-14
The Last Days of American Crime,Movie,Action & Adventure,2020,TV-MA
The Last Days of American Crime,Movie,Dramas,2020,TV-MA
The Last Days of American Crime,Movie,Independent Movies,2020,TV-MA
The Light of My Eyes,Movie,Dramas,2010,TV-MA
The Light of My Eyes,Movie,International Movies,2010,TV-MA
The Light of My Eyes,Movie,Romantic Movies,2010,TV-MA
BAKI,TV Show,Anime Series,2020,TV-MA
BAKI,TV Show,International TV Shows,2020,TV-MA
Hot Sweet Sour,Movie,Dramas,2017,TV-14
Hot Sweet Sour,Movie,International Movies,2017,TV-14
Hot Sweet Sour,Movie,Romantic Movies,2017,TV-14
Overnight Republic,Movie,Comedies,2017,TV-MA
Overnight Republic,Movie,International Movies,2017,TV-MA
Can’t Complain,Movie,Comedies,2007,TV-MA
Can’t Complain,Movie,International Movies,2007,TV-MA
Can’t Complain,Movie,Romantic Movies,2007,TV-MA
Lady Bird,Movie,Comedies,2017,R
Lady Bird,Movie,Dramas,2017,R
Lady Bird,Movie,Independent Movies,2017,R
Spelling the Dream,Movie,Children & Family Movies,2020,TV-G
Spelling the Dream,Movie,Documentaries,2020,TV-G
Alone,TV Show,Reality TV,2019,TV-14
Andaleeb El Dokki,Movie,Comedies,2008,TV-14
Andaleeb El Dokki,Movie,International Movies,2008,TV-14
Let's Dance,Movie,Comedies,2006,TV-14
Let's Dance,Movie,Dramas,2006,TV-14
Let's Dance,Movie,International Movies,2006,TV-14
Life's Speed Bump,Movie,Comedies,2006,TV-14
Life's Speed Bump,Movie,International Movies,2006,TV-14
Mr. Romantic,Movie,Comedies,2009,TV-14
Mr. Romantic,Movie,International Movies,2009,TV-14
Mr. Romantic,Movie,Romantic Movies,2009,TV-14
My Horrible Grandma,Movie,Comedies,2012,TV-MA
My Horrible Grandma,Movie,Dramas,2012,TV-MA
My Horrible Grandma,Movie,International Movies,2012,TV-MA
Sorry To Disturb,Movie,Dramas,2008,TV-14
Sorry To Disturb,Movie,International Movies,2008,TV-14
The Student Cop,Movie,Action & Adventure,2004,TV-14
The Student Cop,Movie,Comedies,2004,TV-14
The Student Cop,Movie,International Movies,2004,TV-14
True: Rainbow Rescue,Movie,Children & Family Movies,2020,TV-Y
What's Up?,Movie,Comedies,2006,TV-PG
What's Up?,Movie,Dramas,2006,TV-PG
What's Up?,Movie,International Movies,2006,TV-PG
X Large,Movie,Comedies,2011,TV-14
X Large,Movie,International Movies,2011,TV-14
X Large,Movie,Romantic Movies,2011,TV-14
122,Movie,Horror Movies,2019,TV-MA
122,Movie,International Movies,2019,TV-MA
Cardcaptor Sakura,TV Show,Anime Series,1999,TV-Y7
Cardcaptor Sakura,TV Show,International TV Shows,1999,TV-Y7
Chippa,Movie,Comedies,2020,TV-14
Chippa,Movie,Dramas,2020,TV-14
Chippa,Movie,Independent Movies,2020,TV-14
Cook Off,Movie,Comedies,2017,TV-G
Cook Off,Movie,International Movies,2017,TV-G
Cook Off,Movie,Romantic Movies,2017,TV-G
Dear My Friends,TV Show,International TV Shows,2016,TV-MA
Dear My Friends,TV Show,Korean TV Shows,2016,TV-MA
Dear My Friends,TV Show,TV Dramas,2016,TV-MA
Kalek Shanab,Movie,Comedies,2019,TV-PG
Kalek Shanab,Movie,International Movies,2019,TV-PG
Megalobox,TV Show,Anime Series,2018,TV-MA
Megalobox,TV Show,International TV Shows,2018,TV-MA
Midnight Diner,TV Show,International TV Shows,2014,TV-MA
Midnight Diner,TV Show,TV Dramas,2014,TV-MA
Mirai,Movie,Action & Adventure,2018,PG
Mirai,Movie,Anime Features,2018,PG
Mirai,Movie,Children & Family Movies,2018,PG
My Shy Boss,TV Show,International TV Shows,2017,TV-MA
My Shy Boss,TV Show,Korean TV Shows,2017,TV-MA
My Shy Boss,TV Show,Romantic TV Shows,2017,TV-MA
Revolutionary Love,TV Show,International TV Shows,2017,TV-MA
Revolutionary Love,TV Show,Korean TV Shows,2017,TV-MA
Revolutionary Love,TV Show,Romantic TV Shows,2017,TV-MA
The Disaster Artist,Movie,Comedies,2017,R
The Disaster Artist,Movie,Dramas,2017,R
The Stolen,Movie,Dramas,2016,TV-14
High Strung Free Dance,Movie,Dramas,2019,TV-14
High Strung Free Dance,Movie,Music & Musicals,2019,TV-14
High Strung Free Dance,Movie,Romantic Movies,2019,TV-14
Freej Al Taibeen,Movie,Comedies,2018,TV-PG
Freej Al Taibeen,Movie,Dramas,2018,TV-PG
Freej Al Taibeen,Movie,International Movies,2018,TV-PG
Kenny Sebastian: The Most Interesting Person in the Room,Movie,Stand-Up Comedy,2020,TV-MA
Space Force,TV Show,TV Comedies,2020,TV-MA
The Other,Movie,Dramas,1999,TV-MA
The Other,Movie,International Movies,1999,TV-MA
The Other,Movie,Romantic Movies,1999,TV-MA
"Can't Cope, Won't Cope",TV Show,TV Comedies,2018,TV-MA
"Can't Cope, Won't Cope",TV Show,TV Dramas,2018,TV-MA
Dorohedoro,TV Show,Anime Series,2020,TV-MA
Dorohedoro,TV Show,International TV Shows,2020,TV-MA
Grandmother's Farm,Movie,Comedies,2014,TV-14
Grandmother's Farm,Movie,Horror Movies,2014,TV-14
Grandmother's Farm,Movie,International Movies,2014,TV-14
Grandmother's Farm Part 2,Movie,Comedies,2015,TV-14
Grandmother's Farm Part 2,Movie,Horror Movies,2015,TV-14
Grandmother's Farm Part 2,Movie,International Movies,2015,TV-14
Intuition,Movie,Dramas,2020,TV-MA
Intuition,Movie,International Movies,2020,TV-MA
Intuition,Movie,Thrillers,2020,TV-MA
Mako Mermaids: An H2O Adventure,TV Show,Kids' TV,2016,TV-G
Mako Mermaids: An H2O Adventure,TV Show,TV Comedies,2016,TV-G
I'm No Longer Here,Movie,Dramas,2019,TV-MA
I'm No Longer Here,Movie,Independent Movies,2019,TV-MA
I'm No Longer Here,Movie,International Movies,2019,TV-MA
Hannah Gadsby: Douglas,Movie,Stand-Up Comedy,2020,TV-MA
Ne Zha,Movie,Action & Adventure,2019,TV-14
Ne Zha,Movie,Comedies,2019,TV-14
Ne Zha,Movie,International Movies,2019,TV-14
Supergirl,TV Show,TV Action & Adventure,2019,TV-14
Supergirl,TV Show,TV Sci-Fi & Fantasy,2019,TV-14
Uncut Gems,Movie,Dramas,2019,R
Uncut Gems,Movie,Thrillers,2019,R
Betaal,TV Show,International TV Shows,2020,TV-MA
Betaal,TV Show,TV Action & Adventure,2020,TV-MA
Betaal,TV Show,TV Horror,2020,TV-MA
Dynasty,TV Show,TV Dramas,2019,TV-14
One Day We'll Talk About Today,Movie,Dramas,2020,TV-G
One Day We'll Talk About Today,Movie,International Movies,2020,TV-G
Si Doel the Movie 3,Movie,Dramas,2020,TV-G
Si Doel the Movie 3,Movie,International Movies,2020,TV-G
Si Doel the Movie 3,Movie,Music & Musicals,2020,TV-G
History 101,TV Show,British TV Shows,2020,TV-14
History 101,TV Show,Docuseries,2020,TV-14
History 101,TV Show,International TV Shows,2020,TV-14
Living in Bondage: Breaking Free,Movie,Horror Movies,2019,TV-MA
Living in Bondage: Breaking Free,Movie,International Movies,2019,TV-MA
Living in Bondage: Breaking Free,Movie,Thrillers,2019,TV-MA
Modest Heroes: Ponoc Short Films Theatre,Movie,Anime Features,2018,PG
Modest Heroes: Ponoc Short Films Theatre,Movie,Children & Family Movies,2018,PG
The Lovebirds,Movie,Action & Adventure,2020,R
The Lovebirds,Movie,Comedies,2020,R
The Lovebirds,Movie,Romantic Movies,2020,R
Trailer Park Boys: The Animated Series,TV Show,TV Comedies,2020,TV-MA
#FriendButMarried,Movie,Dramas,2018,TV-G
#FriendButMarried,Movie,International Movies,2018,TV-G
#FriendButMarried,Movie,Romantic Movies,2018,TV-G
Bye Bye London,Movie,Comedies,1981,TV-14
Bye Bye London,Movie,Dramas,1981,TV-14
Bye Bye London,Movie,International Movies,1981,TV-14
Fifty Year Old Teenager,Movie,Comedies,1996,TV-14
Fifty Year Old Teenager,Movie,International Movies,1996,TV-14
Lock Your Girls In,Movie,Comedies,1982,TV-PG
Lock Your Girls In,Movie,International Movies,1982,TV-PG
Lock Your Girls In,Movie,Romantic Movies,1982,TV-PG
Mujeres arriba,Movie,Comedies,2019,TV-14
Mujeres arriba,Movie,International Movies,2019,TV-14
Mujeres arriba,Movie,Romantic Movies,2019,TV-14
Mystic Pop-up Bar,TV Show,International TV Shows,2020,TV-MA
Mystic Pop-up Bar,TV Show,Korean TV Shows,2020,TV-MA
Mystic Pop-up Bar,TV Show,TV Comedies,2020,TV-MA
No Longer kids,Movie,Comedies,1979,TV-14
No Longer kids,Movie,Dramas,1979,TV-14
No Longer kids,Movie,International Movies,1979,TV-14
Raya and Sakina,Movie,Comedies,1984,TV-14
Raya and Sakina,Movie,Dramas,1984,TV-14
Raya and Sakina,Movie,International Movies,1984,TV-14
Sayed the Servant,Movie,Comedies,1985,TV-14
Sayed the Servant,Movie,International Movies,1985,TV-14
The Married Couples,Movie,Comedies,1981,TV-14
The Married Couples,Movie,International Movies,1981,TV-14
The Married Couples,Movie,Romantic Movies,1981,TV-14
The School of Mischief,Movie,Comedies,1973,TV-14
The School of Mischief,Movie,Dramas,1973,TV-14
The School of Mischief,Movie,International Movies,1973,TV-14
The Witness Who Didn't See Anything,Movie,Comedies,1976,TV-PG
The Witness Who Didn't See Anything,Movie,International Movies,1976,TV-PG
Anchor Baby,Movie,Dramas,2010,TV-MA
Anchor Baby,Movie,International Movies,2010,TV-MA
Ben Platt Live from Radio City Music Hall,Movie,Music & Musicals,2020,TV-PG
Especial 20 años Fútbol de Primera,TV Show,Docuseries,2020,TV-14
Especial 20 años Fútbol de Primera,TV Show,International TV Shows,2020,TV-14
Especial 20 años Fútbol de Primera,TV Show,Spanish-Language TV Shows,2020,TV-14
Honeytrap,Movie,Dramas,2014,TV-MA
Honeytrap,Movie,Independent Movies,2014,TV-MA
I Will Follow,Movie,Dramas,2010,TV-14
I Will Follow,Movie,Independent Movies,2010,TV-14
I Will Follow,Movie,Romantic Movies,2010,TV-14
Mutiny of the Worker Bees,Movie,Comedies,2020,TV-MA
Mutiny of the Worker Bees,Movie,International Movies,2020,TV-MA
The Queen and the Conqueror,TV Show,International TV Shows,2020,TV-14
The Queen and the Conqueror,TV Show,Spanish-Language TV Shows,2020,TV-14
The Queen and the Conqueror,TV Show,TV Dramas,2020,TV-14
What Are the Odds?,Movie,Comedies,2020,TV-MA
What Are the Odds?,Movie,Dramas,2020,TV-MA
What Are the Odds?,Movie,Independent Movies,2020,TV-MA
Either Me Or My Auntie,Movie,Comedies,2006,TV-PG
Either Me Or My Auntie,Movie,International Movies,2006,TV-PG
Escaping Tel Aviv,Movie,Action & Adventure,2009,TV-14
Escaping Tel Aviv,Movie,International Movies,2009,TV-14
Game Over,Movie,Comedies,2012,TV-14
Game Over,Movie,International Movies,2012,TV-14
Game Over,Movie,Romantic Movies,2012,TV-14
Karkar,Movie,Comedies,2007,TV-14
Karkar,Movie,International Movies,2007,TV-14
My Sleeping Lover,Movie,Comedies,2008,TV-PG
My Sleeping Lover,Movie,International Movies,2008,TV-PG
Omar & Salma 2,Movie,Comedies,2009,TV-14
Omar & Salma 2,Movie,International Movies,2009,TV-14
Patton Oswalt: I Love Everything,TV Show,Stand-Up Comedy & Talk Shows,2020,TV-MA
Patton Oswalt: I Love Everything,TV Show,TV Comedies,2020,TV-MA
Sweet Magnolias,TV Show,Romantic TV Shows,2020,TV-14
Sweet Magnolias,TV Show,TV Dramas,2020,TV-14
Tarek's Situation,Movie,Comedies,2006,TV-14
Tarek's Situation,Movie,International Movies,2006,TV-14
Tarek's Situation,Movie,Romantic Movies,2006,TV-14
The Beach Loafer,Movie,Comedies,2004,TV-14
The Beach Loafer,Movie,International Movies,2004,TV-14
Wadjda,Movie,Dramas,2012,PG
Wadjda,Movie,Independent Movies,2012,PG
Wadjda,Movie,International Movies,2012,PG
Zaki Chan,Movie,Comedies,2005,TV-PG
Zaki Chan,Movie,International Movies,2005,TV-PG
Zaki Chan,Movie,Romantic Movies,2005,TV-PG
Light in the Dark,Movie,Dramas,2019,TV-14
Light in the Dark,Movie,International Movies,2019,TV-14
The Big Flower Fight,TV Show,British TV Shows,2020,TV-PG
The Big Flower Fight,TV Show,International TV Shows,2020,TV-PG
The Big Flower Fight,TV Show,Reality TV,2020,TV-PG
Patriot Act with Hasan Minhaj,TV Show,Stand-Up Comedy & Talk Shows,2020,TV-MA
Patriot Act with Hasan Minhaj,TV Show,TV Comedies,2020,TV-MA
The End,Movie,Action & Adventure,2019,TV-MA
The End,Movie,Comedies,2019,TV-MA
The End,Movie,International Movies,2019,TV-MA
Boys Over Flowers,TV Show,International TV Shows,2009,TV-14
Boys Over Flowers,TV Show,Korean TV Shows,2009,TV-14
Boys Over Flowers,TV Show,Romantic TV Shows,2009,TV-14
Iris,TV Show,International TV Shows,2009,TV-14
Iris,TV Show,Korean TV Shows,2009,TV-14
Iris,TV Show,TV Action & Adventure,2009,TV-14
Avatar: The Last Airbender,TV Show,Classic & Cult TV,2007,TV-Y7
Avatar: The Last Airbender,TV Show,Kids' TV,2007,TV-Y7
Avatar: The Last Airbender,TV Show,TV Action & Adventure,2007,TV-Y7
Heaven Without People,Movie,Dramas,2017,TV-MA
Heaven Without People,Movie,International Movies,2017,TV-MA
"I love you, stupid",Movie,Comedies,2019,TV-MA
"I love you, stupid",Movie,International Movies,2019,TV-MA
"I love you, stupid",Movie,Romantic Movies,2019,TV-MA
Inhuman Resources,TV Show,Crime TV Shows,2020,TV-MA
Inhuman Resources,TV Show,International TV Shows,2020,TV-MA
Inhuman Resources,TV Show,TV Dramas,2020,TV-MA
Madam Secretary,TV Show,TV Dramas,2019,TV-PG
Magic for Humans,TV Show,Reality TV,2020,TV-14
Magic for Humans,TV Show,TV Comedies,2020,TV-14
Parasyte: The Maxim,TV Show,Anime Series,2014,TV-MA
Parasyte: The Maxim,TV Show,International TV Shows,2014,TV-MA
Parasyte: The Maxim,TV Show,TV Horror,2014,TV-MA
She-Ra and the Princesses of Power,TV Show,Kids' TV,2020,TV-Y7
She-Ra and the Princesses of Power,TV Show,TV Action & Adventure,2020,TV-Y7
She-Ra and the Princesses of Power,TV Show,TV Sci-Fi & Fantasy,2020,TV-Y7
Sleepless Society: Two Pillows & A Lost Soul,TV Show,Crime TV Shows,2020,TV-MA
Sleepless Society: Two Pillows & A Lost Soul,TV Show,International TV Shows,2020,TV-MA
Sleepless Society: Two Pillows & A Lost Soul,TV Show,TV Dramas,2020,TV-MA
Strangers from Hell,TV Show,International TV Shows,2019,TV-MA
Strangers from Hell,TV Show,Korean TV Shows,2019,TV-MA
Strangers from Hell,TV Show,TV Horror,2019,TV-MA
The Wiggles,TV Show,Kids' TV,2015,TV-Y
White Lines,TV Show,British TV Shows,2020,TV-MA
White Lines,TV Show,Crime TV Shows,2020,TV-MA
White Lines,TV Show,International TV Shows,2020,TV-MA
Dilan 1990,Movie,Dramas,2018,TV-14
Dilan 1990,Movie,International Movies,2018,TV-14
Dilan 1990,Movie,Romantic Movies,2018,TV-14
Dilan 1991,Movie,Dramas,2019,TV-14
Dilan 1991,Movie,International Movies,2019,TV-14
Dilan 1991,Movie,Romantic Movies,2019,TV-14
Fan of Amoory,Movie,Children & Family Movies,2018,TV-G
Fan of Amoory,Movie,Dramas,2018,TV-G
Fan of Amoory,Movie,International Movies,2018,TV-G
Malang,Movie,Action & Adventure,2020,TV-MA
Malang,Movie,International Movies,2020,TV-MA
Malang,Movie,Romantic Movies,2020,TV-MA
Match,Movie,Dramas,2017,TV-14
Match,Movie,International Movies,2017,TV-14
Rencor tatuado,Movie,Dramas,2018,TV-MA
Rencor tatuado,Movie,Independent Movies,2018,TV-MA
Rencor tatuado,Movie,International Movies,2018,TV-MA
The Delivery Boy,Movie,International Movies,2018,TV-14
The Delivery Boy,Movie,Thrillers,2018,TV-14
Wedy Atkalam,Movie,Comedies,2018,TV-PG
Wedy Atkalam,Movie,Dramas,2018,TV-PG
Wedy Atkalam,Movie,International Movies,2018,TV-PG
Fire in the Blood,Movie,Documentaries,2012,TV-14
Fire in the Blood,Movie,International Movies,2012,TV-14
The Wrong Missy,Movie,Comedies,2020,TV-MA
The Wrong Missy,Movie,Romantic Movies,2020,TV-MA
Ali & Alia,Movie,Dramas,2019,TV-14
Ali & Alia,Movie,International Movies,2019,TV-14
Ali & Alia,Movie,Romantic Movies,2019,TV-14
True: Terrific Tales,TV Show,Kids' TV,2020,TV-Y
Unbreakable Kimmy Schmidt: Kimmy vs. the Reverend,Movie,Comedies,2020,TV-14
Action Replayy,Movie,Children & Family Movies,2010,TV-PG
Action Replayy,Movie,Comedies,2010,TV-PG
Action Replayy,Movie,International Movies,2010,TV-PG
Andaz Apna Apna,Movie,Action & Adventure,1994,TV-14
Andaz Apna Apna,Movie,Comedies,1994,TV-14
Andaz Apna Apna,Movie,Cult Movies,1994,TV-14
Bordertown,TV Show,Crime TV Shows,2019,TV-MA
Bordertown,TV Show,International TV Shows,2019,TV-MA
Bordertown,TV Show,TV Dramas,2019,TV-MA
Have a Good Trip: Adventures in Psychedelics,Movie,Documentaries,2020,TV-MA
Trial By Media,TV Show,Crime TV Shows,2020,TV-MA
Trial By Media,TV Show,Docuseries,2020,TV-MA
John Henry,Movie,Dramas,2020,R
John Henry,Movie,Thrillers,2020,R
18 Presents,Movie,Dramas,2020,TV-MA
18 Presents,Movie,Independent Movies,2020,TV-MA
18 Presents,Movie,International Movies,2020,TV-MA
Dead to Me,TV Show,TV Comedies,2020,TV-MA
Dead to Me,TV Show,TV Dramas,2020,TV-MA
Restaurants on the Edge,TV Show,International TV Shows,2020,TV-14
Restaurants on the Edge,TV Show,Reality TV,2020,TV-14
The Eddy,TV Show,International TV Shows,2020,TV-MA
The Eddy,TV Show,TV Dramas,2020,TV-MA
The Hollow,TV Show,Kids' TV,2020,TV-Y7
The Hollow,TV Show,TV Thrillers,2020,TV-Y7
Aerials,Movie,International Movies,2016,TV-14
Aerials,Movie,Sci-Fi & Fantasy,2016,TV-14
In Paradox,Movie,International Movies,2019,TV-14
In Paradox,Movie,Sci-Fi & Fantasy,2019,TV-14
In Paradox,Movie,Thrillers,2019,TV-14
Scissor Seven,TV Show,International TV Shows,2020,TV-MA
Scissor Seven,TV Show,TV Action & Adventure,2020,TV-MA
Scissor Seven,TV Show,TV Comedies,2020,TV-MA
Si Doel the Movie,Movie,Dramas,2018,TV-PG
Si Doel the Movie,Movie,International Movies,2018,TV-PG
Becoming,Movie,Documentaries,2020,PG
"Sí, Mi Amor",Movie,Comedies,2020,TV-MA
"Sí, Mi Amor",Movie,International Movies,2020,TV-MA
"Sí, Mi Amor",Movie,Romantic Movies,2020,TV-MA
Jerry Seinfeld: 23 Hours To Kill,Movie,Stand-Up Comedy,2020,TV-PG
Arctic Dogs,Movie,Children & Family Movies,2019,PG
Arctic Dogs,Movie,Comedies,2019,PG
Luccas Neto em: Acampamento de Férias 2,Movie,Children & Family Movies,2020,TV-G
Luccas Neto em: Acampamento de Férias 2,Movie,Comedies,2020,TV-G
Luccas Neto em: Acampamento de Férias 2,Movie,Music & Musicals,2020,TV-G
One Day: Justice Delivered,Movie,Dramas,2019,TV-14
One Day: Justice Delivered,Movie,International Movies,2019,TV-14
Almost Happy,TV Show,International TV Shows,2020,TV-MA
Almost Happy,TV Show,Spanish-Language TV Shows,2020,TV-MA
Almost Happy,TV Show,TV Comedies,2020,TV-MA
Bennett's War,Movie,Dramas,2019,PG-13
Bennett's War,Movie,Sports Movies,2019,PG-13
Death Can Wait,Movie,Comedies,2020,TV-14
Death Can Wait,Movie,International Movies,2020,TV-14
Hangar 1: The UFO Files,TV Show,Docuseries,2015,TV-PG
Hoarders,TV Show,Reality TV,2020,TV-PG
Lady Driver,Movie,Dramas,2019,PG
Lady Driver,Movie,Sports Movies,2019,PG
Mike Birbiglia: My Girlfriend's Boyfriend,Movie,Stand-Up Comedy,2013,TV-14
Roped,Movie,Children & Family Movies,2020,PG
Roped,Movie,Dramas,2020,PG
Roped,Movie,Romantic Movies,2020,PG
The Stand at Paxton County,Movie,Dramas,2020,R
The Stand at Paxton County,Movie,Independent Movies,2020,R
The Stand at Paxton County,Movie,Thrillers,2020,R
The Universe: Ancient Mysteries Solved,TV Show,Docuseries,2015,TV-PG
The Universe: Ancient Mysteries Solved,TV Show,Science & Nature TV,2015,TV-PG
WWII in HD,TV Show,Docuseries,2009,TV-14
All Day and a Night,Movie,Dramas,2020,R
All Day and a Night,Movie,Independent Movies,2020,R
Cracked Up: The Darrell Hammond Story,Movie,Documentaries,2018,TV-MA
Get In,Movie,International Movies,2019,TV-MA
Get In,Movie,Thrillers,2019,TV-MA
Go! Go! Cory Carson: The Chrissy,Movie,Children & Family Movies,2020,TV-Y
Hollywood,TV Show,TV Dramas,2020,TV-MA
I Am Divine,Movie,Documentaries,2013,TV-MA
I Am Divine,Movie,LGBTQ Movies,2013,TV-MA
Madagascar: Escape 2 Africa,Movie,Children & Family Movies,2008,PG
Madagascar: Escape 2 Africa,Movie,Comedies,2008,PG
Masha and the Bear,TV Show,Kids' TV,2019,TV-Y
Material,Movie,Comedies,2012,TV-14
Material,Movie,Dramas,2012,TV-14
Material,Movie,International Movies,2012,TV-14
Medici: Masters of Florence,TV Show,International TV Shows,2019,TV-MA
Medici: Masters of Florence,TV Show,TV Dramas,2019,TV-MA
Monthly Girls' Nozaki Kun,TV Show,Anime Series,2014,TV-PG
Monthly Girls' Nozaki Kun,TV Show,Romantic TV Shows,2014,TV-PG
Mrs. Serial Killer,Movie,International Movies,2020,TV-MA
Mrs. Serial Killer,Movie,Thrillers,2020,TV-MA
Oh Yuck,TV Show,Kids' TV,2020,TV-G
Oh Yuck,TV Show,TV Comedies,2020,TV-G
Psycho,Movie,Horror Movies,2020,TV-MA
Psycho,Movie,International Movies,2020,TV-MA
Psycho,Movie,Thrillers,2020,TV-MA
Reckoning,TV Show,Crime TV Shows,2019,TV-MA
Reckoning,TV Show,TV Dramas,2019,TV-MA
Reckoning,TV Show,TV Mysteries,2019,TV-MA
The Half Of It,Movie,Comedies,2020,PG-13
The Half Of It,Movie,Dramas,2020,PG-13
The Half Of It,Movie,LGBTQ Movies,2020,PG-13
The Heartbreak Kid,Movie,Comedies,2007,R
The Heartbreak Kid,Movie,Romantic Movies,2007,R
Thomas & Friends: Marvelous Machinery: A New Arrival,Movie,Children & Family Movies,2020,TV-Y
Thomas & Friends: Marvelous Machinery: World of Tomorrow,Movie,Children & Family Movies,2020,TV-Y
Thomas & Friends: Thomas and the Royal Engine,Movie,Children & Family Movies,2020,TV-Y
What a Girl Wants,Movie,Children & Family Movies,2003,PG
What a Girl Wants,Movie,Comedies,2003,PG
Dangerous Lies,Movie,Thrillers,2020,TV-14
DRIFTING DRAGONS,TV Show,Anime Series,2020,TV-14
DRIFTING DRAGONS,TV Show,International TV Shows,2020,TV-14
El señor de los Cielos,TV Show,Crime TV Shows,2019,TV-MA
El señor de los Cielos,TV Show,International TV Shows,2019,TV-MA
El señor de los Cielos,TV Show,Spanish-Language TV Shows,2019,TV-MA
Good Witch,TV Show,TV Dramas,2019,TV-PG
Good Witch,TV Show,TV Sci-Fi & Fantasy,2019,TV-PG
Rich in Love,Movie,Comedies,2020,TV-14
Rich in Love,Movie,International Movies,2020,TV-14
Rich in Love,Movie,Romantic Movies,2020,TV-14
The Forest of Love: Deep Cut,TV Show,Crime TV Shows,2020,TV-MA
The Forest of Love: Deep Cut,TV Show,International TV Shows,2020,TV-MA
The Forest of Love: Deep Cut,TV Show,TV Dramas,2020,TV-MA
The Victims' Game,TV Show,Crime TV Shows,2020,TV-MA
The Victims' Game,TV Show,International TV Shows,2020,TV-MA
The Victims' Game,TV Show,TV Dramas,2020,TV-MA
A Secret Love,Movie,Documentaries,2020,TV-14
A Secret Love,Movie,LGBTQ Movies,2020,TV-14
Ekşi Elmalar,Movie,Dramas,2016,TV-PG
Ekşi Elmalar,Movie,International Movies,2016,TV-PG
Extracurricular,TV Show,Crime TV Shows,2020,TV-MA
Extracurricular,TV Show,International TV Shows,2020,TV-MA
Extracurricular,TV Show,Korean TV Shows,2020,TV-MA
Love Is War,Movie,Comedies,2019,TV-14
Love Is War,Movie,Dramas,2019,TV-14
Love Is War,Movie,International Movies,2019,TV-14
Murder to Mercy: The Cyntoia Brown Story,Movie,Documentaries,2020,TV-MA
Nadiya’s Time to Eat,TV Show,British TV Shows,2020,TV-G
Nadiya’s Time to Eat,TV Show,International TV Shows,2020,TV-G
Nadiya’s Time to Eat,TV Show,Reality TV,2020,TV-G
R.K.Nagar,Movie,Action & Adventure,2019,TV-14
R.K.Nagar,Movie,Comedies,2019,TV-14
R.K.Nagar,Movie,Dramas,2019,TV-14
Tjovitjo,TV Show,International TV Shows,2017,TV-MA
Tjovitjo,TV Show,TV Dramas,2017,TV-MA
Beynelmilel,Movie,Comedies,2006,TV-MA
Beynelmilel,Movie,Dramas,2006,TV-MA
Beynelmilel,Movie,International Movies,2006,TV-MA
Bir Baba Hindu,Movie,Action & Adventure,2016,TV-MA
Bir Baba Hindu,Movie,Comedies,2016,TV-MA
Bir Baba Hindu,Movie,International Movies,2016,TV-MA
Boushkash,Movie,Comedies,2008,TV-MA
Boushkash,Movie,International Movies,2008,TV-MA
Cinar Agaci,Movie,Comedies,2011,TV-14
Cinar Agaci,Movie,Dramas,2011,TV-14
Cinar Agaci,Movie,International Movies,2011,TV-14
Görümce,Movie,Comedies,2016,TV-MA
Görümce,Movie,International Movies,2016,TV-MA
Görümce,Movie,Music & Musicals,2016,TV-MA
İstanbul Kırmızısı,Movie,Dramas,2017,TV-MA
İstanbul Kırmızısı,Movie,Independent Movies,2017,TV-MA
İstanbul Kırmızısı,Movie,International Movies,2017,TV-MA
Küçük Esnaf,Movie,Comedies,2016,TV-MA
Küçük Esnaf,Movie,International Movies,2016,TV-MA
Lembi 8 Giga,Movie,Comedies,2010,TV-MA
Lembi 8 Giga,Movie,International Movies,2010,TV-MA
Neseli Hayat,Movie,Comedies,2009,TV-14
Neseli Hayat,Movie,International Movies,2009,TV-14
Organize Isler,Movie,Action & Adventure,2005,TV-14
Organize Isler,Movie,Comedies,2005,TV-14
Organize Isler,Movie,International Movies,2005,TV-14
The Reliant,Movie,Dramas,2019,PG-13
The Reliant,Movie,Faith & Spirituality,2019,PG-13
We'll Be Right Back After The Break,Movie,Action & Adventure,2012,TV-14
We'll Be Right Back After The Break,Movie,Comedies,2012,TV-14
We'll Be Right Back After The Break,Movie,International Movies,2012,TV-14
5Gang,Movie,Comedies,2019,TV-14
5Gang,Movie,International Movies,2019,TV-14
Love Aaj Kal,Movie,Dramas,2020,TV-MA
Love Aaj Kal,Movie,International Movies,2020,TV-MA
Love Aaj Kal,Movie,Romantic Movies,2020,TV-MA
The Lift Boy,Movie,Dramas,2020,TV-MA
The Lift Boy,Movie,Independent Movies,2020,TV-MA
The Lift Boy,Movie,International Movies,2020,TV-MA
"Coronavirus, Explained",TV Show,Docuseries,2020,TV-PG
"Coronavirus, Explained",TV Show,Science & Nature TV,2020,TV-PG
The Last Kingdom,TV Show,British TV Shows,2020,TV-MA
The Last Kingdom,TV Show,International TV Shows,2020,TV-MA
The Last Kingdom,TV Show,TV Action & Adventure,2020,TV-MA
Bheeshma,Movie,Action & Adventure,2020,TV-14
Bheeshma,Movie,Comedies,2020,TV-14
Bheeshma,Movie,International Movies,2020,TV-14
Bittersweet,Movie,Comedies,2010,TV-MA
Bittersweet,Movie,Dramas,2010,TV-MA
Bittersweet,Movie,International Movies,2010,TV-MA
My Secret Romance,TV Show,International TV Shows,2017,TV-14
My Secret Romance,TV Show,Korean TV Shows,2017,TV-14
My Secret Romance,TV Show,Romantic TV Shows,2017,TV-14
No Direction Home: Bob Dylan,Movie,Documentaries,2005,TV-MA
No Direction Home: Bob Dylan,Movie,Music & Musicals,2005,TV-MA
She Made Me a Criminal,Movie,Comedies,2006,TV-14
She Made Me a Criminal,Movie,International Movies,2006,TV-14
The Artist,Movie,Comedies,2011,PG-13
The Artist,Movie,Dramas,2011,PG-13
The Artist,Movie,Independent Movies,2011,PG-13
The Dealer,Movie,Action & Adventure,2010,TV-14
The Dealer,Movie,International Movies,2010,TV-14
The International Player,Movie,Dramas,2009,TV-14
The International Player,Movie,International Movies,2009,TV-14
The International Player,Movie,Sports Movies,2009,TV-14
The Promise,Movie,Dramas,2008,TV-14
The Promise,Movie,International Movies,2008,TV-14
الف مبروك,Movie,Comedies,2009,TV-14
الف مبروك,Movie,Dramas,2009,TV-14
الف مبروك,Movie,International Movies,2009,TV-14
دفعة القاهرة,TV Show,International TV Shows,2019,TV-14
دفعة القاهرة,TV Show,TV Dramas,2019,TV-14
After Life,TV Show,British TV Shows,2020,TV-MA
After Life,TV Show,International TV Shows,2020,TV-MA
After Life,TV Show,TV Comedies,2020,TV-MA
DreamWorks Spooky Stories: Volume 2,TV Show,Kids' TV,2011,TV-PG
DreamWorks Spooky Stories: Volume 2,TV Show,TV Comedies,2011,TV-PG
Kolaiyuthir Kaalam,Movie,International Movies,2019,TV-14
Kolaiyuthir Kaalam,Movie,Thrillers,2019,TV-14
Love 101,TV Show,International TV Shows,2020,TV-MA
Love 101,TV Show,TV Dramas,2020,TV-MA
Love 101,TV Show,Teen TV Shows,2020,TV-MA
"Yours Sincerely, Kanan Gill",Movie,Stand-Up Comedy,2020,TV-MA
Ghost in the Shell: SAC_2045,TV Show,Anime Series,2020,TV-14
Ghost in the Shell: SAC_2045,TV Show,Crime TV Shows,2020,TV-14
Ghost in the Shell: SAC_2045,TV Show,International TV Shows,2020,TV-14
My Stupid Boss,Movie,Comedies,2016,TV-G
My Stupid Boss,Movie,International Movies,2016,TV-G
My Stupid Boss 2,Movie,Comedies,2019,TV-14
My Stupid Boss 2,Movie,International Movies,2019,TV-14
The House of Flowers,TV Show,International TV Shows,2020,TV-MA
The House of Flowers,TV Show,Spanish-Language TV Shows,2020,TV-MA
The House of Flowers,TV Show,TV Comedies,2020,TV-MA
This Earth of Mankind,Movie,Dramas,2019,TV-14
This Earth of Mankind,Movie,International Movies,2019,TV-14
Time to Hunt,Movie,International Movies,2020,TV-MA
Time to Hunt,Movie,Thrillers,2020,TV-MA
Absurd Planet,TV Show,Docuseries,2020,TV-PG
Absurd Planet,TV Show,Science & Nature TV,2020,TV-PG
Absurd Planet,TV Show,TV Comedies,2020,TV-PG
Circus of Books,Movie,Documentaries,2020,TV-MA
Circus of Books,Movie,LGBTQ Movies,2020,TV-MA
The Plagues of Breslau,Movie,International Movies,2018,TV-MA
The Plagues of Breslau,Movie,Thrillers,2018,TV-MA
The Set Up,Movie,Dramas,2019,TV-MA
The Set Up,Movie,International Movies,2019,TV-MA
The Silence of the Marsh,Movie,International Movies,2019,TV-MA
The Silence of the Marsh,Movie,Thrillers,2019,TV-MA
The Willoughbys,Movie,Children & Family Movies,2020,PG
The Willoughbys,Movie,Comedies,2020,PG
Win the Wilderness,TV Show,British TV Shows,2020,TV-14
Win the Wilderness,TV Show,International TV Shows,2020,TV-14
Win the Wilderness,TV Show,Reality TV,2020,TV-14
Bleach,TV Show,Anime Series,2006,TV-14
Bleach,TV Show,International TV Shows,2006,TV-14
Middleditch & Schwartz,TV Show,TV Comedies,2020,TV-MA
Nicky Jam: El Ganador,TV Show,Crime TV Shows,2018,TV-MA
Nicky Jam: El Ganador,TV Show,International TV Shows,2018,TV-MA
Nicky Jam: El Ganador,TV Show,Spanish-Language TV Shows,2018,TV-MA
Cooked with Cannabis,TV Show,Reality TV,2020,TV-MA
The Midnight Gospel,TV Show,TV Comedies,2020,TV-MA
Varane Avashyamund,Movie,Comedies,2020,TV-14
Varane Avashyamund,Movie,Dramas,2020,TV-14
Varane Avashyamund,Movie,International Movies,2020,TV-14
ChuChu TV Nursery Rhymes & Kids Songs (Hindi),TV Show,Kids' TV,2019,TV-Y
The King: Eternal Monarch,TV Show,Crime TV Shows,2020,TV-14
The King: Eternal Monarch,TV Show,International TV Shows,2020,TV-14
The King: Eternal Monarch,TV Show,Korean TV Shows,2020,TV-14
#blackAF,TV Show,TV Comedies,2020,TV-MA
Babamın Ceketi,Movie,Comedies,2018,TV-MA
Babamın Ceketi,Movie,International Movies,2018,TV-MA
Earth and Blood,Movie,Dramas,2020,TV-MA
Earth and Blood,Movie,International Movies,2020,TV-MA
Earth and Blood,Movie,Thrillers,2020,TV-MA
El Dragón: Return of a Warrior,TV Show,Crime TV Shows,2020,TV-MA
El Dragón: Return of a Warrior,TV Show,International TV Shows,2020,TV-MA
El Dragón: Return of a Warrior,TV Show,Spanish-Language TV Shows,2020,TV-MA
Hasmukh,TV Show,Crime TV Shows,2020,TV-MA
Hasmukh,TV Show,International TV Shows,2020,TV-MA
Hasmukh,TV Show,TV Comedies,2020,TV-MA
Rising High,Movie,Dramas,2020,TV-MA
Rising High,Movie,International Movies,2020,TV-MA
Sergio,Movie,Dramas,2020,R
Sergio,Movie,Independent Movies,2020,R
The Legacy of the Bones,Movie,International Movies,2019,TV-MA
The Legacy of the Bones,Movie,Thrillers,2019,TV-MA
Alelí,Movie,Comedies,2019,TV-MA
Alelí,Movie,Dramas,2019,TV-MA
Alelí,Movie,International Movies,2019,TV-MA
Fary : Hexagone,TV Show,International TV Shows,2020,TV-MA
Fary : Hexagone,TV Show,Stand-Up Comedy & Talk Shows,2020,TV-MA
Fary : Hexagone,TV Show,TV Comedies,2020,TV-MA
Fauda,TV Show,Crime TV Shows,2020,TV-MA
Fauda,TV Show,International TV Shows,2020,TV-MA
Fauda,TV Show,TV Action & Adventure,2020,TV-MA
"Hail, Caesar!",Movie,Comedies,2016,PG-13
Jem and the Holograms,Movie,Children & Family Movies,2015,PG
Jem and the Holograms,Movie,Dramas,2015,PG
Jem and the Holograms,Movie,Music & Musicals,2015,PG
Maurício Meirelles: Generating Chaos,Movie,Stand-Up Comedy,2020,TV-MA
Puerto Ricans in Paris,Movie,Comedies,2015,R
Stunt School,Movie,Children & Family Movies,2019,TV-G
Stunt School,Movie,Comedies,2019,TV-G
Stunt School,Movie,International Movies,2019,TV-G
For the Broken Hearted,Movie,Dramas,2018,TV-14
For the Broken Hearted,Movie,International Movies,2018,TV-14
For the Broken Hearted,Movie,Romantic Movies,2018,TV-14
Mischief,Movie,Comedies,2019,TV-PG
Mischief,Movie,Dramas,2019,TV-PG
Mischief,Movie,Independent Movies,2019,TV-PG
The Innocence Files,TV Show,Crime TV Shows,2020,TV-MA
The Innocence Files,TV Show,Docuseries,2020,TV-MA
World Famous Lover,Movie,Dramas,2020,TV-MA
World Famous Lover,Movie,International Movies,2020,TV-MA
World Famous Lover,Movie,Romantic Movies,2020,TV-MA
Chris D'Elia: No Pain,Movie,Stand-Up Comedy,2020,TV-MA
New Money,Movie,Dramas,2018,TV-14
New Money,Movie,International Movies,2018,TV-14
Moms at War,Movie,Comedies,2018,TV-14
Moms at War,Movie,Dramas,2018,TV-14
Moms at War,Movie,International Movies,2018,TV-14
Surviving R. Kelly: The Impact,Movie,Documentaries,2019,TV-14
Code 8,Movie,Action & Adventure,2019,TV-MA
Code 8,Movie,Independent Movies,2019,TV-MA
Code 8,Movie,International Movies,2019,TV-MA
Brews Brothers,TV Show,TV Comedies,2020,TV-MA
LA Originals,Movie,Documentaries,2020,TV-MA
LA Originals,Movie,International Movies,2020,TV-MA
LA Originals,Movie,Music & Musicals,2020,TV-MA
Love Wedding Repeat,Movie,Comedies,2020,TV-MA
Love Wedding Repeat,Movie,International Movies,2020,TV-MA
Love Wedding Repeat,Movie,Romantic Movies,2020,TV-MA
School Life,Movie,Comedies,2019,TV-MA
School Life,Movie,Dramas,2019,TV-MA
School Life,Movie,International Movies,2019,TV-MA
The Main Event,Movie,Children & Family Movies,2020,TV-G
The Main Event,Movie,Comedies,2020,TV-G
The Main Event,Movie,Sports Movies,2020,TV-G
The Trial,TV Show,Crime TV Shows,2019,TV-MA
The Trial,TV Show,International TV Shows,2019,TV-MA
The Trial,TV Show,TV Dramas,2019,TV-MA
Tigertail,Movie,Dramas,2020,PG
Hi Score Girl,TV Show,Anime Series,2019,TV-14
Hi Score Girl,TV Show,International TV Shows,2019,TV-14
Hi Score Girl,TV Show,Romantic TV Shows,2019,TV-14
The Circle France,TV Show,International TV Shows,2020,TV-MA
The Circle France,TV Show,Reality TV,2020,TV-MA
Born Beautiful,Movie,Comedies,2019,TV-MA
Born Beautiful,Movie,Dramas,2019,TV-MA
Born Beautiful,Movie,International Movies,2019,TV-MA
The Last Airbender,Movie,Action & Adventure,2010,PG
The Last Airbender,Movie,Children & Family Movies,2010,PG
The Last Airbender,Movie,Sci-Fi & Fantasy,2010,PG
Tiffany Haddish: She Ready! From the Hood To Hollywood!,Movie,Stand-Up Comedy,2017,TV-MA
Mine 9,Movie,Dramas,2019,TV-MA
Mine 9,Movie,Independent Movies,2019,TV-MA
The Florida Project,Movie,Dramas,2017,R
The Florida Project,Movie,Independent Movies,2017,R
Dark Light,Movie,Horror Movies,2019,TV-MA
Dark Light,Movie,Independent Movies,2019,TV-MA
Dark Light,Movie,Sci-Fi & Fantasy,2019,TV-MA
The Killing of a Sacred Deer,Movie,Dramas,2017,R
The Killing of a Sacred Deer,Movie,Independent Movies,2017,R
The Killing of a Sacred Deer,Movie,Thrillers,2017,R
Angel Has Fallen,Movie,Action & Adventure,2019,R
El Reemplazante,TV Show,International TV Shows,2013,TV-MA
El Reemplazante,TV Show,Spanish-Language TV Shows,2013,TV-MA
El Reemplazante,TV Show,TV Dramas,2013,TV-MA
Coffee & Kareem,Movie,Action & Adventure,2020,TV-MA
Coffee & Kareem,Movie,Comedies,2020,TV-MA
Legacies,TV Show,TV Dramas,2019,TV-14
Legacies,TV Show,TV Sci-Fi & Fantasy,2019,TV-14
Legacies,TV Show,Teen TV Shows,2019,TV-14
Money Heist: The Phenomenon,Movie,Documentaries,2020,TV-MA
Money Heist: The Phenomenon,Movie,International Movies,2020,TV-MA
The Death of Stalin,Movie,Comedies,2017,R
The Death of Stalin,Movie,Dramas,2017,R
The Death of Stalin,Movie,Independent Movies,2017,R
Sol Levante,Movie,Action & Adventure,2020,TV-14
Sol Levante,Movie,Anime Features,2020,TV-14
Sol Levante,Movie,International Movies,2020,TV-14
Violet Evergarden: Eternity and the Auto Memory Doll,Movie,Anime Features,2019,TV-PG
Violet Evergarden: Eternity and the Auto Memory Doll,Movie,International Movies,2019,TV-PG
Violet Evergarden: Eternity and the Auto Memory Doll,Movie,Sci-Fi & Fantasy,2019,TV-PG
Agneepath,Movie,Dramas,1990,TV-14
Agneepath,Movie,International Movies,1990,TV-14
Brothers,Movie,Action & Adventure,2015,TV-14
Brothers,Movie,Dramas,2015,TV-14
Brothers,Movie,International Movies,2015,TV-14
Chhota Bheem and the Curse of Damyaan,Movie,Children & Family Movies,2012,TV-Y7
Community,TV Show,TV Comedies,2015,TV-14
David Batra: Elefanten i rummet,Movie,Stand-Up Comedy,2020,TV-MA
Dostana,Movie,Comedies,2008,TV-14
Dostana,Movie,Dramas,2008,TV-14
Dostana,Movie,International Movies,2008,TV-14
Duniya,Movie,Action & Adventure,1984,TV-14
Duniya,Movie,Dramas,1984,TV-14
Duniya,Movie,International Movies,1984,TV-14
Duplicate,Movie,Comedies,1998,TV-14
Duplicate,Movie,Dramas,1998,TV-14
Duplicate,Movie,International Movies,1998,TV-14
Friendship,Movie,Action & Adventure,1980,TV-14
Friendship,Movie,Dramas,1980,TV-14
Friendship,Movie,International Movies,1980,TV-14
Gori Tere Pyaar Mein,Movie,Comedies,2013,TV-14
Gori Tere Pyaar Mein,Movie,Dramas,2013,TV-14
Gori Tere Pyaar Mein,Movie,International Movies,2013,TV-14
Gumrah,Movie,Action & Adventure,1993,TV-14
Gumrah,Movie,Dramas,1993,TV-14
Gumrah,Movie,International Movies,1993,TV-14
Hasee Toh Phasee,Movie,Comedies,2014,TV-14
Hasee Toh Phasee,Movie,Dramas,2014,TV-14
Hasee Toh Phasee,Movie,International Movies,2014,TV-14
How to Fix a Drug Scandal,TV Show,Crime TV Shows,2020,TV-MA
How to Fix a Drug Scandal,TV Show,Docuseries,2020,TV-MA
Humpty Sharma Ki Dulhania,Movie,Comedies,2014,TV-14
Humpty Sharma Ki Dulhania,Movie,International Movies,2014,TV-14
Humpty Sharma Ki Dulhania,Movie,Romantic Movies,2014,TV-14
Kaal,Movie,Horror Movies,2005,TV-14
Kaal,Movie,International Movies,2005,TV-14
Kaal,Movie,Thrillers,2005,TV-14
Kabhi Alvida Naa Kehna,Movie,Dramas,2006,TV-14
Kabhi Alvida Naa Kehna,Movie,International Movies,2006,TV-14
Kabhi Alvida Naa Kehna,Movie,Romantic Movies,2006,TV-14
Kabhi Khushi Kabhie Gham,Movie,Dramas,2001,TV-14
Kabhi Khushi Kabhie Gham,Movie,International Movies,2001,TV-14
Kal Ho Naa Ho,Movie,Comedies,2003,TV-14
Kal Ho Naa Ho,Movie,Dramas,2003,TV-14
Kal Ho Naa Ho,Movie,International Movies,2003,TV-14
Kapoor & Sons,Movie,Comedies,2016,TV-14
Kapoor & Sons,Movie,Dramas,2016,TV-14
Kapoor & Sons,Movie,International Movies,2016,TV-14
Kuch Kuch Hota Hai,Movie,Comedies,1998,TV-14
Kuch Kuch Hota Hai,Movie,Dramas,1998,TV-14
Kuch Kuch Hota Hai,Movie,International Movies,1998,TV-14
Magnificent,Movie,Comedies,2015,TV-14
Magnificent,Movie,International Movies,2015,TV-14
Magnificent,Movie,Romantic Movies,2015,TV-14
Man Like Mobeen,TV Show,British TV Shows,2020,TV-MA
Man Like Mobeen,TV Show,International TV Shows,2020,TV-MA
Man Like Mobeen,TV Show,TV Comedies,2020,TV-MA
Mighty Raju Rio Calling,Movie,Children & Family Movies,2014,TV-Y7
Mighty Raju Rio Calling,Movie,Sports Movies,2014,TV-Y7
Muqaddar ka Faisla,Movie,Action & Adventure,1987,TV-14
Muqaddar ka Faisla,Movie,Comedies,1987,TV-14
Muqaddar ka Faisla,Movie,Dramas,1987,TV-14
Pokémon the Series,TV Show,Anime Series,2019,TV-Y7
Pokémon the Series,TV Show,Kids' TV,2019,TV-Y7
Saint Seiya,TV Show,Anime Series,1986,TV-14
SETHUM AAYIRAM PON,Movie,Dramas,2020,TV-MA
SETHUM AAYIRAM PON,Movie,Independent Movies,2020,TV-MA
SETHUM AAYIRAM PON,Movie,International Movies,2020,TV-MA
Sunderland 'Til I Die,TV Show,British TV Shows,2020,TV-MA
Sunderland 'Til I Die,TV Show,Docuseries,2020,TV-MA
Sunderland 'Til I Die,TV Show,International TV Shows,2020,TV-MA
The Iliza Shlesinger Sketch Show,TV Show,TV Comedies,2020,TV-MA
The Little Vampire,Movie,Children & Family Movies,2017,TV-G
The Runaways,Movie,Dramas,2010,R
The Runaways,Movie,Independent Movies,2010,R
The Runaways,Movie,Music & Musicals,2010,R
The Windsors,TV Show,British TV Shows,2020,TV-MA
The Windsors,TV Show,International TV Shows,2020,TV-MA
The Windsors,TV Show,TV Comedies,2020,TV-MA
Ungli,Movie,Comedies,2014,TV-14
Ungli,Movie,Dramas,2014,TV-14
Ungli,Movie,International Movies,2014,TV-14
Well-Intended Love,TV Show,International TV Shows,2020,TV-14
Well-Intended Love,TV Show,Romantic TV Shows,2020,TV-14
Well-Intended Love,TV Show,TV Comedies,2020,TV-14
Wildling,Movie,Horror Movies,2018,R
Wildling,Movie,Independent Movies,2018,R
Wildling,Movie,Sci-Fi & Fantasy,2018,R
A truthful Mother,Movie,Children & Family Movies,2020,TV-Y7
Akbar Birbal,TV Show,Kids' TV,2019,TV-G
Akbar Birbal,TV Show,TV Comedies,2019,TV-G
Akbar Birbal,TV Show,TV Dramas,2019,TV-G
Bal Ganesh,TV Show,Kids' TV,2019,TV-Y7
Dave Chappelle: The Kennedy Center Mark Twain Prize for American Humor,Movie,Stand-Up Comedy,2020,TV-MA
Greater,Movie,Children & Family Movies,2016,PG
Greater,Movie,Dramas,2016,PG
Greater,Movie,Sports Movies,2016,PG
Indian Horse,Movie,Dramas,2017,TV-MA
Indian Horse,Movie,Independent Movies,2017,TV-MA
Indian Horse,Movie,Sports Movies,2017,TV-MA
Paharganj,Movie,Dramas,2019,TV-MA
Paharganj,Movie,Independent Movies,2019,TV-MA
Paharganj,Movie,International Movies,2019,TV-MA
Pretty Little Stalker,Movie,Thrillers,2018,TV-14
Through My Father's Eyes: The Ronda Rousey Story,Movie,Documentaries,2019,R
Through My Father's Eyes: The Ronda Rousey Story,Movie,Sports Movies,2019,R
Tree House Tales,TV Show,Kids' TV,2019,TV-Y
Kannum Kannum Kollaiyadithaal,Movie,Comedies,2020,TV-14
Kannum Kannum Kollaiyadithaal,Movie,Dramas,2020,TV-14
Kannum Kannum Kollaiyadithaal,Movie,International Movies,2020,TV-14
Rugal,TV Show,Crime TV Shows,2020,TV-MA
Rugal,TV Show,International TV Shows,2020,TV-MA
Rugal,TV Show,Korean TV Shows,2020,TV-MA
Rogue Warfare,Movie,Action & Adventure,2019,R
Dragons: Rescue Riders: Hunt for the Golden Dragon,Movie,Children & Family Movies,2020,TV-Y
Dragons: Rescue Riders: Hunt for the Golden Dragon,Movie,Comedies,2020,TV-Y
Happy!,TV Show,Crime TV Shows,2019,TV-MA
Happy!,TV Show,TV Action & Adventure,2019,TV-MA
Happy!,TV Show,TV Comedies,2019,TV-MA
Ladies Up,TV Show,International TV Shows,2019,TV-MA
Ladies Up,TV Show,Stand-Up Comedy & Talk Shows,2019,TV-MA
Ladies Up,TV Show,TV Comedies,2019,TV-MA
Maska,Movie,Comedies,2020,TV-MA
Maska,Movie,Dramas,2020,TV-MA
Maska,Movie,International Movies,2020,TV-MA
Ozark,TV Show,Crime TV Shows,2020,TV-MA
Ozark,TV Show,TV Dramas,2020,TV-MA
Ozark,TV Show,TV Thrillers,2020,TV-MA
The Decline,Movie,Action & Adventure,2020,TV-MA
The Decline,Movie,International Movies,2020,TV-MA
There's Something in the Water,Movie,Documentaries,2019,TV-14
There's Something in the Water,Movie,International Movies,2019,TV-14
True: Wuzzle Wegg Day,Movie,Children & Family Movies,2020,TV-Y
Uncorked,Movie,Dramas,2020,TV-MA
Uncorked,Movie,Independent Movies,2020,TV-MA
Wassup Man GO!,TV Show,International TV Shows,2020,TV-MA
Wassup Man GO!,TV Show,Korean TV Shows,2020,TV-MA
Wassup Man GO!,TV Show,Reality TV,2020,TV-MA
Willy and the Guardians of the Lake: Tales from the Lakeside Winter Adventure,Movie,Children & Family Movies,2019,TV-Y
7SEEDS,TV Show,Anime Series,2020,TV-MA
7SEEDS,TV Show,International TV Shows,2020,TV-MA
Happy Old Year,Movie,Dramas,2019,TV-MA
Happy Old Year,Movie,International Movies,2019,TV-MA
Happy Old Year,Movie,Romantic Movies,2019,TV-MA
Making Unorthodox,Movie,Documentaries,2020,TV-G
Making Unorthodox,Movie,International Movies,2020,TV-G
Unorthodox,TV Show,International TV Shows,2020,TV-MA
Unorthodox,TV Show,TV Dramas,2020,TV-MA
Bethany Hamilton: Unstoppable,Movie,Children & Family Movies,2019,PG
Bethany Hamilton: Unstoppable,Movie,Documentaries,2019,PG
Bethany Hamilton: Unstoppable,Movie,Sports Movies,2019,PG
Crip Camp: A Disability Revolution,Movie,Documentaries,2020,R
Curtiz,Movie,Dramas,2018,TV-MA
Curtiz,Movie,International Movies,2018,TV-MA
The Occupant,Movie,Independent Movies,2020,TV-MA
The Occupant,Movie,International Movies,2020,TV-MA
The Occupant,Movie,Thrillers,2020,TV-MA
Tom Segura: Ball Hog,Movie,Stand-Up Comedy,2020,TV-MA
Freud,TV Show,Crime TV Shows,2020,TV-MA
Freud,TV Show,International TV Shows,2020,TV-MA
Freud,TV Show,TV Dramas,2020,TV-MA
J-Style Trip,TV Show,International TV Shows,2020,TV-14
J-Style Trip,TV Show,Reality TV,2020,TV-14
Barbie Dreamhouse Adventures: Go Team Roberts,TV Show,Kids' TV,2020,TV-Y
A Life of Speed: The Juan Manuel Fangio Story,Movie,Documentaries,2020,TV-14
A Life of Speed: The Juan Manuel Fangio Story,Movie,International Movies,2020,TV-14
A Life of Speed: The Juan Manuel Fangio Story,Movie,Sports Movies,2020,TV-14
Archibald's Next Big Thing,TV Show,Kids' TV,2020,TV-Y7
Archibald's Next Big Thing,TV Show,TV Comedies,2020,TV-Y7
Dino Girl Gauko,TV Show,Anime Series,2020,TV-Y7
Dino Girl Gauko,TV Show,Kids' TV,2020,TV-Y7
El silencio es bienvenido,Movie,Dramas,2017,TV-14
El silencio es bienvenido,Movie,Independent Movies,2017,TV-14
El silencio es bienvenido,Movie,International Movies,2017,TV-14
Greenhouse Academy,TV Show,Kids' TV,2020,TV-PG
Greenhouse Academy,TV Show,TV Dramas,2020,TV-PG
Greenhouse Academy,TV Show,Teen TV Shows,2020,TV-PG
Self Made: Inspired by the Life of Madam C.J. Walker,TV Show,TV Dramas,2020,TV-MA
She,TV Show,Crime TV Shows,2020,TV-MA
She,TV Show,International TV Shows,2020,TV-MA
She,TV Show,TV Dramas,2020,TV-MA
The English Game,TV Show,British TV Shows,2020,TV-14
The English Game,TV Show,International TV Shows,2020,TV-14
The English Game,TV Show,TV Dramas,2020,TV-14
The Letter for the King,TV Show,British TV Shows,2020,TV-PG
The Letter for the King,TV Show,International TV Shows,2020,TV-PG
The Letter for the King,TV Show,TV Action & Adventure,2020,TV-PG
"Tiger King: Murder, Mayhem and Madness",TV Show,Crime TV Shows,2020,TV-MA
"Tiger King: Murder, Mayhem and Madness",TV Show,Docuseries,2020,TV-MA
Ultras,Movie,Dramas,2020,TV-MA
Ultras,Movie,International Movies,2020,TV-MA
Ultras,Movie,Sports Movies,2020,TV-MA
Vampires,TV Show,International TV Shows,2020,TV-MA
Vampires,TV Show,TV Dramas,2020,TV-MA
Vampires,TV Show,TV Horror,2020,TV-MA
3022,Movie,Independent Movies,2019,R
3022,Movie,Sci-Fi & Fantasy,2019,R
3022,Movie,Thrillers,2019,R
Altered Carbon: Resleeved,Movie,Action & Adventure,2020,TV-MA
Altered Carbon: Resleeved,Movie,Anime Features,2020,TV-MA
Altered Carbon: Resleeved,Movie,International Movies,2020,TV-MA
Masameer - The Movie,Movie,Comedies,2020,TV-14
Masameer - The Movie,Movie,International Movies,2020,TV-14
AllI Wish,Movie,Dramas,2017,R
AllI Wish,Movie,Romantic Movies,2017,R
Caliphate,TV Show,International TV Shows,2020,TV-MA
Caliphate,TV Show,TV Dramas,2020,TV-MA
Lu Over the Wall,Movie,Anime Features,2017,PG
Lu Over the Wall,Movie,Music & Musicals,2017,PG
Lu Over the Wall,Movie,Sci-Fi & Fantasy,2017,PG
Women Of The Night,TV Show,Crime TV Shows,2019,TV-MA
Women Of The Night,TV Show,International TV Shows,2019,TV-MA
Women Of The Night,TV Show,TV Dramas,2019,TV-MA
XV: Beyond the Tryline,Movie,Documentaries,2016,TV-14
XV: Beyond the Tryline,Movie,Sports Movies,2016,TV-14
Bert Kreischer: Hey Big Boy,Movie,Stand-Up Comedy,2020,TV-MA
Shaun the Sheep: Adventures from Mossy Bottom,TV Show,British TV Shows,2020,TV-Y7
Shaun the Sheep: Adventures from Mossy Bottom,TV Show,Kids' TV,2020,TV-Y7
Shaun the Sheep: Adventures from Mossy Bottom,TV Show,TV Comedies,2020,TV-Y7
We Speak Dance,TV Show,Docuseries,2018,TV-MA
Search Party,Movie,Comedies,2014,R
Bypass Road,Movie,International Movies,2019,TV-14
Bypass Road,Movie,Thrillers,2019,TV-14
Digs & Discoveries: All Track's Lead to Rome,Movie,Children & Family Movies,2019,TV-Y
Digs & Discoveries: Mines of Mystery,Movie,Children & Family Movies,2019,TV-Y
Ken Burns Presents: College Behind Bars: A Film by Lynn Novick and Produced by Sarah Botstein,TV Show,Docuseries,2019,TV-MA
Steam Team to the Rescue,Movie,Children & Family Movies,2019,TV-Y
Jai Mummy Di,Movie,Comedies,2020,TV-MA
Jai Mummy Di,Movie,International Movies,2020,TV-MA
Jai Mummy Di,Movie,Romantic Movies,2020,TV-MA
100 Humans,TV Show,Docuseries,2020,TV-14
100 Humans,TV Show,Science & Nature TV,2020,TV-14
Baby Mamas,Movie,Comedies,2018,TV-14
Baby Mamas,Movie,Dramas,2018,TV-14
Baby Mamas,Movie,International Movies,2018,TV-14
Bloodride,TV Show,International TV Shows,2020,TV-MA
Bloodride,TV Show,TV Horror,2020,TV-MA
Bloodride,TV Show,TV Mysteries,2020,TV-MA
Go Karts,Movie,Children & Family Movies,2020,TV-PG
Go Karts,Movie,Dramas,2020,TV-PG
Justine,Movie,Dramas,2019,TV-MA
Justine,Movie,Independent Movies,2019,TV-MA
Kingdom,TV Show,International TV Shows,2020,TV-MA
Kingdom,TV Show,Korean TV Shows,2020,TV-MA
Kingdom,TV Show,TV Action & Adventure,2020,TV-MA
Lost Girls,Movie,Dramas,2020,R
Miracle in Cell No. 7,Movie,Dramas,2019,TV-14
Miracle in Cell No. 7,Movie,International Movies,2019,TV-14
The Valhalla Murders,TV Show,Crime TV Shows,2020,TV-MA
The Valhalla Murders,TV Show,International TV Shows,2020,TV-MA
The Valhalla Murders,TV Show,TV Dramas,2020,TV-MA
Dirty Money,TV Show,Crime TV Shows,2020,TV-MA
Dirty Money,TV Show,Docuseries,2020,TV-MA
On My Block,TV Show,Romantic TV Shows,2020,TV-14
On My Block,TV Show,TV Comedies,2020,TV-14
On My Block,TV Show,TV Dramas,2020,TV-14
The Circle Brazil,TV Show,International TV Shows,2020,TV-MA
The Circle Brazil,TV Show,Reality TV,2020,TV-MA
Carmen Sandiego: To Steal or Not to Steal,Movie,Children & Family Movies,2020,TV-Y7
Marc Maron: End Times Fun,Movie,Stand-Up Comedy,2020,TV-MA
Sitara: Let Girls Dream,Movie,Children & Family Movies,2020,TV-PG
Sitara: Let Girls Dream,Movie,Dramas,2020,TV-PG
Alakada Reloaded,Movie,Comedies,2017,TV-MA
Alakada Reloaded,Movie,International Movies,2017,TV-MA
All About Love,Movie,Dramas,2017,TV-MA
All About Love,Movie,International Movies,2017,TV-MA
All About Love,Movie,Romantic Movies,2017,TV-MA
Guilty,Movie,Dramas,2020,TV-MA
Guilty,Movie,International Movies,2020,TV-MA
I am Jonas,Movie,Dramas,2019,TV-MA
I am Jonas,Movie,Independent Movies,2019,TV-MA
I am Jonas,Movie,International Movies,2019,TV-MA
Miles Davis: Birth of the Cool,Movie,Documentaries,2019,TV-MA
Miles Davis: Birth of the Cool,Movie,Music & Musicals,2019,TV-MA
Spenser Confidential,Movie,Action & Adventure,2020,R
Spenser Confidential,Movie,Comedies,2020,R
Twin Murders: the Silence of the White City,Movie,International Movies,2020,TV-MA
Twin Murders: the Silence of the White City,Movie,Thrillers,2020,TV-MA
Ugly Delicious,TV Show,Docuseries,2020,TV-MA
93 Days,Movie,Dramas,2016,TV-PG
93 Days,Movie,International Movies,2016,TV-PG
93 Days,Movie,Thrillers,2016,TV-PG
Angu Vaikuntapurathu (Malayalam),Movie,Action & Adventure,2020,TV-14
Angu Vaikuntapurathu (Malayalam),Movie,Comedies,2020,TV-14
Angu Vaikuntapurathu (Malayalam),Movie,Dramas,2020,TV-14
Mighty Little Bheem: Festival of Colors,TV Show,Kids' TV,2020,TV-Y
Mighty Little Bheem: Festival of Colors,TV Show,TV Comedies,2020,TV-Y
Tootsies & The Fake,Movie,Comedies,2019,TV-MA
Tootsies & The Fake,Movie,International Movies,2019,TV-MA
Tootsies & The Fake,Movie,LGBTQ Movies,2019,TV-MA
Aurora,Movie,Dramas,2010,TV-MA
Aurora,Movie,International Movies,2010,TV-MA
Lil Peep: Everybody’s Everything,Movie,Documentaries,2019,TV-MA
Lil Peep: Everybody’s Everything,Movie,Music & Musicals,2019,TV-MA
The Death of Mr. Lazarescu,Movie,Dramas,2005,R
The Death of Mr. Lazarescu,Movie,International Movies,2005,R
Velvet,TV Show,International TV Shows,2016,TV-14
Velvet,TV Show,Romantic TV Shows,2016,TV-14
Velvet,TV Show,Spanish-Language TV Shows,2016,TV-14
Freaks,Movie,Independent Movies,2018,R
Freaks,Movie,Sci-Fi & Fantasy,2018,R
Freaks,Movie,Thrillers,2018,R
Luccas Neto in: The End of Christmas,Movie,Children & Family Movies,2019,TV-Y
Luccas Neto in: The End of Christmas,Movie,Comedies,2019,TV-Y
Luccas Neto in: The End of Christmas,Movie,Music & Musicals,2019,TV-Y
Taylor Tomlinson: Quarter-Life Crisis,Movie,Stand-Up Comedy,2020,TV-MA
The Last Bomb of the Second World War,Movie,Dramas,2019,TV-14
The Last Bomb of the Second World War,Movie,Independent Movies,2019,TV-14
The Last Bomb of the Second World War,Movie,International Movies,2019,TV-14
Uncovered,Movie,Dramas,2019,TV-MA
Uncovered,Movie,International Movies,2019,TV-MA
W.E.,Movie,Dramas,2011,R
W.E.,Movie,Romantic Movies,2011,R
Fat Ballerina - David A. Arnold,Movie,Stand-Up Comedy,2020,TV-MA
Akame ga Kill!,TV Show,Anime Series,2014,TV-14
Akame ga Kill!,TV Show,Crime TV Shows,2014,TV-14
Akame ga Kill!,TV Show,International TV Shows,2014,TV-14
Babylon Berlin,TV Show,Crime TV Shows,2020,TV-MA
Babylon Berlin,TV Show,International TV Shows,2020,TV-MA
Babylon Berlin,TV Show,TV Dramas,2020,TV-MA
Bhangra Paa Le,Movie,Comedies,2019,TV-14
Bhangra Paa Le,Movie,Dramas,2019,TV-14
Bhangra Paa Le,Movie,International Movies,2019,TV-14
Calico Critters Mini Episodes Clover,TV Show,Kids' TV,2020,TV-Y
Calico Critters: Everyone's Big Dream Flying in the Sky,Movie,Children & Family Movies,2019,TV-Y
Frank & Lola,Movie,Dramas,2016,TV-MA
Frank & Lola,Movie,Thrillers,2016,TV-MA
Hugo,Movie,Children & Family Movies,2011,PG
Hugo,Movie,Dramas,2011,PG
Ordinary World,Movie,Comedies,2016,TV-14
Ordinary World,Movie,Dramas,2016,TV-14
Ordinary World,Movie,Music & Musicals,2016,TV-14
"Pop, Lock 'n Roll",Movie,Dramas,2017,TV-14
"Pop, Lock 'n Roll",Movie,International Movies,2017,TV-14
"Pop, Lock 'n Roll",Movie,Romantic Movies,2017,TV-14
There Will Be Blood,Movie,Dramas,2007,R
There Will Be Blood,Movie,Independent Movies,2007,R
Velvet Colección: Grand Finale,Movie,Dramas,2020,TV-14
Velvet Colección: Grand Finale,Movie,International Movies,2020,TV-14
Velvet Colección: Grand Finale,Movie,Romantic Movies,2020,TV-14
Voulez-vous rire avec moi ce soir?,Movie,Documentaries,2018,TV-MA
Voulez-vous rire avec moi ce soir?,Movie,International Movies,2018,TV-MA
ZZ TOP: THAT LITTLE OL' BAND FROM TEXAS,Movie,Documentaries,2019,TV-MA
ZZ TOP: THAT LITTLE OL' BAND FROM TEXAS,Movie,Music & Musicals,2019,TV-MA
All The Bright Places,Movie,Dramas,2020,TV-MA
All The Bright Places,Movie,Romantic Movies,2020,TV-MA
Always a Witch,TV Show,International TV Shows,2019,TV-14
Always a Witch,TV Show,Spanish-Language TV Shows,2019,TV-14
Always a Witch,TV Show,TV Comedies,2019,TV-14
Amit Tandon: Family Tandoncies,Movie,Stand-Up Comedy,2019,TV-14
Queen Sono,TV Show,International TV Shows,2020,TV-MA
Queen Sono,TV Show,TV Action & Adventure,2020,TV-MA
Queen Sono,TV Show,TV Dramas,2020,TV-MA
Toy Boy,TV Show,Crime TV Shows,2019,TV-MA
Toy Boy,TV Show,International TV Shows,2019,TV-MA
Toy Boy,TV Show,Spanish-Language TV Shows,2019,TV-MA
Unstoppable,TV Show,International TV Shows,2020,TV-MA
Unstoppable,TV Show,Spanish-Language TV Shows,2020,TV-MA
Unstoppable,TV Show,TV Dramas,2020,TV-MA
Ala Vaikunthapurramuloo,Movie,Action & Adventure,2020,TV-14
Ala Vaikunthapurramuloo,Movie,Comedies,2020,TV-14
Ala Vaikunthapurramuloo,Movie,Dramas,2020,TV-14
Altered Carbon,TV Show,Crime TV Shows,2020,TV-MA
Altered Carbon,TV Show,TV Action & Adventure,2020,TV-MA
Altered Carbon,TV Show,TV Dramas,2020,TV-MA
Followers,TV Show,International TV Shows,2020,TV-MA
Followers,TV Show,TV Dramas,2020,TV-MA
Pokémon: Mewtwo Strikes Back - Evolution,Movie,Anime Features,2019,TV-Y7
Pokémon: Mewtwo Strikes Back - Evolution,Movie,Children & Family Movies,2019,TV-Y7
Six Windows in the Desert,TV Show,TV Shows,2020,TV-14
Couple of Days,Movie,Dramas,2016,TV-14
Couple of Days,Movie,International Movies,2016,TV-14
Couple of Days,Movie,Romantic Movies,2016,TV-14
Gbomo Gbomo Express,Movie,Dramas,2015,TV-MA
Gbomo Gbomo Express,Movie,International Movies,2015,TV-MA
I Am Not Okay With This,TV Show,TV Comedies,2020,TV-MA
I Am Not Okay With This,TV Show,TV Dramas,2020,TV-MA
I Am Not Okay With This,TV Show,TV Sci-Fi & Fantasy,2020,TV-MA
Taxi Driver,Movie,Comedies,2015,TV-MA
Taxi Driver,Movie,Dramas,2015,TV-MA
Taxi Driver,Movie,Independent Movies,2015,TV-MA
The Arbitration,Movie,Dramas,2016,TV-MA
The Arbitration,Movie,International Movies,2016,TV-MA
The Trials of Gabriel Fernandez,TV Show,Crime TV Shows,2020,TV-MA
The Trials of Gabriel Fernandez,TV Show,Docuseries,2020,TV-MA
The Visit,Movie,Dramas,2015,TV-MA
The Visit,Movie,Independent Movies,2015,TV-MA
The Visit,Movie,International Movies,2015,TV-MA
When Love Happens,Movie,International Movies,2014,TV-14
When Love Happens,Movie,Romantic Movies,2014,TV-14
Pete Davidson: Alive From New York,Movie,Stand-Up Comedy,2020,TV-MA
Full Count,Movie,Children & Family Movies,2019,TV-PG
Full Count,Movie,Dramas,2019,TV-PG
Full Count,Movie,Faith & Spirituality,2019,TV-PG
"Hi Bye, Mama!",TV Show,International TV Shows,2020,TV-14
"Hi Bye, Mama!",TV Show,Korean TV Shows,2020,TV-14
"Hi Bye, Mama!",TV Show,Romantic TV Shows,2020,TV-14
Girl on the Third Floor,Movie,Horror Movies,2019,TV-MA
Unabomber - In His Own Words,TV Show,Crime TV Shows,2018,TV-MA
Unabomber - In His Own Words,TV Show,Docuseries,2018,TV-MA
Gentefied,TV Show,TV Comedies,2020,TV-MA
Gentefied,TV Show,TV Dramas,2020,TV-MA
Hyena,TV Show,International TV Shows,2020,TV-MA
Hyena,TV Show,Korean TV Shows,2020,TV-MA
Hyena,TV Show,Romantic TV Shows,2020,TV-MA
Passion. Panache. Pep,TV Show,International TV Shows,2020,TV-G
Passion. Panache. Pep,TV Show,Reality TV,2020,TV-G
Puerta 7,TV Show,Crime TV Shows,2020,TV-MA
Puerta 7,TV Show,International TV Shows,2020,TV-MA
Puerta 7,TV Show,Spanish-Language TV Shows,2020,TV-MA
System Crasher,Movie,Dramas,2020,TV-MA
System Crasher,Movie,Independent Movies,2020,TV-MA
System Crasher,Movie,International Movies,2020,TV-MA
The Body,Movie,International Movies,2019,TV-14
The Body,Movie,Thrillers,2019,TV-14
The Last Thing He Wanted,Movie,Dramas,2020,R
The Last Thing He Wanted,Movie,Thrillers,2020,R
Yeh Ballet,Movie,Dramas,2020,TV-MA
Yeh Ballet,Movie,International Movies,2020,TV-MA
Pretville,Movie,Comedies,2012,TV-PG
Pretville,Movie,International Movies,2012,TV-PG
Pretville,Movie,Music & Musicals,2012,TV-PG
Spectros,TV Show,International TV Shows,2020,TV-MA
Spectros,TV Show,TV Horror,2020,TV-MA
Spectros,TV Show,TV Mysteries,2020,TV-MA
Untamed Romania,Movie,Children & Family Movies,2018,TV-PG
Untamed Romania,Movie,Documentaries,2018,TV-PG
Untamed Romania,Movie,International Movies,2018,TV-PG
DreamWorks Shrek's Swamp Stories,TV Show,Kids' TV,2008,TV-PG
DreamWorks Shrek's Swamp Stories,TV Show,TV Action & Adventure,2008,TV-PG
DreamWorks Shrek's Swamp Stories,TV Show,TV Comedies,2008,TV-PG
By the Sea,Movie,Dramas,2015,R
By the Sea,Movie,Romantic Movies,2015,R
Miss Virginia,Movie,Dramas,2019,TV-MA
Miss Virginia,Movie,Independent Movies,2019,TV-MA
MR. RIGHT,Movie,Action & Adventure,2015,R
MR. RIGHT,Movie,Comedies,2015,R
MR. RIGHT,Movie,Romantic Movies,2015,R
On the Real,TV Show,International TV Shows,2017,TV-MA
On the Real,TV Show,TV Dramas,2017,TV-MA
Term Life,Movie,Dramas,2016,R
Term Life,Movie,Thrillers,2016,R
The Forest,Movie,Horror Movies,2016,PG-13
The Forest,Movie,Independent Movies,2016,PG-13
Monster High: Electrified,Movie,Movies,2017,TV-Y
Talking Tom and Friends,TV Show,Kids' TV,2017,TV-Y
Talking Tom and Friends,TV Show,TV Comedies,2017,TV-Y
A Shaun the Sheep Movie: Farmageddon,Movie,Children & Family Movies,2019,G
A Shaun the Sheep Movie: Farmageddon,Movie,Comedies,2019,G
Cuddle Weather,Movie,Dramas,2019,TV-MA
Cuddle Weather,Movie,International Movies,2019,TV-MA
Cuddle Weather,Movie,Romantic Movies,2019,TV-MA
Fanatyk,Movie,Comedies,2017,TV-MA
Fanatyk,Movie,Dramas,2017,TV-MA
Fanatyk,Movie,Independent Movies,2017,TV-MA
Isi & Ossi,Movie,Comedies,2020,TV-MA
Isi & Ossi,Movie,International Movies,2020,TV-MA
Isi & Ossi,Movie,Romantic Movies,2020,TV-MA
Liefling,Movie,Comedies,2010,TV-PG
Liefling,Movie,International Movies,2010,TV-PG
Liefling,Movie,Music & Musicals,2010,TV-PG
Panipat - The Great Betrayal,Movie,Dramas,2019,TV-14
Panipat - The Great Betrayal,Movie,International Movies,2019,TV-14
Panipat - The Great Betrayal,Movie,Romantic Movies,2019,TV-14
Taj Mahal 1989,TV Show,International TV Shows,2020,TV-MA
Taj Mahal 1989,TV Show,Romantic TV Shows,2020,TV-MA
Taj Mahal 1989,TV Show,TV Comedies,2020,TV-MA
The Ghost and the Tout,Movie,Comedies,2018,TV-14
The Ghost and the Tout,Movie,International Movies,2018,TV-14
Dragon Quest Your Story,Movie,Action & Adventure,2019,TV-PG
Dragon Quest Your Story,Movie,Anime Features,2019,TV-PG
Dragon Quest Your Story,Movie,Children & Family Movies,2019,TV-PG
Love Is Blind,TV Show,Reality TV,2021,TV-MA
Love Is Blind,TV Show,Romantic TV Shows,2021,TV-MA
Narcos: Mexico,TV Show,Crime TV Shows,2020,TV-MA
Narcos: Mexico,TV Show,TV Action & Adventure,2020,TV-MA
Narcos: Mexico,TV Show,TV Dramas,2020,TV-MA
Palazuelos mi rey,TV Show,International TV Shows,2019,TV-14
Palazuelos mi rey,TV Show,Reality TV,2019,TV-14
Palazuelos mi rey,TV Show,Spanish-Language TV Shows,2019,TV-14
Sleepless Society: Insomnia,TV Show,Crime TV Shows,2019,TV-MA
Sleepless Society: Insomnia,TV Show,International TV Shows,2019,TV-MA
Sleepless Society: Insomnia,TV Show,TV Dramas,2019,TV-MA
French Toast,Movie,Comedies,2015,TV-PG
French Toast,Movie,International Movies,2015,TV-PG
French Toast,Movie,Romantic Movies,2015,TV-PG
To All the Boys: P.S. I Still Love You,Movie,Comedies,2020,TV-14
To All the Boys: P.S. I Still Love You,Movie,Romantic Movies,2020,TV-14
We Bare Bears,TV Show,Kids' TV,2018,TV-Y
We Bare Bears,TV Show,TV Comedies,2018,TV-Y
Captain Underpants Epic Choice-o-Rama,Movie,Children & Family Movies,2020,TV-Y7
Captain Underpants Epic Choice-o-Rama,Movie,Comedies,2020,TV-Y7
Good Time,Movie,Dramas,2017,R
Good Time,Movie,Independent Movies,2017,R
Good Time,Movie,Thrillers,2017,R
ROAD TO ROMA,Movie,Documentaries,2020,TV-PG
ROAD TO ROMA,Movie,International Movies,2020,TV-PG
Love for Sale 2,Movie,Dramas,2019,TV-14
Love for Sale 2,Movie,International Movies,2019,TV-14
Love for Sale 2,Movie,Romantic Movies,2019,TV-14
Better Call Saul,TV Show,Crime TV Shows,2018,TV-MA
Better Call Saul,TV Show,TV Comedies,2018,TV-MA
Better Call Saul,TV Show,TV Dramas,2018,TV-MA
Fronteras,Movie,Dramas,2018,TV-MA
Fronteras,Movie,Independent Movies,2018,TV-MA
Fronteras,Movie,Thrillers,2018,TV-MA
Polaroid,Movie,Horror Movies,2019,PG-13
The Coldest Game,Movie,Dramas,2019,TV-MA
The Coldest Game,Movie,International Movies,2019,TV-MA
The Coldest Game,Movie,Thrillers,2019,TV-MA
Thottappan,Movie,Comedies,2019,TV-14
Thottappan,Movie,Dramas,2019,TV-14
Thottappan,Movie,International Movies,2019,TV-14
Azali,Movie,Dramas,2018,TV-14
Azali,Movie,International Movies,2018,TV-14
Dragons: Rescue Riders,TV Show,Kids' TV,2020,TV-Y
Dragons: Rescue Riders,TV Show,TV Comedies,2020,TV-Y
Fifty: The Series,TV Show,International TV Shows,2018,TV-14
Fifty: The Series,TV Show,Romantic TV Shows,2018,TV-14
Fifty: The Series,TV Show,TV Dramas,2018,TV-14
Horse Girl,Movie,Dramas,2020,R
Horse Girl,Movie,Independent Movies,2020,R
Jada,Movie,Dramas,2019,TV-14
Jada,Movie,International Movies,2019,TV-14
Jada,Movie,Sports Movies,2019,TV-14
Locke & Key,TV Show,TV Action & Adventure,2020,TV-14
Locke & Key,TV Show,TV Dramas,2020,TV-14
Locke & Key,TV Show,TV Mysteries,2020,TV-14
My Holo Love,TV Show,International TV Shows,2020,TV-14
My Holo Love,TV Show,Korean TV Shows,2020,TV-14
My Holo Love,TV Show,Romantic TV Shows,2020,TV-14
The Ballad of Lefty Brown,Movie,Dramas,2017,R
Who Killed Malcolm X?,TV Show,Crime TV Shows,2020,TV-MA
Who Killed Malcolm X?,TV Show,Docuseries,2020,TV-MA
Cagaster of an Insect Cage,TV Show,Anime Series,2020,TV-MA
Cagaster of an Insect Cage,TV Show,International TV Shows,2020,TV-MA
Gardeners of Eden,Movie,Documentaries,2014,TV-14
Arrow,TV Show,Crime TV Shows,2019,TV-14
Arrow,TV Show,TV Action & Adventure,2019,TV-14
The Pharmacist,TV Show,Crime TV Shows,2020,TV-MA
The Pharmacist,TV Show,Docuseries,2020,TV-MA
Uppity: The Willy T. Ribbs Story,Movie,Documentaries,2020,TV-MA
Uppity: The Willy T. Ribbs Story,Movie,Sports Movies,2020,TV-MA
Dragonheart: Vengeance,Movie,Action & Adventure,2020,PG-13
Dragonheart: Vengeance,Movie,Sci-Fi & Fantasy,2020,PG-13
"Faith, Hope & Love",Movie,Comedies,2019,PG
"Faith, Hope & Love",Movie,Faith & Spirituality,2019,PG
"Faith, Hope & Love",Movie,Romantic Movies,2019,PG
Tom Papa: You're Doing Great!,Movie,Stand-Up Comedy,2020,TV-14
Team Kaylie,TV Show,Kids' TV,2020,TV-PG
Team Kaylie,TV Show,TV Comedies,2020,TV-PG
Thambi,Movie,International Movies,2019,TV-14
Thambi,Movie,Thrillers,2019,TV-14
The Silent War,Movie,Dramas,2020,TV-MA
The Silent War,Movie,International Movies,2020,TV-MA
The Silent War,Movie,Thrillers,2020,TV-MA
Chronically Metropolitan,Movie,Comedies,2016,TV-MA
Chronically Metropolitan,Movie,Dramas,2016,TV-MA
Chronically Metropolitan,Movie,Independent Movies,2016,TV-MA
Hum Aapke Hain Koun,Movie,Classic Movies,1994,TV-14
Hum Aapke Hain Koun,Movie,Dramas,1994,TV-14
Hum Aapke Hain Koun,Movie,International Movies,1994,TV-14
Is It Wrong to Try to Pick Up Girls in a Dungeon?,TV Show,Anime Series,2015,TV-MA
Is It Wrong to Try to Pick Up Girls in a Dungeon?,TV Show,International TV Shows,2015,TV-MA
Itaewon Class,TV Show,International TV Shows,2020,TV-MA
Itaewon Class,TV Show,Korean TV Shows,2020,TV-MA
Itaewon Class,TV Show,TV Dramas,2020,TV-MA
Justice,Movie,Movies,2017,R
Love Jacked,Movie,Comedies,2018,PG-13
Love Jacked,Movie,International Movies,2018,PG-13
Love Jacked,Movie,Romantic Movies,2018,PG-13
Miraculous: Tales of Ladybug & Cat Noir,TV Show,Kids' TV,2019,TV-Y7
Miraculous: Tales of Ladybug & Cat Noir,TV Show,TV Action & Adventure,2019,TV-Y7
Misfit 2,Movie,Children & Family Movies,2019,TV-G
Misfit 2,Movie,Comedies,2019,TV-G
Misfit 2,Movie,International Movies,2019,TV-G
Night on Earth: Shot in the Dark,Movie,Movies,2020,TV-PG
No Game No Life,TV Show,Anime Series,2014,TV-MA
No Game No Life,TV Show,International TV Shows,2014,TV-MA
Pop Team Epic,TV Show,Anime Series,2018,TV-14
Pop Team Epic,TV Show,International TV Shows,2018,TV-14
Shopkins,TV Show,Kids' TV,2014,TV-Y
The Car: Road to Revenge,Movie,Action & Adventure,2019,TV-MA
The Car: Road to Revenge,Movie,Horror Movies,2019,TV-MA
The Car: Road to Revenge,Movie,Sci-Fi & Fantasy,2019,TV-MA
Together For Eternity,Movie,Dramas,1999,TV-G
Together For Eternity,Movie,International Movies,1999,TV-G
Together For Eternity,Movie,Music & Musicals,1999,TV-G
37 Seconds,Movie,Dramas,2020,TV-MA
37 Seconds,Movie,International Movies,2020,TV-MA
Diablero,TV Show,International TV Shows,2020,TV-MA
Diablero,TV Show,Spanish-Language TV Shows,2020,TV-MA
Diablero,TV Show,TV Action & Adventure,2020,TV-MA
Gang of the Caribbean,Movie,Dramas,2016,TV-MA
Gang of the Caribbean,Movie,International Movies,2016,TV-MA
Hakkunde,Movie,Comedies,2017,TV-14
Hakkunde,Movie,Dramas,2017,TV-14
Hakkunde,Movie,Independent Movies,2017,TV-14
Luna Nera,TV Show,International TV Shows,2020,TV-MA
Luna Nera,TV Show,Romantic TV Shows,2020,TV-MA
Luna Nera,TV Show,TV Dramas,2020,TV-MA
Miss Americana,Movie,Documentaries,2020,TV-MA
Miss Americana,Movie,Music & Musicals,2020,TV-MA
Unauthorized Living,TV Show,Crime TV Shows,2020,TV-MA
Unauthorized Living,TV Show,International TV Shows,2020,TV-MA
Unauthorized Living,TV Show,Spanish-Language TV Shows,2020,TV-MA
Ainori Love Wagon: African Journey,TV Show,International TV Shows,2019,TV-14
Ainori Love Wagon: African Journey,TV Show,Reality TV,2019,TV-14
Ainori Love Wagon: African Journey,TV Show,Romantic TV Shows,2019,TV-14
Kevin Hart: I'm a Grown Little Man,Movie,Stand-Up Comedy,2009,TV-MA
THE STRANGER,TV Show,British TV Shows,2020,TV-MA
THE STRANGER,TV Show,Crime TV Shows,2020,TV-MA
THE STRANGER,TV Show,International TV Shows,2020,TV-MA
What the Love! with Karan Johar,TV Show,International TV Shows,2020,TV-14
What the Love! with Karan Johar,TV Show,Reality TV,2020,TV-14
What the Love! with Karan Johar,TV Show,Romantic TV Shows,2020,TV-14
Close Enemies,Movie,Dramas,2018,TV-MA
Close Enemies,Movie,International Movies,2018,TV-MA
Find Yourself,TV Show,International TV Shows,2020,TV-14
Find Yourself,TV Show,Romantic TV Shows,2020,TV-14
Find Yourself,TV Show,TV Comedies,2020,TV-14
Night on Earth,TV Show,Docuseries,2020,TV-PG
Night on Earth,TV Show,Science & Nature TV,2020,TV-PG
Omniscient,TV Show,International TV Shows,2020,TV-MA
Omniscient,TV Show,TV Dramas,2020,TV-MA
Omniscient,TV Show,TV Sci-Fi & Fantasy,2020,TV-MA
Shimla Mirchi,Movie,Comedies,2020,TV-14
Shimla Mirchi,Movie,International Movies,2020,TV-14
Shimla Mirchi,Movie,Romantic Movies,2020,TV-14
Sillu Karuppatti,Movie,Comedies,2019,TV-14
Sillu Karuppatti,Movie,Dramas,2019,TV-14
Sillu Karuppatti,Movie,Independent Movies,2019,TV-14
Vir Das: For India,Movie,Stand-Up Comedy,2020,TV-MA
Menashe,Movie,Dramas,2017,PG
Menashe,Movie,Independent Movies,2017,PG
A Sun,Movie,Dramas,2019,TV-MA
A Sun,Movie,Independent Movies,2019,TV-MA
A Sun,Movie,International Movies,2019,TV-MA
Die Ontwaking,Movie,International Movies,2015,TV-MA
Die Ontwaking,Movie,Thrillers,2015,TV-MA
Rise of Empires: Ottoman,TV Show,Docuseries,2020,TV-MA
Sons of the Caliphate,TV Show,International TV Shows,2017,TV-14
Sons of the Caliphate,TV Show,TV Dramas,2017,TV-14
The goop lab with Gwyneth Paltrow,TV Show,Reality TV,2020,TV-MA
The Ranch,TV Show,TV Comedies,2020,TV-MA
The Ranch,TV Show,TV Dramas,2020,TV-MA
Airplane Mode,Movie,Comedies,2020,TV-PG
Airplane Mode,Movie,International Movies,2020,TV-PG
Airplane Mode,Movie,Romantic Movies,2020,TV-PG
Alex Fernández: The Best Comedian in the World,Movie,Stand-Up Comedy,2020,TV-MA
October Faction,TV Show,TV Action & Adventure,2020,TV-MA
October Faction,TV Show,TV Dramas,2020,TV-MA
October Faction,TV Show,TV Horror,2020,TV-MA
​SAINT SEIYA: Knights of the Zodiac,TV Show,Anime Series,2020,TV-14
​SAINT SEIYA: Knights of the Zodiac,TV Show,International TV Shows,2020,TV-14
The Ghost Bride,TV Show,International TV Shows,2020,TV-14
The Ghost Bride,TV Show,TV Dramas,2020,TV-14
The Ghost Bride,TV Show,TV Mysteries,2020,TV-14
Pandemic: How to Prevent an Outbreak,TV Show,Docuseries,2020,TV-14
Pandemic: How to Prevent an Outbreak,TV Show,Science & Nature TV,2020,TV-14
Playing with Fire,TV Show,International TV Shows,2019,TV-MA
Playing with Fire,TV Show,Romantic TV Shows,2019,TV-MA
Playing with Fire,TV Show,Spanish-Language TV Shows,2019,TV-MA
Whisky,Movie,Comedies,2004,TV-MA
Whisky,Movie,Dramas,2004,TV-MA
Whisky,Movie,International Movies,2004,TV-MA
Fortune Feimster: Sweet & Salty,Movie,Stand-Up Comedy,2020,TV-MA
KD (A) Karuppudurai,Movie,Comedies,2019,TV-14
KD (A) Karuppudurai,Movie,Dramas,2019,TV-14
KD (A) Karuppudurai,Movie,Independent Movies,2019,TV-14
DreamWorks How to Train Your Dragon Legends,TV Show,Kids' TV,2011,TV-PG
DreamWorks How to Train Your Dragon Legends,TV Show,TV Action & Adventure,2011,TV-PG
DreamWorks How to Train Your Dragon Legends,TV Show,TV Sci-Fi & Fantasy,2011,TV-PG
Motichoor Chaknachoor,Movie,Comedies,2019,TV-14
Motichoor Chaknachoor,Movie,Dramas,2019,TV-14
Motichoor Chaknachoor,Movie,International Movies,2019,TV-14
WHAT DID JACK DO?,Movie,Dramas,2020,TV-14
WHAT DID JACK DO?,Movie,Independent Movies,2020,TV-14
The Bling Ring,Movie,Dramas,2013,R
The Bling Ring,Movie,Independent Movies,2013,R
A Fall from Grace,Movie,Dramas,2020,TV-MA
A Fall from Grace,Movie,Thrillers,2020,TV-MA
Ares,TV Show,International TV Shows,2020,TV-MA
Ares,TV Show,TV Dramas,2020,TV-MA
Ares,TV Show,TV Horror,2020,TV-MA
Hip-Hop Evolution,TV Show,Docuseries,2020,TV-MA
Hip-Hop Evolution,TV Show,International TV Shows,2020,TV-MA
Nailed It! Germany,TV Show,International TV Shows,2020,TV-14
Nailed It! Germany,TV Show,Reality TV,2020,TV-14
Tiny House Nation,TV Show,Reality TV,2019,TV-PG
Deadcon,Movie,Horror Movies,2019,TV-14
Handsome Siblings,TV Show,International TV Shows,2020,TV-14
Handsome Siblings,TV Show,TV Dramas,2020,TV-14
Handsome Siblings,TV Show,TV Sci-Fi & Fantasy,2020,TV-14
Hop,Movie,Children & Family Movies,2011,PG
Hop,Movie,Comedies,2011,PG
Jezebel,Movie,Dramas,2019,TV-MA
Jezebel,Movie,Independent Movies,2019,TV-MA
Legend,Movie,Dramas,2015,R
Legend,Movie,International Movies,2015,R
Legend,Movie,Thrillers,2015,R
NiNoKuni,Movie,Action & Adventure,2019,TV-14
NiNoKuni,Movie,Anime Features,2019,TV-14
NiNoKuni,Movie,Children & Family Movies,2019,TV-14
Soul Eater,TV Show,Anime Series,2008,TV-14
Soul Eater,TV Show,International TV Shows,2008,TV-14
Steve Jobs,Movie,Dramas,2015,R
Bulbul Can Sing,Movie,Dramas,2018,TV-14
Bulbul Can Sing,Movie,Independent Movies,2018,TV-14
Bulbul Can Sing,Movie,International Movies,2018,TV-14
Eye For An Eye,Movie,Dramas,2019,TV-MA
Eye For An Eye,Movie,International Movies,2019,TV-MA
Eye For An Eye,Movie,Thrillers,2019,TV-MA
Killer Inside: The Mind of Aaron Hernandez,TV Show,Crime TV Shows,2020,TV-MA
Killer Inside: The Mind of Aaron Hernandez,TV Show,Docuseries,2020,TV-MA
MindGamers,Movie,International Movies,2017,R
MindGamers,Movie,Sci-Fi & Fantasy,2017,R
MindGamers,Movie,Thrillers,2017,R
The Brave,Movie,Action & Adventure,2019,TV-MA
The Brave,Movie,Independent Movies,2019,TV-MA
Leslie Jones: Time Machine,Movie,Stand-Up Comedy,2020,TV-MA
The Ollie & Moon Show,TV Show,Kids' TV,2018,TV-Y
Women of Mafia 2,Movie,Action & Adventure,2019,TV-MA
Women of Mafia 2,Movie,Dramas,2019,TV-MA
Women of Mafia 2,Movie,International Movies,2019,TV-MA
The Healing Powers of Dude,TV Show,Kids' TV,2020,TV-G
The Healing Powers of Dude,TV Show,TV Comedies,2020,TV-G
The Healing Powers of Dude,TV Show,TV Dramas,2020,TV-G
Betty White: First Lady of Television,Movie,Documentaries,2018,TV-14
Made in China,Movie,Comedies,2019,TV-MA
Made in China,Movie,Dramas,2019,TV-MA
Made in China,Movie,International Movies,2019,TV-MA
AJ and the Queen,TV Show,TV Comedies,2020,TV-14
AJ and the Queen,TV Show,TV Dramas,2020,TV-14
Giri / Haji,TV Show,British TV Shows,2019,TV-MA
Giri / Haji,TV Show,Crime TV Shows,2019,TV-MA
Giri / Haji,TV Show,International TV Shows,2019,TV-MA
Harvey Street Kids,TV Show,Kids' TV,2020,TV-Y7
Harvey Street Kids,TV Show,TV Comedies,2020,TV-Y7
Jamtara - Sabka Number Ayega,TV Show,Crime TV Shows,2020,TV-MA
Jamtara - Sabka Number Ayega,TV Show,International TV Shows,2020,TV-MA
Jamtara - Sabka Number Ayega,TV Show,TV Dramas,2020,TV-MA
Medical Police,TV Show,Crime TV Shows,2020,TV-MA
Medical Police,TV Show,TV Action & Adventure,2020,TV-MA
Medical Police,TV Show,TV Comedies,2020,TV-MA
Monsters: Dark Continent,Movie,Action & Adventure,2014,R
Monsters: Dark Continent,Movie,Dramas,2014,R
Monsters: Dark Continent,Movie,Independent Movies,2014,R
The InBESTigators,TV Show,Kids' TV,2020,TV-Y
The InBESTigators,TV Show,TV Comedies,2020,TV-Y
Until Dawn,TV Show,International TV Shows,2020,TV-MA
Until Dawn,TV Show,Reality TV,2020,TV-MA
Until Dawn,TV Show,TV Comedies,2020,TV-MA
Bulletproof 2,Movie,Action & Adventure,2020,TV-MA
Bulletproof 2,Movie,Comedies,2020,TV-MA
Cheer,TV Show,Docuseries,2020,TV-MA
Cheer,TV Show,Reality TV,2020,TV-MA
Cheer,TV Show,Teen TV Shows,2020,TV-MA
A Ghost Story,Movie,Dramas,2017,R
A Ghost Story,Movie,Independent Movies,2017,R
"Live Twice, Love Once",Movie,Comedies,2020,TV-MA
"Live Twice, Love Once",Movie,Dramas,2020,TV-MA
"Live Twice, Love Once",Movie,International Movies,2020,TV-MA
Dracula,TV Show,British TV Shows,2020,TV-14
Dracula,TV Show,International TV Shows,2020,TV-14
Dracula,TV Show,TV Dramas,2020,TV-14
All the Freckles in the World,Movie,Comedies,2020,TV-14
All the Freckles in the World,Movie,International Movies,2020,TV-14
All the Freckles in the World,Movie,Romantic Movies,2020,TV-14
Anne with an E,TV Show,International TV Shows,2019,TV-PG
Anne with an E,TV Show,TV Dramas,2019,TV-PG
Anne with an E,TV Show,Teen TV Shows,2019,TV-PG
Half Girlfriend,Movie,Dramas,2017,TV-14
Half Girlfriend,Movie,International Movies,2017,TV-14
Half Girlfriend,Movie,Romantic Movies,2017,TV-14
"Sex, Explained",TV Show,Docuseries,2020,TV-MA
"Sex, Explained",TV Show,Science & Nature TV,2020,TV-MA
Thieves of the Wood,TV Show,International TV Shows,2019,TV-MA
Thieves of the Wood,TV Show,TV Action & Adventure,2019,TV-MA
Thieves of the Wood,TV Show,TV Dramas,2019,TV-MA
Aruna & Her Palate,Movie,Dramas,2018,TV-14
Aruna & Her Palate,Movie,International Movies,2018,TV-14
Because This Is My First Life,TV Show,International TV Shows,2017,TV-14
Because This Is My First Life,TV Show,Korean TV Shows,2017,TV-14
Because This Is My First Life,TV Show,Romantic TV Shows,2017,TV-14
Border Security: America's Front Line,TV Show,Crime TV Shows,2018,TV-14
Border Security: America's Front Line,TV Show,International TV Shows,2018,TV-14
Border Security: America's Front Line,TV Show,Reality TV,2018,TV-14
Breaking the Bank,Movie,Comedies,2014,TV-PG
Breaking the Bank,Movie,International Movies,2014,TV-PG
Cells at Work!,TV Show,Anime Series,2018,TV-PG
Cells at Work!,TV Show,Teen TV Shows,2018,TV-PG
Chhota Bheem Kung Fu Dhamaka Series,TV Show,Kids' TV,2019,TV-Y7
Garfield Gets Real,Movie,Children & Family Movies,2007,TV-Y
Garfield Gets Real,Movie,Comedies,2007,TV-Y
Garfield's Fun Fest,Movie,Children & Family Movies,2008,TV-Y7
Garfield's Fun Fest,Movie,Comedies,2008,TV-Y7
Garfield's Pet Force,Movie,Children & Family Movies,2009,G
Garfield's Pet Force,Movie,Comedies,2009,G
Ghost Stories,Movie,Horror Movies,2020,TV-MA
Ghost Stories,Movie,International Movies,2020,TV-MA
Ghost Stories,Movie,Thrillers,2020,TV-MA
Jeff Dunham: Unhinged in Hollywood,Movie,Stand-Up Comedy,2015,TV-MA
Jimmy Neutron: Boy Genius,Movie,Children & Family Movies,2001,G
Jimmy Neutron: Boy Genius,Movie,Comedies,2001,G
Jimmy Neutron: Boy Genius,Movie,Sci-Fi & Fantasy,2001,G
Live Up To Your Name,TV Show,International TV Shows,2017,TV-MA
Live Up To Your Name,TV Show,Korean TV Shows,2017,TV-MA
Live Up To Your Name,TV Show,Romantic TV Shows,2017,TV-MA
Luccas Neto in: Children's Day,Movie,Children & Family Movies,2019,TV-G
Luccas Neto in: Children's Day,Movie,Comedies,2019,TV-G
Luccas Neto in: Children's Day,Movie,Music & Musicals,2019,TV-G
Messiah,TV Show,TV Dramas,2020,TV-MA
Messiah,TV Show,TV Thrillers,2020,TV-MA
Mia and Me,TV Show,Kids' TV,2017,TV-Y7
"Nisman: The Prosecutor, the President, and the Spy",TV Show,Crime TV Shows,2020,TV-MA
"Nisman: The Prosecutor, the President, and the Spy",TV Show,Docuseries,2020,TV-MA
"Nisman: The Prosecutor, the President, and the Spy",TV Show,International TV Shows,2020,TV-MA
Pan's Labyrinth,Movie,Dramas,2006,R
Pan's Labyrinth,Movie,International Movies,2006,R
Pan's Labyrinth,Movie,Sci-Fi & Fantasy,2006,R
Pokémon the Movie: Power of Us,Movie,Anime Features,2018,TV-Y7
Pokémon the Movie: Power of Us,Movie,Children & Family Movies,2018,TV-Y7
Posesif,Movie,Dramas,2017,TV-MA
Posesif,Movie,International Movies,2017,TV-MA
Posesif,Movie,Romantic Movies,2017,TV-MA
Reply 1988,TV Show,International TV Shows,2015,TV-14
Reply 1988,TV Show,Korean TV Shows,2015,TV-14
Reply 1988,TV Show,Romantic TV Shows,2015,TV-14
Riot,Movie,Action & Adventure,2015,TV-MA
Road Trip: Beer Pong,Movie,Comedies,2009,R
Save Me,TV Show,International TV Shows,2017,TV-MA
Save Me,TV Show,Korean TV Shows,2017,TV-MA
Save Me,TV Show,TV Dramas,2017,TV-MA
Spinning Out,TV Show,TV Dramas,2020,TV-MA
The Bride of Habaek,TV Show,International TV Shows,2017,TV-14
The Bride of Habaek,TV Show,Korean TV Shows,2017,TV-14
The Bride of Habaek,TV Show,Romantic TV Shows,2017,TV-14
Aaviri,Movie,Horror Movies,2019,TV-14
Aaviri,Movie,International Movies,2019,TV-14
Aaviri,Movie,Thrillers,2019,TV-14
Albert Pinto Ko Gussa Kyun Aata Hai?,Movie,Dramas,2019,TV-MA
Albert Pinto Ko Gussa Kyun Aata Hai?,Movie,Independent Movies,2019,TV-MA
Albert Pinto Ko Gussa Kyun Aata Hai?,Movie,International Movies,2019,TV-MA
ARASHI's Diary -Voyage-,TV Show,Docuseries,2019,TV-PG
ARASHI's Diary -Voyage-,TV Show,International TV Shows,2019,TV-PG
Benchwarmers 2: Breaking Balls,Movie,Comedies,2019,PG-13
Benchwarmers 2: Breaking Balls,Movie,Sports Movies,2019,PG-13
How High 2,Movie,Comedies,2019,TV-MA
Occupied,TV Show,International TV Shows,2019,TV-MA
Occupied,TV Show,TV Dramas,2019,TV-MA
Occupied,TV Show,TV Thrillers,2019,TV-MA
Pucca: Love Recipe,TV Show,Kids' TV,2018,TV-Y7
Pucca: Love Recipe,TV Show,Korean TV Shows,2018,TV-Y7
Rainbow Ruby,TV Show,Kids' TV,2016,TV-Y
Robot Trains,TV Show,Kids' TV,2018,TV-Y7
Robot Trains,TV Show,Korean TV Shows,2018,TV-Y7
The Degenerates,TV Show,Stand-Up Comedy & Talk Shows,2019,TV-MA
The Degenerates,TV Show,TV Comedies,2019,TV-MA
Yanxi Palace: Princess Adventures,TV Show,International TV Shows,2019,TV-14
Yanxi Palace: Princess Adventures,TV Show,TV Dramas,2019,TV-14
The Disastrous Life of Saiki K.: Reawakened,TV Show,Anime Series,2019,TV-14
The Disastrous Life of Saiki K.: Reawakened,TV Show,International TV Shows,2019,TV-14
Hot Gimmick: Girl Meets Boy,Movie,Dramas,2019,TV-MA
Hot Gimmick: Girl Meets Boy,Movie,International Movies,2019,TV-MA
Blitz Patrollie,Movie,Action & Adventure,2013,TV-MA
Blitz Patrollie,Movie,Comedies,2013,TV-MA
Blitz Patrollie,Movie,International Movies,2013,TV-MA
"El Pepe, a Supreme Life",Movie,Documentaries,2018,TV-14
"El Pepe, a Supreme Life",Movie,International Movies,2018,TV-14
Kevin Hart: Don’t F**k This Up,TV Show,Docuseries,2019,TV-MA
The Vendor,Movie,Comedies,2018,TV-MA
The Vendor,Movie,International Movies,2018,TV-MA
The App,Movie,Dramas,2019,TV-MA
The App,Movie,Independent Movies,2019,TV-MA
The App,Movie,International Movies,2019,TV-MA
The Bonfire of Destiny,TV Show,International TV Shows,2019,TV-MA
The Bonfire of Destiny,TV Show,TV Dramas,2019,TV-MA
You,TV Show,Crime TV Shows,2019,TV-MA
You,TV Show,Romantic TV Shows,2019,TV-MA
You,TV Show,TV Dramas,2019,TV-MA
Doom: Annihilation,Movie,Action & Adventure,2019,R
Doom: Annihilation,Movie,Horror Movies,2019,R
Doom: Annihilation,Movie,Sci-Fi & Fantasy,2019,R
Fireworks,Movie,Anime Features,2017,TV-PG
Fireworks,Movie,Romantic Movies,2017,TV-PG
Grand-Daddy Day Care,Movie,Children & Family Movies,2019,PG-13
Grand-Daddy Day Care,Movie,Comedies,2019,PG-13
Jarhead: Law of Return,Movie,Action & Adventure,2019,R
Jarhead: Law of Return,Movie,Dramas,2019,R
MFKZ,Movie,Action & Adventure,2017,R
MFKZ,Movie,Comedies,2017,R
MFKZ,Movie,International Movies,2017,R
Sweetheart,Movie,Horror Movies,2019,PG-13
Sweetheart,Movie,Sci-Fi & Fantasy,2019,PG-13
Sweetheart,Movie,Thrillers,2019,PG-13
CAROLE & TUESDAY,TV Show,Anime Series,2019,TV-MA
CAROLE & TUESDAY,TV Show,International TV Shows,2019,TV-MA
CAROLE & TUESDAY,TV Show,Teen TV Shows,2019,TV-MA
Como caído del cielo,Movie,Comedies,2019,TV-14
Como caído del cielo,Movie,International Movies,2019,TV-14
Como caído del cielo,Movie,Music & Musicals,2019,TV-14
John Mulaney & The Sack Lunch Bunch,Movie,Children & Family Movies,2019,TV-PG
John Mulaney & The Sack Lunch Bunch,Movie,Comedies,2019,TV-PG
Lost in Space,TV Show,TV Action & Adventure,2019,TV-PG
Lost in Space,TV Show,TV Dramas,2019,TV-PG
Lost in Space,TV Show,TV Sci-Fi & Fantasy,2019,TV-PG
Jacob's Ladder,Movie,Thrillers,2019,R
Private Practice,TV Show,TV Comedies,2012,TV-14
Private Practice,TV Show,TV Dramas,2012,TV-14
Back of the Net,Movie,Children & Family Movies,2019,TV-Y
Back of the Net,Movie,Sports Movies,2019,TV-Y
Lost in London,Movie,Comedies,2017,TV-PG
Lost in London,Movie,International Movies,2017,TV-PG
Agent,TV Show,International TV Shows,2019,TV-MA
Agent,TV Show,TV Dramas,2019,TV-MA
Being Mrs Elliot,Movie,Dramas,2014,TV-14
Being Mrs Elliot,Movie,International Movies,2014,TV-14
Being Mrs Elliot,Movie,Romantic Movies,2014,TV-14
Falz Experience,Movie,International Movies,2018,TV-MA
Falz Experience,Movie,Music & Musicals,2018,TV-MA
Iyore,Movie,Dramas,2015,TV-PG
Iyore,Movie,International Movies,2015,TV-PG
Iyore,Movie,Romantic Movies,2015,TV-PG
The First Lady,Movie,Dramas,2015,TV-MA
The First Lady,Movie,International Movies,2015,TV-MA
The Two Popes,Movie,Dramas,2019,PG-13
The Witcher,TV Show,International TV Shows,2019,TV-MA
The Witcher,TV Show,TV Action & Adventure,2019,TV-MA
The Witcher,TV Show,TV Dramas,2019,TV-MA
After the Raid,Movie,Documentaries,2019,TV-PG
After the Raid,Movie,International Movies,2019,TV-PG
Twice Upon A Time,TV Show,International TV Shows,2019,TV-MA
Twice Upon A Time,TV Show,Romantic TV Shows,2019,TV-MA
Twice Upon A Time,TV Show,TV Dramas,2019,TV-MA
Ultraviolet,TV Show,Crime TV Shows,2019,TV-MA
Ultraviolet,TV Show,International TV Shows,2019,TV-MA
Ultraviolet,TV Show,TV Dramas,2019,TV-MA
Don't F**k with Cats: Hunting an Internet Killer,TV Show,Crime TV Shows,2019,TV-MA
Don't F**k with Cats: Hunting an Internet Killer,TV Show,Docuseries,2019,TV-MA
Soundtrack,TV Show,Romantic TV Shows,2019,TV-MA
Soundtrack,TV Show,TV Dramas,2019,TV-MA
Ronny Chieng: Asian Comedian Destroys America!,Movie,Stand-Up Comedy,2019,TV-MA
"Sincerely Yours, Dhaka",Movie,Comedies,2018,TV-MA
"Sincerely Yours, Dhaka",Movie,Dramas,2018,TV-MA
"Sincerely Yours, Dhaka",Movie,Independent Movies,2018,TV-MA
The Danish Girl,Movie,Dramas,2015,R
The Danish Girl,Movie,Independent Movies,2015,R
The Danish Girl,Movie,International Movies,2015,R
Bangistan,Movie,Comedies,2015,TV-14
Bangistan,Movie,Dramas,2015,TV-14
Bangistan,Movie,International Movies,2015,TV-14
Cinderella and the Four Knights,TV Show,International TV Shows,2016,TV-PG
Cinderella and the Four Knights,TV Show,Korean TV Shows,2016,TV-PG
Cinderella and the Four Knights,TV Show,Romantic TV Shows,2016,TV-PG
Cocomong,TV Show,Kids' TV,2015,TV-Y
Cocomong,TV Show,Korean TV Shows,2015,TV-Y
Crash Landing on You,TV Show,International TV Shows,2019,TV-14
Crash Landing on You,TV Show,Korean TV Shows,2019,TV-14
Crash Landing on You,TV Show,Romantic TV Shows,2019,TV-14
"Crazy, Lovely, Cool",TV Show,International TV Shows,2018,TV-MA
"Crazy, Lovely, Cool",TV Show,TV Dramas,2018,TV-MA
Dil Chahta Hai,Movie,Comedies,2001,TV-14
Dil Chahta Hai,Movie,Dramas,2001,TV-14
Dil Chahta Hai,Movie,International Movies,2001,TV-14
Dil Dhadakne Do,Movie,Comedies,2015,TV-MA
Dil Dhadakne Do,Movie,Dramas,2015,TV-MA
Dil Dhadakne Do,Movie,International Movies,2015,TV-MA
Don,Movie,Action & Adventure,2006,TV-14
Don,Movie,International Movies,2006,TV-14
Don 2,Movie,Action & Adventure,2011,TV-14
Don 2,Movie,International Movies,2011,TV-14
Don 2,Movie,Music & Musicals,2011,TV-14
Fukrey,Movie,Action & Adventure,2013,TV-14
Fukrey,Movie,Comedies,2013,TV-14
Fukrey,Movie,Dramas,2013,TV-14
Game,Movie,International Movies,2011,TV-14
Game,Movie,Thrillers,2011,TV-14
Girls und Panzer,TV Show,Anime Series,2012,TV-PG
Girls und Panzer,TV Show,International TV Shows,2012,TV-PG
Holy Expectations,Movie,Children & Family Movies,2019,TV-14
Holy Expectations,Movie,Comedies,2019,TV-14
Holy Expectations,Movie,International Movies,2019,TV-14
Honeymoon Travels Pvt. Ltd.,Movie,Comedies,2007,TV-14
Honeymoon Travels Pvt. Ltd.,Movie,Dramas,2007,TV-14
Honeymoon Travels Pvt. Ltd.,Movie,International Movies,2007,TV-14
Isoken,Movie,Comedies,2017,TV-14
Isoken,Movie,International Movies,2017,TV-14
Isoken,Movie,Romantic Movies,2017,TV-14
Karthik Calling Karthik,Movie,Dramas,2010,TV-14
Karthik Calling Karthik,Movie,International Movies,2010,TV-14
Karthik Calling Karthik,Movie,Thrillers,2010,TV-14
Lakshya,Movie,Action & Adventure,2004,TV-PG
Lakshya,Movie,Dramas,2004,TV-PG
Lakshya,Movie,International Movies,2004,TV-PG
Luck by Chance,Movie,Dramas,2009,TV-14
Luck by Chance,Movie,International Movies,2009,TV-14
Luck by Chance,Movie,Romantic Movies,2009,TV-14
Potato Potahto,Movie,Comedies,2017,TV-MA
Potato Potahto,Movie,Dramas,2017,TV-MA
Potato Potahto,Movie,International Movies,2017,TV-MA
Rock On!!,Movie,Dramas,2008,TV-14
Rock On!!,Movie,International Movies,2008,TV-14
Rock On!!,Movie,Music & Musicals,2008,TV-14
Scooby-Doo!: Mystery Incorporated,TV Show,Kids' TV,2012,TV-Y7
Scooby-Doo!: Mystery Incorporated,TV Show,TV Comedies,2012,TV-Y7
Talaash,Movie,Dramas,2012,TV-14
Talaash,Movie,International Movies,2012,TV-14
Talaash,Movie,Thrillers,2012,TV-14
What's New Scooby-Doo?,TV Show,Kids' TV,2005,TV-Y7
What's New Scooby-Doo?,TV Show,TV Comedies,2005,TV-Y7
Zindagi Na Milegi Dobara,Movie,Comedies,2011,TV-14
Zindagi Na Milegi Dobara,Movie,Dramas,2011,TV-14
Zindagi Na Milegi Dobara,Movie,International Movies,2011,TV-14
6 Underground,Movie,Action & Adventure,2019,R
6 Underground,Movie,Dramas,2019,R
A Trip to Jamaica,Movie,Comedies,2016,TV-MA
A Trip to Jamaica,Movie,International Movies,2016,TV-MA
My Wife and I,Movie,Comedies,2017,TV-MA
My Wife and I,Movie,International Movies,2017,TV-MA
My Wife and I,Movie,Romantic Movies,2017,TV-MA
Okafor's Law,Movie,Comedies,2016,TV-14
Okafor's Law,Movie,International Movies,2016,TV-14
Okafor's Law,Movie,Romantic Movies,2016,TV-14
Seven and a half dates,Movie,Dramas,2018,TV-14
Seven and a half dates,Movie,International Movies,2018,TV-14
Seven and a half dates,Movie,Romantic Movies,2018,TV-14
The 9th Precinct,Movie,International Movies,2019,TV-MA
The 9th Precinct,Movie,Thrillers,2019,TV-MA
Zero Hour,Movie,International Movies,2018,TV-MA
Zero Hour,Movie,Thrillers,2018,TV-MA
Jack Whitehall: Christmas with My Father,Movie,Stand-Up Comedy,2019,TV-MA
The Sky Is Pink,Movie,Dramas,2019,TV-MA
The Sky Is Pink,Movie,International Movies,2019,TV-MA
Good and Prosperous,Movie,Comedies,2017,TV-14
Good and Prosperous,Movie,International Movies,2017,TV-14
Michelle Wolf: Joke Show,Movie,Stand-Up Comedy,2019,TV-MA
A Family Reunion Christmas,Movie,Children & Family Movies,2019,TV-PG
A Family Reunion Christmas,Movie,Comedies,2019,TV-PG
It Comes at Night,Movie,Horror Movies,2017,R
It Comes at Night,Movie,Independent Movies,2017,R
Saaho,Movie,Action & Adventure,2019,TV-14
Saaho,Movie,International Movies,2019,TV-14
Nothing to Lose 2,Movie,Dramas,2019,PG-13
Nothing to Lose 2,Movie,Faith & Spirituality,2019,PG-13
Nothing to Lose 2,Movie,International Movies,2019,PG-13
Astronomy Club: The Sketch Show,TV Show,TV Comedies,2019,TV-MA
Banana Island Ghost,Movie,Comedies,2017,TV-14
Banana Island Ghost,Movie,International Movies,2017,TV-14
Celebrity Marriage,Movie,Dramas,2017,TV-14
Celebrity Marriage,Movie,International Movies,2017,TV-14
Fuller House,TV Show,TV Comedies,2020,TV-PG
Marriage Story,Movie,Dramas,2019,R
No Game No Life: Zero,Movie,Action & Adventure,2017,TV-MA
No Game No Life: Zero,Movie,Anime Features,2017,TV-MA
No Game No Life: Zero,Movie,International Movies,2017,TV-MA
Slow Country,Movie,Dramas,2017,TV-MA
Slow Country,Movie,International Movies,2017,TV-MA
Spirit Riding Free: Spirit of Christmas,Movie,Children & Family Movies,2019,TV-Y7
Teasing Master Takagi-san,TV Show,Anime Series,2019,TV-PG
Teasing Master Takagi-san,TV Show,International TV Shows,2019,TV-PG
Teasing Master Takagi-san,TV Show,Romantic TV Shows,2019,TV-PG
The Chosen One,TV Show,International TV Shows,2019,TV-MA
The Chosen One,TV Show,TV Dramas,2019,TV-MA
The Chosen One,TV Show,TV Mysteries,2019,TV-MA
The Confession Killer,TV Show,Crime TV Shows,2019,TV-14
The Confession Killer,TV Show,Docuseries,2019,TV-14
Three Days of Christmas,TV Show,International TV Shows,2019,TV-MA
Three Days of Christmas,TV Show,Spanish-Language TV Shows,2019,TV-MA
Three Days of Christmas,TV Show,TV Dramas,2019,TV-MA
Triad Princess,TV Show,Crime TV Shows,2019,TV-MA
Triad Princess,TV Show,International TV Shows,2019,TV-MA
Triad Princess,TV Show,Romantic TV Shows,2019,TV-MA
Wives on Strike,Movie,Comedies,2016,TV-14
Wives on Strike,Movie,Dramas,2016,TV-14
Wives on Strike,Movie,International Movies,2016,TV-14
Wives on Strike: The Revolution,Movie,Comedies,2017,TV-PG
Wives on Strike: The Revolution,Movie,Dramas,2017,TV-PG
Wives on Strike: The Revolution,Movie,International Movies,2017,TV-PG
A Christmas Prince: The Royal Baby,Movie,Children & Family Movies,2019,TV-PG
A Christmas Prince: The Royal Baby,Movie,Dramas,2019,TV-PG
A Christmas Prince: The Royal Baby,Movie,Romantic Movies,2019,TV-PG
The Irishman: In Conversation,Movie,Documentaries,2019,TV-MA
V Wars,TV Show,TV Action & Adventure,2019,TV-MA
V Wars,TV Show,TV Dramas,2019,TV-MA
V Wars,TV Show,TV Horror,2019,TV-MA
The Last O.G.,TV Show,TV Comedies,2019,TV-MA
The Prince of Tennis ~ Match! Tennis Juniors ~,TV Show,International TV Shows,2019,TV-PG
The Prince of Tennis ~ Match! Tennis Juniors ~,TV Show,TV Dramas,2019,TV-PG
The Prince of Tennis ~ Match! Tennis Juniors ~,TV Show,Teen TV Shows,2019,TV-PG
The Road to Love,TV Show,International TV Shows,2019,TV-14
The Road to Love,TV Show,Romantic TV Shows,2019,TV-14
The Road to Love,TV Show,Spanish-Language TV Shows,2019,TV-14
Tiffany Haddish: Black Mitzvah,Movie,Stand-Up Comedy,2019,TV-MA
Nightflyers,TV Show,TV Horror,2018,TV-MA
Nightflyers,TV Show,TV Mysteries,2018,TV-MA
Nightflyers,TV Show,TV Sci-Fi & Fantasy,2018,TV-MA
A Cinderella Story: Christmas Wish,Movie,Children & Family Movies,2019,PG
A Cinderella Story: Christmas Wish,Movie,Comedies,2019,PG
A Cinderella Story: Christmas Wish,Movie,Music & Musicals,2019,PG
Baby Dolls,Movie,Comedies,2019,TV-PG
Baby Dolls,Movie,International Movies,2019,TV-PG
Baby Dolls,Movie,Romantic Movies,2019,TV-PG
Cut Bank,Movie,Dramas,2014,R
Cut Bank,Movie,Thrillers,2014,R
Dead Kids,Movie,Dramas,2019,TV-MA
Dead Kids,Movie,International Movies,2019,TV-MA
Dead Kids,Movie,Thrillers,2019,TV-MA
Eastsiders,TV Show,TV Comedies,2018,TV-MA
Eastsiders,TV Show,TV Dramas,2018,TV-MA
High End Yaariyan,Movie,Comedies,2019,TV-14
High End Yaariyan,Movie,International Movies,2019,TV-14
High End Yaariyan,Movie,Romantic Movies,2019,TV-14
Iron Fists and Kung-Fu Kicks,Movie,Documentaries,2019,TV-MA
Iron Fists and Kung-Fu Kicks,Movie,International Movies,2019,TV-MA
Jindua,Movie,Dramas,2017,TV-14
Jindua,Movie,International Movies,2017,TV-14
Jindua,Movie,Romantic Movies,2017,TV-14
Lakeeran,Movie,Dramas,2016,TV-PG
Lakeeran,Movie,International Movies,2016,TV-PG
Lakeeran,Movie,Romantic Movies,2016,TV-PG
Mahi NRI,Movie,Comedies,2017,TV-14
Mahi NRI,Movie,Dramas,2017,TV-14
Mahi NRI,Movie,International Movies,2017,TV-14
Qismat,Movie,Dramas,2018,TV-PG
Qismat,Movie,International Movies,2018,TV-PG
Qismat,Movie,Romantic Movies,2018,TV-PG
Space Jungle,TV Show,Kids' TV,2016,TV-Y
Space Jungle,TV Show,Korean TV Shows,2016,TV-Y
Space Jungle,TV Show,TV Comedies,2016,TV-Y
Tee Shot: Ariya Jutanugarn,Movie,Children & Family Movies,2019,TV-14
Tee Shot: Ariya Jutanugarn,Movie,Dramas,2019,TV-14
Tee Shot: Ariya Jutanugarn,Movie,International Movies,2019,TV-14
Thug Life,Movie,Comedies,2017,TV-14
Thug Life,Movie,Dramas,2017,TV-14
Thug Life,Movie,International Movies,2017,TV-14
Wandering Stars,Movie,Documentaries,2019,TV-MA
Wandering Stars,Movie,International Movies,2019,TV-MA
Wandering Stars,Movie,Music & Musicals,2019,TV-MA
Why Me?,Movie,Dramas,2015,TV-MA
Why Me?,Movie,International Movies,2015,TV-MA
Why Me?,Movie,Thrillers,2015,TV-MA
Chocolate,TV Show,International TV Shows,2019,TV-14
Chocolate,TV Show,Korean TV Shows,2019,TV-14
Chocolate,TV Show,Romantic TV Shows,2019,TV-14
Guatemala: Heart of the Mayan World,Movie,Documentaries,2019,TV-G
Guatemala: Heart of the Mayan World,Movie,International Movies,2019,TV-G
The Zoya Factor,Movie,Comedies,2019,TV-14
The Zoya Factor,Movie,Dramas,2019,TV-14
The Zoya Factor,Movie,International Movies,2019,TV-14
Atlantics,Movie,Dramas,2019,TV-14
Atlantics,Movie,Independent Movies,2019,TV-14
Atlantics,Movie,International Movies,2019,TV-14
Chip and Potato,TV Show,Kids' TV,2019,TV-Y
Crazy people,Movie,Comedies,2018,TV-MA
Crazy people,Movie,International Movies,2018,TV-MA
Crazy people,Movie,Thrillers,2018,TV-MA
I Lost My Body,Movie,Dramas,2019,TV-MA
I Lost My Body,Movie,Independent Movies,2019,TV-MA
I Lost My Body,Movie,International Movies,2019,TV-MA
Kalushi: The Story of Solomon Mahlangu,Movie,Dramas,2016,TV-MA
Kalushi: The Story of Solomon Mahlangu,Movie,International Movies,2016,TV-MA
La Reina del Sur,TV Show,Crime TV Shows,2019,TV-MA
La Reina del Sur,TV Show,International TV Shows,2019,TV-MA
La Reina del Sur,TV Show,Spanish-Language TV Shows,2019,TV-MA
Lagos Real Fake Life,Movie,Comedies,2018,TV-MA
Lagos Real Fake Life,Movie,International Movies,2018,TV-MA
Payday,Movie,Comedies,2018,TV-MA
Payday,Movie,Independent Movies,2018,TV-MA
Payday,Movie,International Movies,2018,TV-MA
The Accidental Spy,Movie,Action & Adventure,2017,TV-MA
The Accidental Spy,Movie,Comedies,2017,TV-MA
The Accidental Spy,Movie,International Movies,2017,TV-MA
The Charming Stepmom,TV Show,International TV Shows,2019,TV-14
The Charming Stepmom,TV Show,Romantic TV Shows,2019,TV-14
The Charming Stepmom,TV Show,TV Comedies,2019,TV-14
The Island,Movie,Dramas,2018,TV-14
The Island,Movie,International Movies,2018,TV-14
The Island,Movie,Thrillers,2018,TV-14
Holiday Rush,Movie,Children & Family Movies,2019,TV-PG
Holiday Rush,Movie,Dramas,2019,TV-PG
Levius,TV Show,Anime Series,2019,TV-14
Levius,TV Show,International TV Shows,2019,TV-14
Lugar de Mulher,TV Show,International TV Shows,2019,TV-MA
Lugar de Mulher,TV Show,Stand-Up Comedy & Talk Shows,2019,TV-MA
Lugar de Mulher,TV Show,TV Comedies,2019,TV-MA
Merry Happy Whatever,TV Show,TV Comedies,2019,TV-PG
Mythomaniac,TV Show,International TV Shows,2019,TV-MA
Mythomaniac,TV Show,TV Comedies,2019,TV-MA
Mythomaniac,TV Show,TV Dramas,2019,TV-MA
Defiance,Movie,Action & Adventure,2008,R
Defiance,Movie,Dramas,2008,R
Evvarikee Cheppoddu,Movie,Comedies,2019,TV-14
Evvarikee Cheppoddu,Movie,International Movies,2019,TV-14
Evvarikee Cheppoddu,Movie,Romantic Movies,2019,TV-14
Little Singham: Mahabali,Movie,Children & Family Movies,2019,TV-Y7
Little Singham: Mahabali,Movie,Comedies,2019,TV-Y7
The Body Remembers When the World Broke Open,Movie,Dramas,2019,TV-MA
The Body Remembers When the World Broke Open,Movie,Independent Movies,2019,TV-MA
The Irishman,Movie,Dramas,2019,R
Mike Birbiglia: The New One,Movie,Stand-Up Comedy,2019,TV-MA
Super Monsters Save Christmas,Movie,Children & Family Movies,2019,TV-Y
The Crime,TV Show,Crime TV Shows,2015,TV-MA
The Crime,TV Show,International TV Shows,2015,TV-MA
The Crime,TV Show,TV Dramas,2015,TV-MA
True: Winter Wishes,Movie,Children & Family Movies,2019,TV-Y
Zona Rosa,TV Show,International TV Shows,2019,TV-MA
Zona Rosa,TV Show,Spanish-Language TV Shows,2019,TV-MA
Zona Rosa,TV Show,Stand-Up Comedy & Talk Shows,2019,TV-MA
Pranaam,Movie,Action & Adventure,2019,TV-14
Pranaam,Movie,Dramas,2019,TV-14
Pranaam,Movie,International Movies,2019,TV-14
What the F* Is Going On?,Movie,Documentaries,2019,TV-MA
What the F* Is Going On?,Movie,International Movies,2019,TV-MA
Shot Caller,Movie,Dramas,2017,R
Shot Caller,Movie,Thrillers,2017,R
Once Upon A Time In Lingjian Mountain,TV Show,International TV Shows,2019,TV-14
Once Upon A Time In Lingjian Mountain,TV Show,TV Comedies,2019,TV-14
Once Upon A Time In Lingjian Mountain,TV Show,TV Sci-Fi & Fantasy,2019,TV-14
Brother,Movie,Dramas,2019,TV-MA
Brother,Movie,Independent Movies,2019,TV-MA
Brother,Movie,International Movies,2019,TV-MA
Dolly Parton's Heartstrings,TV Show,TV Dramas,2019,TV-14
Girls und Panzer der Film,Movie,Action & Adventure,2015,TV-MA
Girls und Panzer der Film,Movie,Anime Features,2015,TV-MA
Girls und Panzer der Film,Movie,International Movies,2015,TV-MA
Mike Birbiglia: What I Should Have Said Was Nothing: Tales from My Secret Public Journal,Movie,Stand-Up Comedy,2008,TV-MA
Nailed It! Holiday!,TV Show,Reality TV,2019,TV-PG
Narcoworld: Dope Stories,TV Show,Crime TV Shows,2019,TV-MA
Narcoworld: Dope Stories,TV Show,Docuseries,2019,TV-MA
Nobody's Looking,TV Show,International TV Shows,2019,TV-MA
Nobody's Looking,TV Show,TV Comedies,2019,TV-MA
Nobody's Looking,TV Show,TV Dramas,2019,TV-MA
Shelby American,Movie,Documentaries,2019,TV-MA
Shelby American,Movie,Sports Movies,2019,TV-MA
Singapore Social,TV Show,International TV Shows,2019,TV-MA
Singapore Social,TV Show,Reality TV,2019,TV-MA
The Dragon Prince,TV Show,Kids' TV,2019,TV-Y7
The Dragon Prince,TV Show,TV Action & Adventure,2019,TV-Y7
The Dragon Prince,TV Show,TV Sci-Fi & Fantasy,2019,TV-Y7
Trolls: The Beat Goes On!,TV Show,Kids' TV,2019,TV-Y7
Trolls: The Beat Goes On!,TV Show,TV Comedies,2019,TV-Y7
The Knight Before Christmas,Movie,Children & Family Movies,2019,TV-14
The Knight Before Christmas,Movie,Comedies,2019,TV-14
The Knight Before Christmas,Movie,Romantic Movies,2019,TV-14
Bangkok Buddies,TV Show,International TV Shows,2019,TV-MA
Bangkok Buddies,TV Show,TV Comedies,2019,TV-MA
Bangkok Buddies,TV Show,TV Dramas,2019,TV-MA
"Bikram: Yogi, Guru, Predator",Movie,Documentaries,2019,TV-MA
Dorasaani,Movie,Dramas,2019,TV-14
Dorasaani,Movie,International Movies,2019,TV-14
Dorasaani,Movie,Romantic Movies,2019,TV-14
Holiday Secrets,TV Show,International TV Shows,2019,TV-MA
Holiday Secrets,TV Show,TV Dramas,2019,TV-MA
"Lorena, Light-Footed Woman",Movie,Documentaries,2019,TV-G
"Lorena, Light-Footed Woman",Movie,International Movies,2019,TV-G
"Lorena, Light-Footed Woman",Movie,Sports Movies,2019,TV-G
Mallesham,Movie,Dramas,2019,TV-14
Mallesham,Movie,Independent Movies,2019,TV-14
Mallesham,Movie,International Movies,2019,TV-14
Who Killed Little Gregory?,TV Show,Crime TV Shows,2019,TV-MA
Who Killed Little Gregory?,TV Show,Docuseries,2019,TV-MA
Who Killed Little Gregory?,TV Show,International TV Shows,2019,TV-MA
Iliza Shlesinger: Unveiled,Movie,Stand-Up Comedy,2019,TV-MA
Miss Culinary,TV Show,International TV Shows,2019,TV-14
Miss Culinary,TV Show,Romantic TV Shows,2019,TV-14
Miss Culinary,TV Show,TV Comedies,2019,TV-14
Candy Online,TV Show,International TV Shows,2019,TV-MA
Candy Online,TV Show,TV Dramas,2019,TV-MA
Candy Online,TV Show,Teen TV Shows,2019,TV-MA
Iron Sky: The Coming Race,Movie,Action & Adventure,2019,TV-MA
Iron Sky: The Coming Race,Movie,Comedies,2019,TV-MA
Iron Sky: The Coming Race,Movie,International Movies,2019,TV-MA
Jeff Dunham: All Over the Map,Movie,Stand-Up Comedy,2014,TV-MA
Suffragette,Movie,Dramas,2015,PG-13
Suffragette,Movie,International Movies,2015,PG-13
The Green Inferno,Movie,Horror Movies,2013,R
The Green Inferno,Movie,Independent Movies,2013,R
At the Dolphin Bay,TV Show,International TV Shows,2003,TV-14
At the Dolphin Bay,TV Show,Romantic TV Shows,2003,TV-14
Earthquake Bird,Movie,Dramas,2019,R
Earthquake Bird,Movie,Romantic Movies,2019,R
El sendero de la anaconda,Movie,Documentaries,2019,TV-14
El sendero de la anaconda,Movie,International Movies,2019,TV-14
GO! The Unforgettable Party,Movie,Children & Family Movies,2019,TV-PG
GO! The Unforgettable Party,Movie,Music & Musicals,2019,TV-PG
Guna 369,Movie,Action & Adventure,2019,TV-MA
Guna 369,Movie,Dramas,2019,TV-MA
Guna 369,Movie,International Movies,2019,TV-MA
House Arrest,Movie,Comedies,2019,TV-14
House Arrest,Movie,Independent Movies,2019,TV-14
House Arrest,Movie,International Movies,2019,TV-14
I'm with the Band: Nasty Cherry,TV Show,Reality TV,2019,TV-MA
Inheritors,TV Show,International TV Shows,2013,TV-14
Inheritors,TV Show,Korean TV Shows,2013,TV-14
Inheritors,TV Show,Romantic TV Shows,2013,TV-14
K-On!,TV Show,Anime Series,2010,TV-PG
K-On!,TV Show,Teen TV Shows,2010,TV-PG
K-on! the movie,Movie,Anime Features,2011,TV-PG
K-on! the movie,Movie,Music & Musicals,2011,TV-PG
Klaus,Movie,Children & Family Movies,2019,PG
Klaus,Movie,Comedies,2019,PG
La Robe De Mariee Des Cieux,TV Show,International TV Shows,2004,TV-MA
La Robe De Mariee Des Cieux,TV Show,Romantic TV Shows,2004,TV-MA
Llama Llama,TV Show,Kids' TV,2019,TV-Y
My MVP Valentine,TV Show,International TV Shows,2002,TV-PG
My MVP Valentine,TV Show,Romantic TV Shows,2002,TV-PG
My MVP Valentine,TV Show,TV Dramas,2002,TV-PG
My Sassy Girl,TV Show,International TV Shows,2017,TV-14
My Sassy Girl,TV Show,Korean TV Shows,2017,TV-14
My Sassy Girl,TV Show,Romantic TV Shows,2017,TV-14
SunGanges,Movie,Documentaries,2018,TV-14
SunGanges,Movie,International Movies,2018,TV-14
The Club,TV Show,Crime TV Shows,2019,TV-MA
The Club,TV Show,International TV Shows,2019,TV-MA
The Club,TV Show,Spanish-Language TV Shows,2019,TV-MA
The Garden of Words,Movie,Anime Features,2013,TV-14
The Garden of Words,Movie,International Movies,2013,TV-14
The Garden of Words,Movie,Romantic Movies,2013,TV-14
The Stranded,TV Show,International TV Shows,2019,TV-MA
The Stranded,TV Show,TV Action & Adventure,2019,TV-MA
The Stranded,TV Show,TV Dramas,2019,TV-MA
The Toys That Made Us,TV Show,Docuseries,2019,TV-14
The Toys That Made Us,TV Show,Reality TV,2019,TV-14
The Yard,TV Show,Crime TV Shows,2019,TV-MA
The Yard,TV Show,International TV Shows,2019,TV-MA
The Yard,TV Show,TV Dramas,2019,TV-MA
Westside Story,TV Show,International TV Shows,2003,TV-14
Westside Story,TV Show,Romantic TV Shows,2003,TV-14
Westside Story,TV Show,TV Action & Adventure,2003,TV-14
Fadily Camara : La plus drôle de tes copines,Movie,Stand-Up Comedy,2019,TV-MA
My Dear Warrior,TV Show,International TV Shows,2019,TV-14
My Dear Warrior,TV Show,Romantic TV Shows,2019,TV-14
My Dear Warrior,TV Show,TV Comedies,2019,TV-14
Maradona in Mexico,TV Show,Docuseries,2020,TV-MA
Maradona in Mexico,TV Show,Spanish-Language TV Shows,2020,TV-MA
Chief of Staff,TV Show,International TV Shows,2019,TV-14
Chief of Staff,TV Show,Korean TV Shows,2019,TV-14
Chief of Staff,TV Show,TV Dramas,2019,TV-14
Jeff Garlin: Our Man In Chicago,Movie,Stand-Up Comedy,2019,TV-MA
A Single Man,Movie,Dramas,2009,R
A Single Man,Movie,Independent Movies,2009,R
A Single Man,Movie,LGBTQ Movies,2009,R
Put Your Head on My Shoulder,TV Show,International TV Shows,2019,TV-14
Put Your Head on My Shoulder,TV Show,Romantic TV Shows,2019,TV-14
Put Your Head on My Shoulder,TV Show,Teen TV Shows,2019,TV-14
To Be of Service,Movie,Documentaries,2019,TV-MA
Little Things,TV Show,International TV Shows,2019,TV-MA
Little Things,TV Show,Romantic TV Shows,2019,TV-MA
Little Things,TV Show,TV Comedies,2019,TV-MA
Greatest Events of WWII in Colour,TV Show,British TV Shows,2019,TV-14
Greatest Events of WWII in Colour,TV Show,Docuseries,2019,TV-14
Greatest Events of WWII in Colour,TV Show,International TV Shows,2019,TV-14
Green Eggs and Ham,TV Show,Kids' TV,2019,TV-Y7
Green Eggs and Ham,TV Show,TV Action & Adventure,2019,TV-Y7
Green Eggs and Ham,TV Show,TV Comedies,2019,TV-Y7
Let It Snow,Movie,Comedies,2019,PG-13
Let It Snow,Movie,Dramas,2019,PG-13
Let It Snow,Movie,LGBTQ Movies,2019,PG-13
Paradise Beach,Movie,Action & Adventure,2019,TV-MA
Paradise Beach,Movie,Dramas,2019,TV-MA
Paradise Beach,Movie,International Movies,2019,TV-MA
Wild District,TV Show,Crime TV Shows,2019,TV-MA
Wild District,TV Show,International TV Shows,2019,TV-MA
Wild District,TV Show,Spanish-Language TV Shows,2019,TV-MA
U Turn,Movie,International Movies,2016,TV-14
U Turn,Movie,Thrillers,2016,TV-14
Burning Cane,Movie,Dramas,2019,TV-MA
SCAMS,TV Show,Crime TV Shows,2019,TV-14
SCAMS,TV Show,International TV Shows,2019,TV-14
SCAMS,TV Show,TV Dramas,2019,TV-14
Shadow,Movie,Action & Adventure,2018,TV-14
Shadow,Movie,Dramas,2018,TV-14
Shadow,Movie,International Movies,2018,TV-14
Luccas Neto in: Summer Camp,Movie,Children & Family Movies,2019,TV-G
Luccas Neto in: Summer Camp,Movie,Comedies,2019,TV-G
Luccas Neto in: Summer Camp,Movie,Music & Musicals,2019,TV-G
Sam & Cat,TV Show,Kids' TV,2014,TV-PG
Sam & Cat,TV Show,TV Comedies,2014,TV-PG
Seth Meyers: Lobby Baby,Movie,Stand-Up Comedy,2019,TV-MA
The End of the F***ing World,TV Show,British TV Shows,2019,TV-MA
The End of the F***ing World,TV Show,International TV Shows,2019,TV-MA
The End of the F***ing World,TV Show,TV Comedies,2019,TV-MA
The Lovers,Movie,Comedies,2017,R
The Lovers,Movie,Dramas,2017,R
The Lovers,Movie,Independent Movies,2017,R
Tune in for Love,Movie,Dramas,2019,TV-MA
Tune in for Love,Movie,International Movies,2019,TV-MA
Tune in for Love,Movie,Romantic Movies,2019,TV-MA
Undercover Brother 2,Movie,Comedies,2019,R
Meet the Adebanjos,TV Show,British TV Shows,2016,TV-PG
Meet the Adebanjos,TV Show,International TV Shows,2016,TV-PG
Meet the Adebanjos,TV Show,TV Comedies,2016,TV-PG
Minimalism: A Documentary About the Important Things,Movie,Documentaries,2016,TV-14
Oththa Seruppu Size 7,Movie,Dramas,2019,TV-MA
Oththa Seruppu Size 7,Movie,International Movies,2019,TV-MA
Oththa Seruppu Size 7,Movie,Thrillers,2019,TV-MA
The Devil Next Door,TV Show,Crime TV Shows,2019,TV-MA
The Devil Next Door,TV Show,Docuseries,2019,TV-MA
100 Things to do Before High School,Movie,Movies,2014,TV-Y
A Fairly Odd Summer,Movie,Children & Family Movies,2014,TV-Y7
A Fairly Odd Summer,Movie,Comedies,2014,TV-Y7
Bella and the Bulldogs,TV Show,Kids' TV,2015,TV-G
Bella and the Bulldogs,TV Show,TV Comedies,2015,TV-G
Big Time Movie,Movie,Children & Family Movies,2012,TV-PG
Big Time Movie,Movie,Comedies,2012,TV-PG
Big Time Movie,Movie,Music & Musicals,2012,TV-PG
Escape from Mr. Lemoncello’s Library,Movie,Children & Family Movies,2017,TV-Y
Hey Arnold! The Jungle Movie,Movie,Children & Family Movies,2017,TV-PG
Hey Arnold! The Jungle Movie,Movie,Comedies,2017,TV-PG
Jinxed,Movie,Children & Family Movies,2013,TV-Y
Jinxed,Movie,Comedies,2013,TV-Y
LEGENDS OF THE HIDDEN TEMPLE,Movie,Children & Family Movies,2016,TV-PG
"Liar, Liar, Vampire",Movie,Children & Family Movies,2015,TV-PG
"Liar, Liar, Vampire",Movie,Comedies,2015,TV-PG
The Boy Who Cried Werewolf,Movie,Children & Family Movies,2010,TV-Y
The Boy Who Cried Werewolf,Movie,Comedies,2010,TV-Y
The Massively Mixed-Up Middle School Mystery,Movie,Children & Family Movies,2015,TV-Y
The Massively Mixed-Up Middle School Mystery,Movie,Comedies,2015,TV-Y
Victorious,TV Show,Kids' TV,2013,TV-G
Victorious,TV Show,TV Comedies,2013,TV-G
A Remarkable Tale,Movie,Comedies,2019,TV-MA
A Remarkable Tale,Movie,International Movies,2019,TV-MA
A Year In Space,TV Show,Docuseries,2015,TV-PG
A Year In Space,TV Show,International TV Shows,2015,TV-PG
A Year In Space,TV Show,Science & Nature TV,2015,TV-PG
Ad Vitam,TV Show,Crime TV Shows,2018,TV-MA
Ad Vitam,TV Show,International TV Shows,2018,TV-MA
Ad Vitam,TV Show,TV Dramas,2018,TV-MA
American Son,Movie,Dramas,2019,TV-MA
Billy on the Street,TV Show,International TV Shows,2016,TV-14
Billy on the Street,TV Show,Reality TV,2016,TV-14
Billy on the Street,TV Show,TV Comedies,2016,TV-14
Christmas in the Heartland,Movie,Dramas,2017,TV-PG
Christmas Survival,Movie,Comedies,2018,TV-MA
CLANNAD,TV Show,Anime Series,2008,TV-PG
CLANNAD,TV Show,Teen TV Shows,2008,TV-PG
Drive,Movie,Action & Adventure,2019,TV-14
Drive,Movie,International Movies,2019,TV-14
Fire in Paradise,Movie,Documentaries,2019,TV-MA
Haikyu!!,TV Show,Anime Series,2015,TV-14
Haikyu!!,TV Show,International TV Shows,2015,TV-14
Haikyu!!,TV Show,Teen TV Shows,2015,TV-14
Holiday in the Wild,Movie,Children & Family Movies,2019,TV-PG
Holiday in the Wild,Movie,Dramas,2019,TV-PG
Holiday in the Wild,Movie,Romantic Movies,2019,TV-PG
Holly Star,Movie,Children & Family Movies,2018,PG
Holly Star,Movie,Comedies,2018,PG
Holly Star,Movie,Romantic Movies,2018,PG
"Love, Chunibyo & Other Delusions!",TV Show,Anime Series,2014,TV-PG
"Love, Chunibyo & Other Delusions!",TV Show,Romantic TV Shows,2014,TV-PG
"Love, Chunibyo & Other Delusions!",TV Show,Teen TV Shows,2014,TV-PG
Maid-Sama!,TV Show,Anime Series,2010,TV-14
Maid-Sama!,TV Show,Romantic TV Shows,2010,TV-14
Mobile Suit Gundam: Iron-Blooded Orphans,TV Show,Anime Series,2016,TV-14
Mobile Suit Gundam: Iron-Blooded Orphans,TV Show,International TV Shows,2016,TV-14
Queer Eye: We're in Japan!,TV Show,International TV Shows,2019,TV-14
Queer Eye: We're in Japan!,TV Show,Reality TV,2019,TV-14
Santa Girl,Movie,Children & Family Movies,2019,TV-PG
Santa Girl,Movie,Comedies,2019,TV-PG
Santa Girl,Movie,Romantic Movies,2019,TV-PG
The Boulet Brothers Dragula,TV Show,Reality TV,2019,TV-MA
The Deep,TV Show,Kids' TV,2019,TV-Y7
The House of Flowers Presents: The Funeral,Movie,Movies,2019,TV-MA
The King,Movie,Dramas,2019,R
The Man Without Gravity,Movie,Dramas,2019,TV-MA
The Man Without Gravity,Movie,International Movies,2019,TV-MA
The Old Thieves: The Legend of Artegios,Movie,Documentaries,2007,TV-MA
The Old Thieves: The Legend of Artegios,Movie,International Movies,2007,TV-MA
True: Grabbleapple Harvest,Movie,Children & Family Movies,2019,TV-Y
Vientos de agua,TV Show,International TV Shows,2006,TV-MA
Vientos de agua,TV Show,Spanish-Language TV Shows,2006,TV-MA
Vientos de agua,TV Show,TV Dramas,2006,TV-MA
We Are the Wave,TV Show,International TV Shows,2019,TV-MA
We Are the Wave,TV Show,TV Dramas,2019,TV-MA
We Are the Wave,TV Show,TV Mysteries,2019,TV-MA
Zoé: Panoramas,Movie,Documentaries,2016,TV-MA
Zoé: Panoramas,Movie,International Movies,2016,TV-MA
Zoé: Panoramas,Movie,Music & Musicals,2016,TV-MA
Grego Rossello: Disculpe las molestias,Movie,Stand-Up Comedy,2019,TV-MA
KENGAN ASHURA,TV Show,Anime Series,2019,TV-MA
KENGAN ASHURA,TV Show,International TV Shows,2019,TV-MA
Nowhere Man,TV Show,Crime TV Shows,2019,TV-MA
Nowhere Man,TV Show,International TV Shows,2019,TV-MA
Nowhere Man,TV Show,TV Action & Adventure,2019,TV-MA
Sleepless Society: Bedtime Wishes,TV Show,Crime TV Shows,2019,TV-MA
Sleepless Society: Bedtime Wishes,TV Show,International TV Shows,2019,TV-MA
Sleepless Society: Bedtime Wishes,TV Show,TV Dramas,2019,TV-MA
"Bring It On, Ghost",TV Show,International TV Shows,2016,TV-14
"Bring It On, Ghost",TV Show,Korean TV Shows,2016,TV-14
"Bring It On, Ghost",TV Show,Romantic TV Shows,2016,TV-14
Mehandi Circus,Movie,Dramas,2019,TV-MA
Mehandi Circus,Movie,International Movies,2019,TV-MA
Mehandi Circus,Movie,Romantic Movies,2019,TV-MA
Tomorrow with You,TV Show,International TV Shows,2017,TV-14
Tomorrow with You,TV Show,Korean TV Shows,2017,TV-14
Tomorrow with You,TV Show,Romantic TV Shows,2017,TV-14
Tunnel,TV Show,Crime TV Shows,2019,TV-14
Tunnel,TV Show,International TV Shows,2019,TV-14
Tunnel,TV Show,TV Dramas,2019,TV-14
Arsenio Hall: Smart & Classy,Movie,Stand-Up Comedy,2019,TV-MA
Shine On with Reese,TV Show,Docuseries,2018,TV-MA
Shine On with Reese,TV Show,Stand-Up Comedy & Talk Shows,2018,TV-MA
The Road to El Camino: Behind the Scenes of El Camino: A Breaking Bad Movie,Movie,Documentaries,2019,TV-14
The Road to El Camino: Behind the Scenes of El Camino: A Breaking Bad Movie,Movie,International Movies,2019,TV-14
A 3 Minute Hug,Movie,Documentaries,2019,TV-PG
A 3 Minute Hug,Movie,International Movies,2019,TV-PG
Little Miss Sumo,Movie,Documentaries,2018,TV-G
Little Miss Sumo,Movie,International Movies,2018,TV-G
Little Miss Sumo,Movie,Sports Movies,2018,TV-G
"Wait, My Youth",TV Show,International TV Shows,2019,TV-PG
"Wait, My Youth",TV Show,Romantic TV Shows,2019,TV-PG
"Wait, My Youth",TV Show,Teen TV Shows,2019,TV-PG
A Little Thing Called First Love,TV Show,International TV Shows,2019,TV-G
A Little Thing Called First Love,TV Show,Romantic TV Shows,2019,TV-G
A Little Thing Called First Love,TV Show,Teen TV Shows,2019,TV-G
BoJack Horseman,TV Show,TV Comedies,2020,TV-MA
Brotherhood,TV Show,Crime TV Shows,2019,TV-MA
Brotherhood,TV Show,International TV Shows,2019,TV-MA
Brotherhood,TV Show,TV Dramas,2019,TV-MA
Consequences,Movie,Dramas,2014,TV-MA
Consequences,Movie,International Movies,2014,TV-MA
Consequences,Movie,Thrillers,2014,TV-MA
Dolemite Is My Name,Movie,Comedies,2019,R
Dolemite Is My Name,Movie,Dramas,2019,R
Drug Squad: Costa del Sol,TV Show,Crime TV Shows,2019,TV-MA
Drug Squad: Costa del Sol,TV Show,International TV Shows,2019,TV-MA
Drug Squad: Costa del Sol,TV Show,Spanish-Language TV Shows,2019,TV-MA
It Takes a Lunatic,Movie,Documentaries,2019,TV-MA
Monzón: A Knockout Blow,TV Show,Crime TV Shows,2018,TV-MA
Monzón: A Knockout Blow,TV Show,International TV Shows,2018,TV-MA
Monzón: A Knockout Blow,TV Show,Spanish-Language TV Shows,2018,TV-MA
My Next Guest with David Letterman and Shah Rukh Khan,Movie,International Movies,2019,TV-PG
Nailed It! France,TV Show,International TV Shows,2019,TV-14
Nailed It! France,TV Show,Reality TV,2019,TV-14
Nailed It! Spain,TV Show,International TV Shows,2019,TV-PG
Nailed It! Spain,TV Show,Reality TV,2019,TV-PG
Nailed It! Spain,TV Show,Spanish-Language TV Shows,2019,TV-PG
Rattlesnake,Movie,Horror Movies,2019,TV-MA
Rattlesnake,Movie,Independent Movies,2019,TV-MA
Rattlesnake,Movie,Thrillers,2019,TV-MA
The Awakening of Motti Wolkenbruch,Movie,Comedies,2018,TV-MA
The Awakening of Motti Wolkenbruch,Movie,Dramas,2018,TV-MA
The Awakening of Motti Wolkenbruch,Movie,International Movies,2018,TV-MA
The Untamed,TV Show,International TV Shows,2019,TV-14
The Untamed,TV Show,TV Action & Adventure,2019,TV-14
The Untamed,TV Show,TV Mysteries,2019,TV-14
Daybreak,TV Show,TV Action & Adventure,2019,TV-MA
Daybreak,TV Show,TV Comedies,2019,TV-MA
Daybreak,TV Show,TV Horror,2019,TV-MA
Echo in the Canyon,Movie,Documentaries,2019,PG-13
Echo in the Canyon,Movie,Music & Musicals,2019,PG-13
Revenge of the Pontianak,Movie,Horror Movies,2019,TV-14
Revenge of the Pontianak,Movie,International Movies,2019,TV-14
"Breakfast, Lunch & Dinner",TV Show,Docuseries,2019,TV-MA
Dancing with the Birds,Movie,Documentaries,2019,TV-PG
Master Z: The Ip Man Legacy,Movie,Action & Adventure,2018,TV-14
Master Z: The Ip Man Legacy,Movie,International Movies,2018,TV-14
Jenny Slate: Stage Fright,Movie,Documentaries,2019,TV-MA
Jenny Slate: Stage Fright,Movie,Stand-Up Comedy,2019,TV-MA
Free Fire,Movie,Action & Adventure,2016,R
Free Fire,Movie,Comedies,2016,R
Free Fire,Movie,Independent Movies,2016,R
Little Singham: Kaal Ki Tabaahi,Movie,Children & Family Movies,2019,TV-Y7
Little Singham: Kaal Ki Tabaahi,Movie,Comedies,2019,TV-Y7
The Command,Movie,Dramas,2018,PG-13
The Command,Movie,International Movies,2018,PG-13
The Command,Movie,Thrillers,2018,PG-13
10 Days in Sun City,Movie,Comedies,2017,TV-14
10 Days in Sun City,Movie,International Movies,2017,TV-14
10 Days in Sun City,Movie,Romantic Movies,2017,TV-14
"ChuChu TV Kids Songs, Learning Videos & Bedtime Stories",TV Show,Kids' TV,2019,TV-Y
ChuChuTV Bedtime Stories & Moral Stories for Kids (English),Movie,Children & Family Movies,2019,TV-Y
ChuChuTV Bedtime Stories & Moral Stories for Kids (Hindi),Movie,Children & Family Movies,2019,TV-Y
ChuChuTV Surprise Eggs Learning Videos (English),Movie,Children & Family Movies,2019,TV-Y
ChuChuTV Surprise Eggs Learning Videos (Hindi),Movie,Children & Family Movies,2019,TV-Y
Eli,Movie,Horror Movies,2019,TV-MA
In My Country,Movie,Dramas,2018,TV-MA
In My Country,Movie,International Movies,2018,TV-MA
Interior Design Masters,TV Show,British TV Shows,2019,TV-PG
Interior Design Masters,TV Show,International TV Shows,2019,TV-PG
Interior Design Masters,TV Show,Reality TV,2019,TV-PG
Little Baby Bum: Nursery Rhyme Friends,TV Show,British TV Shows,2019,TV-Y
Little Baby Bum: Nursery Rhyme Friends,TV Show,Kids' TV,2019,TV-Y
"Love, Surreal and Odd",Movie,Comedies,2017,TV-14
"Love, Surreal and Odd",Movie,International Movies,2017,TV-14
"Love, Surreal and Odd",Movie,Romantic Movies,2017,TV-14
Mighty Little Bheem: Diwali,TV Show,Kids' TV,2019,TV-Y
Mighty Little Bheem: Diwali,TV Show,TV Comedies,2019,TV-Y
MONKART,TV Show,Kids' TV,2017,TV-Y7
MONKART,TV Show,Korean TV Shows,2017,TV-Y7
Seventeen,Movie,Comedies,2019,TV-MA
Seventeen,Movie,Dramas,2019,TV-MA
Seventeen,Movie,International Movies,2019,TV-MA
Spirit Riding Free: Pony Tales,TV Show,Kids' TV,2019,TV-Y7
Tatu,Movie,Action & Adventure,2017,TV-MA
Tatu,Movie,Dramas,2017,TV-MA
Tatu,Movie,International Movies,2017,TV-MA
Tell Me Who I Am,Movie,Documentaries,2019,TV-MA
The Laundromat,Movie,Comedies,2019,R
The Laundromat,Movie,Dramas,2019,R
Toon,TV Show,International TV Shows,2017,TV-MA
Toon,TV Show,TV Comedies,2017,TV-MA
Up North,Movie,Dramas,2018,TV-14
Up North,Movie,International Movies,2018,TV-14
Upstarts,Movie,Comedies,2019,TV-14
Upstarts,Movie,Dramas,2019,TV-14
Upstarts,Movie,International Movies,2019,TV-14
Verses of Love 2,Movie,Dramas,2017,TV-14
Verses of Love 2,Movie,Faith & Spirituality,2017,TV-14
Verses of Love 2,Movie,International Movies,2017,TV-14
Chosen,TV Show,Crime TV Shows,2019,TV-14
Chosen,TV Show,International TV Shows,2019,TV-14
Chosen,TV Show,TV Action & Adventure,2019,TV-14
THE UNLISTED,TV Show,Kids' TV,2019,TV-PG
THE UNLISTED,TV Show,TV Thrillers,2019,TV-PG
Another Miss Oh,TV Show,International TV Shows,2016,TV-MA
Another Miss Oh,TV Show,Korean TV Shows,2016,TV-MA
Another Miss Oh,TV Show,Romantic TV Shows,2016,TV-MA
Ghosts of Sugar Land,Movie,Documentaries,2019,TV-MA
League of Legends Origins,Movie,Documentaries,2019,TV-MA
Park Na-rae: Glamour Warning,Movie,Stand-Up Comedy,2019,TV-MA
Second 20s,TV Show,International TV Shows,2015,TV-14
Second 20s,TV Show,Korean TV Shows,2015,TV-14
Second 20s,TV Show,Romantic TV Shows,2015,TV-14
Sinister 2,Movie,Horror Movies,2015,R
The Game Changers,Movie,Documentaries,2018,TV-MA
The Game Changers,Movie,Sports Movies,2018,TV-MA
Black Money Love,TV Show,Crime TV Shows,2014,TV-MA
Black Money Love,TV Show,International TV Shows,2014,TV-MA
Black Money Love,TV Show,TV Dramas,2014,TV-MA
"Martin Matte: La vie, la mort...eh la la..!",Movie,Stand-Up Comedy,2019,TV-14
Street Flow,Movie,Dramas,2019,TV-MA
Street Flow,Movie,International Movies,2019,TV-MA
The Lies Within,TV Show,Crime TV Shows,2019,TV-14
The Lies Within,TV Show,International TV Shows,2019,TV-14
The Lies Within,TV Show,Korean TV Shows,2019,TV-14
Bygones Be Bygones,Movie,Comedies,2017,TV-MA
Bygones Be Bygones,Movie,International Movies,2017,TV-MA
Bygones Be Bygones,Movie,Romantic Movies,2017,TV-MA
El Camino: A Breaking Bad Movie,Movie,Dramas,2019,TV-MA
El Camino: A Breaking Bad Movie,Movie,Thrillers,2019,TV-MA
Fractured,Movie,Thrillers,2019,TV-MA
Insatiable,TV Show,TV Comedies,2019,TV-MA
Insatiable,TV Show,TV Dramas,2019,TV-MA
Insatiable,TV Show,Teen TV Shows,2019,TV-MA
The Bling Lagosians,Movie,Dramas,2019,TV-14
The Bling Lagosians,Movie,International Movies,2019,TV-14
The Forest of Love,Movie,Dramas,2019,TV-MA
The Forest of Love,Movie,International Movies,2019,TV-MA
The Forest of Love,Movie,Thrillers,2019,TV-MA
The Hook Up Plan,TV Show,International TV Shows,2020,TV-MA
The Hook Up Plan,TV Show,Romantic TV Shows,2020,TV-MA
The Hook Up Plan,TV Show,TV Comedies,2020,TV-MA
The Influence,Movie,Horror Movies,2019,TV-MA
The Influence,Movie,International Movies,2019,TV-MA
Beyblade Burst Turbo,TV Show,Anime Series,2018,TV-Y7
Beyblade Burst Turbo,TV Show,Kids' TV,2018,TV-Y7
GEN HOSHINO STADIUM TOUR “POP VIRUS”,Movie,International Movies,2019,TV-14
GEN HOSHINO STADIUM TOUR “POP VIRUS”,Movie,Music & Musicals,2019,TV-14
Ultramarine Magmell,TV Show,Anime Series,2019,TV-14
Ultramarine Magmell,TV Show,International TV Shows,2019,TV-14
After,Movie,Dramas,2019,PG-13
After,Movie,Romantic Movies,2019,PG-13
Home Is Where the Killer Is,Movie,Dramas,2019,TV-14
Home Is Where the Killer Is,Movie,Thrillers,2019,TV-14
Rhythm + Flow,TV Show,Reality TV,2019,TV-MA
Deon Cole: Cole Hearted,Movie,Stand-Up Comedy,2019,TV-MA
The Spooky Tale of Captain Underpants Hack-a-ween,Movie,Children & Family Movies,2019,TV-Y7
The Spooky Tale of Captain Underpants Hack-a-ween,Movie,Comedies,2019,TV-Y7
Love for Sale,Movie,Dramas,2018,TV-14
Love for Sale,Movie,International Movies,2018,TV-14
Love for Sale,Movie,Romantic Movies,2018,TV-14
Legend Quest: Masters of Myth,TV Show,Kids' TV,2019,TV-Y7
Legend Quest: Masters of Myth,TV Show,Spanish-Language TV Shows,2019,TV-Y7
My Country: The New Age,TV Show,International TV Shows,2019,TV-14
My Country: The New Age,TV Show,Korean TV Shows,2019,TV-14
My Country: The New Age,TV Show,TV Action & Adventure,2019,TV-14
Noblemen,Movie,Dramas,2019,TV-MA
Noblemen,Movie,Independent Movies,2019,TV-MA
Noblemen,Movie,International Movies,2019,TV-MA
A Plastic Ocean,Movie,Documentaries,2016,TV-14
Brother in Love,Movie,Comedies,2019,TV-MA
Brother in Love,Movie,International Movies,2019,TV-MA
Brother in Love,Movie,Romantic Movies,2019,TV-MA
Creeped Out,TV Show,British TV Shows,2019,TV-PG
Creeped Out,TV Show,Kids' TV,2019,TV-PG
Creeped Out,TV Show,TV Thrillers,2019,TV-PG
In the Tall Grass,Movie,Horror Movies,2019,TV-MA
In the Tall Grass,Movie,Thrillers,2019,TV-MA
Kids on the Block,Movie,Children & Family Movies,2019,TV-PG
Kids on the Block,Movie,Comedies,2019,TV-PG
Peaky Blinders,TV Show,British TV Shows,2019,TV-MA
Peaky Blinders,TV Show,Crime TV Shows,2019,TV-MA
Peaky Blinders,TV Show,International TV Shows,2019,TV-MA
Raising Dion,TV Show,Kids' TV,2019,TV-PG
Raising Dion,TV Show,TV Action & Adventure,2019,TV-PG
Raising Dion,TV Show,TV Dramas,2019,TV-PG
Rotten,TV Show,Docuseries,2019,TV-MA
Rotten,TV Show,Science & Nature TV,2019,TV-MA
Super Monsters,TV Show,Kids' TV,2019,TV-Y
Super Monsters: Vida's First Halloween,Movie,Children & Family Movies,2019,TV-Y
Seis Manos,TV Show,Anime Series,2019,TV-MA
Seis Manos,TV Show,Crime TV Shows,2019,TV-MA
Living Undocumented,TV Show,Docuseries,2019,TV-MA
Ready to Mingle,Movie,Comedies,2019,TV-MA
Ready to Mingle,Movie,International Movies,2019,TV-MA
Ready to Mingle,Movie,Romantic Movies,2019,TV-MA
Salam - The First ****** Nobel Laureate,Movie,Documentaries,2018,TV-PG
Cheese in the Trap,TV Show,International TV Shows,2016,TV-14
Cheese in the Trap,TV Show,Korean TV Shows,2016,TV-14
Cheese in the Trap,TV Show,Romantic TV Shows,2016,TV-14
Chicago Typewriter,TV Show,International TV Shows,2017,TV-14
Chicago Typewriter,TV Show,Korean TV Shows,2017,TV-14
Chicago Typewriter,TV Show,Romantic TV Shows,2017,TV-14
College Romance,TV Show,International TV Shows,2018,TV-MA
College Romance,TV Show,Romantic TV Shows,2018,TV-MA
College Romance,TV Show,TV Comedies,2018,TV-MA
Engineering Girls,TV Show,International TV Shows,2018,TV-MA
Engineering Girls,TV Show,TV Comedies,2018,TV-MA
First Kiss,Movie,Dramas,2018,TV-14
First Kiss,Movie,International Movies,2018,TV-14
First Kiss,Movie,Romantic Movies,2018,TV-14
Girls Hostel,TV Show,International TV Shows,2018,TV-MA
Girls Hostel,TV Show,TV Comedies,2018,TV-MA
Girls Hostel,TV Show,TV Dramas,2018,TV-MA
Inmates,TV Show,International TV Shows,2017,TV-MA
Inmates,TV Show,TV Comedies,2017,TV-MA
Limitless,Movie,Documentaries,2017,TV-PG
Limitless,Movie,International Movies,2017,TV-PG
Limitless,Movie,Sports Movies,2017,TV-PG
Little Baby Bum: Go Buster,Movie,Children & Family Movies,2019,TV-Y
Miniforce X,TV Show,Kids' TV,2018,TV-Y7
Miniforce X,TV Show,Korean TV Shows,2018,TV-Y7
Nikki Glaser: Bangin’,Movie,Stand-Up Comedy,2019,TV-MA
Rugrats in Paris: The Movie,Movie,Children & Family Movies,2000,G
Rugrats in Paris: The Movie,Movie,Comedies,2000,G
The K2,TV Show,International TV Shows,2016,TV-14
The K2,TV Show,Korean TV Shows,2016,TV-14
The K2,TV Show,Romantic TV Shows,2016,TV-14
The Liar and His Lover,TV Show,International TV Shows,2017,TV-PG
The Liar and His Lover,TV Show,Korean TV Shows,2017,TV-PG
The Liar and His Lover,TV Show,Romantic TV Shows,2017,TV-PG
The Rugrats Movie,Movie,Children & Family Movies,1998,G
The Rugrats Movie,Movie,Comedies,1998,G
The Squid and the Whale,Movie,Comedies,2005,R
The Squid and the Whale,Movie,Dramas,2005,R
The Squid and the Whale,Movie,Independent Movies,2005,R
Gotham,TV Show,Crime TV Shows,2019,TV-MA
Gotham,TV Show,TV Action & Adventure,2019,TV-MA
Gotham,TV Show,TV Dramas,2019,TV-MA
Mo Gilligan: Momentum,Movie,Stand-Up Comedy,2019,TV-MA
Cultivating the Seas: History and Future of the Full-Cycle Cultured Kindai Tuna,Movie,Documentaries,2019,TV-PG
Cultivating the Seas: History and Future of the Full-Cycle Cultured Kindai Tuna,Movie,International Movies,2019,TV-PG
TUNA GIRL,Movie,Dramas,2019,TV-PG
TUNA GIRL,Movie,International Movies,2019,TV-PG
Bard of Blood,TV Show,International TV Shows,2019,TV-MA
Bard of Blood,TV Show,TV Action & Adventure,2019,TV-MA
Bard of Blood,TV Show,TV Dramas,2019,TV-MA
Deliha 2,Movie,Comedies,2018,TV-PG
Deliha 2,Movie,International Movies,2018,TV-PG
El Marginal,TV Show,Crime TV Shows,2019,TV-MA
El Marginal,TV Show,International TV Shows,2019,TV-MA
El Marginal,TV Show,Spanish-Language TV Shows,2019,TV-MA
In the Shadow of the Moon,Movie,Dramas,2019,TV-MA
In the Shadow of the Moon,Movie,Sci-Fi & Fantasy,2019,TV-MA
In the Shadow of the Moon,Movie,Thrillers,2019,TV-MA
Sturgill Simpson Presents Sound & Fury,Movie,Anime Features,2019,TV-MA
Sturgill Simpson Presents Sound & Fury,Movie,Music & Musicals,2019,TV-MA
Sturgill Simpson Presents Sound & Fury,Movie,Sci-Fi & Fantasy,2019,TV-MA
Malaal,Movie,Dramas,2019,TV-14
Malaal,Movie,International Movies,2019,TV-14
Malaal,Movie,Romantic Movies,2019,TV-14
The Grandmaster,Movie,Action & Adventure,2013,PG-13
The Grandmaster,Movie,Dramas,2013,PG-13
The Grandmaster,Movie,International Movies,2013,PG-13
The Inmate,TV Show,Crime TV Shows,2018,TV-MA
The Inmate,TV Show,International TV Shows,2018,TV-MA
The Inmate,TV Show,Spanish-Language TV Shows,2018,TV-MA
Abstract: The Art of Design,TV Show,Docuseries,2019,TV-14
Birders,Movie,Documentaries,2019,TV-G
Birders,Movie,International Movies,2019,TV-G
Glitch,TV Show,International TV Shows,2019,TV-MA
Glitch,TV Show,TV Dramas,2019,TV-MA
Glitch,TV Show,TV Horror,2019,TV-MA
Oh! Baby (Malayalam),Movie,Comedies,2019,TV-14
Oh! Baby (Malayalam),Movie,International Movies,2019,TV-14
Oh! Baby (Malayalam),Movie,Music & Musicals,2019,TV-14
Oh! Baby (Tamil),Movie,Comedies,2019,TV-14
Oh! Baby (Tamil),Movie,International Movies,2019,TV-14
Oh! Baby (Tamil),Movie,Music & Musicals,2019,TV-14
Inside Man: Most Wanted,Movie,Action & Adventure,2019,R
Jeff Dunham: Beside Himself,Movie,Stand-Up Comedy,2019,TV-MA
Manmadhudu 2,Movie,Comedies,2019,TV-MA
Manmadhudu 2,Movie,Dramas,2019,TV-MA
Manmadhudu 2,Movie,International Movies,2019,TV-MA
Under the Eiffel Tower,Movie,Comedies,2018,TV-MA
Under the Eiffel Tower,Movie,Independent Movies,2018,TV-MA
Under the Eiffel Tower,Movie,International Movies,2018,TV-MA
Do Paise Ki Dhoop Chaar Aane Ki Baarish,Movie,Dramas,2009,TV-MA
Do Paise Ki Dhoop Chaar Aane Ki Baarish,Movie,Independent Movies,2009,TV-MA
Do Paise Ki Dhoop Chaar Aane Ki Baarish,Movie,International Movies,2009,TV-MA
Vagabond,TV Show,International TV Shows,2019,TV-MA
Vagabond,TV Show,Korean TV Shows,2019,TV-MA
Vagabond,TV Show,TV Action & Adventure,2019,TV-MA
Between Two Ferns: The Movie,Movie,Comedies,2019,TV-MA
Criminal: France,TV Show,Crime TV Shows,2019,TV-MA
Criminal: France,TV Show,International TV Shows,2019,TV-MA
Criminal: France,TV Show,TV Dramas,2019,TV-MA
Criminal: Germany,TV Show,British TV Shows,2019,TV-MA
Criminal: Germany,TV Show,Crime TV Shows,2019,TV-MA
Criminal: Germany,TV Show,International TV Shows,2019,TV-MA
Criminal: Spain,TV Show,British TV Shows,2019,TV-MA
Criminal: Spain,TV Show,Crime TV Shows,2019,TV-MA
Criminal: Spain,TV Show,International TV Shows,2019,TV-MA
Fastest Car,TV Show,Reality TV,2019,TV-MA
Inside Bill's Brain: Decoding Bill Gates,TV Show,Docuseries,2019,TV-14
Inside Bill's Brain: Decoding Bill Gates,TV Show,Science & Nature TV,2019,TV-14
The Hockey Girls,TV Show,International TV Shows,2019,TV-MA
The Hockey Girls,TV Show,TV Comedies,2019,TV-MA
The Hockey Girls,TV Show,TV Dramas,2019,TV-MA
Travel Mates 2,Movie,Comedies,2018,TV-MA
Travel Mates 2,Movie,International Movies,2018,TV-MA
True: Tricky Treat Day,Movie,Children & Family Movies,2019,TV-Y
Kabir Singh,Movie,Dramas,2019,TV-MA
Kabir Singh,Movie,International Movies,2019,TV-MA
Kabir Singh,Movie,Romantic Movies,2019,TV-MA
When the Camellia Blooms,TV Show,International TV Shows,2019,TV-14
When the Camellia Blooms,TV Show,Korean TV Shows,2019,TV-14
When the Camellia Blooms,TV Show,Romantic TV Shows,2019,TV-14
Avengement,Movie,Action & Adventure,2019,TV-MA
Sebastian Maniscalco: What's Wrong with People?,Movie,Stand-Up Comedy,2012,TV-MA
Los Tigres del Norte at Folsom Prison,Movie,Documentaries,2019,TV-PG
Los Tigres del Norte at Folsom Prison,Movie,International Movies,2019,TV-PG
Los Tigres del Norte at Folsom Prison,Movie,Music & Musicals,2019,TV-PG
Steal a Pencil for Me,Movie,Documentaries,2006,TV-14
Surviving R. Kelly,TV Show,Crime TV Shows,2019,TV-MA
Surviving R. Kelly,TV Show,Docuseries,2019,TV-MA
Oh! Baby,Movie,Comedies,2019,TV-14
Oh! Baby,Movie,International Movies,2019,TV-14
Oh! Baby,Movie,Music & Musicals,2019,TV-14
The Crystal Calls Making the Dark Crystal: Age of Resistance,Movie,Documentaries,2019,TV-PG
The Crystal Calls Making the Dark Crystal: Age of Resistance,Movie,International Movies,2019,TV-PG
"Hello, Privilege. It's Me, Chelsea",Movie,Documentaries,2019,TV-MA
Kabaneri of the Iron Fortress: The Battle of Unato,TV Show,Anime Series,2019,TV-MA
Kabaneri of the Iron Fortress: The Battle of Unato,TV Show,International TV Shows,2019,TV-MA
Kabaneri of the Iron Fortress: The Battle of Unato,TV Show,TV Horror,2019,TV-MA
Locked on You,Movie,Comedies,2018,TV-14
Locked on You,Movie,International Movies,2018,TV-14
Marianne,TV Show,International TV Shows,2019,TV-MA
Marianne,TV Show,TV Dramas,2019,TV-MA
Marianne,TV Show,TV Horror,2019,TV-MA
Shanghai Fortress,Movie,Dramas,2019,TV-14
Shanghai Fortress,Movie,International Movies,2019,TV-14
Shanghai Fortress,Movie,Romantic Movies,2019,TV-14
Tall Girl,Movie,Children & Family Movies,2019,TV-PG
Tall Girl,Movie,Comedies,2019,TV-PG
Tall Girl,Movie,Romantic Movies,2019,TV-PG
Top Boy,TV Show,British TV Shows,2019,TV-MA
Top Boy,TV Show,Crime TV Shows,2019,TV-MA
Top Boy,TV Show,International TV Shows,2019,TV-MA
Unbelievable,TV Show,Crime TV Shows,2019,TV-MA
Unbelievable,TV Show,TV Dramas,2019,TV-MA
The I-Land,TV Show,TV Action & Adventure,2019,TV-MA
The I-Land,TV Show,TV Dramas,2019,TV-MA
The I-Land,TV Show,TV Sci-Fi & Fantasy,2019,TV-MA
"The Mind, Explained",TV Show,Docuseries,2019,TV-14
"The Mind, Explained",TV Show,Science & Nature TV,2019,TV-14
Bill Burr: Paper Tiger,Movie,Stand-Up Comedy,2019,TV-MA
Evelyn,Movie,Documentaries,2019,TV-MA
Evelyn,Movie,International Movies,2019,TV-MA
Article 15,Movie,Dramas,2019,TV-MA
Article 15,Movie,International Movies,2019,TV-MA
Article 15,Movie,Thrillers,2019,TV-MA
Care of Kancharapalem,Movie,Comedies,2018,TV-MA
Care of Kancharapalem,Movie,Dramas,2018,TV-MA
Care of Kancharapalem,Movie,Independent Movies,2018,TV-MA
Ee Nagaraniki Emaindi,Movie,Comedies,2018,TV-14
Ee Nagaraniki Emaindi,Movie,Independent Movies,2018,TV-14
Ee Nagaraniki Emaindi,Movie,International Movies,2018,TV-14
Kill Me If You Dare,Movie,Comedies,2019,TV-14
Kill Me If You Dare,Movie,International Movies,2019,TV-14
Kill Me If You Dare,Movie,Romantic Movies,2019,TV-14
The Spy,TV Show,International TV Shows,2019,TV-MA
The Spy,TV Show,TV Dramas,2019,TV-MA
The Spy,TV Show,TV Thrillers,2019,TV-MA
American Factory: A Conversation with the Obamas,Movie,Documentaries,2019,TV-G
Saawan,Movie,Dramas,2016,TV-14
Saawan,Movie,Independent Movies,2016,TV-14
Saawan,Movie,International Movies,2016,TV-14
Watchman,Movie,Comedies,2019,TV-14
Watchman,Movie,Dramas,2019,TV-14
Watchman,Movie,International Movies,2019,TV-14
Elena,Movie,Documentaries,2012,TV-MA
Elena,Movie,International Movies,2012,TV-MA
Loo Loo Kids: Johny & Friends Musical Adventures,TV Show,Kids' TV,2016,TV-Y
Moving Art,TV Show,Docuseries,2018,TV-G
Moving Art,TV Show,Science & Nature TV,2018,TV-G
Naruto,TV Show,Anime Series,2006,TV-14
Naruto,TV Show,International TV Shows,2006,TV-14
Olmo & the Seagull,Movie,Dramas,2014,TV-MA
Olmo & the Seagull,Movie,Independent Movies,2014,TV-MA
Olmo & the Seagull,Movie,International Movies,2014,TV-MA
Serial Killer with Piers Morgan,TV Show,British TV Shows,2018,TV-14
Serial Killer with Piers Morgan,TV Show,Crime TV Shows,2018,TV-14
Serial Killer with Piers Morgan,TV Show,Docuseries,2018,TV-14
Spookley the Square Pumpkin,Movie,Children & Family Movies,2004,G
Uncle Naji in UAE,Movie,Comedies,2019,TV-14
Uncle Naji in UAE,Movie,International Movies,2019,TV-14
Luo Bao Bei,TV Show,British TV Shows,2018,TV-Y
Luo Bao Bei,TV Show,Kids' TV,2018,TV-Y
Back to School,Movie,Comedies,2019,TV-MA
Back to School,Movie,International Movies,2019,TV-MA
Feo pero sabroso,Movie,Comedies,2018,TV-MA
Feo pero sabroso,Movie,International Movies,2018,TV-MA
Mi amigo Alexis,Movie,Children & Family Movies,2019,TV-PG
Mi amigo Alexis,Movie,Comedies,2019,TV-PG
Mi amigo Alexis,Movie,Dramas,2019,TV-PG
Styling Hollywood,TV Show,Reality TV,2019,TV-14
The Dark Crystal: Age of Resistance,TV Show,TV Action & Adventure,2019,TV-PG
The Dark Crystal: Age of Resistance,TV Show,TV Dramas,2019,TV-PG
The Dark Crystal: Age of Resistance,TV Show,TV Sci-Fi & Fantasy,2019,TV-PG
The Good Bandit,TV Show,Crime TV Shows,2018,TV-MA
The Good Bandit,TV Show,International TV Shows,2018,TV-MA
The Good Bandit,TV Show,Spanish-Language TV Shows,2018,TV-MA
True and the Rainbow Kingdom,TV Show,Kids' TV,2019,TV-Y
Unbridled,Movie,International Movies,2018,TV-MA
Unbridled,Movie,Thrillers,2018,TV-MA
Falling Inn Love,Movie,Comedies,2019,TV-PG
Falling Inn Love,Movie,Romantic Movies,2019,TV-PG
Kardec,Movie,Dramas,2019,TV-14
Kardec,Movie,Faith & Spirituality,2019,TV-14
Kardec,Movie,International Movies,2019,TV-14
Travis Scott: Look Mom I Can Fly,Movie,Documentaries,2019,TV-MA
Travis Scott: Look Mom I Can Fly,Movie,Music & Musicals,2019,TV-MA
Million Pound Menu,TV Show,British TV Shows,2019,TV-MA
Million Pound Menu,TV Show,International TV Shows,2019,TV-MA
Million Pound Menu,TV Show,Reality TV,2019,TV-MA
Dave Chappelle: Sticks & Stones,Movie,Stand-Up Comedy,2019,TV-MA
Drink Drank Drunk,Movie,Comedies,2016,TV-MA
Drink Drank Drunk,Movie,International Movies,2016,TV-MA
13 Reasons Why: Beyond the Reasons,TV Show,Crime TV Shows,2019,TV-MA
13 Reasons Why: Beyond the Reasons,TV Show,Docuseries,2019,TV-MA
HERO MASK,TV Show,Anime Series,2019,TV-14
HERO MASK,TV Show,Crime TV Shows,2019,TV-14
HERO MASK,TV Show,International TV Shows,2019,TV-14
Kaake Da Viyah,Movie,Comedies,2019,TV-PG
Kaake Da Viyah,Movie,Dramas,2019,TV-PG
Kaake Da Viyah,Movie,International Movies,2019,TV-PG
Marriage Palace,Movie,Comedies,2018,TV-14
Marriage Palace,Movie,International Movies,2018,TV-14
Mayday Life,Movie,International Movies,2019,TV-PG
Mayday Life,Movie,Music & Musicals,2019,TV-PG
Saavat,Movie,Dramas,2019,TV-14
Saavat,Movie,Independent Movies,2019,TV-14
Saavat,Movie,International Movies,2019,TV-14
American Factory,Movie,Documentaries,2019,TV-14
Game Over (Hindi Version),Movie,Horror Movies,2019,TV-MA
Game Over (Hindi Version),Movie,International Movies,2019,TV-MA
Game Over (Hindi Version),Movie,Thrillers,2019,TV-MA
Game Over (Tamil Version),Movie,Horror Movies,2019,TV-MA
Game Over (Tamil Version),Movie,International Movies,2019,TV-MA
Game Over (Tamil Version),Movie,Thrillers,2019,TV-MA
Game Over (Telugu Version),Movie,Horror Movies,2019,TV-MA
Game Over (Telugu Version),Movie,International Movies,2019,TV-MA
Game Over (Telugu Version),Movie,Thrillers,2019,TV-MA
Hyperdrive,TV Show,Reality TV,2019,TV-PG
The Girl Allergic to Wi-Fi,Movie,International Movies,2018,TV-MA
The Girl Allergic to Wi-Fi,Movie,Romantic Movies,2018,TV-MA
Our Planet - Behind The Scenes,Movie,Documentaries,2019,TV-G
Simon Amstell: Set Free,Movie,Stand-Up Comedy,2019,TV-MA
45 rpm,TV Show,International TV Shows,2019,TV-MA
45 rpm,TV Show,Romantic TV Shows,2019,TV-MA
45 rpm,TV Show,Spanish-Language TV Shows,2019,TV-MA
Apache: The Life of Carlos Tevez,TV Show,Crime TV Shows,2019,TV-MA
Apache: The Life of Carlos Tevez,TV Show,International TV Shows,2019,TV-MA
Apache: The Life of Carlos Tevez,TV Show,Spanish-Language TV Shows,2019,TV-MA
Better Than Us,TV Show,Crime TV Shows,2019,TV-MA
Better Than Us,TV Show,International TV Shows,2019,TV-MA
Better Than Us,TV Show,TV Dramas,2019,TV-MA
Diagnosis,TV Show,Docuseries,2019,TV-14
Diagnosis,TV Show,Science & Nature TV,2019,TV-14
Green Frontier,TV Show,Crime TV Shows,2019,TV-MA
Green Frontier,TV Show,International TV Shows,2019,TV-MA
Green Frontier,TV Show,Spanish-Language TV Shows,2019,TV-MA
Invader Zim: Enter the Florpus,Movie,Children & Family Movies,2019,TV-Y7
Invader Zim: Enter the Florpus,Movie,Comedies,2019,TV-Y7
Invader Zim: Enter the Florpus,Movie,Sci-Fi & Fantasy,2019,TV-Y7
MINDHUNTER,TV Show,Crime TV Shows,2019,TV-MA
MINDHUNTER,TV Show,TV Dramas,2019,TV-MA
MINDHUNTER,TV Show,TV Mysteries,2019,TV-MA
Selfless,Movie,Sci-Fi & Fantasy,2015,PG-13
Selfless,Movie,Thrillers,2015,PG-13
Sextuplets,Movie,Comedies,2019,TV-14
Super Monsters Back to School,Movie,Children & Family Movies,2019,TV-Y
The King's Avatar,TV Show,International TV Shows,2019,TV-MA
The King's Avatar,TV Show,TV Action & Adventure,2019,TV-MA
The King's Avatar,TV Show,TV Dramas,2019,TV-MA
The Little Switzerland,Movie,Comedies,2019,TV-MA
The Little Switzerland,Movie,International Movies,2019,TV-MA
Victim Number 8,TV Show,International TV Shows,2018,TV-MA
Victim Number 8,TV Show,Spanish-Language TV Shows,2018,TV-MA
Victim Number 8,TV Show,TV Action & Adventure,2018,TV-MA
Cannon Busters,TV Show,Anime Series,2019,TV-MA
Cannon Busters,TV Show,International TV Shows,2019,TV-MA
Sacred Games,TV Show,Crime TV Shows,2019,TV-MA
Sacred Games,TV Show,International TV Shows,2019,TV-MA
Sacred Games,TV Show,TV Dramas,2019,TV-MA
Til Death Do Us Part,TV Show,International TV Shows,2019,TV-MA
Til Death Do Us Part,TV Show,TV Dramas,2019,TV-MA
Til Death Do Us Part,TV Show,TV Thrillers,2019,TV-MA
Whindersson Nunes: Adult,Movie,Stand-Up Comedy,2019,TV-MA
Happy Jail,TV Show,Crime TV Shows,2019,TV-MA
Happy Jail,TV Show,Docuseries,2019,TV-MA
Uyare,Movie,Dramas,2019,TV-14
Uyare,Movie,International Movies,2019,TV-14
90 ML,Movie,Comedies,2019,TV-MA
90 ML,Movie,International Movies,2019,TV-MA
90 ML,Movie,Music & Musicals,2019,TV-MA
Calum von Moger: Unbroken,Movie,Documentaries,2019,TV-MA
Calum von Moger: Unbroken,Movie,Sports Movies,2019,TV-MA
Hasta los dientes,Movie,Documentaries,2018,TV-MA
Hasta los dientes,Movie,International Movies,2018,TV-MA
Knightfall,TV Show,TV Dramas,2019,TV-MA
DC Super Hero Girls,TV Show,Kids' TV,2019,TV-Y7
Colin Quinn: Red State Blue State,Movie,Stand-Up Comedy,2019,TV-14
GLOW,TV Show,TV Comedies,2019,TV-MA
GLOW,TV Show,TV Dramas,2019,TV-MA
IZombie,TV Show,TV Comedies,2019,TV-MA
IZombie,TV Show,TV Dramas,2019,TV-MA
IZombie,TV Show,TV Horror,2019,TV-MA
Jaoon Kahan Bata Ae Dil,Movie,Dramas,2018,TV-MA
Jaoon Kahan Bata Ae Dil,Movie,Independent Movies,2018,TV-MA
Jaoon Kahan Bata Ae Dil,Movie,International Movies,2018,TV-MA
Rocko's Modern Life: Static Cling,Movie,Children & Family Movies,2019,TV-Y7
Rocko's Modern Life: Static Cling,Movie,Comedies,2019,TV-Y7
Rocko's Modern Life: Static Cling,Movie,LGBTQ Movies,2019,TV-Y7
Sintonia,TV Show,Crime TV Shows,2019,TV-MA
Sintonia,TV Show,International TV Shows,2019,TV-MA
Sintonia,TV Show,TV Dramas,2019,TV-MA
The Family,TV Show,Docuseries,2019,TV-14
Bad Guys,TV Show,Crime TV Shows,2014,TV-MA
Bad Guys,TV Show,International TV Shows,2014,TV-MA
Bad Guys,TV Show,Korean TV Shows,2014,TV-MA
Dollar,TV Show,International TV Shows,2019,TV-MA
Dollar,TV Show,TV Dramas,2019,TV-MA
Jane The Virgin,TV Show,Romantic TV Shows,2019,TV-14
Jane The Virgin,TV Show,TV Comedies,2019,TV-14
Jane The Virgin,TV Show,TV Dramas,2019,TV-14
Let's Eat 2,TV Show,International TV Shows,2015,TV-MA
Let's Eat 2,TV Show,Korean TV Shows,2015,TV-MA
Let's Eat 2,TV Show,Romantic TV Shows,2015,TV-MA
Let’s Eat,TV Show,International TV Shows,2013,TV-PG
Let’s Eat,TV Show,Korean TV Shows,2013,TV-PG
Let’s Eat,TV Show,Romantic TV Shows,2013,TV-PG
Misaeng,TV Show,International TV Shows,2014,TV-MA
Misaeng,TV Show,Korean TV Shows,2014,TV-MA
Misaeng,TV Show,TV Dramas,2014,TV-MA
Oh My Ghost,TV Show,International TV Shows,2015,TV-MA
Oh My Ghost,TV Show,Korean TV Shows,2015,TV-MA
Oh My Ghost,TV Show,Romantic TV Shows,2015,TV-MA
Reply 1994,TV Show,International TV Shows,2014,TV-MA
Reply 1994,TV Show,Korean TV Shows,2014,TV-MA
Reply 1994,TV Show,Romantic TV Shows,2014,TV-MA
Reply 1997,TV Show,International TV Shows,2012,TV-MA
Reply 1997,TV Show,Korean TV Shows,2012,TV-MA
Reply 1997,TV Show,Romantic TV Shows,2012,TV-MA
Wu Assassins,TV Show,TV Action & Adventure,2019,TV-MA
Wu Assassins,TV Show,TV Sci-Fi & Fantasy,2019,TV-MA
Badla,Movie,International Movies,2019,TV-14
Badla,Movie,Thrillers,2019,TV-14
Theo Von: No Offense,Movie,Stand-Up Comedy,2016,TV-MA
Crazy Beautiful You,Movie,Comedies,2015,TV-14
Crazy Beautiful You,Movie,Dramas,2015,TV-14
Crazy Beautiful You,Movie,International Movies,2015,TV-14
I'm Brent Morin,Movie,Stand-Up Comedy,2015,TV-MA
Jim Jefferies : BARE,Movie,Stand-Up Comedy,2014,TV-MA
Screwball,Movie,Documentaries,2018,TV-MA
Screwball,Movie,Sports Movies,2018,TV-MA
Sebastian Maniscalco: Why Would You Do That,Movie,Stand-Up Comedy,2016,TV-MA
Enter the Anime,Movie,Documentaries,2019,TV-MA
Enter the Anime,Movie,International Movies,2019,TV-MA
No Good Nick,TV Show,Kids' TV,2019,TV-PG
No Good Nick,TV Show,TV Comedies,2019,TV-PG
No Good Nick,TV Show,TV Dramas,2019,TV-PG
No One Will Ever Know,Movie,Dramas,2017,TV-MA
No One Will Ever Know,Movie,International Movies,2017,TV-MA
Misfit,Movie,Children & Family Movies,2017,TV-14
Misfit,Movie,Comedies,2017,TV-14
Misfit,Movie,International Movies,2017,TV-14
Basketball or Nothing,TV Show,Docuseries,2019,TV-PG
Basketball or Nothing,TV Show,Reality TV,2019,TV-PG
Léa & I,Movie,Documentaries,2019,TV-MA
Otherhood,Movie,Comedies,2019,R
Uriyadi 2,Movie,Dramas,2019,TV-14
Uriyadi 2,Movie,International Movies,2019,TV-14
Manu,Movie,Dramas,2018,TV-14
Manu,Movie,Independent Movies,2018,TV-14
Manu,Movie,International Movies,2018,TV-14
Sleepless Society: Nyctophobia,TV Show,International TV Shows,2019,TV-MA
Sleepless Society: Nyctophobia,TV Show,TV Mysteries,2019,TV-MA
Sleepless Society: Nyctophobia,TV Show,TV Thrillers,2019,TV-MA
The Letdown,TV Show,International TV Shows,2019,TV-MA
The Letdown,TV Show,TV Comedies,2019,TV-MA
The Letdown,TV Show,TV Dramas,2019,TV-MA
The Red Sea Diving Resort,Movie,Dramas,2019,TV-MA
The Red Sea Diving Resort,Movie,Thrillers,2019,TV-MA
Whitney Cummings: Can I Touch It?,Movie,Stand-Up Comedy,2019,TV-MA
Twelve Forever,TV Show,Kids' TV,2019,TV-PG
Boi,Movie,Dramas,2018,TV-MA
Boi,Movie,Independent Movies,2018,TV-MA
Boi,Movie,International Movies,2018,TV-MA
Eerie,Movie,Horror Movies,2019,TV-14
Eerie,Movie,International Movies,2019,TV-14
Girls With Balls,Movie,Comedies,2019,TV-MA
Girls With Balls,Movie,Horror Movies,2019,TV-MA
Girls With Balls,Movie,International Movies,2019,TV-MA
My First First Love,TV Show,International TV Shows,2019,TV-14
My First First Love,TV Show,Korean TV Shows,2019,TV-14
My First First Love,TV Show,Romantic TV Shows,2019,TV-14
The Son,Movie,Dramas,2019,TV-MA
The Son,Movie,Independent Movies,2019,TV-MA
The Son,Movie,International Movies,2019,TV-MA
Another Life,TV Show,British TV Shows,2019,TV-MA
Another Life,TV Show,International TV Shows,2019,TV-MA
Another Life,TV Show,TV Action & Adventure,2019,TV-MA
The Great Hack,Movie,Documentaries,2019,TV-MA
Beat Bugs,TV Show,Kids' TV,2018,TV-Y
D.L. Hughley: Contrarian,Movie,Stand-Up Comedy,2018,TV-MA
Demetri Martin: The Overthinker,Movie,Stand-Up Comedy,2018,TV-MA
The Beast Stalker,Movie,Action & Adventure,2008,TV-14
The Beast Stalker,Movie,Cult Movies,2008,TV-14
The Beast Stalker,Movie,International Movies,2008,TV-14
The Midas Touch,Movie,Comedies,2013,TV-14
The Midas Touch,Movie,International Movies,2013,TV-14
The Twins Effect II,Movie,Action & Adventure,2004,TV-14
The Twins Effect II,Movie,Comedies,2004,TV-14
The Twins Effect II,Movie,International Movies,2004,TV-14
Twins Mission,Movie,Action & Adventure,2007,TV-MA
Twins Mission,Movie,International Movies,2007,TV-MA
Sexy Central,TV Show,International TV Shows,2019,TV-MA
Sexy Central,TV Show,Romantic TV Shows,2019,TV-MA
Sexy Central,TV Show,TV Dramas,2019,TV-MA
"¡Ay, mi madre!",Movie,Comedies,2019,TV-MA
"¡Ay, mi madre!",Movie,International Movies,2019,TV-MA
Comedians in Cars Getting Coffee,TV Show,Stand-Up Comedy & Talk Shows,2019,TV-14
Comedians in Cars Getting Coffee,TV Show,TV Comedies,2019,TV-14
The Epic Tales of Captain Underpants,TV Show,Kids' TV,2019,TV-Y7
The Epic Tales of Captain Underpants,TV Show,TV Comedies,2019,TV-Y7
Typewriter,TV Show,International TV Shows,2019,TV-MA
Typewriter,TV Show,TV Horror,2019,TV-MA
Typewriter,TV Show,TV Mysteries,2019,TV-MA
Rookie Historian Goo Hae-Ryung,TV Show,International TV Shows,2019,TV-14
Rookie Historian Goo Hae-Ryung,TV Show,Korean TV Shows,2019,TV-14
Rookie Historian Goo Hae-Ryung,TV Show,Romantic TV Shows,2019,TV-14
Secret Obsession,Movie,Thrillers,2019,TV-14
Mauli,Movie,Action & Adventure,2018,TV-14
Mauli,Movie,Dramas,2018,TV-14
Mauli,Movie,International Movies,2018,TV-14
Pinky Malinky,TV Show,Kids' TV,2019,TV-Y7
Pinky Malinky,TV Show,TV Comedies,2019,TV-Y7
Unrequited Love,TV Show,International TV Shows,2019,TV-14
Unrequited Love,TV Show,Romantic TV Shows,2019,TV-14
Unrequited Love,TV Show,TV Dramas,2019,TV-14
Bogda,Movie,Dramas,2018,TV-PG
Bogda,Movie,International Movies,2018,TV-PG
"Frankenstein’s Monster’s Monster, Frankenstein",Movie,Comedies,2019,TV-14
Angel Beats!,TV Show,Anime Series,2010,TV-PG
Angel Beats!,TV Show,International TV Shows,2010,TV-PG
Anohana: The Flower We Saw That Day,TV Show,Anime Series,2011,TV-14
Anohana: The Flower We Saw That Day,TV Show,International TV Shows,2011,TV-14
Anohana: The Flower We Saw That Day,TV Show,Teen TV Shows,2011,TV-14
God Eater,TV Show,Anime Series,2015,TV-14
God Eater,TV Show,International TV Shows,2015,TV-14
GRANBLUE FANTASY the Animation,TV Show,Anime Series,2017,TV-PG
GRANBLUE FANTASY the Animation,TV Show,International TV Shows,2017,TV-PG
3Below: Tales of Arcadia,TV Show,Kids' TV,2019,TV-Y7
3Below: Tales of Arcadia,TV Show,TV Action & Adventure,2019,TV-Y7
3Below: Tales of Arcadia,TV Show,TV Sci-Fi & Fantasy,2019,TV-Y7
4L,Movie,Comedies,2019,TV-MA
4L,Movie,Dramas,2019,TV-MA
4L,Movie,Independent Movies,2019,TV-MA
Bonus Family,TV Show,International TV Shows,2019,TV-MA
Bonus Family,TV Show,TV Dramas,2019,TV-MA
Cities of Last Things,Movie,Dramas,2018,TV-MA
Cities of Last Things,Movie,Independent Movies,2018,TV-MA
Cities of Last Things,Movie,International Movies,2018,TV-MA
Extreme Engagement,TV Show,International TV Shows,2019,TV-MA
Extreme Engagement,TV Show,Reality TV,2019,TV-MA
Kidnapping Stella,Movie,Dramas,2019,TV-MA
Kidnapping Stella,Movie,International Movies,2019,TV-MA
Kidnapping Stella,Movie,Thrillers,2019,TV-MA
One Spring Night,TV Show,International TV Shows,2019,TV-14
One Spring Night,TV Show,Korean TV Shows,2019,TV-14
One Spring Night,TV Show,Romantic TV Shows,2019,TV-14
PILI Fantasy: War of Dragons,TV Show,International TV Shows,2019,TV-14
PILI Fantasy: War of Dragons,TV Show,TV Action & Adventure,2019,TV-14
PILI Fantasy: War of Dragons,TV Show,TV Sci-Fi & Fantasy,2019,TV-14
Point Blank,Movie,Action & Adventure,2019,TV-MA
The Milk System,Movie,Documentaries,2017,TV-14
The Milk System,Movie,International Movies,2017,TV-14
True Tunes,TV Show,Kids' TV,2019,TV-Y
Parchís: the Documentary,Movie,Documentaries,2019,TV-14
Parchís: the Documentary,Movie,International Movies,2019,TV-14
Parchís: the Documentary,Movie,Music & Musicals,2019,TV-14
Aziz Ansari: RIGHT NOW,Movie,Stand-Up Comedy,2019,TV-MA
Free Rein,TV Show,British TV Shows,2019,TV-G
Free Rein,TV Show,Kids' TV,2019,TV-G
Free Rein,TV Show,TV Dramas,2019,TV-G
"River, el más grande siempre",Movie,Documentaries,2019,TV-G
"River, el más grande siempre",Movie,International Movies,2019,TV-G
"River, el más grande siempre",Movie,Sports Movies,2019,TV-G
The Legend of White Snake,TV Show,International TV Shows,2019,TV-14
The Legend of White Snake,TV Show,Romantic TV Shows,2019,TV-14
The Legend of White Snake,TV Show,TV Dramas,2019,TV-14
Cristina,Movie,Documentaries,2016,TV-14
Kakegurui,TV Show,International TV Shows,2019,TV-MA
Kakegurui,TV Show,TV Dramas,2019,TV-MA
Kakegurui,TV Show,TV Thrillers,2019,TV-MA
Stranger Things,TV Show,TV Horror,2019,TV-14
Stranger Things,TV Show,TV Mysteries,2019,TV-14
Stranger Things,TV Show,TV Sci-Fi & Fantasy,2019,TV-14
The Last Czars,TV Show,Docuseries,2019,TV-MA
The Last Czars,TV Show,TV Dramas,2019,TV-MA
Yummy Mummies,TV Show,International TV Shows,2019,TV-MA
Yummy Mummies,TV Show,Reality TV,2019,TV-MA
Bangkok Love Stories: Objects of Affection,TV Show,International TV Shows,2019,TV-14
Bangkok Love Stories: Objects of Affection,TV Show,Romantic TV Shows,2019,TV-14
Bangkok Love Stories: Objects of Affection,TV Show,TV Dramas,2019,TV-14
Bangkok Love Stories: Plead,TV Show,International TV Shows,2019,TV-14
Bangkok Love Stories: Plead,TV Show,Romantic TV Shows,2019,TV-14
Bangkok Love Stories: Plead,TV Show,TV Dramas,2019,TV-14
Designated Survivor: 60 Days,TV Show,International TV Shows,2019,TV-14
Designated Survivor: 60 Days,TV Show,Korean TV Shows,2019,TV-14
Designated Survivor: 60 Days,TV Show,TV Dramas,2019,TV-14
DreamWorks Kung Fu Panda Awesome Secrets,TV Show,Kids' TV,2008,TV-PG
DreamWorks Kung Fu Panda Awesome Secrets,TV Show,TV Action & Adventure,2008,TV-PG
DreamWorks Kung Fu Panda Awesome Secrets,TV Show,TV Comedies,2008,TV-PG
Hatchimals | Adventures in Hatchtopia,TV Show,Kids' TV,2018,TV-Y
Katherine Ryan: Glitter Room,Movie,Stand-Up Comedy,2019,TV-MA
Molang,TV Show,Kids' TV,2015,TV-Y
Rabbids Invasion,TV Show,Kids' TV,2018,TV-Y7
Rabbids Invasion,TV Show,TV Comedies,2018,TV-Y7
Record of Grancrest War,TV Show,Anime Series,2018,TV-MA
Record of Grancrest War,TV Show,International TV Shows,2018,TV-MA
War Against Women,Movie,Documentaries,2013,TV-MA
War Against Women,Movie,International Movies,2013,TV-MA
Inhuman Kiss,Movie,Horror Movies,2019,TV-MA
Inhuman Kiss,Movie,International Movies,2019,TV-MA
Inhuman Kiss,Movie,Romantic Movies,2019,TV-MA
Romeo Akbar Walter,Movie,Dramas,2019,TV-14
Romeo Akbar Walter,Movie,International Movies,2019,TV-14
Romeo Akbar Walter,Movie,Thrillers,2019,TV-14
Scare Tactics,TV Show,Reality TV,2011,TV-MA
Scare Tactics,TV Show,TV Comedies,2011,TV-MA
Scare Tactics,TV Show,TV Horror,2011,TV-MA
Super Deluxe,Movie,Comedies,2019,TV-MA
Super Deluxe,Movie,Dramas,2019,TV-MA
Super Deluxe,Movie,International Movies,2019,TV-MA
Dope,TV Show,Crime TV Shows,2019,TV-MA
Dope,TV Show,Docuseries,2019,TV-MA
El testigo,Movie,Documentaries,2018,TV-14
El testigo,Movie,International Movies,2018,TV-14
Exhibit A,TV Show,Crime TV Shows,2019,TV-MA
Exhibit A,TV Show,Docuseries,2019,TV-MA
Exhibit A,TV Show,Science & Nature TV,2019,TV-MA
Instant Hotel,TV Show,International TV Shows,2019,TV-MA
Instant Hotel,TV Show,Reality TV,2019,TV-MA
La Leyenda del Diamante,Movie,Action & Adventure,2017,TV-MA
La Leyenda del Diamante,Movie,International Movies,2017,TV-MA
La Leyenda del Diamante,Movie,Sci-Fi & Fantasy,2017,TV-MA
Motown Magic,TV Show,Kids' TV,2019,TV-Y
Motown Magic,TV Show,TV Sci-Fi & Fantasy,2019,TV-Y
Paquita Salas,TV Show,International TV Shows,2018,TV-MA
Paquita Salas,TV Show,Spanish-Language TV Shows,2018,TV-MA
Paquita Salas,TV Show,TV Comedies,2018,TV-MA
ANIMA,Movie,Dramas,2019,TV-PG
ANIMA,Movie,Independent Movies,2019,TV-PG
ANIMA,Movie,Music & Musicals,2019,TV-PG
Answer for Heaven,TV Show,Crime TV Shows,2019,TV-MA
Answer for Heaven,TV Show,International TV Shows,2019,TV-MA
Answer for Heaven,TV Show,TV Comedies,2019,TV-MA
Daniel Sosa: Maleducado,Movie,Stand-Up Comedy,2019,TV-MA
Hikaru Utada Laughter in the Dark Tour 2018,Movie,International Movies,2018,TV-PG
Hikaru Utada Laughter in the Dark Tour 2018,Movie,Music & Musicals,2018,TV-PG
Kahaani,Movie,International Movies,2012,TV-14
Kahaani,Movie,Music & Musicals,2012,TV-14
Kahaani,Movie,Thrillers,2012,TV-14
Unbroken,Movie,Documentaries,2019,TV-14
Unbroken,Movie,International Movies,2019,TV-14
Mike Epps: Only One Mike,Movie,Stand-Up Comedy,2019,TV-MA
Forest of Piano,TV Show,Anime Series,2019,TV-14
Forest of Piano,TV Show,International TV Shows,2019,TV-14
Triple Threat,Movie,Action & Adventure,2019,R
Triple Threat,Movie,International Movies,2019,R
Blood Will Tell,Movie,Dramas,2019,TV-MA
Blood Will Tell,Movie,Independent Movies,2019,TV-MA
Blood Will Tell,Movie,International Movies,2019,TV-MA
Bolívar,TV Show,International TV Shows,2019,TV-MA
Bolívar,TV Show,Romantic TV Shows,2019,TV-MA
Bolívar,TV Show,Spanish-Language TV Shows,2019,TV-MA
EVANGELION: DEATH (TRUE)²,Movie,Action & Adventure,1998,TV-MA
EVANGELION: DEATH (TRUE)²,Movie,Anime Features,1998,TV-MA
EVANGELION: DEATH (TRUE)²,Movie,International Movies,1998,TV-MA
Girls Incarcerated,TV Show,Docuseries,2019,TV-MA
Girls Incarcerated,TV Show,Reality TV,2019,TV-MA
Go! Live Your Way,TV Show,Kids' TV,2019,TV-PG
Go! Live Your Way,TV Show,Spanish-Language TV Shows,2019,TV-PG
Go! Live Your Way,TV Show,Teen TV Shows,2019,TV-PG
Magi: The Labyrinth of Magic,TV Show,Anime Series,2013,TV-MA
Magi: The Labyrinth of Magic,TV Show,International TV Shows,2013,TV-MA
Neon Genesis Evangelion,TV Show,Anime Series,1995,TV-MA
Neon Genesis Evangelion,TV Show,International TV Shows,1995,TV-MA
Shooter,TV Show,Crime TV Shows,2018,TV-14
Shooter,TV Show,TV Action & Adventure,2018,TV-14
Shooter,TV Show,TV Dramas,2018,TV-14
The Casketeers,TV Show,International TV Shows,2019,TV-14
The Casketeers,TV Show,Reality TV,2019,TV-14
The Confession Tapes,TV Show,Crime TV Shows,2019,TV-MA
The Confession Tapes,TV Show,Docuseries,2019,TV-MA
The End of Evangelion,Movie,Action & Adventure,1997,TV-MA
The End of Evangelion,Movie,Anime Features,1997,TV-MA
The End of Evangelion,Movie,International Movies,1997,TV-MA
Rakkhosh,Movie,Horror Movies,2019,TV-MA
Rakkhosh,Movie,Independent Movies,2019,TV-MA
Rakkhosh,Movie,International Movies,2019,TV-MA
The Wolf's Call,Movie,Dramas,2019,TV-14
The Wolf's Call,Movie,International Movies,2019,TV-14
The Wolf's Call,Movie,Thrillers,2019,TV-14
Beats,Movie,Dramas,2019,TV-MA
Beats,Movie,Independent Movies,2019,TV-MA
Beats,Movie,Music & Musicals,2019,TV-MA
The Edge of Democracy,Movie,Documentaries,2019,TV-14
The Edge of Democracy,Movie,International Movies,2019,TV-14
Adam Devine: Best Time of Our Lives,Movie,Stand-Up Comedy,2019,TV-MA
Cop Car,Movie,Thrillers,2015,R
Right Here Right Now,Movie,Comedies,2018,TV-MA
Right Here Right Now,Movie,Dramas,2018,TV-MA
Right Here Right Now,Movie,Independent Movies,2018,TV-MA
Fate/Zero,TV Show,Anime Series,2012,TV-MA
Fate/Zero,TV Show,International TV Shows,2012,TV-MA
Kill la Kill,TV Show,Anime Series,2014,TV-MA
Kill la Kill,TV Show,International TV Shows,2014,TV-MA
Life Overtakes Me,Movie,Documentaries,2019,TV-PG
Luckee,Movie,Comedies,2019,TV-14
Luckee,Movie,International Movies,2019,TV-14
Luckee,Movie,Romantic Movies,2019,TV-14
Pihu,Movie,Dramas,2018,TV-14
Pihu,Movie,Independent Movies,2018,TV-14
Pihu,Movie,International Movies,2018,TV-14
Puella Magi Madoka Magica,TV Show,Anime Series,2011,TV-14
Puella Magi Madoka Magica,TV Show,International TV Shows,2011,TV-14
Somewhere Only We Know,TV Show,International TV Shows,2019,TV-MA
Somewhere Only We Know,TV Show,Romantic TV Shows,2019,TV-MA
Somewhere Only We Know,TV Show,TV Comedies,2019,TV-MA
The Alcàsser Murders,TV Show,Crime TV Shows,2019,TV-MA
The Alcàsser Murders,TV Show,Docuseries,2019,TV-MA
The Alcàsser Murders,TV Show,International TV Shows,2019,TV-MA
Unit 42,TV Show,Crime TV Shows,2017,TV-MA
Unit 42,TV Show,International TV Shows,2017,TV-MA
Unit 42,TV Show,TV Dramas,2017,TV-MA
Awake: The Million Dollar Game,TV Show,Reality TV,2019,TV-PG
Black Spot,TV Show,Crime TV Shows,2019,TV-MA
Black Spot,TV Show,International TV Shows,2019,TV-MA
Black Spot,TV Show,TV Dramas,2019,TV-MA
DJ Cinderella,Movie,Children & Family Movies,2019,TV-PG
DJ Cinderella,Movie,Comedies,2019,TV-PG
El desconocido,TV Show,Crime TV Shows,2019,TV-MA
El desconocido,TV Show,International TV Shows,2019,TV-MA
El desconocido,TV Show,Spanish-Language TV Shows,2019,TV-MA
Girlfriends' Guide to Divorce,TV Show,TV Comedies,2019,TV-MA
Girlfriends' Guide to Divorce,TV Show,TV Dramas,2019,TV-MA
Leila,TV Show,British TV Shows,2019,TV-MA
Leila,TV Show,International TV Shows,2019,TV-MA
Leila,TV Show,TV Dramas,2019,TV-MA
Marlon,TV Show,TV Comedies,2018,TV-14
Marvel's Jessica Jones,TV Show,Crime TV Shows,2019,TV-MA
Marvel's Jessica Jones,TV Show,TV Action & Adventure,2019,TV-MA
Marvel's Jessica Jones,TV Show,TV Dramas,2019,TV-MA
Murder Mystery,Movie,Comedies,2019,PG-13
Yankee,TV Show,Crime TV Shows,2019,TV-MA
Yankee,TV Show,International TV Shows,2019,TV-MA
Yankee,TV Show,Spanish-Language TV Shows,2019,TV-MA
Jinn,TV Show,International TV Shows,2019,TV-MA
Jinn,TV Show,TV Dramas,2019,TV-MA
Jinn,TV Show,TV Mysteries,2019,TV-MA
Oprah Presents When They See Us Now,Movie,Documentaries,2019,TV-PG
The 3rd Eye 2,Movie,Horror Movies,2019,TV-MA
The 3rd Eye 2,Movie,International Movies,2019,TV-MA
Jo Koy: Comin' In Hot,Movie,Stand-Up Comedy,2019,TV-MA
Rolling Thunder Revue: A Bob Dylan Story by Martin Scorsese,Movie,Documentaries,2019,TV-MA
Rolling Thunder Revue: A Bob Dylan Story by Martin Scorsese,Movie,Music & Musicals,2019,TV-MA
Upin & Ipin,TV Show,Kids' TV,2011,TV-Y
Belmonte,Movie,Dramas,2018,TV-MA
Belmonte,Movie,Independent Movies,2018,TV-MA
Belmonte,Movie,International Movies,2018,TV-MA
Designated Survivor,TV Show,Crime TV Shows,2019,TV-MA
Designated Survivor,TV Show,TV Dramas,2019,TV-MA
Designated Survivor,TV Show,TV Thrillers,2019,TV-MA
Elisa & Marcela,Movie,Dramas,2019,TV-MA
Elisa & Marcela,Movie,International Movies,2019,TV-MA
Elisa & Marcela,Movie,LGBTQ Movies,2019,TV-MA
I Am Mother,Movie,International Movies,2019,TV-PG
I Am Mother,Movie,Sci-Fi & Fantasy,2019,TV-PG
I Am Mother,Movie,Thrillers,2019,TV-PG
Luka Chuppi,Movie,Comedies,2019,TV-PG
Luka Chuppi,Movie,International Movies,2019,TV-PG
Luka Chuppi,Movie,Romantic Movies,2019,TV-PG
Pachamama,Movie,Children & Family Movies,2019,PG
Rock My Heart,Movie,Children & Family Movies,2019,TV-PG
Rock My Heart,Movie,Dramas,2019,TV-PG
Rock My Heart,Movie,International Movies,2019,TV-PG
Stree,Movie,Comedies,2018,TV-MA
Stree,Movie,Horror Movies,2018,TV-MA
Stree,Movie,Independent Movies,2018,TV-MA
Super Monsters Monster Pets,TV Show,Kids' TV,2019,TV-Y
Tales of the City,TV Show,TV Dramas,2019,TV-MA
The Black Godfather,Movie,Documentaries,2019,TV-MA
The Black Godfather,Movie,Music & Musicals,2019,TV-MA
Alles ist gut,Movie,Dramas,2019,TV-MA
Alles ist gut,Movie,International Movies,2019,TV-MA
A Silent Voice,Movie,Anime Features,2016,TV-14
A Silent Voice,Movie,International Movies,2016,TV-14
Black Mirror,TV Show,British TV Shows,2019,TV-MA
Black Mirror,TV Show,International TV Shows,2019,TV-MA
Black Mirror,TV Show,TV Dramas,2019,TV-MA
Cosmos Laundromat: First Cycle,Movie,Dramas,2015,TV-MA
Cosmos Laundromat: First Cycle,Movie,International Movies,2015,TV-MA
Cosmos Laundromat: First Cycle,Movie,Sci-Fi & Fantasy,2015,TV-MA
Miranda Sings Live…Your Welcome,Movie,Stand-Up Comedy,2019,TV-14
Silent,Movie,Children & Family Movies,2014,TV-Y
Silent,Movie,Sci-Fi & Fantasy,2014,TV-Y
Documentary Now!,TV Show,TV Comedies,2019,TV-14
Malibu Rescue: The Series,TV Show,Kids' TV,2019,TV-G
Malibu Rescue: The Series,TV Show,TV Action & Adventure,2019,TV-G
Malibu Rescue: The Series,TV Show,TV Comedies,2019,TV-G
Arthdal Chronicles,TV Show,International TV Shows,2019,TV-MA
Arthdal Chronicles,TV Show,Korean TV Shows,2019,TV-MA
Arthdal Chronicles,TV Show,TV Action & Adventure,2019,TV-MA
Krutant,Movie,Dramas,2019,TV-14
Krutant,Movie,International Movies,2019,TV-14
A Thousand Goodnights,TV Show,International TV Shows,2019,TV-14
A Thousand Goodnights,TV Show,TV Dramas,2019,TV-14
III Smoking Barrels,Movie,Dramas,2017,TV-MA
III Smoking Barrels,Movie,Independent Movies,2017,TV-MA
III Smoking Barrels,Movie,International Movies,2017,TV-MA
March Comes in Like a Lion,TV Show,Anime Series,2017,TV-14
March Comes in Like a Lion,TV Show,International TV Shows,2017,TV-14
March Comes in Like a Lion,TV Show,Teen TV Shows,2017,TV-14
"Oh, Ramona!",Movie,Comedies,2019,TV-MA
"Oh, Ramona!",Movie,International Movies,2019,TV-MA
We Are Legends,Movie,Action & Adventure,2019,TV-14
We Are Legends,Movie,International Movies,2019,TV-14
We Are Legends,Movie,Sports Movies,2019,TV-14
Bad Blood,TV Show,Crime TV Shows,2019,TV-MA
Bad Blood,TV Show,TV Dramas,2019,TV-MA
Chopsticks,Movie,Comedies,2019,TV-MA
Chopsticks,Movie,Dramas,2019,TV-MA
Chopsticks,Movie,Independent Movies,2019,TV-MA
Killer Ratings,TV Show,Crime TV Shows,2019,TV-MA
Killer Ratings,TV Show,Docuseries,2019,TV-MA
Killer Ratings,TV Show,International TV Shows,2019,TV-MA
Mere Pyare Prime Minister,Movie,Dramas,2019,TV-MA
Mere Pyare Prime Minister,Movie,International Movies,2019,TV-MA
Pegasus,Movie,Comedies,2019,TV-MA
Pegasus,Movie,Dramas,2019,TV-MA
Pegasus,Movie,International Movies,2019,TV-MA
When They See Us,TV Show,Crime TV Shows,2019,TV-MA
When They See Us,TV Show,TV Dramas,2019,TV-MA
Svaha: The Sixth Finger,Movie,International Movies,2019,TV-MA
Svaha: The Sixth Finger,Movie,Thrillers,2019,TV-MA
Historical Roasts,TV Show,Stand-Up Comedy & Talk Shows,2019,TV-MA
Historical Roasts,TV Show,TV Comedies,2019,TV-MA
After Maria,Movie,Documentaries,2019,TV-PG
Hyper HardBoiled Gourmet Report,TV Show,Docuseries,2017,TV-MA
Hyper HardBoiled Gourmet Report,TV Show,International TV Shows,2017,TV-MA
Joy,Movie,Dramas,2019,TV-MA
Joy,Movie,Independent Movies,2019,TV-MA
Joy,Movie,International Movies,2019,TV-MA
Rim of the World,Movie,Action & Adventure,2019,TV-14
Rim of the World,Movie,Independent Movies,2019,TV-14
Rim of the World,Movie,Sci-Fi & Fantasy,2019,TV-14
She's Gotta Have It,TV Show,Romantic TV Shows,2018,TV-MA
She's Gotta Have It,TV Show,TV Comedies,2018,TV-MA
She's Gotta Have It,TV Show,TV Dramas,2018,TV-MA
The Perfection,Movie,Horror Movies,2019,TV-MA
The Perfection,Movie,LGBTQ Movies,2019,TV-MA
The Perfection,Movie,Music & Musicals,2019,TV-MA
WHAT / IF,TV Show,TV Dramas,2019,TV-MA
WHAT / IF,TV Show,TV Thrillers,2019,TV-MA
The Lonely Island Presents: The Unauthorized Bash Brothers Experience,Movie,Comedies,2019,TV-MA
The Lonely Island Presents: The Unauthorized Bash Brothers Experience,Movie,Music & Musicals,2019,TV-MA
The Lonely Island Presents: The Unauthorized Bash Brothers Experience,Movie,Sports Movies,2019,TV-MA
A Tale of Two Kitchens,Movie,Documentaries,2019,TV-PG
A Tale of Two Kitchens,Movie,International Movies,2019,TV-PG
The Man Who Feels No Pain,Movie,Action & Adventure,2018,TV-14
The Man Who Feels No Pain,Movie,Comedies,2018,TV-14
The Man Who Feels No Pain,Movie,International Movies,2018,TV-14
Wanda Sykes: Not Normal,Movie,Stand-Up Comedy,2019,TV-MA
Prince of Peoria,TV Show,Kids' TV,2019,TV-G
Prince of Peoria,TV Show,TV Comedies,2019,TV-G
Rosario Tijeras,TV Show,Crime TV Shows,2018,TV-MA
Rosario Tijeras,TV Show,International TV Shows,2018,TV-MA
Rosario Tijeras,TV Show,Spanish-Language TV Shows,2018,TV-MA
1994,TV Show,Crime TV Shows,2019,TV-MA
1994,TV Show,Docuseries,2019,TV-MA
1994,TV Show,International TV Shows,2019,TV-MA
Born in Gaza,Movie,Documentaries,2014,TV-14
Born in Gaza,Movie,International Movies,2014,TV-14
Born in Syria,Movie,Documentaries,2016,TV-14
Born in Syria,Movie,International Movies,2016,TV-14
Dying to Tell,Movie,Documentaries,2018,TV-MA
Dying to Tell,Movie,International Movies,2018,TV-MA
It's Bruno!,TV Show,TV Comedies,2019,TV-MA
Maria,Movie,Action & Adventure,2019,TV-MA
Maria,Movie,International Movies,2019,TV-MA
ReMastered: The Lion's Share,Movie,Documentaries,2019,TV-14
ReMastered: The Lion's Share,Movie,Music & Musicals,2019,TV-14
Saverio Raimondo: Il Satiro Parlante,Movie,Stand-Up Comedy,2019,TV-MA
See You Yesterday,Movie,Dramas,2019,TV-MA
See You Yesterday,Movie,Sci-Fi & Fantasy,2019,TV-MA
See You Yesterday,Movie,Thrillers,2019,TV-MA
White Gold,TV Show,British TV Shows,2019,TV-MA
White Gold,TV Show,International TV Shows,2019,TV-MA
White Gold,TV Show,TV Comedies,2019,TV-MA
Good Sam,Movie,Children & Family Movies,2019,TV-PG
Good Sam,Movie,Dramas,2019,TV-PG
Jonaki,Movie,Dramas,2018,TV-MA
Jonaki,Movie,Independent Movies,2018,TV-MA
Jonaki,Movie,International Movies,2018,TV-MA
PATRICK (2019),Movie,Children & Family Movies,2019,TV-PG
PATRICK (2019),Movie,Comedies,2019,TV-PG
Dennis and Gnasher Unleashed,TV Show,British TV Shows,2017,TV-Y
Dennis and Gnasher Unleashed,TV Show,Kids' TV,2017,TV-Y
Dennis and Gnasher Unleashed,TV Show,TV Comedies,2017,TV-Y
Hamid,Movie,Dramas,2018,TV-MA
Hamid,Movie,Independent Movies,2018,TV-MA
Hamid,Movie,International Movies,2018,TV-MA
"Heidi, bienvenida a casa",TV Show,Kids' TV,2017,TV-Y
"Heidi, bienvenida a casa",TV Show,Spanish-Language TV Shows,2017,TV-Y
I Hear You,TV Show,International TV Shows,2019,TV-14
I Hear You,TV Show,Romantic TV Shows,2019,TV-14
I Hear You,TV Show,TV Dramas,2019,TV-14
Backdraft 2,Movie,Action & Adventure,2019,R
Backdraft 2,Movie,Dramas,2019,R
Revisions,TV Show,Anime Series,2018,TV-14
Revisions,TV Show,International TV Shows,2018,TV-14
Still LAUGH-IN: The Stars Celebrate,Movie,Comedies,2019,TV-MA
Weed the People,Movie,Documentaries,2018,TV-MA
Malibu Rescue,Movie,Children & Family Movies,2019,TV-G
Malibu Rescue,Movie,Comedies,2019,TV-G
Merata: How Mum Decolonised the Screen,Movie,Documentaries,2018,TV-14
The Defected,TV Show,Crime TV Shows,2019,TV-14
The Defected,TV Show,International TV Shows,2019,TV-14
The Defected,TV Show,TV Dramas,2019,TV-14
Dry Martina,Movie,Dramas,2018,TV-MA
Dry Martina,Movie,Independent Movies,2018,TV-MA
Dry Martina,Movie,International Movies,2018,TV-MA
Shéhérazade,Movie,Dramas,2019,TV-MA
Shéhérazade,Movie,Independent Movies,2019,TV-MA
Shéhérazade,Movie,International Movies,2019,TV-MA
The Great Magician,Movie,Action & Adventure,2011,TV-14
The Great Magician,Movie,Comedies,2011,TV-14
The Great Magician,Movie,Dramas,2011,TV-14
Easy,TV Show,TV Comedies,2019,TV-MA
Easy,TV Show,TV Dramas,2019,TV-MA
In Family I Trust,Movie,Comedies,2018,TV-MA
In Family I Trust,Movie,Dramas,2018,TV-MA
In Family I Trust,Movie,International Movies,2018,TV-MA
Jailbirds,TV Show,Docuseries,2019,TV-MA
Jailbirds,TV Show,Reality TV,2019,TV-MA
The Mechanism,TV Show,Crime TV Shows,2019,TV-MA
The Mechanism,TV Show,International TV Shows,2019,TV-MA
The Mechanism,TV Show,TV Dramas,2019,TV-MA
The Princess Weiyoung,TV Show,International TV Shows,2016,TV-14
The Princess Weiyoung,TV Show,Romantic TV Shows,2016,TV-14
The Princess Weiyoung,TV Show,TV Dramas,2016,TV-14
The Society,TV Show,TV Dramas,2019,TV-MA
The Society,TV Show,Teen TV Shows,2019,TV-MA
Wine Country,Movie,Comedies,2019,R
Gatao 2: Rise of the King,Movie,Action & Adventure,2018,TV-MA
Gatao 2: Rise of the King,Movie,Dramas,2018,TV-MA
Gatao 2: Rise of the King,Movie,International Movies,2018,TV-MA
Away From Home,TV Show,International TV Shows,2015,TV-PG
Away From Home,TV Show,TV Dramas,2015,TV-PG
Bibik-Bibikku,TV Show,International TV Shows,2016,TV-PG
Bibik-Bibikku,TV Show,TV Comedies,2016,TV-PG
Cinta 100KG,TV Show,International TV Shows,2016,TV-14
Cinta 100KG,TV Show,Romantic TV Shows,2016,TV-14
Cinta 100KG,TV Show,TV Dramas,2016,TV-14
Cinta Iris,TV Show,International TV Shows,2015,TV-PG
Cinta Iris,TV Show,Romantic TV Shows,2015,TV-PG
Cinta Iris,TV Show,TV Dramas,2015,TV-PG
Cinta Si Wedding Planner,TV Show,International TV Shows,2015,TV-14
Cinta Si Wedding Planner,TV Show,Romantic TV Shows,2015,TV-14
Cinta Si Wedding Planner,TV Show,TV Dramas,2015,TV-14
Cinta Teruna Kimchi,TV Show,International TV Shows,2016,TV-PG
Cinta Teruna Kimchi,TV Show,TV Dramas,2016,TV-PG
Secret of Success,TV Show,International TV Shows,2015,TV-14
Secret of Success,TV Show,Romantic TV Shows,2015,TV-14
Secret of Success,TV Show,TV Comedies,2015,TV-14
The Missing Menu,TV Show,International TV Shows,2016,TV-PG
The Missing Menu,TV Show,TV Dramas,2016,TV-PG
Unchained Fate,TV Show,International TV Shows,2016,TV-14
Unchained Fate,TV Show,TV Dramas,2016,TV-14
Unchained Fate,TV Show,TV Sci-Fi & Fantasy,2016,TV-14
Abyss,TV Show,Crime TV Shows,2019,TV-14
Abyss,TV Show,International TV Shows,2019,TV-14
Abyss,TV Show,Korean TV Shows,2019,TV-14
I Have a Script,TV Show,International TV Shows,2019,TV-14
I Have a Script,TV Show,TV Comedies,2019,TV-14
I Have a Script,TV Show,TV Dramas,2019,TV-14
In the Bosom of a Thorn,TV Show,International TV Shows,2019,TV-14
In the Bosom of a Thorn,TV Show,TV Dramas,2019,TV-14
The Writer,TV Show,Crime TV Shows,2019,TV-14
The Writer,TV Show,International TV Shows,2019,TV-14
The Writer,TV Show,TV Dramas,2019,TV-14
What If?,TV Show,International TV Shows,2019,TV-14
What If?,TV Show,TV Dramas,2019,TV-14
Last Breath,Movie,Documentaries,2019,TV-MA
Last Breath,Movie,International Movies,2019,TV-MA
The Wandering Earth,Movie,International Movies,2019,TV-MA
The Wandering Earth,Movie,Sci-Fi & Fantasy,2019,TV-MA
All In My Family,Movie,Documentaries,2019,TV-14
All In My Family,Movie,LGBTQ Movies,2019,TV-14
Crime Diaries: Night Out,TV Show,Crime TV Shows,2019,TV-MA
Crime Diaries: Night Out,TV Show,International TV Shows,2019,TV-MA
Crime Diaries: Night Out,TV Show,Spanish-Language TV Shows,2019,TV-MA
Cupcake & Dino - General Services,TV Show,Kids' TV,2019,TV-Y7
Cupcake & Dino - General Services,TV Show,TV Comedies,2019,TV-Y7
Despite Everything,Movie,Comedies,2019,TV-MA
Despite Everything,Movie,International Movies,2019,TV-MA
Despite Everything,Movie,Romantic Movies,2019,TV-MA
"Extremely Wicked, Shockingly Evil and Vile",Movie,Dramas,2019,R
"Extremely Wicked, Shockingly Evil and Vile",Movie,Independent Movies,2019,R
Flinch,TV Show,Reality TV,2019,TV-PG
Jo Pil-ho: The Dawning Rage,Movie,Dramas,2018,TV-MA
Jo Pil-ho: The Dawning Rage,Movie,International Movies,2018,TV-MA
Jo Pil-ho: The Dawning Rage,Movie,Thrillers,2018,TV-MA
The Last Summer,Movie,Comedies,2019,TV-14
The Last Summer,Movie,Romantic Movies,2019,TV-14
Tuca & Bertie,TV Show,TV Comedies,2019,TV-MA
Laatu,Movie,Comedies,2018,TV-PG
Laatu,Movie,Dramas,2018,TV-PG
Laatu,Movie,International Movies,2018,TV-PG
Olympus Has Fallen,Movie,Action & Adventure,2013,R
Code Geass: Lelouch of the Rebellion,TV Show,Anime Series,2008,TV-MA
Code Geass: Lelouch of the Rebellion,TV Show,International TV Shows,2008,TV-MA
John & Yoko: Above Us Only Sky,Movie,Documentaries,2018,TV-MA
John & Yoko: Above Us Only Sky,Movie,Music & Musicals,2018,TV-MA
Knock Down The House,Movie,Documentaries,2019,PG
Munafik 2,Movie,Horror Movies,2018,TV-MA
Munafik 2,Movie,International Movies,2018,TV-MA
Sur Sapata,Movie,Comedies,2019,TV-14
Sur Sapata,Movie,Dramas,2019,TV-14
Sur Sapata,Movie,International Movies,2019,TV-14
A Home with A View,Movie,Comedies,2019,TV-MA
A Home with A View,Movie,International Movies,2019,TV-MA
Angel 'N' Devil,TV Show,International TV Shows,2014,TV-14
Angel 'N' Devil,TV Show,TV Action & Adventure,2014,TV-14
Angel 'N' Devil,TV Show,TV Comedies,2014,TV-14
Anthony Jeselnik: Fire in the Maternity Ward,Movie,Stand-Up Comedy,2019,TV-MA
Hong Kong West Side Stories,TV Show,International TV Shows,2018,TV-MA
Hong Kong West Side Stories,TV Show,TV Comedies,2018,TV-MA
Hong Kong West Side Stories,TV Show,TV Dramas,2018,TV-MA
Ingress: The Animation,TV Show,Anime Series,2018,TV-MA
Ingress: The Animation,TV Show,Crime TV Shows,2018,TV-MA
Ingress: The Animation,TV Show,International TV Shows,2018,TV-MA
K.O. One Re-act,TV Show,International TV Shows,2013,TV-14
K.O. One Re-act,TV Show,TV Comedies,2013,TV-14
K.O. One Re-act,TV Show,TV Dramas,2013,TV-14
K.O.3an Guo,TV Show,International TV Shows,2009,TV-14
K.O.3an Guo,TV Show,TV Comedies,2009,TV-14
K.O.3an Guo,TV Show,TV Sci-Fi & Fantasy,2009,TV-14
KO One Return,TV Show,International TV Shows,2012,TV-MA
KO One Return,TV Show,TV Comedies,2012,TV-MA
KO One Return,TV Show,TV Dramas,2012,TV-MA
The Outsiders,TV Show,Crime TV Shows,2004,TV-MA
The Outsiders,TV Show,International TV Shows,2004,TV-MA
The Outsiders,TV Show,Romantic TV Shows,2004,TV-MA
Ash vs. Evil Dead,TV Show,TV Action & Adventure,2018,TV-MA
Ash vs. Evil Dead,TV Show,TV Comedies,2018,TV-MA
Ash vs. Evil Dead,TV Show,TV Horror,2018,TV-MA
Teen Aur Aadha,Movie,Dramas,2018,TV-MA
Teen Aur Aadha,Movie,Independent Movies,2018,TV-MA
Teen Aur Aadha,Movie,International Movies,2018,TV-MA
Señora Acero,TV Show,Crime TV Shows,2018,TV-MA
Señora Acero,TV Show,International TV Shows,2018,TV-MA
Señora Acero,TV Show,Spanish-Language TV Shows,2018,TV-MA
Chambers,TV Show,TV Horror,2019,TV-MA
Chambers,TV Show,TV Mysteries,2019,TV-MA
Chambers,TV Show,Teen TV Shows,2019,TV-MA
Loving is Losing,Movie,Comedies,2019,TV-MA
Loving is Losing,Movie,International Movies,2019,TV-MA
Loving is Losing,Movie,Romantic Movies,2019,TV-MA
Money Trap,Movie,Comedies,2019,TV-MA
Money Trap,Movie,Dramas,2019,TV-MA
Money Trap,Movie,International Movies,2019,TV-MA
Njan Prakashan,Movie,Comedies,2018,TV-PG
Njan Prakashan,Movie,Dramas,2018,TV-PG
Njan Prakashan,Movie,International Movies,2018,TV-PG
ReMastered: Devil at the Crossroads,Movie,Documentaries,2019,TV-14
ReMastered: Devil at the Crossroads,Movie,Music & Musicals,2019,TV-14
Street Food,TV Show,Docuseries,2019,TV-PG
The Hateful Eight: Extended Version,TV Show,TV Shows,2015,R
A Fortunate Man,Movie,Dramas,2018,TV-MA
A Fortunate Man,Movie,International Movies,2018,TV-MA
Grass Is Greener,Movie,Documentaries,2019,TV-MA
Grass Is Greener,Movie,Music & Musicals,2019,TV-MA
Brené Brown: The Call to Courage,Movie,Documentaries,2019,TV-14
KO One,TV Show,International TV Shows,2005,TV-MA
KO One,TV Show,TV Action & Adventure,2005,TV-MA
KO One,TV Show,TV Comedies,2005,TV-MA
Lunatics,TV Show,International TV Shows,2019,TV-MA
Lunatics,TV Show,TV Comedies,2019,TV-MA
Music Teacher,Movie,Dramas,2019,TV-14
Music Teacher,Movie,Independent Movies,2019,TV-14
Music Teacher,Movie,International Movies,2019,TV-14
My Dear Boy,TV Show,International TV Shows,2017,TV-MA
My Dear Boy,TV Show,Romantic TV Shows,2017,TV-MA
Rilakkuma and Kaoru,TV Show,Anime Series,2019,TV-PG
Rilakkuma and Kaoru,TV Show,International TV Shows,2019,TV-PG
Samantha!,TV Show,International TV Shows,2019,TV-MA
Samantha!,TV Show,TV Comedies,2019,TV-MA
Someone Great,Movie,Comedies,2019,R
Someone Great,Movie,Romantic Movies,2019,R
The Ruthless,Movie,Dramas,2019,TV-MA
The Ruthless,Movie,International Movies,2019,TV-MA
A Little Chaos,Movie,Dramas,2014,R
A Little Chaos,Movie,Independent Movies,2014,R
A Little Chaos,Movie,International Movies,2014,R
Franco Escamilla: Bienvenido al mundo,Movie,Stand-Up Comedy,2019,TV-MA
HOMECOMING: A film by Beyoncé,Movie,Documentaries,2019,TV-MA
HOMECOMING: A film by Beyoncé,Movie,Music & Musicals,2019,TV-MA
About Time,Movie,Comedies,2013,R
About Time,Movie,Dramas,2013,R
About Time,Movie,International Movies,2013,R
Super Monsters Furever Friends,Movie,Children & Family Movies,2019,TV-Y
Bollywood Calling,Movie,Comedies,2001,TV-MA
Bollywood Calling,Movie,Dramas,2001,TV-MA
Bollywood Calling,Movie,International Movies,2001,TV-MA
Ek Khiladi Ek Haseena,Movie,International Movies,2005,TV-14
Ek Khiladi Ek Haseena,Movie,Music & Musicals,2005,TV-14
Ek Khiladi Ek Haseena,Movie,Thrillers,2005,TV-14
Generation Iron 3,Movie,Documentaries,2018,TV-MA
Generation Iron 3,Movie,Sports Movies,2018,TV-MA
Hazaaron Khwaishein Aisi,Movie,Dramas,2003,TV-MA
Hazaaron Khwaishein Aisi,Movie,International Movies,2003,TV-MA
Hazaaron Khwaishein Aisi,Movie,Romantic Movies,2003,TV-MA
Jhankaar Beats,Movie,Comedies,2003,TV-14
Jhankaar Beats,Movie,International Movies,2003,TV-14
Jhankaar Beats,Movie,Music & Musicals,2003,TV-14
Mumbai Matinee,Movie,Comedies,2003,TV-14
Mumbai Matinee,Movie,International Movies,2003,TV-14
Mumbai Matinee,Movie,Romantic Movies,2003,TV-14
Rainbow Jelly,Movie,Dramas,2018,TV-14
Rainbow Jelly,Movie,International Movies,2018,TV-14
Rainbow Jelly,Movie,Sci-Fi & Fantasy,2018,TV-14
Shabd,Movie,Dramas,2005,TV-14
Shabd,Movie,International Movies,2005,TV-14
Shabd,Movie,Romantic Movies,2005,TV-14
Shortcut Safari,Movie,Action & Adventure,2016,TV-PG
Shortcut Safari,Movie,Comedies,2016,TV-PG
Shortcut Safari,Movie,Dramas,2016,TV-PG
Thriller,Movie,Horror Movies,2018,TV-MA
Crazy Ex-Girlfriend,TV Show,Romantic TV Shows,2019,TV-MA
Crazy Ex-Girlfriend,TV Show,TV Comedies,2019,TV-MA
Who Would You Take to a Deserted Island?,Movie,Dramas,2019,TV-MA
Who Would You Take to a Deserted Island?,Movie,International Movies,2019,TV-MA
Dabbe 5: Zehr-i Cin,Movie,Horror Movies,2014,TV-MA
Dabbe 5: Zehr-i Cin,Movie,International Movies,2014,TV-MA
Dabbe: The Possession,Movie,Horror Movies,2013,TV-MA
Dabbe: The Possession,Movie,International Movies,2013,TV-MA
Francesco De Carlo: Cose di Questo Mondo,Movie,Stand-Up Comedy,2019,TV-MA
Huge in France,TV Show,TV Comedies,2019,TV-MA
The Perfect Date,Movie,Comedies,2019,TV-14
The Perfect Date,Movie,Romantic Movies,2019,TV-14
New Girl,TV Show,Romantic TV Shows,2018,TV-14
New Girl,TV Show,TV Comedies,2018,TV-14
Persona,TV Show,International TV Shows,2019,TV-MA
Persona,TV Show,Korean TV Shows,2019,TV-MA
Persona,TV Show,TV Dramas,2019,TV-MA
Liss Pereira: Reteniendo líquidos,Movie,Stand-Up Comedy,2019,TV-14
The Silence,Movie,Horror Movies,2019,PG-13
The Silence,Movie,Thrillers,2019,PG-13
You vs. Wild,TV Show,Kids' TV,2019,TV-PG
You vs. Wild,TV Show,Reality TV,2019,TV-PG
You vs. Wild,TV Show,Science & Nature TV,2019,TV-PG
Sarvam Thaala Mayam (Telugu Version),Movie,Dramas,2018,TV-14
Sarvam Thaala Mayam (Telugu Version),Movie,International Movies,2018,TV-14
Sarvam Thaala Mayam (Telugu Version),Movie,Music & Musicals,2018,TV-14
Petta (Telugu Version),Movie,Action & Adventure,2019,TV-14
Petta (Telugu Version),Movie,Comedies,2019,TV-14
Petta (Telugu Version),Movie,Dramas,2019,TV-14
Time: The Kalief Browder Story,TV Show,Docuseries,2017,TV-MA
Alien Warfare,Movie,Action & Adventure,2019,TV-MA
Alien Warfare,Movie,Sci-Fi & Fantasy,2019,TV-MA
Derek,TV Show,British TV Shows,2015,TV-MA
Derek,TV Show,International TV Shows,2015,TV-MA
Derek,TV Show,TV Comedies,2015,TV-MA
Imposters,TV Show,Crime TV Shows,2017,TV-MA
Imposters,TV Show,International TV Shows,2017,TV-MA
Imposters,TV Show,TV Comedies,2017,TV-MA
Our Planet,TV Show,Docuseries,2019,TV-PG
Our Planet,TV Show,Science & Nature TV,2019,TV-PG
Petta,Movie,Action & Adventure,2019,TV-14
Petta,Movie,Comedies,2019,TV-14
Petta,Movie,Dramas,2019,TV-14
Quicksand,TV Show,Crime TV Shows,2019,TV-MA
Quicksand,TV Show,International TV Shows,2019,TV-MA
Quicksand,TV Show,TV Dramas,2019,TV-MA
Rimba Racer,TV Show,Kids' TV,2017,TV-PG
Roman Empire: Reign of Blood,TV Show,Docuseries,2019,TV-MA
Spirit: Riding Free,TV Show,Kids' TV,2019,TV-Y7
Tijuana,TV Show,Crime TV Shows,2019,TV-MA
Tijuana,TV Show,International TV Shows,2019,TV-MA
Tijuana,TV Show,Spanish-Language TV Shows,2019,TV-MA
Unicorn Store,Movie,Comedies,2019,TV-14
Unicorn Store,Movie,Dramas,2019,TV-14
Unicorn Store,Movie,Independent Movies,2019,TV-14
Possessed,TV Show,Crime TV Shows,2019,TV-MA
Possessed,TV Show,International TV Shows,2019,TV-MA
Possessed,TV Show,Korean TV Shows,2019,TV-MA
Ricardo Quevedo: Los amargados somos más,Movie,Stand-Up Comedy,2019,TV-MA
Suzzanna: Buried Alive,Movie,Horror Movies,2018,TV-MA
Suzzanna: Buried Alive,Movie,International Movies,2018,TV-MA
Tango,TV Show,International TV Shows,2018,TV-14
Tango,TV Show,Romantic TV Shows,2018,TV-14
Tango,TV Show,TV Dramas,2018,TV-14
Ek Ladki Ko Dekha Toh Aisa Laga,Movie,Comedies,2019,TV-14
Ek Ladki Ko Dekha Toh Aisa Laga,Movie,Dramas,2019,TV-14
Ek Ladki Ko Dekha Toh Aisa Laga,Movie,International Movies,2019,TV-14
Jagat,Movie,Dramas,2015,TV-MA
Jagat,Movie,International Movies,2015,TV-MA
Kevin Hart: Irresponsible,Movie,Stand-Up Comedy,2019,TV-MA
Kicko & Super Speedo,TV Show,Kids' TV,2018,TV-Y7
Kicko & Super Speedo,TV Show,TV Comedies,2018,TV-Y7
Love O2O,Movie,International Movies,2016,TV-14
Love O2O,Movie,Romantic Movies,2016,TV-14
Love O2O,Movie,Sci-Fi & Fantasy,2016,TV-14
Pinky Memsaab,Movie,Dramas,2018,TV-MA
Pinky Memsaab,Movie,Independent Movies,2018,TV-MA
Pinky Memsaab,Movie,International Movies,2018,TV-MA
"That Winter, the Wind Blows",TV Show,International TV Shows,2013,TV-MA
"That Winter, the Wind Blows",TV Show,Korean TV Shows,2013,TV-MA
"That Winter, the Wind Blows",TV Show,Romantic TV Shows,2013,TV-MA
The Trap,Movie,Comedies,2017,TV-MA
Ultraman,TV Show,Anime Series,2019,TV-14
Ultraman,TV Show,International TV Shows,2019,TV-14
Mercy Black,Movie,Horror Movies,2019,TV-14
The Burial of Kojo,Movie,Dramas,2018,TV-14
The Burial of Kojo,Movie,Independent Movies,2018,TV-14
The Burial of Kojo,Movie,International Movies,2018,TV-14
Pablo,TV Show,British TV Shows,2017,TV-Y
Pablo,TV Show,Kids' TV,2017,TV-Y
15 August,Movie,Comedies,2019,TV-14
15 August,Movie,Dramas,2019,TV-14
15 August,Movie,Independent Movies,2019,TV-14
Bayonet,Movie,Dramas,2019,TV-MA
Bayonet,Movie,International Movies,2019,TV-MA
Bayonet,Movie,Sports Movies,2019,TV-MA
Osmosis,TV Show,International TV Shows,2019,TV-MA
Osmosis,TV Show,TV Dramas,2019,TV-MA
Osmosis,TV Show,TV Mysteries,2019,TV-MA
Santa Clarita Diet,TV Show,TV Comedies,2019,TV-MA
Santa Clarita Diet,TV Show,TV Horror,2019,TV-MA
Santa Clarita Diet,TV Show,TV Thrillers,2019,TV-MA
The Highwaymen,Movie,Dramas,2019,R
The Legend of Cocaine Island,Movie,Documentaries,2019,TV-MA
The Terminal,TV Show,International TV Shows,2018,TV-14
The Terminal,TV Show,TV Dramas,2018,TV-14
Traitors,TV Show,British TV Shows,2019,TV-MA
Traitors,TV Show,International TV Shows,2019,TV-MA
Traitors,TV Show,TV Dramas,2019,TV-MA
Versailles,TV Show,International TV Shows,2018,TV-MA
Versailles,TV Show,TV Dramas,2018,TV-MA
Ainori Love Wagon: Asian Journey,TV Show,International TV Shows,2018,TV-MA
Ainori Love Wagon: Asian Journey,TV Show,Reality TV,2018,TV-MA
Ainori Love Wagon: Asian Journey,TV Show,Romantic TV Shows,2018,TV-MA
Danur: I Can See Ghosts,Movie,Horror Movies,2017,TV-MA
Danur: I Can See Ghosts,Movie,International Movies,2017,TV-MA
Verses of Love,Movie,Dramas,2008,TV-PG
Verses of Love,Movie,International Movies,2008,TV-PG
Verses of Love,Movie,Romantic Movies,2008,TV-PG
Nate Bargatze: The Tennessee Kid,Movie,Stand-Up Comedy,2019,TV-PG
Sei,Movie,Action & Adventure,2018,TV-14
Sei,Movie,Comedies,2018,TV-14
Sei,Movie,Dramas,2018,TV-14
The Eagle of El-Se'eed,TV Show,Crime TV Shows,2018,TV-14
The Eagle of El-Se'eed,TV Show,International TV Shows,2018,TV-14
The Eagle of El-Se'eed,TV Show,TV Action & Adventure,2018,TV-14
Superlopez,Movie,Action & Adventure,2018,TV-MA
Superlopez,Movie,Comedies,2018,TV-MA
Superlopez,Movie,International Movies,2018,TV-MA
Oversize Cops,Movie,Action & Adventure,2017,TV-MA
Oversize Cops,Movie,Comedies,2017,TV-MA
Oversize Cops,Movie,International Movies,2017,TV-MA
Charlie's Colorforms City,TV Show,Kids' TV,2019,TV-Y
Crime Diaries: The Candidate,TV Show,Crime TV Shows,2019,TV-MA
Crime Diaries: The Candidate,TV Show,International TV Shows,2019,TV-MA
Crime Diaries: The Candidate,TV Show,Spanish-Language TV Shows,2019,TV-MA
Delhi Crime,TV Show,Crime TV Shows,2019,TV-MA
Delhi Crime,TV Show,International TV Shows,2019,TV-MA
Delhi Crime,TV Show,TV Dramas,2019,TV-MA
Mirage,Movie,Dramas,2018,TV-MA
Mirage,Movie,International Movies,2018,TV-MA
Mirage,Movie,Sci-Fi & Fantasy,2018,TV-MA
ReMastered: The Miami Showband Massacre,Movie,Documentaries,2019,TV-MA
ReMastered: The Miami Showband Massacre,Movie,Music & Musicals,2019,TV-MA
The 10 Sins,TV Show,International TV Shows,2018,TV-14
The 10 Sins,TV Show,TV Dramas,2018,TV-14
The Dirt,Movie,Comedies,2019,TV-MA
The Dirt,Movie,Dramas,2019,TV-MA
The Dirt,Movie,Music & Musicals,2019,TV-MA
The OA,TV Show,TV Dramas,2019,TV-MA
The OA,TV Show,TV Mysteries,2019,TV-MA
The OA,TV Show,TV Sci-Fi & Fantasy,2019,TV-MA
Antoine Griezmann: The Making of a Legend,Movie,Documentaries,2019,TV-PG
Antoine Griezmann: The Making of a Legend,Movie,International Movies,2019,TV-PG
Antoine Griezmann: The Making of a Legend,Movie,Sports Movies,2019,TV-PG
Bo on the Go!,TV Show,Kids' TV,2007,TV-Y
Stay Tuned!,TV Show,International TV Shows,2019,TV-14
Stay Tuned!,TV Show,TV Comedies,2019,TV-14
Stay Tuned!,TV Show,TV Dramas,2019,TV-14
The Amazing Praybeyt Benjamin,Movie,Action & Adventure,2014,TV-14
The Amazing Praybeyt Benjamin,Movie,Comedies,2014,TV-14
The Amazing Praybeyt Benjamin,Movie,International Movies,2014,TV-14
The Super Parental Guardians,Movie,Action & Adventure,2016,TV-14
The Super Parental Guardians,Movie,Comedies,2016,TV-14
The Super Parental Guardians,Movie,International Movies,2016,TV-14
The Third Party,Movie,Comedies,2016,TV-MA
The Third Party,Movie,Dramas,2016,TV-MA
The Third Party,Movie,International Movies,2016,TV-MA
The Unmarried Wife,Movie,Dramas,2016,TV-MA
The Unmarried Wife,Movie,International Movies,2016,TV-MA
The Unmarried Wife,Movie,Romantic Movies,2016,TV-MA
Vince and Kath and James,Movie,International Movies,2016,TV-PG
Vince and Kath and James,Movie,Romantic Movies,2016,TV-PG
Alexis Viera: A Story of Surviving,Movie,Documentaries,2019,TV-MA
Alexis Viera: A Story of Surviving,Movie,International Movies,2019,TV-MA
Alexis Viera: A Story of Surviving,Movie,Sports Movies,2019,TV-MA
February 9,TV Show,International TV Shows,2018,TV-14
February 9,TV Show,TV Dramas,2018,TV-14
Imago,Movie,Dramas,2018,TV-PG
Imago,Movie,Independent Movies,2018,TV-PG
Imago,Movie,International Movies,2018,TV-PG
My Husband Won't Fit,TV Show,International TV Shows,2019,TV-MA
My Husband Won't Fit,TV Show,Romantic TV Shows,2019,TV-MA
My Husband Won't Fit,TV Show,TV Dramas,2019,TV-MA
Amy Schumer Growing,Movie,Stand-Up Comedy,2019,TV-MA
5 Flights Up,Movie,Comedies,2014,PG-13
5 Flights Up,Movie,Dramas,2014,PG-13
5 Flights Up,Movie,Independent Movies,2014,PG-13
Green Door,TV Show,International TV Shows,2019,TV-MA
Green Door,TV Show,Romantic TV Shows,2019,TV-MA
Green Door,TV Show,TV Comedies,2019,TV-MA
Bombairiya,Movie,Comedies,2018,TV-MA
Bombairiya,Movie,Dramas,2018,TV-MA
Bombairiya,Movie,International Movies,2018,TV-MA
Burn Out,Movie,Action & Adventure,2017,TV-MA
Burn Out,Movie,International Movies,2017,TV-MA
Edoardo Ferrario: Temi Caldi,Movie,Stand-Up Comedy,2019,TV-MA
Girl,Movie,Dramas,2018,R
Girl,Movie,International Movies,2018,R
Girl,Movie,LGBTQ Movies,2018,R
If I Hadn't Met You,TV Show,International TV Shows,2018,TV-MA
If I Hadn't Met You,TV Show,Romantic TV Shows,2018,TV-MA
If I Hadn't Met You,TV Show,TV Dramas,2018,TV-MA
Jeff Dunham: Arguing with Myself,Movie,Stand-Up Comedy,2006,TV-MA
Jeff Dunham: Controlled Chaos,Movie,Stand-Up Comedy,2011,TV-MA
Jeff Dunham: Minding the Monsters,Movie,Stand-Up Comedy,2012,TV-MA
Jeff Dunham's Very Special Christmas Special,Movie,Stand-Up Comedy,2008,TV-MA
Late Life: The Chien-Ming Wang Story,Movie,Documentaries,2018,TV-14
Late Life: The Chien-Ming Wang Story,Movie,Sports Movies,2018,TV-14
My Pride,TV Show,International TV Shows,2018,TV-14
My Pride,TV Show,TV Dramas,2018,TV-14
Paskal,Movie,Action & Adventure,2018,TV-14
Paskal,Movie,Dramas,2018,TV-14
Paskal,Movie,International Movies,2018,TV-14
Robozuna,TV Show,British TV Shows,2018,TV-Y7
Robozuna,TV Show,Kids' TV,2018,TV-Y7
The Disappearance of Madeleine McCann,TV Show,Crime TV Shows,2019,TV-14
The Disappearance of Madeleine McCann,TV Show,Docuseries,2019,TV-14
Turn Up Charlie,TV Show,British TV Shows,2019,TV-MA
Turn Up Charlie,TV Show,International TV Shows,2019,TV-MA
Turn Up Charlie,TV Show,TV Comedies,2019,TV-MA
A Love Story,Movie,Dramas,2007,TV-14
A Love Story,Movie,International Movies,2007,TV-14
A Love Story,Movie,Romantic Movies,2007,TV-14
Barcelona: A Love Untold,Movie,Dramas,2016,TV-14
Barcelona: A Love Untold,Movie,International Movies,2016,TV-14
Barcelona: A Love Untold,Movie,Romantic Movies,2016,TV-14
Everything About Her,Movie,Comedies,2016,TV-MA
Everything About Her,Movie,Dramas,2016,TV-MA
Everything About Her,Movie,International Movies,2016,TV-MA
Finally Found Someone,Movie,International Movies,2017,TV-14
Finally Found Someone,Movie,Romantic Movies,2017,TV-14
Seven Sundays,Movie,Comedies,2017,TV-MA
Seven Sundays,Movie,Dramas,2017,TV-MA
Seven Sundays,Movie,International Movies,2017,TV-MA
More to Say,TV Show,International TV Shows,2018,TV-14
More to Say,TV Show,TV Dramas,2018,TV-14
More to Say,TV Show,TV Mysteries,2018,TV-14
The Land of Hypocrisy,TV Show,International TV Shows,2018,TV-14
The Land of Hypocrisy,TV Show,TV Comedies,2018,TV-14
The Land of Hypocrisy,TV Show,TV Sci-Fi & Fantasy,2018,TV-14
Triple Frontier,Movie,Action & Adventure,2019,R
Jimmy Carr: The Best of Ultimate Gold Greatest Hits,Movie,Stand-Up Comedy,2019,TV-MA
Eugenie Nights,TV Show,International TV Shows,2018,TV-14
Eugenie Nights,TV Show,Romantic TV Shows,2018,TV-14
Eugenie Nights,TV Show,TV Dramas,2018,TV-14
This Evening,TV Show,International TV Shows,2017,TV-14
This Evening,TV Show,TV Dramas,2017,TV-14
Into the Badlands,TV Show,TV Action & Adventure,2018,TV-MA
Bangkok Love Stories: Hey You!,TV Show,International TV Shows,2018,TV-14
Bangkok Love Stories: Hey You!,TV Show,Romantic TV Shows,2018,TV-14
Bangkok Love Stories: Hey You!,TV Show,TV Dramas,2018,TV-14
Disappearance,TV Show,International TV Shows,2018,TV-MA
Disappearance,TV Show,TV Dramas,2018,TV-MA
Disappearance,TV Show,TV Mysteries,2018,TV-MA
Hajwala 2: Mysterious Mission,Movie,Action & Adventure,2018,TV-14
Hajwala 2: Mysterious Mission,Movie,Comedies,2018,TV-14
Hajwala 2: Mysterious Mission,Movie,International Movies,2018,TV-14
Immortals,TV Show,International TV Shows,2018,TV-MA
Immortals,TV Show,TV Dramas,2018,TV-MA
Immortals,TV Show,TV Horror,2018,TV-MA
Juanita,Movie,Dramas,2019,TV-MA
Juanita,Movie,Independent Movies,2019,TV-MA
Juanita,Movie,Romantic Movies,2019,TV-MA
Lady J,Movie,Dramas,2019,TV-MA
Lady J,Movie,Independent Movies,2019,TV-MA
Lady J,Movie,International Movies,2019,TV-MA
The Confrontation,TV Show,International TV Shows,2018,TV-PG
The Confrontation,TV Show,TV Dramas,2018,TV-PG
Walk. Ride. Rodeo.,Movie,Children & Family Movies,2019,TV-PG
Walk. Ride. Rodeo.,Movie,Dramas,2019,TV-PG
Nappily Ever After,Movie,Comedies,2018,TV-MA
Nappily Ever After,Movie,Dramas,2018,TV-MA
Nappily Ever After,Movie,Romantic Movies,2018,TV-MA
Sisterakas,Movie,Comedies,2012,TV-14
Sisterakas,Movie,International Movies,2012,TV-14
Starting Over Again,Movie,Dramas,2014,TV-14
Starting Over Again,Movie,International Movies,2014,TV-14
Starting Over Again,Movie,Romantic Movies,2014,TV-14
That Thing Called Tadhana,Movie,Dramas,2015,TV-MA
That Thing Called Tadhana,Movie,International Movies,2015,TV-MA
That Thing Called Tadhana,Movie,Romantic Movies,2015,TV-MA
The Love Affair,Movie,Dramas,2015,TV-MA
The Love Affair,Movie,International Movies,2015,TV-MA
The Love Affair,Movie,Romantic Movies,2015,TV-MA
American Crime Story: The People v. O.J. Simpson,TV Show,Crime TV Shows,2016,TV-MA
American Crime Story: The People v. O.J. Simpson,TV Show,TV Dramas,2016,TV-MA
Secret City,TV Show,International TV Shows,2016,TV-MA
Secret City,TV Show,TV Dramas,2016,TV-MA
Secret City,TV Show,TV Mysteries,2016,TV-MA
A Korean Odyssey,TV Show,International TV Shows,2017,TV-MA
A Korean Odyssey,TV Show,Korean TV Shows,2017,TV-MA
A Korean Odyssey,TV Show,Romantic TV Shows,2017,TV-MA
The Hard Way,Movie,Action & Adventure,2019,TV-MA
Everyday I Love You,Movie,Dramas,2015,TV-14
Everyday I Love You,Movie,International Movies,2015,TV-14
Everyday I Love You,Movie,Romantic Movies,2015,TV-14
No Other Woman,Movie,Dramas,2011,TV-MA
No Other Woman,Movie,International Movies,2011,TV-MA
No Other Woman,Movie,Romantic Movies,2011,TV-MA
River's Edge,Movie,Dramas,2018,TV-MA
River's Edge,Movie,International Movies,2018,TV-MA
Sarkar,Movie,Action & Adventure,2018,TV-MA
Sarkar,Movie,Dramas,2018,TV-MA
Sarkar,Movie,International Movies,2018,TV-MA
Weapon of Choice,Movie,Documentaries,2018,TV-MA
Weapon of Choice,Movie,International Movies,2018,TV-MA
"2,215",Movie,Documentaries,2018,TV-MA
"2,215",Movie,International Movies,2018,TV-MA
"2,215",Movie,Sports Movies,2018,TV-MA
BNK48: Girls Don't Cry,Movie,Documentaries,2018,TV-14
BNK48: Girls Don't Cry,Movie,International Movies,2018,TV-14
BNK48: Girls Don't Cry,Movie,Music & Musicals,2018,TV-14
Budapest,Movie,Comedies,2018,TV-MA
Budapest,Movie,International Movies,2018,TV-MA
Cricket Fever: Mumbai Indians,TV Show,Docuseries,2019,TV-MA
Cricket Fever: Mumbai Indians,TV Show,International TV Shows,2019,TV-MA
Larva Island,TV Show,Kids' TV,2019,TV-Y7
Larva Island,TV Show,Korean TV Shows,2019,TV-Y7
Larva Island,TV Show,TV Comedies,2019,TV-Y7
Losers,TV Show,Docuseries,2019,TV-MA
Northern Rescue,TV Show,TV Dramas,2019,TV-14
Pants on Fire,Movie,Children & Family Movies,2014,TV-G
Pants on Fire,Movie,Comedies,2014,TV-G
Paranormal Investigation,Movie,Horror Movies,2018,TV-14
Paranormal Investigation,Movie,International Movies,2018,TV-14
Paranormal Investigation,Movie,Thrillers,2018,TV-14
Radio Rebel,Movie,Children & Family Movies,2012,TV-G
Radio Rebel,Movie,Comedies,2012,TV-G
Sarvam Thaala Mayam (Tamil Version),Movie,Dramas,2018,TV-14
Sarvam Thaala Mayam (Tamil Version),Movie,International Movies,2018,TV-14
Sarvam Thaala Mayam (Tamil Version),Movie,Music & Musicals,2018,TV-14
The Boy Who Harnessed the Wind,Movie,Children & Family Movies,2019,TV-PG
The Boy Who Harnessed the Wind,Movie,Dramas,2019,TV-PG
The Boy Who Harnessed the Wind,Movie,Independent Movies,2019,TV-PG
The Disastrous Life of Saiki K.,TV Show,Anime Series,2018,TV-14
The Disastrous Life of Saiki K.,TV Show,International TV Shows,2018,TV-14
The Disastrous Life of Saiki K.,TV Show,Teen TV Shows,2018,TV-14
The Last Runway,Movie,Action & Adventure,2018,TV-MA
The Last Runway,Movie,International Movies,2018,TV-MA
The Spiderwick Chronicles,Movie,Children & Family Movies,2008,PG
Your Son,Movie,Dramas,2018,TV-MA
Your Son,Movie,International Movies,2018,TV-MA
Your Son,Movie,Thrillers,2018,TV-MA
Quién te cantará,Movie,Dramas,2018,TV-MA
Quién te cantará,Movie,Independent Movies,2018,TV-MA
Quién te cantará,Movie,International Movies,2018,TV-MA
A Second Chance,Movie,Dramas,2015,TV-MA
A Second Chance,Movie,International Movies,2015,TV-MA
A Second Chance,Movie,Romantic Movies,2015,TV-MA
Beauty and the Bestie,Movie,Action & Adventure,2015,TV-14
Beauty and the Bestie,Movie,Comedies,2015,TV-14
Beauty and the Bestie,Movie,International Movies,2015,TV-14
Bride For Rent,Movie,Comedies,2014,TV-PG
Bride For Rent,Movie,International Movies,2014,TV-PG
Bride For Rent,Movie,Romantic Movies,2014,TV-PG
Can't Help Falling in Love,Movie,Comedies,2017,TV-14
Can't Help Falling in Love,Movie,Dramas,2017,TV-14
Can't Help Falling in Love,Movie,International Movies,2017,TV-14
Evening Shadows,Movie,Dramas,2018,TV-PG
Evening Shadows,Movie,Independent Movies,2018,TV-PG
Evening Shadows,Movie,International Movies,2018,TV-PG
Four Sisters and a Wedding,Movie,Comedies,2013,TV-14
Four Sisters and a Wedding,Movie,Dramas,2013,TV-14
Four Sisters and a Wedding,Movie,International Movies,2013,TV-14
It Takes a Man and a Woman,Movie,Comedies,2013,TV-PG
It Takes a Man and a Woman,Movie,International Movies,2013,TV-PG
It Takes a Man and a Woman,Movie,Romantic Movies,2013,TV-PG
My Ex & Whys,Movie,Comedies,2017,TV-14
My Ex & Whys,Movie,Dramas,2017,TV-14
My Ex & Whys,Movie,International Movies,2017,TV-14
She's Dating the Gangster,Movie,Dramas,2014,TV-14
She's Dating the Gangster,Movie,International Movies,2014,TV-14
She's Dating the Gangster,Movie,Romantic Movies,2014,TV-14
The Breakup Playlist,Movie,Dramas,2015,TV-MA
The Breakup Playlist,Movie,International Movies,2015,TV-MA
The Breakup Playlist,Movie,Music & Musicals,2015,TV-MA
The Mistress,Movie,Dramas,2012,TV-MA
The Mistress,Movie,International Movies,2012,TV-MA
The Mistress,Movie,Romantic Movies,2012,TV-MA
Unsolved,TV Show,Crime TV Shows,2018,TV-MA
Unsolved,TV Show,TV Dramas,2018,TV-MA
Zach Galifianakis: Live at the Purple Onion,Movie,Stand-Up Comedy,2006,TV-MA
Life of An Outcast,Movie,Dramas,2018,TV-PG
Life of An Outcast,Movie,Independent Movies,2018,TV-PG
Life of An Outcast,Movie,International Movies,2018,TV-PG
The Photographer Of Mauthausen,Movie,Dramas,2018,TV-MA
The Photographer Of Mauthausen,Movie,International Movies,2018,TV-MA
Bert Kreischer: The Machine,Movie,Stand-Up Comedy,2016,TV-MA
Chef's Table,TV Show,Docuseries,2019,TV-MA
Chef's Table,TV Show,Reality TV,2019,TV-MA
Firebrand,Movie,Dramas,2019,TV-MA
Firebrand,Movie,International Movies,2019,TV-MA
Paddleton,Movie,Comedies,2019,TV-MA
Paddleton,Movie,Dramas,2019,TV-MA
Paddleton,Movie,Independent Movies,2019,TV-MA
Paris Is Us,Movie,Dramas,2019,TV-MA
Paris Is Us,Movie,Independent Movies,2019,TV-MA
Paris Is Us,Movie,International Movies,2019,TV-MA
Shonar Pahar,Movie,Dramas,2018,TV-PG
Shonar Pahar,Movie,Independent Movies,2018,TV-PG
Shonar Pahar,Movie,International Movies,2018,TV-PG
The Big Family Cooking Showdown,TV Show,British TV Shows,2018,TV-PG
The Big Family Cooking Showdown,TV Show,International TV Shows,2018,TV-PG
The Big Family Cooking Showdown,TV Show,Reality TV,2018,TV-PG
Z4,TV Show,Kids' TV,2018,TV-PG
The Drug King,Movie,Dramas,2018,TV-MA
The Drug King,Movie,International Movies,2018,TV-MA
The Drug King,Movie,Thrillers,2018,TV-MA
Kevin James: Sweat the Small Stuff,Movie,Stand-Up Comedy,2001,TV-PG
Transformer,Movie,Documentaries,2017,TV-MA
Transformer,Movie,LGBTQ Movies,2017,TV-MA
Genius,Movie,Dramas,2018,TV-14
Genius,Movie,Independent Movies,2018,TV-14
Genius,Movie,International Movies,2018,TV-14
Black Sea,Movie,Action & Adventure,2015,R
Black Sea,Movie,Dramas,2015,R
Black Sea,Movie,International Movies,2015,R
Studio 54,Movie,Documentaries,2018,TV-MA
Awe,Movie,Dramas,2018,TV-MA
Awe,Movie,International Movies,2018,TV-MA
Awe,Movie,Sci-Fi & Fantasy,2018,TV-MA
Ayana,Movie,Dramas,2017,TV-MA
Ayana,Movie,Independent Movies,2017,TV-MA
Ayana,Movie,International Movies,2017,TV-MA
Behind the Curve,Movie,Documentaries,2018,TV-14
Buddies,Movie,Comedies,2012,TV-MA
Buddies,Movie,Dramas,2012,TV-MA
Buddies,Movie,Independent Movies,2012,TV-MA
Candyflip,Movie,Dramas,2017,TV-MA
Candyflip,Movie,Independent Movies,2017,TV-MA
Candyflip,Movie,International Movies,2017,TV-MA
Chameli,Movie,Dramas,2004,TV-14
Chameli,Movie,International Movies,2004,TV-14
Fatso,Movie,Comedies,2012,TV-14
Fatso,Movie,Dramas,2012,TV-14
Fatso,Movie,International Movies,2012,TV-14
Hjørdis,TV Show,International TV Shows,2015,TV-MA
Hjørdis,TV Show,TV Comedies,2015,TV-MA
Hjørdis,TV Show,TV Dramas,2015,TV-MA
Larry Charles' Dangerous World of Comedy,TV Show,Docuseries,2019,TV-MA
Larry Charles' Dangerous World of Comedy,TV Show,TV Comedies,2019,TV-MA
Neevevaro,Movie,Dramas,2018,TV-14
Neevevaro,Movie,International Movies,2018,TV-14
Neevevaro,Movie,Romantic Movies,2018,TV-14
Pyaar Ke Side Effects,Movie,Comedies,2006,TV-MA
Pyaar Ke Side Effects,Movie,International Movies,2006,TV-MA
Pyaar Ke Side Effects,Movie,Romantic Movies,2006,TV-MA
Sur: The Melody of Life,Movie,Dramas,2002,TV-14
Sur: The Melody of Life,Movie,International Movies,2002,TV-14
The 43,TV Show,Crime TV Shows,2019,TV-MA
The 43,TV Show,Docuseries,2019,TV-MA
The 43,TV Show,International TV Shows,2019,TV-MA
The Breaker Upperers,Movie,Comedies,2018,TV-MA
The Breaker Upperers,Movie,Independent Movies,2018,TV-MA
The Breaker Upperers,Movie,International Movies,2018,TV-MA
The Kirlian Frequency,TV Show,International TV Shows,2017,TV-14
The Kirlian Frequency,TV Show,Spanish-Language TV Shows,2017,TV-14
The Kirlian Frequency,TV Show,TV Horror,2017,TV-14
Ugly Aur Pagli,Movie,Comedies,2008,TV-14
Ugly Aur Pagli,Movie,International Movies,2008,TV-14
Ugly Aur Pagli,Movie,Romantic Movies,2008,TV-14
Yucatán,Movie,Comedies,2018,TV-MA
Yucatán,Movie,International Movies,2018,TV-MA
Barbie Dreamhouse Adventures,TV Show,Kids' TV,2018,TV-Y
"Ken Jeong: You Complete Me, Ho",Movie,Stand-Up Comedy,2019,TV-MA
Velvet Colección,TV Show,International TV Shows,2018,TV-14
Velvet Colección,TV Show,Romantic TV Shows,2018,TV-14
Velvet Colección,TV Show,Spanish-Language TV Shows,2018,TV-14
Period. End of Sentence.,Movie,Documentaries,2018,TV-PG
Iron Ladies,TV Show,International TV Shows,2018,TV-14
Iron Ladies,TV Show,Romantic TV Shows,2018,TV-14
Iron Ladies,TV Show,TV Dramas,2018,TV-14
The Break,TV Show,Crime TV Shows,2018,TV-MA
The Break,TV Show,International TV Shows,2018,TV-MA
The Break,TV Show,TV Dramas,2018,TV-MA
High Flying Bird,Movie,Dramas,2019,TV-MA
High Flying Bird,Movie,Sports Movies,2019,TV-MA
Kevin Hart's Guide to Black History,Movie,Children & Family Movies,2019,TV-PG
Kevin Hart's Guide to Black History,Movie,Comedies,2019,TV-PG
One Day at a Time,TV Show,TV Comedies,2019,TV-PG
ReMastered: The Two Killings of Sam Cooke,Movie,Documentaries,2019,TV-MA
ReMastered: The Two Killings of Sam Cooke,Movie,Music & Musicals,2019,TV-MA
The Tree of Blood,Movie,Dramas,2018,TV-MA
The Tree of Blood,Movie,Independent Movies,2018,TV-MA
The Tree of Blood,Movie,International Movies,2018,TV-MA
The Last of the Schmucks,TV Show,International TV Shows,2017,TV-MA
The Last of the Schmucks,TV Show,TV Comedies,2017,TV-MA
Hidden Worlds,TV Show,Crime TV Shows,2018,TV-14
Hidden Worlds,TV Show,International TV Shows,2018,TV-14
Hidden Worlds,TV Show,TV Dramas,2018,TV-14
Live,TV Show,Crime TV Shows,2018,TV-MA
Live,TV Show,International TV Shows,2018,TV-MA
Live,TV Show,Korean TV Shows,2018,TV-MA
"Ray Romano: Right Here, Around the Corner",Movie,Stand-Up Comedy,2019,TV-MA
Safe,TV Show,British TV Shows,2018,TV-MA
Safe,TV Show,Crime TV Shows,2018,TV-MA
Safe,TV Show,International TV Shows,2018,TV-MA
Tayee,TV Show,International TV Shows,2018,TV-MA
Tayee,TV Show,TV Dramas,2018,TV-MA
Violet Evergarden,TV Show,Anime Series,2018,TV-14
Violet Evergarden,TV Show,International TV Shows,2018,TV-14
Violet Evergarden,TV Show,Romantic TV Shows,2018,TV-14
Romance is a bonus book,TV Show,International TV Shows,2019,TV-14
Romance is a bonus book,TV Show,Korean TV Shows,2019,TV-14
Romance is a bonus book,TV Show,Romantic TV Shows,2019,TV-14
Await Further Instructions,Movie,Horror Movies,2018,TV-MA
Await Further Instructions,Movie,Sci-Fi & Fantasy,2018,TV-MA
Manusangada,Movie,Dramas,2017,TV-14
Manusangada,Movie,Independent Movies,2017,TV-14
Manusangada,Movie,International Movies,2017,TV-14
14 Minutes from Earth,Movie,Documentaries,2016,TV-MA
Dear Ex,Movie,Comedies,2018,TV-MA
Dear Ex,Movie,Dramas,2018,TV-MA
Dear Ex,Movie,International Movies,2018,TV-MA
Free Rein: Valentine's Day,Movie,Children & Family Movies,2019,TV-G
Free Rein: Valentine's Day,Movie,Dramas,2019,TV-G
Lego DC Comics: Batman Be-Leaguered,Movie,Movies,2014,TV-Y7
LEGO Marvel Super Heroes: Black Panther,Movie,Children & Family Movies,2018,TV-Y7
LEGO Marvel Super Heroes: Guardians of the Galaxy,Movie,Children & Family Movies,2017,TV-Y
Littlest Pet Shop: A World of Our Own,TV Show,Kids' TV,2018,TV-Y7
Russian Doll,TV Show,TV Comedies,2019,TV-MA
Russian Doll,TV Show,TV Dramas,2019,TV-MA
Sparta,TV Show,Crime TV Shows,2018,TV-MA
Sparta,TV Show,International TV Shows,2018,TV-MA
Sparta,TV Show,TV Dramas,2018,TV-MA
Sword Art Online Alternative: Gun Gale Online,TV Show,Anime Series,2018,TV-MA
Sword Art Online Alternative: Gun Gale Online,TV Show,International TV Shows,2018,TV-MA
True: Happy Hearts Day,Movie,Children & Family Movies,2019,TV-Y
Velvet Buzzsaw,Movie,Dramas,2019,R
Velvet Buzzsaw,Movie,Thrillers,2019,R
Hantu Kak Limah,Movie,Comedies,2018,TV-PG
Hantu Kak Limah,Movie,Horror Movies,2018,TV-PG
Hantu Kak Limah,Movie,International Movies,2018,TV-PG
Love Off the Cuff,Movie,Comedies,2017,TV-MA
Love Off the Cuff,Movie,Dramas,2017,TV-MA
Love Off the Cuff,Movie,International Movies,2017,TV-MA
Paprika,TV Show,Kids' TV,2018,TV-Y
Maharaja: The Story of Ranjit Singh,Movie,Dramas,2010,TV-14
Maharaja: The Story of Ranjit Singh,Movie,International Movies,2010,TV-14
Virsa,Movie,Dramas,2010,TV-14
Virsa,Movie,International Movies,2010,TV-14
Virsa,Movie,Music & Musicals,2010,TV-14
Bhasmasur,Movie,Dramas,2017,TV-14
Bhasmasur,Movie,Independent Movies,2017,TV-14
Bhasmasur,Movie,International Movies,2017,TV-14
"Gabriel ""Fluffy"" Iglesias: One Show Fits All",Movie,Stand-Up Comedy,2019,TV-14
High Society,Movie,Dramas,2018,TV-MA
High Society,Movie,International Movies,2018,TV-MA
Up Among  The Stars,Movie,Dramas,2018,TV-MA
Up Among  The Stars,Movie,International Movies,2018,TV-MA
Up Among  The Stars,Movie,Sci-Fi & Fantasy,2018,TV-MA
Alt-Right: Age of Rage,Movie,Documentaries,2018,TV-MA
Habibie & Ainun,Movie,Dramas,2012,TV-14
Habibie & Ainun,Movie,International Movies,2012,TV-14
Habibie & Ainun,Movie,Romantic Movies,2012,TV-14
Nathicharami,Movie,Dramas,2018,TV-MA
Nathicharami,Movie,Independent Movies,2018,TV-MA
Nathicharami,Movie,International Movies,2018,TV-MA
Rudy Habibie,Movie,Dramas,2016,TV-14
Rudy Habibie,Movie,International Movies,2016,TV-14
Surga Yang Tak Dirindukan,Movie,Dramas,2015,TV-14
Surga Yang Tak Dirindukan,Movie,Faith & Spirituality,2015,TV-14
Surga Yang Tak Dirindukan,Movie,International Movies,2015,TV-14
Surga Yang Tak Dirindukan 2,Movie,Dramas,2017,TV-14
Surga Yang Tak Dirindukan 2,Movie,Faith & Spirituality,2017,TV-14
Surga Yang Tak Dirindukan 2,Movie,International Movies,2017,TV-14
A Taiwanese Tale of Two Cities,TV Show,International TV Shows,2018,TV-MA
A Taiwanese Tale of Two Cities,TV Show,TV Dramas,2018,TV-MA
Z Nation,TV Show,TV Action & Adventure,2018,TV-MA
Z Nation,TV Show,TV Comedies,2018,TV-MA
Z Nation,TV Show,TV Horror,2018,TV-MA
Goyo: The Boy General,Movie,Dramas,2018,TV-MA
Goyo: The Boy General,Movie,International Movies,2018,TV-MA
Animas,Movie,Horror Movies,2018,TV-MA
Animas,Movie,International Movies,2018,TV-MA
Black Earth Rising,TV Show,British TV Shows,2018,TV-MA
Black Earth Rising,TV Show,International TV Shows,2018,TV-MA
Black Earth Rising,TV Show,TV Dramas,2018,TV-MA
Club of Crows,TV Show,International TV Shows,2019,TV-MA
Club of Crows,TV Show,Spanish-Language TV Shows,2019,TV-MA
Club of Crows,TV Show,TV Comedies,2019,TV-MA
Examination of Conscience,TV Show,Crime TV Shows,2019,TV-MA
Examination of Conscience,TV Show,Docuseries,2019,TV-MA
Examination of Conscience,TV Show,International TV Shows,2019,TV-MA
Mi Obra Maestra,Movie,Comedies,2018,TV-MA
Mi Obra Maestra,Movie,International Movies,2018,TV-MA
Polar,Movie,Action & Adventure,2019,TV-MA
Polar,Movie,International Movies,2019,TV-MA
The Perfect Match,TV Show,International TV Shows,2017,TV-14
The Perfect Match,TV Show,Romantic TV Shows,2017,TV-14
The Perfect Match,TV Show,TV Comedies,2017,TV-14
Conversations with a Killer: The Ted Bundy Tapes,TV Show,Crime TV Shows,2019,TV-MA
Conversations with a Killer: The Ted Bundy Tapes,TV Show,Docuseries,2019,TV-MA
Just Love,Movie,Dramas,2018,TV-MA
Just Love,Movie,International Movies,2018,TV-MA
Just Love,Movie,Music & Musicals,2018,TV-MA
Innocent,TV Show,Crime TV Shows,2017,TV-MA
Innocent,TV Show,International TV Shows,2017,TV-MA
Innocent,TV Show,TV Dramas,2017,TV-MA
Close,Movie,Action & Adventure,2019,TV-MA
Close,Movie,International Movies,2019,TV-MA
FYRE: The Greatest Party That Never Happened,Movie,Documentaries,2019,TV-MA
IO,Movie,Dramas,2019,TV-14
IO,Movie,Sci-Fi & Fantasy,2019,TV-14
Marvel's The Punisher,TV Show,Crime TV Shows,2019,TV-MA
Marvel's The Punisher,TV Show,TV Action & Adventure,2019,TV-MA
Marvel's The Punisher,TV Show,TV Thrillers,2019,TV-MA
Memory Love,TV Show,International TV Shows,2017,TV-14
Memory Love,TV Show,Romantic TV Shows,2017,TV-14
Memory Love,TV Show,TV Dramas,2017,TV-14
Old Lord Savanna,Movie,Documentaries,2018,TV-14
Old Lord Savanna,Movie,International Movies,2018,TV-14
Patria,Movie,Documentaries,2019,TV-MA
Patria,Movie,International Movies,2019,TV-MA
Soni,Movie,Dramas,2018,TV-MA
Soni,Movie,Independent Movies,2018,TV-MA
Soni,Movie,International Movies,2018,TV-MA
The World's Most Extraordinary Homes,TV Show,British TV Shows,2019,TV-G
The World's Most Extraordinary Homes,TV Show,Docuseries,2019,TV-G
The World's Most Extraordinary Homes,TV Show,International TV Shows,2019,TV-G
Trigger Warning with Killer Mike,TV Show,Docuseries,2019,TV-MA
Trigger Warning with Killer Mike,TV Show,Stand-Up Comedy & Talk Shows,2019,TV-MA
Abducted in Plain Sight,Movie,Documentaries,2017,TV-14
"Abdullah, The Final Witness",Movie,Dramas,2016,TV-14
"Abdullah, The Final Witness",Movie,International Movies,2016,TV-14
Adhugo,Movie,Comedies,2018,TV-14
Adhugo,Movie,Independent Movies,2018,TV-14
Adhugo,Movie,International Movies,2018,TV-14
Echcharikkai,Movie,International Movies,2018,TV-14
Echcharikkai,Movie,Thrillers,2018,TV-14
Lavender,TV Show,International TV Shows,2002,TV-14
Lavender,TV Show,Romantic TV Shows,2002,TV-14
Lavender,TV Show,TV Dramas,2002,TV-14
Pandigai,Movie,Action & Adventure,2017,TV-MA
Pandigai,Movie,Dramas,2017,TV-MA
Pandigai,Movie,International Movies,2017,TV-MA
Pari,Movie,Horror Movies,2018,TV-14
Pari,Movie,International Movies,2018,TV-14
Revenger,Movie,Action & Adventure,2018,TV-MA
Revenger,Movie,International Movies,2018,TV-MA
Sebastian Maniscalco: Stay Hungry,Movie,Stand-Up Comedy,2019,TV-MA
The Doll,Movie,Horror Movies,2016,TV-MA
The Doll,Movie,International Movies,2016,TV-MA
The Doll 2,Movie,Horror Movies,2017,TV-MA
The Doll 2,Movie,International Movies,2017,TV-MA
La Grande Chaumière Violette,TV Show,International TV Shows,2016,TV-14
La Grande Chaumière Violette,TV Show,TV Dramas,2016,TV-14
Baazaar,Movie,Dramas,2018,TV-MA
Baazaar,Movie,International Movies,2018,TV-MA
All of You,Movie,Comedies,2017,TV-MA
All of You,Movie,Dramas,2017,TV-MA
All of You,Movie,International Movies,2017,TV-MA
Back with the Ex,TV Show,International TV Shows,2018,TV-MA
Back with the Ex,TV Show,Reality TV,2018,TV-MA
Back with the Ex,TV Show,Romantic TV Shows,2018,TV-MA
Friends from College,TV Show,Romantic TV Shows,2019,TV-MA
Friends from College,TV Show,TV Comedies,2019,TV-MA
Hardy Bucks,TV Show,TV Comedies,2018,TV-MA
Horrid Henry,TV Show,British TV Shows,2019,TV-Y7
Horrid Henry,TV Show,Kids' TV,2019,TV-Y7
Horrid Henry,TV Show,TV Comedies,2019,TV-Y7
ReMastered: Massacre at the Stadium,Movie,Documentaries,2019,TV-MA
ReMastered: Massacre at the Stadium,Movie,Music & Musicals,2019,TV-MA
Solo,Movie,Dramas,2018,TV-MA
Solo,Movie,Independent Movies,2018,TV-MA
Solo,Movie,International Movies,2018,TV-MA
The Last Laugh,Movie,Comedies,2019,TV-MA
The Last Laugh,Movie,Dramas,2019,TV-MA
Pocoyo,TV Show,Kids' TV,2017,TV-Y
Pocoyo,TV Show,Spanish-Language TV Shows,2017,TV-Y
When Heroes Fly,TV Show,International TV Shows,2018,TV-MA
When Heroes Fly,TV Show,TV Action & Adventure,2018,TV-MA
When Heroes Fly,TV Show,TV Dramas,2018,TV-MA
GODZILLA The Planet Eater,Movie,Action & Adventure,2018,TV-PG
GODZILLA The Planet Eater,Movie,Anime Features,2018,TV-PG
GODZILLA The Planet Eater,Movie,International Movies,2018,TV-PG
Next Enti?,Movie,Comedies,2018,TV-14
Next Enti?,Movie,Dramas,2018,TV-14
Next Enti?,Movie,International Movies,2018,TV-14
Komola Rocket,Movie,Dramas,2018,TV-14
Komola Rocket,Movie,Independent Movies,2018,TV-14
Komola Rocket,Movie,International Movies,2018,TV-14
Nang Nak,Movie,Horror Movies,1999,TV-MA
Nang Nak,Movie,International Movies,1999,TV-MA
Nang Nak,Movie,Romantic Movies,1999,TV-MA
And Breathe Normally,Movie,Dramas,2018,TV-14
And Breathe Normally,Movie,Independent Movies,2018,TV-14
And Breathe Normally,Movie,International Movies,2018,TV-14
El Potro: Unstoppable,Movie,Dramas,2018,TV-MA
El Potro: Unstoppable,Movie,International Movies,2018,TV-MA
El Potro: Unstoppable,Movie,Music & Musicals,2018,TV-MA
Lionheart,Movie,Comedies,2018,TV-PG
Lionheart,Movie,Dramas,2018,TV-PG
Lionheart,Movie,Independent Movies,2018,TV-PG
See You in Time,TV Show,International TV Shows,2017,TV-14
See You in Time,TV Show,Romantic TV Shows,2017,TV-14
See You in Time,TV Show,TV Dramas,2017,TV-14
Déjà Vu,TV Show,International TV Shows,2013,TV-14
Déjà Vu,TV Show,Romantic TV Shows,2013,TV-14
Déjà Vu,TV Show,TV Dramas,2013,TV-14
Monty Python and the Holy Grail,Movie,Action & Adventure,1975,PG
Monty Python and the Holy Grail,Movie,Classic Movies,1975,PG
Monty Python and the Holy Grail,Movie,Comedies,1975,PG
A Series of Unfortunate Events,TV Show,Kids' TV,2019,TV-PG
A Series of Unfortunate Events,TV Show,TV Action & Adventure,2019,TV-PG
A Series of Unfortunate Events,TV Show,TV Comedies,2019,TV-PG
Back to the 90s,Movie,Comedies,2015,TV-14
Back to the 90s,Movie,International Movies,2015,TV-14
Back to the 90s,Movie,Music & Musicals,2015,TV-14
COMEDIANS of the world,TV Show,Stand-Up Comedy & Talk Shows,2019,TV-MA
COMEDIANS of the world,TV Show,TV Comedies,2019,TV-MA
Merku Thodarchi Malai,Movie,Dramas,2018,TV-MA
Merku Thodarchi Malai,Movie,Independent Movies,2018,TV-MA
Merku Thodarchi Malai,Movie,International Movies,2018,TV-MA
Moshe Kasher: Live in Oakland,Movie,Stand-Up Comedy,2012,TV-MA
Pokémon the Movie: I Choose You!,Movie,Anime Features,2017,TV-Y7
Pokémon the Movie: I Choose You!,Movie,Children & Family Movies,2017,TV-Y7
Puriyatha Puthir,Movie,International Movies,2017,TV-MA
Puriyatha Puthir,Movie,Thrillers,2017,TV-MA
Taramani,Movie,Dramas,2017,TV-MA
Taramani,Movie,Independent Movies,2017,TV-MA
Taramani,Movie,International Movies,2017,TV-MA
The Paper,TV Show,International TV Shows,2018,TV-MA
The Paper,TV Show,TV Dramas,2018,TV-MA
Tidying Up with Marie Kondo,TV Show,Reality TV,2019,TV-PG
Whitney Cummings: Money Shot,Movie,Stand-Up Comedy,2010,TV-MA
Bill Hicks: One Night Stand,Movie,Stand-Up Comedy,1991,TV-MA
Bill Hicks: Reflections,Movie,Documentaries,2015,TV-MA
Bill Hicks: Relentless,Movie,Stand-Up Comedy,1992,TV-MA
Bill Hicks: Revelations,Movie,Stand-Up Comedy,1993,TV-MA
Bill Hicks: Sane Man,Movie,Stand-Up Comedy,1989,TV-MA
Gina Yashere: Laughing to America,Movie,Stand-Up Comedy,2013,TV-MA
Gina Yashere: Skinny B*tch,Movie,Stand-Up Comedy,2008,TV-MA
Mexicanos de Bronce,Movie,Documentaries,2016,TV-MA
Mexicanos de Bronce,Movie,International Movies,2016,TV-MA
Mexicanos de Bronce,Movie,Music & Musicals,2016,TV-MA
Sam Kinison: Breaking the Rules,Movie,Stand-Up Comedy,1987,TV-MA
Sam Kinison: Family Entertainment Hour,Movie,Stand-Up Comedy,1991,TV-MA
Sam Kinison: Live in Vegas,Movie,Stand-Up Comedy,1991,TV-MA
Sam Kinison: The Scream Continues,Movie,Documentaries,2016,TV-MA
Secrets in the Hot Spring,Movie,Comedies,2018,TV-14
Secrets in the Hot Spring,Movie,Horror Movies,2018,TV-14
Secrets in the Hot Spring,Movie,International Movies,2018,TV-14
Taylor Swift reputation Stadium Tour,Movie,Music & Musicals,2018,TV-PG
The Seven Deadly Sins the Movie: Prisoners of the Sky,Movie,Action & Adventure,2018,TV-14
The Seven Deadly Sins the Movie: Prisoners of the Sky,Movie,Anime Features,2018,TV-14
The Seven Deadly Sins the Movie: Prisoners of the Sky,Movie,International Movies,2018,TV-14
Tim Allen: Men Are Pigs,Movie,Stand-Up Comedy,1990,TV-MA
Tim Allen: ReWires America,Movie,Stand-Up Comedy,1991,TV-MA
Tim Minchin And The Heritage Orchestra Live,Movie,Music & Musicals,2011,TV-MA
Tim Minchin And The Heritage Orchestra Live,Movie,Stand-Up Comedy,2011,TV-MA
Tim Minchin: So F**king Rock,Movie,Music & Musicals,2008,TV-MA
Tim Minchin: So F**king Rock,Movie,Stand-Up Comedy,2008,TV-MA
Todd Glass: Stand-Up Special,Movie,Stand-Up Comedy,2012,TV-MA
Tom Papa Live in New York City,Movie,Stand-Up Comedy,2011,TV-14
Pioneers: First Women Filmmakers*,TV Show,TV Shows,1925,TV-14
In Family We Trust,TV Show,Crime TV Shows,2018,TV-MA
In Family We Trust,TV Show,International TV Shows,2018,TV-MA
In Family We Trust,TV Show,TV Dramas,2018,TV-MA
A Twelve Year Night,Movie,Dramas,2018,TV-MA
A Twelve Year Night,Movie,International Movies,2018,TV-MA
Black Mirror: Bandersnatch,Movie,Dramas,2018,TV-MA
Black Mirror: Bandersnatch,Movie,International Movies,2018,TV-MA
Black Mirror: Bandersnatch,Movie,Sci-Fi & Fantasy,2018,TV-MA
Hashoter Hatov,TV Show,Crime TV Shows,2015,TV-MA
Hashoter Hatov,TV Show,International TV Shows,2015,TV-MA
Hashoter Hatov,TV Show,TV Comedies,2015,TV-MA
Life Ki Toh Lag Gayi,Movie,Action & Adventure,2012,TV-MA
Life Ki Toh Lag Gayi,Movie,Comedies,2012,TV-MA
Life Ki Toh Lag Gayi,Movie,Dramas,2012,TV-MA
Murder Mountain,TV Show,Crime TV Shows,2018,TV-MA
Murder Mountain,TV Show,Docuseries,2018,TV-MA
Selection Day,TV Show,International TV Shows,2018,TV-14
Selection Day,TV Show,TV Dramas,2018,TV-14
Selection Day,TV Show,Teen TV Shows,2018,TV-14
The Birth Reborn 3,Movie,Documentaries,2018,TV-14
The Birth Reborn 3,Movie,International Movies,2018,TV-14
When Angels Sleep,Movie,Dramas,2018,TV-MA
When Angels Sleep,Movie,International Movies,2018,TV-MA
When Angels Sleep,Movie,Thrillers,2018,TV-MA
Stand Up and Away! with Brian Regan,TV Show,Stand-Up Comedy & Talk Shows,2018,TV-PG
Stand Up and Away! with Brian Regan,TV Show,TV Comedies,2018,TV-PG
Way Back into Love,TV Show,International TV Shows,2011,TV-14
Way Back into Love,TV Show,Romantic TV Shows,2011,TV-14
Way Back into Love,TV Show,TV Comedies,2011,TV-14
Watership Down,TV Show,British TV Shows,2018,TV-PG
Watership Down,TV Show,International TV Shows,2018,TV-PG
Watership Down,TV Show,TV Action & Adventure,2018,TV-PG
Demon's Path,TV Show,Crime TV Shows,2018,TV-14
Demon's Path,TV Show,International TV Shows,2018,TV-14
Demon's Path,TV Show,TV Dramas,2018,TV-14
People Just Do Nothing,TV Show,British TV Shows,2018,TV-MA
People Just Do Nothing,TV Show,TV Comedies,2018,TV-MA
Single Ladies Senior,TV Show,International TV Shows,2018,TV-MA
Single Ladies Senior,TV Show,Romantic TV Shows,2018,TV-MA
Single Ladies Senior,TV Show,TV Dramas,2018,TV-MA
7 Days Out,TV Show,Docuseries,2018,TV-PG
Bad Seeds,Movie,Comedies,2018,TV-MA
Bad Seeds,Movie,Dramas,2018,TV-MA
Bad Seeds,Movie,International Movies,2018,TV-MA
Bird Box,Movie,Dramas,2018,R
Bird Box,Movie,Sci-Fi & Fantasy,2018,R
Bird Box,Movie,Thrillers,2018,R
Jojo's World,TV Show,International TV Shows,2017,TV-14
Jojo's World,TV Show,Romantic TV Shows,2017,TV-14
Jojo's World,TV Show,TV Comedies,2017,TV-14
LAST HOPE,TV Show,Anime Series,2018,TV-14
LAST HOPE,TV Show,International TV Shows,2018,TV-14
Lion Pride,TV Show,International TV Shows,2017,TV-MA
Lion Pride,TV Show,Romantic TV Shows,2017,TV-MA
Lion Pride,TV Show,TV Comedies,2017,TV-MA
Love @ Seventeen,TV Show,International TV Shows,2016,TV-14
Love @ Seventeen,TV Show,Romantic TV Shows,2016,TV-14
Love @ Seventeen,TV Show,TV Dramas,2016,TV-14
Perfume,TV Show,Crime TV Shows,2018,TV-MA
Perfume,TV Show,International TV Shows,2018,TV-MA
Perfume,TV Show,TV Dramas,2018,TV-MA
Sirius the Jaeger,TV Show,Anime Series,2018,TV-MA
Sirius the Jaeger,TV Show,International TV Shows,2018,TV-MA
Sirius the Jaeger,TV Show,TV Thrillers,2018,TV-MA
Struggle: The Life and Lost Art of Szukalski,Movie,Documentaries,2018,TV-MA
Wolf,TV Show,International TV Shows,2018,TV-MA
Wolf,TV Show,TV Action & Adventure,2018,TV-MA
Wolf,TV Show,TV Dramas,2018,TV-MA
23:59,Movie,Horror Movies,2011,R
23:59,Movie,International Movies,2011,R
Aggretsuko: We Wish You a Metal Christmas,Movie,Movies,2018,TV-PG
Fate/stay night: Unlimited Blade Works,TV Show,Anime Series,2015,TV-14
Fate/stay night: Unlimited Blade Works,TV Show,International TV Shows,2015,TV-14
Imperfect,Movie,Action & Adventure,2012,TV-MA
Imperfect,Movie,International Movies,2012,TV-MA
Lang Tong,Movie,International Movies,2015,TV-MA
Lang Tong,Movie,Thrillers,2015,TV-MA
Miss J Contemplates Her Choice,Movie,Dramas,2014,TV-MA
Miss J Contemplates Her Choice,Movie,International Movies,2014,TV-MA
Miss J Contemplates Her Choice,Movie,Thrillers,2014,TV-MA
Ascharyachakit!,Movie,Dramas,2018,TV-MA
Ascharyachakit!,Movie,Independent Movies,2018,TV-MA
Ascharyachakit!,Movie,International Movies,2018,TV-MA
Ellen DeGeneres: Relatable,TV Show,Stand-Up Comedy & Talk Shows,2018,TV-MA
Ellen DeGeneres: Relatable,TV Show,TV Comedies,2018,TV-MA
Lilli,Movie,Dramas,2018,TV-MA
Lilli,Movie,Independent Movies,2018,TV-MA
Lilli,Movie,International Movies,2018,TV-MA
Prince of Peoria: A Christmas Moose Miracle,Movie,Children & Family Movies,2018,TV-G
Prince of Peoria: A Christmas Moose Miracle,Movie,Comedies,2018,TV-G
Andhadhun,Movie,Comedies,2018,TV-14
Andhadhun,Movie,Dramas,2018,TV-14
Andhadhun,Movie,International Movies,2018,TV-14
Ashes of Love,TV Show,International TV Shows,2018,TV-14
Ashes of Love,TV Show,Romantic TV Shows,2018,TV-14
Ashes of Love,TV Show,TV Comedies,2018,TV-14
Dragons: Dawn of the Dragon Racers,Movie,Children & Family Movies,2014,TV-PG
Dragons: Dawn of the Dragon Racers,Movie,Comedies,2014,TV-PG
DreamWorks Holiday Classics,TV Show,Kids' TV,2011,TV-PG
DreamWorks Holiday Classics,TV Show,TV Comedies,2011,TV-PG
Kill the Messenger,Movie,Dramas,2014,R
Kill the Messenger,Movie,Thrillers,2014,R
Maps to the Stars,Movie,Comedies,2014,R
Maps to the Stars,Movie,Dramas,2014,R
Springsteen on Broadway,Movie,Music & Musicals,2018,TV-MA
The Theory of Everything,Movie,Dramas,2014,PG-13
The Theory of Everything,Movie,Romantic Movies,2014,PG-13
F.R.E.D.I.,Movie,Children & Family Movies,2018,TV-PG
F.R.E.D.I.,Movie,Sci-Fi & Fantasy,2018,TV-PG
Flowers,TV Show,British TV Shows,2018,TV-MA
Flowers,TV Show,International TV Shows,2018,TV-MA
Flowers,TV Show,TV Comedies,2018,TV-MA
Kita Kita,Movie,Comedies,2017,TV-14
Kita Kita,Movie,Dramas,2017,TV-14
Kita Kita,Movie,International Movies,2017,TV-14
Once in a Lifetime Sessions with George Ezra,Movie,Documentaries,2018,TV-MA
Once in a Lifetime Sessions with George Ezra,Movie,Music & Musicals,2018,TV-MA
Once in a Lifetime Sessions with Kasabian,Movie,Documentaries,2018,TV-MA
Once in a Lifetime Sessions with Kasabian,Movie,Music & Musicals,2018,TV-MA
Once in a Lifetime Sessions with OneRepublic,Movie,Documentaries,2018,TV-PG
Once in a Lifetime Sessions with OneRepublic,Movie,Music & Musicals,2018,TV-PG
Once in a Lifetime Sessions with Snow Patrol,Movie,Documentaries,2018,TV-MA
Once in a Lifetime Sessions with Snow Patrol,Movie,Music & Musicals,2018,TV-MA
Sad Hill Unearthed,Movie,Documentaries,2017,TV-14
Sad Hill Unearthed,Movie,International Movies,2017,TV-14
Vanjagar Ulagam,Movie,Dramas,2018,TV-MA
Vanjagar Ulagam,Movie,International Movies,2018,TV-MA
Vanjagar Ulagam,Movie,Thrillers,2018,TV-MA
Hymn of Death,TV Show,International TV Shows,2018,TV-14
Hymn of Death,TV Show,Korean TV Shows,2018,TV-14
Hymn of Death,TV Show,Romantic TV Shows,2018,TV-14
Inside the Real Narcos,TV Show,British TV Shows,2018,TV-MA
Inside the Real Narcos,TV Show,Crime TV Shows,2018,TV-MA
Inside the Real Narcos,TV Show,Docuseries,2018,TV-MA
ROMA,Movie,Dramas,2018,R
ROMA,Movie,Independent Movies,2018,R
ROMA,Movie,International Movies,2018,R
The Fix,TV Show,TV Comedies,2018,TV-MA
The Innocent Man,TV Show,Crime TV Shows,2018,TV-MA
The Innocent Man,TV Show,Docuseries,2018,TV-MA
Tidelands,TV Show,Crime TV Shows,2018,TV-MA
Tidelands,TV Show,International TV Shows,2018,TV-MA
Tidelands,TV Show,TV Dramas,2018,TV-MA
Travelers,TV Show,Crime TV Shows,2018,TV-MA
Travelers,TV Show,International TV Shows,2018,TV-MA
Travelers,TV Show,TV Dramas,2018,TV-MA
Voltron: Legendary Defender,TV Show,Kids' TV,2018,TV-Y7
Back Street Girls -GOKUDOLS-,TV Show,Anime Series,2018,TV-MA
Back Street Girls -GOKUDOLS-,TV Show,International TV Shows,2018,TV-MA
"Out of Many, One",Movie,Documentaries,2018,TV-PG
Vir Das: Losing It,Movie,Stand-Up Comedy,2018,TV-MA
5 Star Christmas,Movie,Comedies,2018,TV-14
5 Star Christmas,Movie,International Movies,2018,TV-14
Dogs of Berlin,TV Show,Crime TV Shows,2018,TV-MA
Dogs of Berlin,TV Show,International TV Shows,2018,TV-MA
Dogs of Berlin,TV Show,TV Dramas,2018,TV-MA
Dumplin',Movie,Comedies,2018,PG-13
Dumplin',Movie,Dramas,2018,PG-13
Dumplin',Movie,Independent Movies,2018,PG-13
Free Rein: The Twelve Neighs of Christmas,Movie,Children & Family Movies,2018,TV-G
Free Rein: The Twelve Neighs of Christmas,Movie,Dramas,2018,TV-G
Mowgli: Legend of the Jungle,Movie,Action & Adventure,2018,PG-13
Mowgli: Legend of the Jungle,Movie,Children & Family Movies,2018,PG-13
Mowgli: Legend of the Jungle,Movie,Dramas,2018,PG-13
Neo Yokio,TV Show,TV Comedies,2018,TV-MA
Neo Yokio,TV Show,TV Sci-Fi & Fantasy,2018,TV-MA
Neo Yokio,TV Show,Teen TV Shows,2018,TV-MA
Pine Gap,TV Show,International TV Shows,2018,TV-MA
Pine Gap,TV Show,TV Dramas,2018,TV-MA
ReMastered: Who Killed Jam Master Jay?,Movie,Documentaries,2018,TV-MA
ReMastered: Who Killed Jam Master Jay?,Movie,Music & Musicals,2018,TV-MA
Super Monsters and the Wish Star,Movie,Children & Family Movies,2018,TV-Y
The American Meme,Movie,Documentaries,2018,TV-MA
RUSSELL BRAND: RE:BIRTH,Movie,Stand-Up Comedy,2018,TV-MA
The Sound of Your Heart: Reboot,TV Show,International TV Shows,2018,TV-14
The Sound of Your Heart: Reboot,TV Show,Korean TV Shows,2018,TV-14
The Sound of Your Heart: Reboot,TV Show,TV Comedies,2018,TV-14
Memories of the Alhambra,TV Show,Crime TV Shows,2018,TV-MA
Memories of the Alhambra,TV Show,International TV Shows,2018,TV-MA
Memories of the Alhambra,TV Show,Korean TV Shows,2018,TV-MA
Teefa in Trouble,Movie,Action & Adventure,2018,TV-14
Teefa in Trouble,Movie,Comedies,2018,TV-14
Teefa in Trouble,Movie,International Movies,2018,TV-14
A Beautiful Life,Movie,Dramas,2011,TV-14
A Beautiful Life,Movie,International Movies,2011,TV-14
A Beautiful Life,Movie,Romantic Movies,2011,TV-14
Accident,Movie,International Movies,2009,TV-MA
Accident,Movie,Thrillers,2009,TV-MA
"Ayotzinapa, el paso de la tortuga",Movie,Documentaries,2018,TV-MA
"Ayotzinapa, el paso de la tortuga",Movie,International Movies,2018,TV-MA
Battle,Movie,Dramas,2018,TV-MA
Battle,Movie,International Movies,2018,TV-MA
Battle,Movie,Romantic Movies,2018,TV-MA
Blind Detective,Movie,Action & Adventure,2013,TV-MA
Blind Detective,Movie,Comedies,2013,TV-MA
Blind Detective,Movie,International Movies,2013,TV-MA
Break Up 100,Movie,Comedies,2014,TV-14
Break Up 100,Movie,International Movies,2014,TV-14
Break Up 100,Movie,Romantic Movies,2014,TV-14
Chal Bhaag,Movie,Comedies,2014,TV-14
Chal Bhaag,Movie,Dramas,2014,TV-14
Chal Bhaag,Movie,International Movies,2014,TV-14
Crossroads: One Two Jaga,Movie,Dramas,2018,TV-14
Crossroads: One Two Jaga,Movie,International Movies,2018,TV-14
Don't Go Breaking My Heart,Movie,Comedies,2011,TV-PG
Don't Go Breaking My Heart,Movie,International Movies,2011,TV-PG
Don't Go Breaking My Heart,Movie,Romantic Movies,2011,TV-PG
Don't Go Breaking My Heart 2,Movie,Comedies,2014,TV-14
Don't Go Breaking My Heart 2,Movie,International Movies,2014,TV-14
Don't Go Breaking My Heart 2,Movie,Romantic Movies,2014,TV-14
Faraar,Movie,Action & Adventure,2015,TV-14
Faraar,Movie,Dramas,2015,TV-14
Faraar,Movie,International Movies,2015,TV-14
Haunted House,TV Show,Kids' TV,2017,TV-G
Haunted House,TV Show,Korean TV Shows,2017,TV-G
Helios,Movie,Action & Adventure,2015,TV-14
Helios,Movie,International Movies,2015,TV-14
Line Walker,Movie,Action & Adventure,2016,TV-MA
Line Walker,Movie,Dramas,2016,TV-MA
Line Walker,Movie,International Movies,2016,TV-MA
Look for a Star,Movie,Comedies,2009,TV-14
Look for a Star,Movie,International Movies,2009,TV-14
Look for a Star,Movie,Romantic Movies,2009,TV-14
Oddbods: The Festive Menace,Movie,Movies,2018,TV-Y
Once a Gangster,Movie,Action & Adventure,2010,TV-MA
Once a Gangster,Movie,Comedies,2010,TV-MA
Once a Gangster,Movie,International Movies,2010,TV-MA
Power Paandi,Movie,Dramas,2017,TV-MA
Power Paandi,Movie,Independent Movies,2017,TV-MA
Power Paandi,Movie,International Movies,2017,TV-MA
Roll With Me,Movie,Documentaries,2017,TV-MA
Roll With Me,Movie,Sports Movies,2017,TV-MA
SDU: Sex Duties Unit,Movie,Comedies,2013,TV-MA
SDU: Sex Duties Unit,Movie,International Movies,2013,TV-MA
Set Off,Movie,Dramas,2008,TV-MA
Set Off,Movie,International Movies,2008,TV-MA
1983,TV Show,Crime TV Shows,2018,TV-MA
1983,TV Show,International TV Shows,2018,TV-MA
1983,TV Show,TV Dramas,2018,TV-MA
A Christmas Prince: The Royal Wedding,Movie,Children & Family Movies,2018,TV-PG
A Christmas Prince: The Royal Wedding,Movie,Dramas,2018,TV-PG
A Christmas Prince: The Royal Wedding,Movie,Romantic Movies,2018,TV-PG
Angela's Christmas,Movie,Children & Family Movies,2018,TV-Y
Death by Magic,TV Show,Reality TV,2018,TV-PG
El club de los insomnes,Movie,Dramas,2018,TV-MA
El club de los insomnes,Movie,International Movies,2018,TV-MA
Happy as Lazzaro,Movie,Dramas,2018,PG-13
Happy as Lazzaro,Movie,Independent Movies,2018,PG-13
Happy as Lazzaro,Movie,International Movies,2018,PG-13
Love and Fortune,TV Show,International TV Shows,2018,TV-MA
Love and Fortune,TV Show,Romantic TV Shows,2018,TV-MA
Love and Fortune,TV Show,TV Dramas,2018,TV-MA
Manto,Movie,Dramas,2018,TV-MA
Manto,Movie,Independent Movies,2018,TV-MA
Manto,Movie,International Movies,2018,TV-MA
Rajma Chawal,Movie,Comedies,2018,TV-MA
Rajma Chawal,Movie,Dramas,2018,TV-MA
Rajma Chawal,Movie,International Movies,2018,TV-MA
Spy Kids: Mission Critical,TV Show,Kids' TV,2018,TV-Y7
The World Is Yours,Movie,Action & Adventure,2018,TV-MA
The World Is Yours,Movie,Comedies,2018,TV-MA
The World Is Yours,Movie,International Movies,2018,TV-MA
Time Share,Movie,Dramas,2018,TV-MA
Time Share,Movie,Independent Movies,2018,TV-MA
Time Share,Movie,International Movies,2018,TV-MA
Bumping Mics with Jeff Ross & Dave Attell,TV Show,Stand-Up Comedy & Talk Shows,2018,TV-MA
Bumping Mics with Jeff Ross & Dave Attell,TV Show,TV Comedies,2018,TV-MA
Minecraft: Story Mode,TV Show,Kids' TV,2015,TV-PG
My Little Pony Friendship Is Magic: Best Gift Ever,Movie,Children & Family Movies,2018,TV-Y
Frontier,TV Show,International TV Shows,2018,TV-MA
Frontier,TV Show,TV Action & Adventure,2018,TV-MA
Frontier,TV Show,TV Dramas,2018,TV-MA
Fugitiva,TV Show,Crime TV Shows,2018,TV-MA
Fugitiva,TV Show,International TV Shows,2018,TV-MA
Fugitiva,TV Show,Spanish-Language TV Shows,2018,TV-MA
Sick Note,TV Show,British TV Shows,2018,TV-MA
Sick Note,TV Show,International TV Shows,2018,TV-MA
Sick Note,TV Show,TV Comedies,2018,TV-MA
Mystery Science Theater 3000: The Return,TV Show,TV Comedies,2018,TV-14
Mystery Science Theater 3000: The Return,TV Show,TV Sci-Fi & Fantasy,2018,TV-14
The Christmas Chronicles,Movie,Children & Family Movies,2018,TV-PG
The Christmas Chronicles,Movie,Comedies,2018,TV-PG
The Tribe,Movie,Comedies,2018,TV-MA
The Tribe,Movie,International Movies,2018,TV-MA
Kulipari: Dream Walker,TV Show,Kids' TV,2018,TV-Y7
Paap-O-Meter,TV Show,Kids' TV,2017,TV-Y7
Paap-O-Meter,TV Show,TV Comedies,2017,TV-Y7
Puppy Star Christmas,Movie,Children & Family Movies,2018,PG
Puppy Star Christmas,Movie,Comedies,2018,PG
Sabrina,Movie,Horror Movies,2018,TV-MA
Sabrina,Movie,International Movies,2018,TV-MA
Target,Movie,Comedies,2018,TV-14
Target,Movie,Horror Movies,2018,TV-14
Target,Movie,International Movies,2018,TV-14
The Final Table,TV Show,Reality TV,2018,TV-PG
Trevor Noah: Son of Patricia,Movie,Stand-Up Comedy,2018,TV-MA
The Pixar Story,Movie,Documentaries,2007,G
Eternal Love,TV Show,International TV Shows,2017,TV-14
Eternal Love,TV Show,Romantic TV Shows,2017,TV-14
Eternal Love,TV Show,TV Dramas,2017,TV-14
La Doña,TV Show,Spanish-Language TV Shows,2016,TV-14
La Doña,TV Show,TV Dramas,2016,TV-14
Silvana Sin Lana,TV Show,Romantic TV Shows,2016,TV-14
Silvana Sin Lana,TV Show,Spanish-Language TV Shows,2016,TV-14
Silvana Sin Lana,TV Show,TV Comedies,2016,TV-14
Cam,Movie,Horror Movies,2018,TV-MA
Cam,Movie,Independent Movies,2018,TV-MA
Cam,Movie,Thrillers,2018,TV-MA
Nothing to Hide,Movie,Comedies,2018,TV-MA
Nothing to Hide,Movie,Dramas,2018,TV-MA
Nothing to Hide,Movie,International Movies,2018,TV-MA
Ponysitters Club,TV Show,Kids' TV,2018,TV-G
Ponysitters Club,TV Show,TV Dramas,2018,TV-G
The Ballad of Buster Scruggs,Movie,Comedies,2018,R
The Ballad of Buster Scruggs,Movie,Dramas,2018,R
The Princess Switch,Movie,Children & Family Movies,2018,TV-G
The Princess Switch,Movie,Dramas,2018,TV-G
The Princess Switch,Movie,Romantic Movies,2018,TV-G
Vai Anitta,TV Show,Docuseries,2018,TV-MA
Vai Anitta,TV Show,International TV Shows,2018,TV-MA
Vai Anitta,TV Show,Reality TV,2018,TV-MA
Aalorukkam,Movie,Dramas,2018,TV-PG
Aalorukkam,Movie,Independent Movies,2018,TV-PG
Aalorukkam,Movie,International Movies,2018,TV-PG
Beyblade Burst Evolution,TV Show,Anime Series,2017,TV-Y
Beyblade Burst Evolution,TV Show,Kids' TV,2017,TV-Y
Christmas Wedding Planner,Movie,Comedies,2017,PG
Christmas Wedding Planner,Movie,International Movies,2017,PG
Christmas Wedding Planner,Movie,Romantic Movies,2017,PG
Halkaa,Movie,Comedies,2018,TV-14
Halkaa,Movie,Dramas,2018,TV-14
Halkaa,Movie,Independent Movies,2018,TV-14
May the Devil Take You,Movie,Horror Movies,2018,TV-MA
May the Devil Take You,Movie,International Movies,2018,TV-MA
Muzaffarnagar Baaqi Hai,Movie,Documentaries,2015,TV-MA
Muzaffarnagar Baaqi Hai,Movie,International Movies,2015,TV-MA
Odu Raja Odu,Movie,Comedies,2018,TV-14
Odu Raja Odu,Movie,Independent Movies,2018,TV-14
Odu Raja Odu,Movie,International Movies,2018,TV-14
Savita Damodar Paranjpe,Movie,Horror Movies,2018,TV-14
Savita Damodar Paranjpe,Movie,International Movies,2018,TV-14
The Giant,Movie,Dramas,2017,TV-14
The Giant,Movie,International Movies,2017,TV-14
BuyBust,Movie,Action & Adventure,2018,TV-MA
BuyBust,Movie,International Movies,2018,TV-MA
Loudon Wainwright III: Surviving Twin,Movie,Music & Musicals,2018,TV-14
Warrior,TV Show,Crime TV Shows,2018,TV-MA
Warrior,TV Show,International TV Shows,2018,TV-MA
Warrior,TV Show,TV Dramas,2018,TV-MA
Age of Tanks,TV Show,Docuseries,2017,TV-PG
Age of Tanks,TV Show,International TV Shows,2017,TV-PG
Age of Tanks,TV Show,Science & Nature TV,2017,TV-PG
"All's Well, End's Well (2009)",Movie,Comedies,2009,TV-14
"All's Well, End's Well (2009)",Movie,International Movies,2009,TV-14
"All's Well, End's Well (2009)",Movie,Romantic Movies,2009,TV-14
Lommbock,Movie,Comedies,2017,TV-MA
Lommbock,Movie,International Movies,2017,TV-MA
Medal of Honor,TV Show,Docuseries,2018,TV-MA
Medal of Honor,TV Show,TV Dramas,2018,TV-MA
Outlaw King,Movie,Action & Adventure,2018,R
Outlaw King,Movie,Dramas,2018,R
Super Drags,TV Show,International TV Shows,2018,TV-MA
Super Drags,TV Show,TV Comedies,2018,TV-MA
The Queen of Flow,TV Show,Crime TV Shows,2018,TV-MA
The Queen of Flow,TV Show,International TV Shows,2018,TV-MA
The Queen of Flow,TV Show,Spanish-Language TV Shows,2018,TV-MA
Treehouse Detectives,TV Show,Kids' TV,2018,TV-Y
Treehouse Detectives,TV Show,TV Thrillers,2018,TV-Y
Westside,TV Show,Reality TV,2018,TV-MA
Transfers,TV Show,Crime TV Shows,2017,TV-MA
Transfers,TV Show,International TV Shows,2017,TV-MA
Transfers,TV Show,TV Sci-Fi & Fantasy,2017,TV-MA
Damnation,TV Show,Crime TV Shows,2017,TV-MA
Damnation,TV Show,TV Dramas,2017,TV-MA
Bucket List,Movie,Dramas,2018,TV-14
Bucket List,Movie,International Movies,2018,TV-14
John Leguizamo's Latin History for Morons,Movie,Stand-Up Comedy,2018,TV-MA
Kopitiam,TV Show,International TV Shows,2003,TV-14
Kopitiam,TV Show,TV Comedies,2003,TV-14
Ana e Vitória,Movie,Comedies,2018,TV-MA
Ana e Vitória,Movie,International Movies,2018,TV-MA
Ana e Vitória,Movie,LGBTQ Movies,2018,TV-MA
Brainchild,TV Show,Kids' TV,2018,TV-G
ReMastered: Tricky Dick & The Man in Black,Movie,Documentaries,2018,TV-14
ReMastered: Tricky Dick & The Man in Black,Movie,Music & Musicals,2018,TV-14
The Holiday Calendar,Movie,Dramas,2018,TV-G
The Holiday Calendar,Movie,Romantic Movies,2018,TV-G
The Other Side of the Wind,Movie,Classic Movies,2018,R
The Other Side of the Wind,Movie,Dramas,2018,R
The Other Side of the Wind,Movie,Independent Movies,2018,R
They’ll Love Me When I’m Dead,Movie,Documentaries,2018,TV-MA
Aagey Se Right,Movie,Comedies,2009,TV-14
Aagey Se Right,Movie,International Movies,2009,TV-14
Aagey Se Right,Movie,Music & Musicals,2009,TV-14
Aamir,Movie,International Movies,2008,TV-14
Aamir,Movie,Thrillers,2008,TV-14
ABCD 2,Movie,Dramas,2015,TV-14
ABCD 2,Movie,International Movies,2015,TV-14
ABCD 2,Movie,Music & Musicals,2015,TV-14
ABCD: Any Body Can Dance,Movie,Dramas,2013,TV-14
ABCD: Any Body Can Dance,Movie,International Movies,2013,TV-14
Arjun: The Warrior Prince,Movie,Action & Adventure,2011,TV-14
Arjun: The Warrior Prince,Movie,Dramas,2011,TV-14
Arjun: The Warrior Prince,Movie,International Movies,2011,TV-14
Asees,Movie,Dramas,2018,TV-14
Asees,Movie,International Movies,2018,TV-14
Asees,Movie,Music & Musicals,2018,TV-14
Barfi!,Movie,Comedies,2012,TV-14
Barfi!,Movie,Dramas,2012,TV-14
Barfi!,Movie,International Movies,2012,TV-14
Chance Pe Dance,Movie,Comedies,2010,TV-14
Chance Pe Dance,Movie,Dramas,2010,TV-14
Chance Pe Dance,Movie,International Movies,2010,TV-14
Christmas With A View,Movie,International Movies,2018,TV-PG
Christmas With A View,Movie,Romantic Movies,2018,TV-PG
Chup Chup Ke,Movie,Comedies,2006,TV-14
Chup Chup Ke,Movie,Dramas,2006,TV-14
Chup Chup Ke,Movie,International Movies,2006,TV-14
Creators,TV Show,Kids' TV,2015,TV-Y
Creators,TV Show,Spanish-Language TV Shows,2015,TV-Y
Dhan Dhana Dhan Goal,Movie,Dramas,2007,TV-14
Dhan Dhana Dhan Goal,Movie,International Movies,2007,TV-14
Dhan Dhana Dhan Goal,Movie,Music & Musicals,2007,TV-14
Dhoondte Reh Jaoge,Movie,Comedies,2009,TV-14
Dhoondte Reh Jaoge,Movie,International Movies,2009,TV-14
Dhoondte Reh Jaoge,Movie,Music & Musicals,2009,TV-14
Do Dooni Chaar,Movie,Comedies,2010,TV-PG
Do Dooni Chaar,Movie,International Movies,2010,TV-PG
Edge of Fear,Movie,Independent Movies,2018,TV-MA
Edge of Fear,Movie,Thrillers,2018,TV-MA
"Edmilson Filho: Notas, Comedy about Relationships",Movie,Stand-Up Comedy,2017,TV-MA
Follow This,TV Show,Docuseries,2018,TV-MA
Gaddar: the Traitor,Movie,Dramas,2015,TV-14
Gaddar: the Traitor,Movie,International Movies,2015,TV-14
Gaddar: the Traitor,Movie,Thrillers,2015,TV-14
Ghanchakkar,Movie,Comedies,2013,TV-MA
Ghanchakkar,Movie,International Movies,2013,TV-MA
Ghanchakkar,Movie,Thrillers,2013,TV-MA
Grandmaster,Movie,International Movies,2012,TV-14
Grandmaster,Movie,Thrillers,2012,TV-14
Hattrick,Movie,Comedies,2007,TV-14
Hattrick,Movie,Dramas,2007,TV-14
Hattrick,Movie,International Movies,2007,TV-14
Heroine,Movie,Dramas,2012,TV-MA
Heroine,Movie,International Movies,2012,TV-MA
Himmatwala,Movie,Action & Adventure,2013,TV-14
Himmatwala,Movie,Comedies,2013,TV-14
Himmatwala,Movie,International Movies,2013,TV-14
Husbands in Goa,Movie,Comedies,2012,TV-14
Husbands in Goa,Movie,International Movies,2012,TV-14
Husbands in Goa,Movie,Music & Musicals,2012,TV-14
Jatts in Golmaal,Movie,Comedies,2013,TV-PG
Jatts in Golmaal,Movie,International Movies,2013,TV-PG
Jatts in Golmaal,Movie,Music & Musicals,2013,TV-PG
Kai Po Che!,Movie,Dramas,2013,TV-MA
Kai Po Che!,Movie,International Movies,2013,TV-MA
Kai Po Che!,Movie,Sports Movies,2013,TV-MA
Kalakalappu,Movie,Comedies,2012,TV-14
Kalakalappu,Movie,International Movies,2012,TV-14
Kalakalappu,Movie,Music & Musicals,2012,TV-14
Katt Williams: The Pimp Chronicles: Pt. 1,Movie,Stand-Up Comedy,2006,TV-MA
Katti Batti,Movie,Comedies,2015,TV-14
Katti Batti,Movie,Dramas,2015,TV-14
Katti Batti,Movie,International Movies,2015,TV-14
Life in a ... Metro,Movie,Dramas,2007,TV-14
Life in a ... Metro,Movie,International Movies,2007,TV-14
Life in a ... Metro,Movie,Music & Musicals,2007,TV-14
Marc Maron: Thinky Pain,Movie,Stand-Up Comedy,2013,TV-MA
Mumbai Meri Jaan,Movie,Dramas,2008,TV-MA
Mumbai Meri Jaan,Movie,International Movies,2008,TV-MA
Mundeyan Ton Bachke Rahin,Movie,Comedies,2014,TV-14
Mundeyan Ton Bachke Rahin,Movie,International Movies,2014,TV-14
Mundeyan Ton Bachke Rahin,Movie,Music & Musicals,2014,TV-14
No One Killed Jessica,Movie,Dramas,2011,TV-MA
No One Killed Jessica,Movie,International Movies,2011,TV-MA
Oye Lucky! Lucky Oye!,Movie,Comedies,2008,TV-14
Oye Lucky! Lucky Oye!,Movie,Dramas,2008,TV-14
Oye Lucky! Lucky Oye!,Movie,International Movies,2008,TV-14
Paan Singh Tomar,Movie,Action & Adventure,2010,TV-14
Paan Singh Tomar,Movie,Dramas,2010,TV-14
Paan Singh Tomar,Movie,International Movies,2010,TV-14
Raja Natwarlal,Movie,Dramas,2014,TV-14
Raja Natwarlal,Movie,International Movies,2014,TV-14
Raja Natwarlal,Movie,Thrillers,2014,TV-14
Satyagraha,Movie,Dramas,2013,TV-14
Satyagraha,Movie,International Movies,2013,TV-14
Satyagraha,Movie,Music & Musicals,2013,TV-14
Settai,Movie,Comedies,2013,TV-14
Settai,Movie,International Movies,2013,TV-14
Settai,Movie,Music & Musicals,2013,TV-14
Sigaram Thodu,Movie,Dramas,2014,TV-14
Sigaram Thodu,Movie,International Movies,2014,TV-14
Sigaram Thodu,Movie,Thrillers,2014,TV-14
Sommore: The Reign Continues,Movie,Stand-Up Comedy,2015,TV-MA
The Great British Baking Show: The Beginnings,TV Show,British TV Shows,2012,TV-PG
The Great British Baking Show: The Beginnings,TV Show,Reality TV,2012,TV-PG
The Untold Tales of Armistead Maupin,Movie,Documentaries,2017,TV-MA
The Untold Tales of Armistead Maupin,Movie,LGBTQ Movies,2017,TV-MA
Vaya,Movie,Dramas,2016,TV-MA
Vaya,Movie,Independent Movies,2016,TV-MA
Vaya,Movie,International Movies,2016,TV-MA
Welcome to Sajjanpur,Movie,Comedies,2008,TV-14
Welcome to Sajjanpur,Movie,Dramas,2008,TV-14
Welcome to Sajjanpur,Movie,International Movies,2008,TV-14
Yeh Hai Bakrapur,Movie,Comedies,2014,TV-PG
Yeh Hai Bakrapur,Movie,Dramas,2014,TV-PG
Yeh Hai Bakrapur,Movie,Independent Movies,2014,TV-PG
Zokkomon,Movie,Children & Family Movies,2011,PG
Zokkomon,Movie,Dramas,2011,PG
Gun City,Movie,Dramas,2018,TV-MA
Gun City,Movie,International Movies,2018,TV-MA
Gun City,Movie,Thrillers,2018,TV-MA
Heneral Luna,Movie,Dramas,2015,R
Heneral Luna,Movie,International Movies,2015,R
Fate/EXTRA Last Encore,TV Show,Anime Series,2018,TV-MA
Fate/EXTRA Last Encore,TV Show,International TV Shows,2018,TV-MA
Dragon Tiger Gate,Movie,Action & Adventure,2006,TV-14
Dragon Tiger Gate,Movie,International Movies,2006,TV-14
Been So Long,Movie,Dramas,2018,TV-MA
Been So Long,Movie,International Movies,2018,TV-MA
Been So Long,Movie,Music & Musicals,2018,TV-MA
Dovlatov,Movie,Dramas,2018,PG-13
Dovlatov,Movie,International Movies,2018,PG-13
Jefe,Movie,Comedies,2018,TV-MA
Jefe,Movie,Dramas,2018,TV-MA
Jefe,Movie,International Movies,2018,TV-MA
Santo Cachón,Movie,Comedies,2018,TV-14
Santo Cachón,Movie,International Movies,2018,TV-14
Santo Cachón,Movie,Romantic Movies,2018,TV-14
Shirkers,Movie,Documentaries,2018,TV-14
Terrorism Close Calls,TV Show,Crime TV Shows,2018,TV-MA
Terrorism Close Calls,TV Show,Docuseries,2018,TV-MA
Terrorism Close Calls,TV Show,International TV Shows,2018,TV-MA
W/O Ram,Movie,Dramas,2018,TV-MA
W/O Ram,Movie,International Movies,2018,TV-MA
W/O Ram,Movie,Thrillers,2018,TV-MA
DreamWorks Spooky Stories,TV Show,Kids' TV,2009,TV-PG
DreamWorks Spooky Stories,TV Show,TV Comedies,2009,TV-PG
Great News,TV Show,TV Comedies,2017,TV-14
Ronnie Coleman: The King,Movie,Documentaries,2018,TV-MA
Baahubali: The Beginning (English Version),Movie,Action & Adventure,2015,TV-14
Baahubali: The Beginning (English Version),Movie,Dramas,2015,TV-14
Baahubali: The Beginning (English Version),Movie,International Movies,2015,TV-14
ADAM SANDLER 100% FRESH,Movie,Stand-Up Comedy,2018,TV-MA
Here to Heart,TV Show,International TV Shows,2018,TV-14
Here to Heart,TV Show,Romantic TV Shows,2018,TV-14
Here to Heart,TV Show,TV Dramas,2018,TV-14
Scorpion King 5: Book of Souls,Movie,Action & Adventure,2018,PG-13
Scorpion King 5: Book of Souls,Movie,Sci-Fi & Fantasy,2018,PG-13
The Hollywood Masters,TV Show,Stand-Up Comedy & Talk Shows,2017,TV-MA
How to Get Over a Breakup,Movie,Comedies,2018,TV-MA
How to Get Over a Breakup,Movie,International Movies,2018,TV-MA
How to Get Over a Breakup,Movie,Romantic Movies,2018,TV-MA
Accidentally in Love,TV Show,International TV Shows,2018,TV-14
Accidentally in Love,TV Show,Romantic TV Shows,2018,TV-14
Accidentally in Love,TV Show,TV Comedies,2018,TV-14
Ask the Doctor,TV Show,Docuseries,2017,TV-PG
Ask the Doctor,TV Show,International TV Shows,2017,TV-PG
Ask the Doctor,TV Show,Science & Nature TV,2017,TV-PG
Best.Worst.Weekend.Ever.,TV Show,Kids' TV,2018,TV-PG
Best.Worst.Weekend.Ever.,TV Show,TV Comedies,2018,TV-PG
"Club de Cuervos Presents: I, Potro",Movie,Movies,2018,TV-MA
Derren Brown: Sacrifice,Movie,Movies,2018,TV-MA
Gnome Alone,Movie,Children & Family Movies,2018,PG
Gnome Alone,Movie,Comedies,2018,PG
Illang: The Wolf Brigade,Movie,Action & Adventure,2018,TV-MA
Illang: The Wolf Brigade,Movie,International Movies,2018,TV-MA
Illang: The Wolf Brigade,Movie,Sci-Fi & Fantasy,2018,TV-MA
Making a Murderer,TV Show,Crime TV Shows,2018,TV-14
Making a Murderer,TV Show,Docuseries,2018,TV-14
Marvel's Daredevil,TV Show,Crime TV Shows,2018,TV-MA
Marvel's Daredevil,TV Show,TV Action & Adventure,2018,TV-MA
Naa Bangaaru Talli,Movie,Dramas,2013,TV-14
Naa Bangaaru Talli,Movie,International Movies,2013,TV-14
Oddbods: Party Monsters,Movie,Movies,2018,TV-Y
Project S The Series,TV Show,International TV Shows,2017,TV-MA
Project S The Series,TV Show,TV Dramas,2017,TV-MA
Project S The Series,TV Show,Teen TV Shows,2017,TV-MA
S Storm,Movie,Action & Adventure,2016,TV-MA
S Storm,Movie,International Movies,2016,TV-MA
The Night Comes for Us,Movie,Action & Adventure,2018,TV-MA
The Night Comes for Us,Movie,International Movies,2018,TV-MA
Wanderlust,TV Show,British TV Shows,2018,TV-MA
Wanderlust,TV Show,International TV Shows,2018,TV-MA
Wanderlust,TV Show,Romantic TV Shows,2018,TV-MA
Mr. Chandramouli,Movie,Dramas,2018,TV-MA
Mr. Chandramouli,Movie,International Movies,2018,TV-MA
Mr. Chandramouli,Movie,Thrillers,2018,TV-MA
My Babysitter's a Vampire,TV Show,Kids' TV,2012,TV-PG
My Babysitter's a Vampire,TV Show,TV Comedies,2012,TV-PG
Rake,TV Show,Crime TV Shows,2018,TV-MA
Rake,TV Show,International TV Shows,2018,TV-MA
Rake,TV Show,TV Comedies,2018,TV-MA
"Ron White: If You Quit Listening, I'll Shut Up",Movie,Stand-Up Comedy,2018,TV-MA
Meghnadbodh Rohoshyo,Movie,Dramas,2017,TV-MA
Meghnadbodh Rohoshyo,Movie,International Movies,2017,TV-MA
Sanju,Movie,Dramas,2018,TV-MA
Sanju,Movie,International Movies,2018,TV-MA
Stunt Science,TV Show,British TV Shows,2018,TV-MA
Stunt Science,TV Show,International TV Shows,2018,TV-MA
Stunt Science,TV Show,Reality TV,2018,TV-MA
Soorma,Movie,Dramas,2018,TV-14
Soorma,Movie,International Movies,2018,TV-14
Soorma,Movie,Sports Movies,2018,TV-14
Apostle,Movie,Horror Movies,2018,TV-MA
Apostle,Movie,International Movies,2018,TV-MA
Apostle,Movie,Thrillers,2018,TV-MA
Edgar Rice Burroughs' Tarzan and Jane,TV Show,Crime TV Shows,2018,TV-Y7
Edgar Rice Burroughs' Tarzan and Jane,TV Show,Kids' TV,2018,TV-Y7
Errementari: The Blacksmith and the Devil,Movie,Horror Movies,2018,TV-MA
Errementari: The Blacksmith and the Devil,Movie,International Movies,2018,TV-MA
Errementari: The Blacksmith and the Devil,Movie,Sci-Fi & Fantasy,2018,TV-MA
Feminists: What Were They Thinking?,Movie,Documentaries,2018,TV-MA
Feminists: What Were They Thinking?,Movie,LGBTQ Movies,2018,TV-MA
FIGHTWORLD,TV Show,Docuseries,2018,TV-MA
Kuntilanak,Movie,Horror Movies,2018,TV-14
Kuntilanak,Movie,International Movies,2018,TV-14
ReMastered: Who Shot the Sheriff,Movie,Documentaries,2018,TV-14
ReMastered: Who Shot the Sheriff,Movie,Music & Musicals,2018,TV-14
The Curious Creations of Christine McConnell,TV Show,TV Comedies,2018,TV-PG
The Curious Creations of Christine McConnell,TV Show,TV Mysteries,2018,TV-PG
The Haunting of Hill House,TV Show,TV Dramas,2018,TV-MA
The Haunting of Hill House,TV Show,TV Horror,2018,TV-MA
The Haunting of Hill House,TV Show,TV Mysteries,2018,TV-MA
The Kindergarten Teacher,Movie,Dramas,2018,R
The Kindergarten Teacher,Movie,Independent Movies,2018,R
Ordinary Heroes,TV Show,Crime TV Shows,2018,TV-MA
Ordinary Heroes,TV Show,International TV Shows,2018,TV-MA
Ordinary Heroes,TV Show,TV Dramas,2018,TV-MA
Salt Fat Acid Heat,TV Show,Docuseries,2018,TV-PG
22 July,Movie,Dramas,2018,R
22 July,Movie,Thrillers,2018,R
Blood Pact,TV Show,Crime TV Shows,2018,TV-MA
Blood Pact,TV Show,International TV Shows,2018,TV-MA
Blood Pact,TV Show,TV Dramas,2018,TV-MA
Tales From the Hood 2,Movie,Cult Movies,2018,R
Tales From the Hood 2,Movie,Horror Movies,2018,R
Tales From the Hood 2,Movie,Independent Movies,2018,R
Mo Amer: The Vagabond,Movie,Stand-Up Comedy,2018,TV-MA
Pulang,Movie,Action & Adventure,2018,TV-14
Pulang,Movie,Dramas,2018,TV-14
Pulang,Movie,International Movies,2018,TV-14
Sofia the First,TV Show,Kids' TV,2017,TV-Y
Seven in Heaven,Movie,Horror Movies,2018,PG-13
Dancing Queen,TV Show,Reality TV,2018,TV-14
Empire Games,TV Show,Docuseries,2018,TV-14
LOST SONG,TV Show,Anime Series,2018,TV-14
LOST SONG,TV Show,International TV Shows,2018,TV-14
Malevolent,Movie,Horror Movies,2018,TV-MA
Malevolent,Movie,Thrillers,2018,TV-MA
Private Life,Movie,Comedies,2018,R
Private Life,Movie,Dramas,2018,R
Private Life,Movie,Independent Movies,2018,R
Super Monsters Save Halloween,Movie,Children & Family Movies,2018,TV-Y
YG Future Strategy Office,TV Show,International TV Shows,2018,TV-MA
YG Future Strategy Office,TV Show,Korean TV Shows,2018,TV-MA
YG Future Strategy Office,TV Show,TV Comedies,2018,TV-MA
Violet Evergarden: Special,TV Show,Anime Series,2018,TV-PG
Violet Evergarden: Special,TV Show,International TV Shows,2018,TV-PG
Violet Evergarden: Special,TV Show,Romantic TV Shows,2018,TV-PG
The Black Prince,Movie,Dramas,2017,PG-13
The Black Prince,Movie,International Movies,2017,PG-13
Truth or Dare,Movie,Horror Movies,2017,TV-MA
Death Race: Beyond Anarchy,Movie,Action & Adventure,2017,R
Eric ldle's What About Dick?,Movie,Comedies,2012,TV-MA
Eric ldle's What About Dick?,Movie,Music & Musicals,2012,TV-MA
Joe Rogan: Strange Times,Movie,Stand-Up Comedy,2018,TV-MA
Monty Python Best Bits (mostly),TV Show,British TV Shows,2014,TV-MA
Monty Python Best Bits (mostly),TV Show,Docuseries,2014,TV-MA
Monty Python Best Bits (mostly),TV Show,TV Comedies,2014,TV-MA
Monty Python Conquers America,Movie,Documentaries,2008,TV-MA
"Monty Python Live (Mostly): One Down, Five to Go",Movie,Comedies,2014,TV-MA
Monty Python: Before the Flying Circus,Movie,Comedies,2000,TV-MA
Monty Python: Before the Flying Circus,Movie,Documentaries,2000,TV-MA
Monty Python: Live at Aspen,Movie,Comedies,1998,TV-MA
Monty Python: Live at Aspen,Movie,Documentaries,1998,TV-MA
Monty Python: Live at The Hollywood Bowl,Movie,Comedies,1982,R
Monty Python: The Meaning of Live,Movie,Documentaries,2014,TV-MA
Monty Python's Almost the Truth,TV Show,British TV Shows,2009,TV-MA
Monty Python's Almost the Truth,TV Show,Docuseries,2009,TV-MA
Monty Python's Fliegender Zirkus,TV Show,International TV Shows,1972,TV-MA
Monty Python's Fliegender Zirkus,TV Show,TV Comedies,1972,TV-MA
Monty Python's Flying Circus,TV Show,British TV Shows,1974,TV-14
Monty Python's Flying Circus,TV Show,Classic & Cult TV,1974,TV-14
Monty Python's Flying Circus,TV Show,International TV Shows,1974,TV-14
Monty Python's Life of Brian,Movie,Classic Movies,1979,R
Monty Python's Life of Brian,Movie,Comedies,1979,R
Monty Python's Life of Brian,Movie,Cult Movies,1979,R
Monty Python's Personal Best,TV Show,British TV Shows,2005,TV-MA
Monty Python's Personal Best,TV Show,TV Comedies,2005,TV-MA
Parrot Sketch Not Included: Twenty Years of Monty Python,Movie,Comedies,1989,TV-14
The Meaning of Monty Python,Movie,Documentaries,2013,TV-MA
25 Kille,Movie,Action & Adventure,2016,TV-14
25 Kille,Movie,Dramas,2016,TV-14
25 Kille,Movie,International Movies,2016,TV-14
A Witches' Ball,Movie,Children & Family Movies,2017,PG
Agyaat,Movie,Horror Movies,2009,TV-14
Agyaat,Movie,International Movies,2009,TV-14
Anjaan,Movie,Action & Adventure,2014,TV-14
Anjaan,Movie,Dramas,2014,TV-14
Anjaan,Movie,International Movies,2014,TV-14
Bathinda Express,Movie,Dramas,2016,TV-14
Bathinda Express,Movie,International Movies,2016,TV-14
Bathinda Express,Movie,Sports Movies,2016,TV-14
Delhi 6,Movie,Dramas,2009,TV-14
Delhi 6,Movie,International Movies,2009,TV-14
Dev.D,Movie,Dramas,2009,TV-MA
Dev.D,Movie,International Movies,2009,TV-MA
Dev.D,Movie,Romantic Movies,2009,TV-MA
Dil Vil Pyaar Vyaar,Movie,International Movies,2014,TV-PG
Dil Vil Pyaar Vyaar,Movie,Music & Musicals,2014,TV-PG
Dil Vil Pyaar Vyaar,Movie,Romantic Movies,2014,TV-PG
Dushman,Movie,Dramas,2017,TV-14
Dushman,Movie,International Movies,2017,TV-14
Ek Main Aur Ekk Tu,Movie,Comedies,2012,TV-14
Ek Main Aur Ekk Tu,Movie,International Movies,2012,TV-14
Ek Main Aur Ekk Tu,Movie,Romantic Movies,2012,TV-14
Freedom at Midnight,Movie,Dramas,2018,TV-MA
Freedom at Midnight,Movie,Independent Movies,2018,TV-MA
Freedom at Midnight,Movie,International Movies,2018,TV-MA
Haani,Movie,Dramas,2013,TV-14
Haani,Movie,International Movies,2013,TV-14
Haani,Movie,Music & Musicals,2013,TV-14
Happy Go Lucky,Movie,Comedies,2014,TV-14
Happy Go Lucky,Movie,International Movies,2014,TV-14
Happy Go Lucky,Movie,Music & Musicals,2014,TV-14
Harishchandrachi Factory,Movie,Dramas,2009,TV-PG
Harishchandrachi Factory,Movie,International Movies,2009,TV-PG
Hot Date,TV Show,Romantic TV Shows,2018,TV-MA
Hot Date,TV Show,TV Comedies,2018,TV-MA
Jagga Jasoos,Movie,Action & Adventure,2017,TV-14
Jagga Jasoos,Movie,Comedies,2017,TV-14
Jagga Jasoos,Movie,International Movies,2017,TV-14
Jatt James Bond,Movie,Comedies,2014,TV-14
Jatt James Bond,Movie,Dramas,2014,TV-14
Jatt James Bond,Movie,International Movies,2014,TV-14
Jodhaa Akbar,Movie,Action & Adventure,2008,TV-14
Jodhaa Akbar,Movie,Dramas,2008,TV-14
Jodhaa Akbar,Movie,International Movies,2008,TV-14
Judge Singh LLB,Movie,Comedies,2015,TV-PG
Judge Singh LLB,Movie,Dramas,2015,TV-PG
Judge Singh LLB,Movie,International Movies,2015,TV-PG
Kaminey,Movie,Dramas,2009,TV-14
Kaminey,Movie,International Movies,2009,TV-14
Kaminey,Movie,Music & Musicals,2009,TV-14
Khido Khundi,Movie,Dramas,2018,TV-14
Khido Khundi,Movie,International Movies,2018,TV-14
Khido Khundi,Movie,Sports Movies,2018,TV-14
Khoobsurat,Movie,Comedies,2014,TV-14
Khoobsurat,Movie,International Movies,2014,TV-14
Khoobsurat,Movie,Romantic Movies,2014,TV-14
Kisaan,Movie,Action & Adventure,2009,TV-14
Kisaan,Movie,Dramas,2009,TV-14
Kisaan,Movie,International Movies,2009,TV-14
Kismat Konnection,Movie,Comedies,2008,TV-14
Kismat Konnection,Movie,Dramas,2008,TV-14
Kismat Konnection,Movie,International Movies,2008,TV-14
Kurbaan,Movie,International Movies,2009,TV-14
Kurbaan,Movie,Thrillers,2009,TV-14
Lock,Movie,Dramas,2016,TV-14
Lock,Movie,International Movies,2016,TV-14
Luv Shuv Tey Chicken Khurana,Movie,Comedies,2012,TV-14
Luv Shuv Tey Chicken Khurana,Movie,International Movies,2012,TV-14
Luv Shuv Tey Chicken Khurana,Movie,Romantic Movies,2012,TV-14
"Main, Meri Patni Aur Woh",Movie,Comedies,2005,TV-PG
"Main, Meri Patni Aur Woh",Movie,Dramas,2005,TV-PG
"Main, Meri Patni Aur Woh",Movie,International Movies,2005,TV-PG
Manje Bistre,Movie,Comedies,2017,TV-14
Manje Bistre,Movie,Dramas,2017,TV-14
Manje Bistre,Movie,International Movies,2017,TV-14
Motor Mitraan Di,Movie,Comedies,2016,TV-PG
Motor Mitraan Di,Movie,International Movies,2016,TV-PG
Mugamoodi,Movie,Action & Adventure,2012,TV-14
Mugamoodi,Movie,International Movies,2012,TV-14
Muran,Movie,Action & Adventure,2011,TV-14
Muran,Movie,International Movies,2011,TV-14
My Friend Pinto,Movie,Comedies,2011,TV-14
My Friend Pinto,Movie,International Movies,2011,TV-14
My Friend Pinto,Movie,Sci-Fi & Fantasy,2011,TV-14
My Little Pony Equestria Girls: Forgotten Friendship,Movie,Children & Family Movies,2018,TV-Y
My Little Pony Equestria Girls: Rollercoaster of Friendship,Movie,Children & Family Movies,2018,TV-Y
My Suicide,Movie,Comedies,2009,TV-MA
My Suicide,Movie,Dramas,2009,TV-MA
My Suicide,Movie,Independent Movies,2009,TV-MA
Naan Sigappu Manithan,Movie,Action & Adventure,2014,TV-14
Naan Sigappu Manithan,Movie,Dramas,2014,TV-14
Naan Sigappu Manithan,Movie,International Movies,2014,TV-14
Nasha,Movie,Dramas,2013,TV-14
Nasha,Movie,International Movies,2013,TV-14
Nasha,Movie,Romantic Movies,2013,TV-14
Naughty Jatts,Movie,Comedies,2013,TV-PG
Naughty Jatts,Movie,International Movies,2013,TV-PG
Naughty Jatts,Movie,Music & Musicals,2013,TV-PG
Needhi Singh,Movie,Action & Adventure,2016,TV-14
Needhi Singh,Movie,Dramas,2016,TV-14
Needhi Singh,Movie,International Movies,2016,TV-14
Peace Haven,Movie,Comedies,2016,TV-14
Peace Haven,Movie,Dramas,2016,TV-14
Peace Haven,Movie,Independent Movies,2016,TV-14
Phantom,Movie,Action & Adventure,2015,TV-14
Phantom,Movie,International Movies,2015,TV-14
Pizza,Movie,Horror Movies,2014,TV-14
Pizza,Movie,International Movies,2014,TV-14
Pizza,Movie,Thrillers,2014,TV-14
Pooja Kiven Aa,Movie,Comedies,2013,TV-PG
Pooja Kiven Aa,Movie,International Movies,2013,TV-PG
Pooja Kiven Aa,Movie,Music & Musicals,2013,TV-PG
Race,Movie,Action & Adventure,2008,TV-14
Race,Movie,International Movies,2008,TV-14
Race,Movie,Music & Musicals,2008,TV-14
Race 2,Movie,Action & Adventure,2013,TV-14
Race 2,Movie,International Movies,2013,TV-14
Race 2,Movie,Music & Musicals,2013,TV-14
Saadey CM Saab,Movie,Comedies,2015,TV-PG
Saadey CM Saab,Movie,Dramas,2015,TV-PG
Saadey CM Saab,Movie,International Movies,2015,TV-PG
Sat Shri Akaal England,Movie,Comedies,2017,TV-14
Sat Shri Akaal England,Movie,Dramas,2017,TV-14
Sat Shri Akaal England,Movie,International Movies,2017,TV-14
Strong,TV Show,Reality TV,2016,TV-14
Thaandavam,Movie,Action & Adventure,2012,TV-14
Thaandavam,Movie,International Movies,2012,TV-14
Thaandavam,Movie,Music & Musicals,2012,TV-14
The Birth Reborn,Movie,Documentaries,2018,TV-MA
The Birth Reborn,Movie,International Movies,2018,TV-MA
Theeya Velai Seyyanum Kumaru,Movie,Comedies,2013,TV-PG
Theeya Velai Seyyanum Kumaru,Movie,International Movies,2013,TV-PG
Theeya Velai Seyyanum Kumaru,Movie,Music & Musicals,2013,TV-PG
Three Wives One Husband,TV Show,British TV Shows,2018,TV-14
Three Wives One Husband,TV Show,International TV Shows,2018,TV-14
Three Wives One Husband,TV Show,Reality TV,2018,TV-14
Tiger,Movie,Action & Adventure,2016,TV-14
Tiger,Movie,Dramas,2016,TV-14
Tiger,Movie,International Movies,2016,TV-14
Udaan,Movie,Dramas,2010,TV-MA
Udaan,Movie,Independent Movies,2010,TV-MA
Udaan,Movie,International Movies,2010,TV-MA
Vettai,Movie,Action & Adventure,2012,TV-14
Vettai,Movie,International Movies,2012,TV-14
Vettai,Movie,Music & Musicals,2012,TV-14
Wake Up Sid,Movie,Comedies,2009,TV-14
Wake Up Sid,Movie,International Movies,2009,TV-14
Wake Up Sid,Movie,Romantic Movies,2009,TV-14
We Are Family,Movie,Dramas,2010,TV-14
We Are Family,Movie,International Movies,2010,TV-14
What the Jatt!!,Movie,Comedies,2015,TV-PG
What the Jatt!!,Movie,International Movies,2015,TV-PG
What the Jatt!!,Movie,Romantic Movies,2015,TV-PG
Zindagi Kitni Haseen Hay,Movie,Dramas,2016,TV-14
Zindagi Kitni Haseen Hay,Movie,International Movies,2016,TV-14
Zindagi Kitni Haseen Hay,Movie,Romantic Movies,2016,TV-14
Big Miracle,Movie,Children & Family Movies,2012,PG
Big Miracle,Movie,Dramas,2012,PG
Paradise Lost,Movie,Dramas,2018,TV-MA
Paradise Lost,Movie,Independent Movies,2018,TV-MA
Paradise Lost,Movie,International Movies,2018,TV-MA
Animal World,Movie,Action & Adventure,2018,TV-MA
Animal World,Movie,International Movies,2018,TV-MA
Animal World,Movie,Sci-Fi & Fantasy,2018,TV-MA
Hold the Dark,Movie,Action & Adventure,2018,TV-MA
Hold the Dark,Movie,Dramas,2018,TV-MA
Lessons from a School Shooting: Notes from Dunblane,Movie,Documentaries,2018,TV-14
Made in Mexico,TV Show,International TV Shows,2018,TV-MA
Made in Mexico,TV Show,Reality TV,2018,TV-MA
Made in Mexico,TV Show,Spanish-Language TV Shows,2018,TV-MA
Reboot: The Guardian Code,TV Show,Kids' TV,2018,TV-Y7
Skylanders Academy,TV Show,Kids' TV,2018,TV-Y7
Skylanders Academy,TV Show,TV Comedies,2018,TV-Y7
The 3rd Eye,Movie,Horror Movies,2018,TV-MA
The 3rd Eye,Movie,International Movies,2018,TV-MA
Two Catalonias,Movie,Documentaries,2018,TV-MA
Two Catalonias,Movie,International Movies,2018,TV-MA
In Darkness,Movie,Independent Movies,2018,TV-MA
In Darkness,Movie,International Movies,2018,TV-MA
In Darkness,Movie,Thrillers,2018,TV-MA
Battlefish,TV Show,Reality TV,2018,TV-MA
Battlefish,TV Show,Science & Nature TV,2018,TV-MA
Battlefish,TV Show,TV Action & Adventure,2018,TV-MA
DRAGON PILOT: Hisone & Masotan,TV Show,Anime Series,2018,TV-14
DRAGON PILOT: Hisone & Masotan,TV Show,International TV Shows,2018,TV-14
Maniac,TV Show,TV Comedies,2018,TV-MA
Maniac,TV Show,TV Dramas,2018,TV-MA
Maniac,TV Show,TV Mysteries,2018,TV-MA
Quincy,Movie,Documentaries,2018,TV-MA
Quincy,Movie,Music & Musicals,2018,TV-MA
Rafinha Bastos: Ultimatum,Movie,Stand-Up Comedy,2018,TV-MA
The Good Cop,TV Show,Crime TV Shows,2018,TV-14
The Good Cop,TV Show,TV Comedies,2018,TV-14
The Good Cop,TV Show,TV Dramas,2018,TV-14
Mobile Suit Gundam UC,TV Show,Anime Series,2014,TV-PG
Mobile Suit Gundam UC,TV Show,International TV Shows,2014,TV-PG
Transformers: Rescue Bots,TV Show,Kids' TV,2016,TV-Y7
Al Hayba,TV Show,Crime TV Shows,2017,TV-14
Al Hayba,TV Show,International TV Shows,2017,TV-14
Al Hayba,TV Show,TV Dramas,2017,TV-14
American Vandal,TV Show,Crime TV Shows,2018,TV-MA
American Vandal,TV Show,TV Comedies,2018,TV-MA
American Vandal,TV Show,Teen TV Shows,2018,TV-MA
Boca Juniors Confidential,TV Show,Docuseries,2018,TV-PG
Boca Juniors Confidential,TV Show,International TV Shows,2018,TV-PG
Boca Juniors Confidential,TV Show,Spanish-Language TV Shows,2018,TV-PG
Ingobernable,TV Show,Crime TV Shows,2018,TV-MA
Ingobernable,TV Show,International TV Shows,2018,TV-MA
Ingobernable,TV Show,Spanish-Language TV Shows,2018,TV-MA
Norm Macdonald Has a Show,TV Show,Stand-Up Comedy & Talk Shows,2018,TV-MA
Norm Macdonald Has a Show,TV Show,TV Comedies,2018,TV-MA
Super Monsters Monster Party,TV Show,Kids' TV,2018,TV-Y
The Angel,Movie,Dramas,2018,TV-MA
The Angel,Movie,International Movies,2018,TV-MA
The Angel,Movie,Thrillers,2018,TV-MA
The Land of Steady Habits,Movie,Comedies,2018,TV-MA
The Land of Steady Habits,Movie,Dramas,2018,TV-MA
The Land of Steady Habits,Movie,Independent Movies,2018,TV-MA
The Rise of Phoenixes,TV Show,International TV Shows,2018,TV-14
The Rise of Phoenixes,TV Show,Romantic TV Shows,2018,TV-14
The Rise of Phoenixes,TV Show,TV Action & Adventure,2018,TV-14
Reversing Roe,Movie,Documentaries,2018,TV-14
Life,TV Show,International TV Shows,2018,TV-MA
Life,TV Show,Korean TV Shows,2018,TV-MA
Life,TV Show,TV Dramas,2018,TV-MA
On My Skin,Movie,Dramas,2018,TV-MA
On My Skin,Movie,International Movies,2018,TV-MA
Daniel Sloss: Live Shows,TV Show,Stand-Up Comedy & Talk Shows,2018,TV-MA
Daniel Sloss: Live Shows,TV Show,TV Comedies,2018,TV-MA
If I were an Animal,TV Show,Docuseries,2018,TV-G
If I were an Animal,TV Show,Kids' TV,2018,TV-G
If I were an Animal,TV Show,Science & Nature TV,2018,TV-G
The Resistance Banker,Movie,Dramas,2018,TV-MA
The Resistance Banker,Movie,International Movies,2018,TV-MA
Show Me the Money,TV Show,International TV Shows,2004,TV-14
Show Me the Money,TV Show,TV Comedies,2004,TV-14
Transformers Prime,TV Show,Kids' TV,2013,TV-Y7
Transformers: Robots in Disguise,TV Show,Kids' TV,2016,TV-Y7
City of Joy,Movie,Documentaries,2018,TV-MA
First and Last,TV Show,Docuseries,2018,TV-MA
Marvel's Iron Fist,TV Show,Crime TV Shows,2018,TV-MA
Marvel's Iron Fist,TV Show,TV Action & Adventure,2018,TV-MA
Marvel's Iron Fist,TV Show,TV Dramas,2018,TV-MA
Next Gen,Movie,Children & Family Movies,2018,TV-PG
Next Gen,Movie,Comedies,2018,TV-PG
Next Gen,Movie,Sci-Fi & Fantasy,2018,TV-PG
Sierra Burgess Is A Loser,Movie,Comedies,2018,PG-13
Sierra Burgess Is A Loser,Movie,Romantic Movies,2018,PG-13
Stretch Armstrong & the Flex Fighters,TV Show,Kids' TV,2018,TV-Y7
The Most Assassinated Woman in the World,Movie,Dramas,2018,TV-MA
The Most Assassinated Woman in the World,Movie,International Movies,2018,TV-MA
The Most Assassinated Woman in the World,Movie,Thrillers,2018,TV-MA
PK,Movie,Comedies,2014,TV-14
PK,Movie,Dramas,2014,TV-14
PK,Movie,International Movies,2014,TV-14
The Debt Collector,Movie,Action & Adventure,2018,TV-MA
Monkey Twins,TV Show,Crime TV Shows,2018,TV-MA
Monkey Twins,TV Show,International TV Shows,2018,TV-MA
Monkey Twins,TV Show,TV Action & Adventure,2018,TV-MA
Quantico,TV Show,Crime TV Shows,2018,TV-14
Quantico,TV Show,TV Dramas,2018,TV-14
Quantico,TV Show,TV Mysteries,2018,TV-14
Age of Rebellion,TV Show,Crime TV Shows,2018,TV-MA
Age of Rebellion,TV Show,International TV Shows,2018,TV-MA
Age of Rebellion,TV Show,TV Dramas,2018,TV-MA
Carbon,Movie,Dramas,2017,TV-MA
Carbon,Movie,International Movies,2017,TV-MA
Carbon,Movie,Thrillers,2017,TV-MA
Garbage,Movie,Dramas,2018,TV-MA
Garbage,Movie,Independent Movies,2018,TV-MA
Garbage,Movie,International Movies,2018,TV-MA
​​Kuch Bheege Alfaaz,Movie,Dramas,2018,TV-14
​​Kuch Bheege Alfaaz,Movie,Independent Movies,2018,TV-14
​​Kuch Bheege Alfaaz,Movie,International Movies,2018,TV-14
Love and Shukla,Movie,Dramas,2017,TV-MA
Love and Shukla,Movie,Independent Movies,2017,TV-MA
Love and Shukla,Movie,International Movies,2017,TV-MA
Once Again,Movie,Dramas,2018,TV-PG
Once Again,Movie,Independent Movies,2018,TV-PG
Once Again,Movie,International Movies,2018,TV-PG
Sisters,TV Show,International TV Shows,2018,TV-MA
Sisters,TV Show,TV Comedies,2018,TV-MA
Sisters,TV Show,TV Dramas,2018,TV-MA
Sparring,Movie,Dramas,2017,TV-MA
Sparring,Movie,International Movies,2017,TV-MA
Sparring,Movie,Sports Movies,2017,TV-MA
Cathedral of the Sea,TV Show,International TV Shows,2017,TV-MA
Cathedral of the Sea,TV Show,Spanish-Language TV Shows,2017,TV-MA
Cathedral of the Sea,TV Show,TV Dramas,2017,TV-MA
Inside the Criminal Mind,TV Show,Crime TV Shows,2018,TV-MA
Inside the Criminal Mind,TV Show,Docuseries,2018,TV-MA
Inside the Criminal Mind,TV Show,International TV Shows,2018,TV-MA
The Comedy Lineup,TV Show,Stand-Up Comedy & Talk Shows,2018,TV-MA
The Comedy Lineup,TV Show,TV Comedies,2018,TV-MA
The Laws of Thermodynamics,Movie,Comedies,2018,TV-MA
The Laws of Thermodynamics,Movie,International Movies,2018,TV-MA
The Laws of Thermodynamics,Movie,Romantic Movies,2018,TV-MA
Ultimate Beastmaster,TV Show,Reality TV,2018,TV-PG
Ultimate Beastmaster México,TV Show,Reality TV,2018,TV-PG
Ultimate Beastmaster México,TV Show,Spanish-Language TV Shows,2018,TV-PG
Undercover Law,TV Show,Crime TV Shows,2017,TV-MA
Undercover Law,TV Show,International TV Shows,2017,TV-MA
Undercover Law,TV Show,Spanish-Language TV Shows,2017,TV-MA
Naam Shabana,Movie,Action & Adventure,2017,TV-14
Naam Shabana,Movie,International Movies,2017,TV-14
Qarib Qarib Singlle,Movie,Comedies,2017,TV-14
Qarib Qarib Singlle,Movie,International Movies,2017,TV-14
Qarib Qarib Singlle,Movie,Romantic Movies,2017,TV-14
Spyder,Movie,Action & Adventure,2017,TV-14
Spyder,Movie,International Movies,2017,TV-14
Chicken Soup for the Soul's Being Dad,TV Show,Docuseries,2018,TV-MA
Maria Bamford: The Special Special Special,Movie,Stand-Up Comedy,2012,TV-MA
Bert Kreischer: Secret Time,Movie,Stand-Up Comedy,2018,TV-MA
GHOUL,TV Show,International TV Shows,2018,TV-MA
GHOUL,TV Show,TV Dramas,2018,TV-MA
GHOUL,TV Show,TV Horror,2018,TV-MA
One Last Shot,Movie,Comedies,1998,TV-MA
Take My Brother Away,TV Show,International TV Shows,2018,TV-14
Take My Brother Away,TV Show,TV Comedies,2018,TV-14
Take My Brother Away,TV Show,TV Dramas,2018,TV-14
The After Party,Movie,Comedies,2018,TV-MA
The After Party,Movie,Music & Musicals,2018,TV-MA
The Innocents,TV Show,British TV Shows,2018,TV-MA
The Innocents,TV Show,International TV Shows,2018,TV-MA
The Innocents,TV Show,Romantic TV Shows,2018,TV-MA
Bareilly Ki Barfi,Movie,Comedies,2017,TV-14
Bareilly Ki Barfi,Movie,Dramas,2017,TV-14
Bareilly Ki Barfi,Movie,International Movies,2017,TV-14
Mersal,Movie,Action & Adventure,2017,TV-14
Mersal,Movie,Dramas,2017,TV-14
Mersal,Movie,International Movies,2017,TV-14
Mom,Movie,Dramas,2017,TV-14
Mom,Movie,International Movies,2017,TV-14
Mom,Movie,Thrillers,2017,TV-14
Pad Man,Movie,Dramas,2018,PG-13
Pad Man,Movie,International Movies,2018,PG-13
Pad Man,Movie,Romantic Movies,2018,PG-13
Toilet: Ek Prem Katha,Movie,Comedies,2017,TV-14
Toilet: Ek Prem Katha,Movie,Dramas,2017,TV-14
Toilet: Ek Prem Katha,Movie,International Movies,2017,TV-14
Party Monster: Scratching the Surface,Movie,Comedies,2018,TV-14
Stay Here,TV Show,Reality TV,2018,TV-PG
The Motive,Movie,Comedies,2017,TV-MA
The Motive,Movie,Dramas,2017,TV-MA
The Motive,Movie,International Movies,2017,TV-MA
To All the Boys I’ve Loved Before,Movie,Comedies,2018,TV-14
To All the Boys I’ve Loved Before,Movie,International Movies,2018,TV-14
To All the Boys I’ve Loved Before,Movie,Romantic Movies,2018,TV-14
Yoo Byung Jae: Discomfort Zone,Movie,Stand-Up Comedy,2018,TV-MA
Bhavesh Joshi Superhero,Movie,Dramas,2018,TV-14
Bhavesh Joshi Superhero,Movie,International Movies,2018,TV-14
Bhavesh Joshi Superhero,Movie,Sci-Fi & Fantasy,2018,TV-14
For Here or to Go?,Movie,Comedies,2015,TV-MA
For Here or to Go?,Movie,Dramas,2015,TV-MA
For Here or to Go?,Movie,Independent Movies,2015,TV-MA
72 Dangerous Animals: Asia,TV Show,Docuseries,2018,TV-14
72 Dangerous Animals: Asia,TV Show,International TV Shows,2018,TV-14
72 Dangerous Animals: Asia,TV Show,Science & Nature TV,2018,TV-14
Afflicted,TV Show,Docuseries,2018,TV-MA
Afflicted,TV Show,Reality TV,2018,TV-MA
Afflicted,TV Show,Science & Nature TV,2018,TV-MA
All About the Washingtons,TV Show,TV Comedies,2018,TV-PG
The Guernsey Literary and Potato Peel Pie Society,Movie,Dramas,2018,TV-PG
The Guernsey Literary and Potato Peel Pie Society,Movie,Romantic Movies,2018,TV-PG
The Package,Movie,Comedies,2018,TV-MA
Zion,Movie,Documentaries,2018,TV-PG
Zion,Movie,Sports Movies,2018,TV-PG
Perdida,Movie,Dramas,2018,TV-MA
Perdida,Movie,International Movies,2018,TV-MA
Perdida,Movie,Thrillers,2018,TV-MA
The Originals,TV Show,TV Dramas,2018,TV-14
The Originals,TV Show,TV Horror,2018,TV-14
The Originals,TV Show,TV Mysteries,2018,TV-14
Pretty Man,TV Show,International TV Shows,2018,TV-14
Pretty Man,TV Show,Romantic TV Shows,2018,TV-14
Pretty Man,TV Show,TV Dramas,2018,TV-14
On Children,TV Show,International TV Shows,2018,TV-14
On Children,TV Show,TV Dramas,2018,TV-14
On Children,TV Show,TV Mysteries,2018,TV-14
2 States,Movie,Comedies,2014,TV-PG
2 States,Movie,Dramas,2014,TV-PG
2 States,Movie,International Movies,2014,TV-PG
Baaghi,Movie,Action & Adventure,2016,TV-14
Baaghi,Movie,International Movies,2016,TV-14
Brij Mohan Amar Rahe,Movie,Comedies,2018,TV-MA
Brij Mohan Amar Rahe,Movie,Dramas,2018,TV-MA
Brij Mohan Amar Rahe,Movie,International Movies,2018,TV-MA
Flavors of Youth: International Version,Movie,Anime Features,2018,TV-PG
Flavors of Youth: International Version,Movie,International Movies,2018,TV-PG
Flavors of Youth: International Version,Movie,Romantic Movies,2018,TV-PG
Cocaine Coast,TV Show,Crime TV Shows,2018,TV-MA
Cocaine Coast,TV Show,International TV Shows,2018,TV-MA
Cocaine Coast,TV Show,Spanish-Language TV Shows,2018,TV-MA
Dinotrux Supercharged,TV Show,Kids' TV,2018,TV-Y7
Like Father,Movie,Comedies,2018,TV-MA
Like Father,Movie,Dramas,2018,TV-MA
7 Khoon Maaf,Movie,Dramas,2011,TV-MA
7 Khoon Maaf,Movie,International Movies,2011,TV-MA
7 Khoon Maaf,Movie,Thrillers,2011,TV-MA
Chillar Party,Movie,Children & Family Movies,2011,TV-PG
Chillar Party,Movie,Comedies,2011,TV-PG
Chillar Party,Movie,Dramas,2011,TV-PG
Fashion,Movie,Dramas,2008,TV-MA
Fashion,Movie,International Movies,2008,TV-MA
Fitoor,Movie,Dramas,2016,TV-14
Fitoor,Movie,International Movies,2016,TV-14
Fitoor,Movie,Romantic Movies,2016,TV-14
Fiza,Movie,Dramas,2000,TV-14
Fiza,Movie,International Movies,2000,TV-14
Fiza,Movie,Music & Musicals,2000,TV-14
Guzaarish,Movie,Dramas,2010,TV-14
Guzaarish,Movie,International Movies,2010,TV-14
Haider,Movie,Dramas,2014,TV-MA
Haider,Movie,International Movies,2014,TV-MA
Haider,Movie,Romantic Movies,2014,TV-MA
Highway,Movie,Action & Adventure,2014,TV-14
Highway,Movie,Dramas,2014,TV-14
Highway,Movie,International Movies,2014,TV-14
I Hate Luv Storys,Movie,Comedies,2010,TV-14
I Hate Luv Storys,Movie,International Movies,2010,TV-14
I Hate Luv Storys,Movie,Music & Musicals,2010,TV-14
Joker,Movie,Comedies,2012,TV-PG
Joker,Movie,International Movies,2012,TV-PG
Joker,Movie,Music & Musicals,2012,TV-PG
Main aurr Mrs. Khanna,Movie,International Movies,2009,TV-14
Main aurr Mrs. Khanna,Movie,Music & Musicals,2009,TV-14
Main aurr Mrs. Khanna,Movie,Romantic Movies,2009,TV-14
Mohenjo Daro,Movie,Action & Adventure,2016,TV-14
Mohenjo Daro,Movie,Dramas,2016,TV-14
Mohenjo Daro,Movie,International Movies,2016,TV-14
Raajneeti,Movie,Dramas,2010,TV-14
Raajneeti,Movie,International Movies,2010,TV-14
Raajneeti,Movie,Thrillers,2010,TV-14
Rang De Basanti,Movie,Dramas,2006,TV-14
Rang De Basanti,Movie,International Movies,2006,TV-14
Rowdy Rathore,Movie,Action & Adventure,2012,TV-14
Rowdy Rathore,Movie,Comedies,2012,TV-14
Rowdy Rathore,Movie,International Movies,2012,TV-14
Tamasha,Movie,Dramas,2015,TV-14
Tamasha,Movie,International Movies,2015,TV-14
Tamasha,Movie,Romantic Movies,2015,TV-14
Tere Naal Love Ho Gaya,Movie,Comedies,2012,TV-14
Tere Naal Love Ho Gaya,Movie,International Movies,2012,TV-14
Tere Naal Love Ho Gaya,Movie,Romantic Movies,2012,TV-14
Thank You,Movie,Comedies,2011,TV-14
Thank You,Movie,International Movies,2011,TV-14
Thank You,Movie,Romantic Movies,2011,TV-14
The Blue Umbrella,Movie,Children & Family Movies,2005,TV-PG
The Blue Umbrella,Movie,Dramas,2005,TV-PG
The Blue Umbrella,Movie,Independent Movies,2005,TV-PG
Becoming Champions,TV Show,Docuseries,2018,TV-G
Becoming Champions,TV Show,International TV Shows,2018,TV-G
Being Napoleon,Movie,Documentaries,2018,TV-MA
Invisible,Movie,Dramas,2017,TV-MA
Invisible,Movie,Independent Movies,2017,TV-MA
Invisible,Movie,International Movies,2017,TV-MA
Switched,TV Show,International TV Shows,2018,TV-MA
Switched,TV Show,TV Dramas,2018,TV-MA
Switched,TV Show,TV Mysteries,2018,TV-MA
The Could’ve-Gone-All-the-Way Committee,TV Show,International TV Shows,2018,TV-14
The Could’ve-Gone-All-the-Way Committee,TV Show,Romantic TV Shows,2018,TV-14
The Could’ve-Gone-All-the-Way Committee,TV Show,TV Dramas,2018,TV-14
A Very Secret Service,TV Show,International TV Shows,2018,TV-MA
A Very Secret Service,TV Show,TV Comedies,2018,TV-MA
SWORDGAI The Animation,TV Show,Anime Series,2018,TV-MA
SWORDGAI The Animation,TV Show,International TV Shows,2018,TV-MA
Da Kath & Kim Code,Movie,Movies,2005,TV-PG
Kath & Kimderella,Movie,Comedies,2012,TV-14
Kath and Kim,TV Show,TV Comedies,2007,TV-MA
The Mansion,Movie,Comedies,2017,TV-MA
The Mansion,Movie,Horror Movies,2017,TV-MA
The Mansion,Movie,International Movies,2017,TV-MA
Coco y Raulito: Carrusel de ternura,Movie,Stand-Up Comedy,2018,TV-MA
El Chapo,TV Show,Crime TV Shows,2018,TV-MA
El Chapo,TV Show,Spanish-Language TV Shows,2018,TV-MA
El Chapo,TV Show,TV Action & Adventure,2018,TV-MA
Extinction,Movie,Action & Adventure,2018,TV-MA
Extinction,Movie,Dramas,2018,TV-MA
Extinction,Movie,Sci-Fi & Fantasy,2018,TV-MA
Smoking,TV Show,Crime TV Shows,2018,TV-MA
Smoking,TV Show,International TV Shows,2018,TV-MA
Smoking,TV Show,TV Action & Adventure,2018,TV-MA
The Bleeding Edge,Movie,Documentaries,2018,TV-14
Welcome to the Family,TV Show,International TV Shows,2018,TV-MA
Welcome to the Family,TV Show,TV Comedies,2018,TV-MA
Welcome to the Family,TV Show,TV Dramas,2018,TV-MA
Parmanu: The Story of Pokhran,Movie,Dramas,2018,TV-PG
Parmanu: The Story of Pokhran,Movie,International Movies,2018,TV-PG
Iliza Shlesinger: Elder Millennial,Movie,Stand-Up Comedy,2018,TV-MA
The Warning,Movie,International Movies,2018,TV-MA
The Warning,Movie,Thrillers,2018,TV-MA
Amazing Interiors,TV Show,British TV Shows,2018,TV-PG
Amazing Interiors,TV Show,International TV Shows,2018,TV-PG
Amazing Interiors,TV Show,Reality TV,2018,TV-PG
Dark Tourist,TV Show,Docuseries,2018,TV-MA
Dark Tourist,TV Show,International TV Shows,2018,TV-MA
Duck Duck Goose,Movie,Children & Family Movies,2018,PG
Duck Duck Goose,Movie,Comedies,2018,PG
Father of the Year,Movie,Comedies,2018,TV-MA
Home: Adventures with Tip & Oh,TV Show,Kids' TV,2018,TV-Y7
Home: Adventures with Tip & Oh,TV Show,TV Comedies,2018,TV-Y7
Jimmy: The True Story of a True Idiot,TV Show,International TV Shows,2018,TV-MA
Jimmy: The True Story of a True Idiot,TV Show,TV Comedies,2018,TV-MA
Jimmy: The True Story of a True Idiot,TV Show,TV Dramas,2018,TV-MA
Luna Petunia: Return to Amazia,TV Show,Kids' TV,2018,TV-Y
Nothing to Lose,Movie,Dramas,2018,PG
Nothing to Lose,Movie,Faith & Spirituality,2018,PG
Nothing to Lose,Movie,International Movies,2018,PG
El club de los buenos infieles,Movie,Comedies,2018,TV-MA
El club de los buenos infieles,Movie,International Movies,2018,TV-MA
Camarón Revolution,TV Show,Docuseries,2018,TV-14
Camarón Revolution,TV Show,International TV Shows,2018,TV-14
Camarón Revolution,TV Show,Spanish-Language TV Shows,2018,TV-14
Camarón: The Film,Movie,Documentaries,2018,TV-14
Camarón: The Film,Movie,International Movies,2018,TV-14
Camarón: The Film,Movie,Music & Musicals,2018,TV-14
GODZILLA City on the Edge of Battle,Movie,Action & Adventure,2018,TV-14
GODZILLA City on the Edge of Battle,Movie,Anime Features,2018,TV-14
GODZILLA City on the Edge of Battle,Movie,International Movies,2018,TV-14
Going for Gold,Movie,Children & Family Movies,2018,TV-G
Going for Gold,Movie,Dramas,2018,TV-G
Going for Gold,Movie,International Movies,2018,TV-G
The Joel McHale Show with Joel McHale,TV Show,Stand-Up Comedy & Talk Shows,2018,TV-MA
The Joel McHale Show with Joel McHale,TV Show,TV Comedies,2018,TV-MA
Meteor Garden,TV Show,International TV Shows,2018,TV-14
Meteor Garden,TV Show,Romantic TV Shows,2018,TV-14
Meteor Garden,TV Show,TV Dramas,2018,TV-14
How It Ends,Movie,Action & Adventure,2018,TV-MA
How It Ends,Movie,Sci-Fi & Fantasy,2018,TV-MA
Jim Jefferies: This Is Me Now,Movie,Stand-Up Comedy,2018,TV-MA
Romina,Movie,Horror Movies,2018,TV-MA
Romina,Movie,Independent Movies,2018,TV-MA
Romina,Movie,International Movies,2018,TV-MA
Mossad 101,TV Show,International TV Shows,2017,TV-MA
Mossad 101,TV Show,TV Action & Adventure,2017,TV-MA
Mossad 101,TV Show,TV Dramas,2017,TV-MA
Baby Ballroom,TV Show,British TV Shows,2018,TV-MA
Baby Ballroom,TV Show,International TV Shows,2018,TV-MA
Baby Ballroom,TV Show,Reality TV,2018,TV-MA
Drug Lords,TV Show,Crime TV Shows,2018,TV-MA
Drug Lords,TV Show,Docuseries,2018,TV-MA
Mr. Sunshine,TV Show,International TV Shows,2018,TV-MA
Mr. Sunshine,TV Show,Korean TV Shows,2018,TV-MA
Mr. Sunshine,TV Show,Romantic TV Shows,2018,TV-MA
First Team: Juventus,TV Show,Docuseries,2018,TV-PG
First Team: Juventus,TV Show,International TV Shows,2018,TV-PG
Luciano Mellera: Infantiloide,Movie,Stand-Up Comedy,2018,TV-14
The Legacy of a Whitetail Deer Hunter,Movie,Action & Adventure,2018,TV-14
The Legacy of a Whitetail Deer Hunter,Movie,Comedies,2018,TV-14
The Legacy of a Whitetail Deer Hunter,Movie,Dramas,2018,TV-14
The Skin of the Wolf,Movie,Dramas,2018,TV-MA
The Skin of the Wolf,Movie,Independent Movies,2018,TV-MA
The Skin of the Wolf,Movie,International Movies,2018,TV-MA
White Fang,Movie,Children & Family Movies,2018,TV-PG
White Fang,Movie,Dramas,2018,TV-PG
Sommore: Chandelier Status,Movie,Stand-Up Comedy,2013,TV-MA
Felipe Esparza: They're Not Going to Laugh at You,Movie,Stand-Up Comedy,2012,TV-MA
Joan Rivers: Don't Start with Me,Movie,Stand-Up Comedy,2012,TV-MA
Katt Williams: Kattpacalypse,Movie,Stand-Up Comedy,2012,TV-MA
King of Peking,Movie,Comedies,2018,TV-14
King of Peking,Movie,Dramas,2018,TV-14
King of Peking,Movie,International Movies,2018,TV-14
Anthony Kaun Hai?,Movie,Comedies,2006,TV-14
Anthony Kaun Hai?,Movie,Dramas,2006,TV-14
Anthony Kaun Hai?,Movie,International Movies,2006,TV-14
Bo Burnham: what.,Movie,Stand-Up Comedy,2013,TV-MA
Chalte Chalte,Movie,Dramas,2003,TV-14
Chalte Chalte,Movie,International Movies,2003,TV-14
Chalte Chalte,Movie,Romantic Movies,2003,TV-14
Deewana Main Deewana,Movie,Comedies,2013,TV-14
Deewana Main Deewana,Movie,Dramas,2013,TV-14
Deewana Main Deewana,Movie,International Movies,2013,TV-14
Duck Butter,Movie,Dramas,2018,TV-MA
Duck Butter,Movie,Independent Movies,2018,TV-MA
Duck Butter,Movie,LGBTQ Movies,2018,TV-MA
I Am Kalam,Movie,Children & Family Movies,2010,TV-PG
I Am Kalam,Movie,Comedies,2010,TV-PG
I Am Kalam,Movie,Dramas,2010,TV-PG
My Birthday Song,Movie,Dramas,2018,TV-14
My Birthday Song,Movie,International Movies,2018,TV-14
My Birthday Song,Movie,Thrillers,2018,TV-14
Namastey London,Movie,Comedies,2007,TV-14
Namastey London,Movie,Dramas,2007,TV-14
Namastey London,Movie,International Movies,2007,TV-14
NCIS,TV Show,Crime TV Shows,2017,TV-14
NCIS,TV Show,TV Dramas,2017,TV-14
NCIS,TV Show,TV Mysteries,2017,TV-14
Soul Robbers,Movie,Horror Movies,2015,TV-14
Soul Robbers,Movie,International Movies,2015,TV-14
Tum Milo Toh Sahi,Movie,Comedies,2010,TV-14
Tum Milo Toh Sahi,Movie,Dramas,2010,TV-14
Tum Milo Toh Sahi,Movie,International Movies,2010,TV-14
What We Started,Movie,Documentaries,2017,TV-MA
What We Started,Movie,Music & Musicals,2017,TV-MA
Zoo,Movie,Dramas,2018,TV-MA
Zoo,Movie,Independent Movies,2018,TV-MA
Zoo,Movie,International Movies,2018,TV-MA
Bill Burr: You People Are All the Same,Movie,Stand-Up Comedy,2012,TV-MA
Somewhere Between,TV Show,Crime TV Shows,2017,TV-14
Somewhere Between,TV Show,TV Dramas,2017,TV-14
Somewhere Between,TV Show,TV Mysteries,2017,TV-14
The Maus,Movie,Horror Movies,2017,TV-MA
The Maus,Movie,Independent Movies,2017,TV-MA
The Maus,Movie,International Movies,2017,TV-MA
Calibre,Movie,Dramas,2018,TV-MA
Calibre,Movie,International Movies,2018,TV-MA
Calibre,Movie,Thrillers,2018,TV-MA
Churchill’s Secret Agents: The New Recruits,TV Show,British TV Shows,2018,TV-MA
Churchill’s Secret Agents: The New Recruits,TV Show,International TV Shows,2018,TV-MA
Churchill’s Secret Agents: The New Recruits,TV Show,Reality TV,2018,TV-MA
Jani Dueñas: Grandes fracasos de ayer y hoy,Movie,Stand-Up Comedy,2018,TV-MA
Kiss Me First,TV Show,British TV Shows,2018,TV-MA
Kiss Me First,TV Show,Crime TV Shows,2018,TV-MA
Kiss Me First,TV Show,International TV Shows,2018,TV-MA
Penalty Kick,Movie,Comedies,2018,TV-14
Penalty Kick,Movie,Dramas,2018,TV-14
Penalty Kick,Movie,International Movies,2018,TV-14
Recovery Boys,Movie,Documentaries,2018,TV-MA
TAU,Movie,Sci-Fi & Fantasy,2018,R
TAU,Movie,Thrillers,2018,R
Hotel Transylvania,TV Show,Kids' TV,2017,TV-Y7
Hotel Transylvania,TV Show,TV Comedies,2017,TV-Y7
W. Kamau Bell: Private School Negro,Movie,Stand-Up Comedy,2018,TV-MA
Borges,TV Show,International TV Shows,2018,TV-MA
Borges,TV Show,TV Comedies,2018,TV-MA
Expelled from Paradise,Movie,Action & Adventure,2014,TV-MA
Expelled from Paradise,Movie,Anime Features,2014,TV-MA
Expelled from Paradise,Movie,Sci-Fi & Fantasy,2014,TV-MA
"To Each, Her Own",Movie,Comedies,2018,TV-MA
"To Each, Her Own",Movie,International Movies,2018,TV-MA
"To Each, Her Own",Movie,LGBTQ Movies,2018,TV-MA
Life Sentence,TV Show,TV Dramas,2018,TV-14
Brain on Fire,Movie,Dramas,2016,PG-13
Brain on Fire,Movie,Independent Movies,2016,PG-13
Brain on Fire,Movie,International Movies,2016,PG-13
Derren Brown: Miracle,Movie,International Movies,2018,TV-MA
Marvel's Luke Cage,TV Show,Crime TV Shows,2018,TV-MA
Marvel's Luke Cage,TV Show,TV Action & Adventure,2018,TV-MA
Marvel's Luke Cage,TV Show,TV Dramas,2018,TV-MA
Us and Them,Movie,Dramas,2018,TV-MA
Us and Them,Movie,International Movies,2018,TV-MA
Us and Them,Movie,Romantic Movies,2018,TV-MA
Hannah Gadsby: Nanette,Movie,Stand-Up Comedy,2018,TV-MA
Club de Cuervos Presents: The Ballad of Hugo Sánchez,TV Show,International TV Shows,2018,TV-MA
Club de Cuervos Presents: The Ballad of Hugo Sánchez,TV Show,Spanish-Language TV Shows,2018,TV-MA
Club de Cuervos Presents: The Ballad of Hugo Sánchez,TV Show,TV Comedies,2018,TV-MA
Lust Stories,Movie,Comedies,2018,TV-MA
Lust Stories,Movie,Dramas,2018,TV-MA
Lust Stories,Movie,International Movies,2018,TV-MA
Maktub,Movie,Comedies,2018,TV-MA
Maktub,Movie,International Movies,2018,TV-MA
Pacificum: Return to the Ocean,Movie,Documentaries,2017,TV-G
Pacificum: Return to the Ocean,Movie,International Movies,2017,TV-G
Set It Up,Movie,Comedies,2018,TV-MA
Set It Up,Movie,Romantic Movies,2018,TV-MA
Sunday's Illness,Movie,Dramas,2017,PG-13
Sunday's Illness,Movie,Independent Movies,2017,PG-13
Sunday's Illness,Movie,International Movies,2017,PG-13
The last hour,Movie,Dramas,2017,TV-MA
The last hour,Movie,International Movies,2017,TV-MA
True: Magical Friends,TV Show,Kids' TV,2018,TV-Y
True: Wonderful Wishes,TV Show,Kids' TV,2018,TV-Y
Alex Strangelove,Movie,Comedies,2018,TV-MA
Alex Strangelove,Movie,Dramas,2018,TV-MA
Alex Strangelove,Movie,Independent Movies,2018,TV-MA
Ali's Wedding,Movie,Comedies,2018,TV-MA
Ali's Wedding,Movie,Independent Movies,2018,TV-MA
Ali's Wedding,Movie,International Movies,2018,TV-MA
Franco Escamilla: Por la anécdota,Movie,Stand-Up Comedy,2018,TV-MA
The Staircase,TV Show,Crime TV Shows,2018,TV-MA
The Staircase,TV Show,Docuseries,2018,TV-MA
The Staircase,TV Show,TV Mysteries,2018,TV-MA
The Night Shift,TV Show,TV Dramas,2017,TV-14
Dinosaur King,TV Show,Anime Series,2008,TV-Y7
Dinosaur King,TV Show,Kids' TV,2008,TV-Y7
B.A. Pass 2,Movie,Dramas,2017,TV-14
B.A. Pass 2,Movie,International Movies,2017,TV-14
Bad Genius,Movie,Dramas,2017,TV-MA
Bad Genius,Movie,International Movies,2017,TV-MA
Bad Genius,Movie,Thrillers,2017,TV-MA
November 13: Attack on Paris,TV Show,Crime TV Shows,2018,TV-MA
November 13: Attack on Paris,TV Show,Docuseries,2018,TV-MA
November 13: Attack on Paris,TV Show,International TV Shows,2018,TV-MA
Outside In,Movie,Dramas,2018,TV-MA
Outside In,Movie,Independent Movies,2018,TV-MA
Pedal the World,Movie,Documentaries,2015,TV-MA
Pedal the World,Movie,International Movies,2015,TV-MA
Pedal the World,Movie,Sports Movies,2015,TV-MA
Unbreakable Kimmy Schmidt,TV Show,TV Comedies,2019,TV-14
Arrested Development,TV Show,TV Comedies,2019,TV-MA
The Break with Michelle Wolf,TV Show,Stand-Up Comedy & Talk Shows,2018,TV-MA
The Break with Michelle Wolf,TV Show,TV Comedies,2018,TV-MA
Sara's Notebook,Movie,Dramas,2018,TV-MA
Sara's Notebook,Movie,International Movies,2018,TV-MA
Sara's Notebook,Movie,Thrillers,2018,TV-MA
Something in the Rain,TV Show,International TV Shows,2018,TV-MA
Something in the Rain,TV Show,Korean TV Shows,2018,TV-MA
Something in the Rain,TV Show,Romantic TV Shows,2018,TV-MA
Fernando Sanjiao: Hombre,Movie,Stand-Up Comedy,2018,TV-MA
Ibiza,Movie,Comedies,2018,TV-MA
Ibiza,Movie,Romantic Movies,2018,TV-MA
Steve Martin and Martin Short: An Evening You Will Forget for the Rest of Your Life,Movie,Stand-Up Comedy,2018,TV-14
Trollhunters,TV Show,Kids' TV,2018,TV-Y7
Trollhunters,TV Show,TV Action & Adventure,2018,TV-Y7
Trollhunters,TV Show,TV Sci-Fi & Fantasy,2018,TV-Y7
Mob Psycho 100,TV Show,International TV Shows,2018,TV-MA
Mob Psycho 100,TV Show,TV Action & Adventure,2018,TV-MA
Mob Psycho 100,TV Show,TV Comedies,2018,TV-MA
Tig Notaro Happy To Be Here,Movie,Stand-Up Comedy,2018,TV-14
Catching Feelings,Movie,Comedies,2018,TV-MA
Catching Feelings,Movie,International Movies,2018,TV-MA
Catching Feelings,Movie,Romantic Movies,2018,TV-MA
Dance & Sing with True,TV Show,Kids' TV,2018,TV-Y
Inspector Gadget,TV Show,Crime TV Shows,2017,TV-Y7
Inspector Gadget,TV Show,Kids' TV,2017,TV-Y7
Inspector Gadget,TV Show,TV Comedies,2017,TV-Y7
Katt Williams: American Hustle (The Movie),Movie,Stand-Up Comedy,2007,TV-MA
Food on the Go,Movie,Documentaries,2017,TV-MA
Food on the Go,Movie,International Movies,2017,TV-MA
Aiyaary,Movie,Action & Adventure,2018,TV-MA
Aiyaary,Movie,Dramas,2018,TV-MA
Aiyaary,Movie,International Movies,2018,TV-MA
Lupin the 3rd: The Castle of Cagliostro: Special Edition,Movie,Action & Adventure,1979,PG-13
Lupin the 3rd: The Castle of Cagliostro: Special Edition,Movie,Anime Features,1979,PG-13
Lupin the 3rd: The Castle of Cagliostro: Special Edition,Movie,Classic Movies,1979,PG-13
Saint Seiya: The Lost Canvas,TV Show,Anime Series,2009,TV-MA
Saint Seiya: The Lost Canvas,TV Show,International TV Shows,2009,TV-MA
Ali Wong: Hard Knock Wife,Movie,Stand-Up Comedy,2018,TV-MA
Spivak,Movie,Comedies,2017,TV-MA
Spivak,Movie,Independent Movies,2017,TV-MA
Bill Nye Saves the World,TV Show,Stand-Up Comedy & Talk Shows,2018,TV-14
Carlos Ballarta: Furia Ñera,Movie,Stand-Up Comedy,2018,TV-MA
Evil Genius,TV Show,Crime TV Shows,2018,TV-MA
Evil Genius,TV Show,Docuseries,2018,TV-MA
Evil Genius,TV Show,TV Mysteries,2018,TV-MA
The Kissing Booth,Movie,Comedies,2018,TV-14
The Kissing Booth,Movie,Romantic Movies,2018,TV-14
The Who Was? Show,TV Show,Kids' TV,2018,TV-PG
The Who Was? Show,TV Show,TV Comedies,2018,TV-PG
Hari Kondabolu: Warn Your Relatives,Movie,Stand-Up Comedy,2018,TV-MA
My Fuhrer,Movie,Comedies,2007,TV-14
My Fuhrer,Movie,International Movies,2007,TV-14
Family Blood,Movie,Horror Movies,2018,TV-MA
Pup Star: World Tour,Movie,Children & Family Movies,2018,G
Pup Star: World Tour,Movie,Comedies,2018,G
Pup Star: World Tour,Movie,Music & Musicals,2018,G
A Little Help with Carol Burnett,TV Show,Stand-Up Comedy & Talk Shows,2018,TV-G
A Little Help with Carol Burnett,TV Show,TV Comedies,2018,TV-G
Anon,Movie,Dramas,2018,TV-MA
Anon,Movie,Sci-Fi & Fantasy,2018,TV-MA
Anon,Movie,Thrillers,2018,TV-MA
Dany Boon: Des Hauts De France,Movie,Stand-Up Comedy,2018,TV-MA
End Game,Movie,Documentaries,2018,TV-PG
Forgive Us Our Debts,Movie,Dramas,2018,TV-MA
Forgive Us Our Debts,Movie,International Movies,2018,TV-MA
Kong: King of the Apes,TV Show,Kids' TV,2018,TV-Y7
Lo más sencillo es complicarlo todo,Movie,Comedies,2018,TV-14
Lo más sencillo es complicarlo todo,Movie,International Movies,2018,TV-14
Lo más sencillo es complicarlo todo,Movie,Romantic Movies,2018,TV-14
Manhunt,Movie,Action & Adventure,2017,TV-MA
Manhunt,Movie,International Movies,2017,TV-MA
Thi Mai,Movie,Comedies,2017,TV-MA
Thi Mai,Movie,Dramas,2017,TV-MA
Thi Mai,Movie,International Movies,2017,TV-MA
Si saben cómo me pongo ¿pá qué me invitan?,Movie,Comedies,2018,TV-MA
Si saben cómo me pongo ¿pá qué me invitan?,Movie,International Movies,2018,TV-MA
Jailbreak,Movie,Action & Adventure,2017,TV-MA
Jailbreak,Movie,International Movies,2017,TV-MA
Ajji,Movie,Dramas,2017,TV-MA
Ajji,Movie,International Movies,2017,TV-MA
CIA: Comrade in America,Movie,Action & Adventure,2017,TV-14
CIA: Comrade in America,Movie,Dramas,2017,TV-14
CIA: Comrade in America,Movie,Independent Movies,2017,TV-14
Coffee for All,Movie,Documentaries,2017,TV-PG
Coffee for All,Movie,International Movies,2017,TV-PG
Darc,Movie,Action & Adventure,2018,TV-MA
Darc,Movie,Independent Movies,2018,TV-MA
Despido Procedente,Movie,Comedies,2017,TV-MA
Despido Procedente,Movie,International Movies,2017,TV-MA
John Mulaney: Kid Gorgeous at Radio City,Movie,Stand-Up Comedy,2018,TV-MA
My Perfect Romance,Movie,Comedies,2018,PG
My Perfect Romance,Movie,International Movies,2018,PG
My Perfect Romance,Movie,Romantic Movies,2018,PG
Pocoyo & Cars,Movie,Movies,2015,TV-Y
Pocoyo & The Space Circus,Movie,Movies,2008,TV-Y
Pocoyo Carnival,Movie,Movies,2015,TV-Y
Pocoyo Halloween: Space Halloween,Movie,Movies,2015,TV-Y
Pocoyo Halloween: Spooky Movies,Movie,Movies,2014,TV-Y
Pocoyo Special Sports,Movie,Movies,2016,TV-Y
Simon,TV Show,Kids' TV,2016,TV-Y
Sometimes,Movie,Dramas,2016,TV-14
Sometimes,Movie,International Movies,2016,TV-14
Spiritual House,TV Show,International TV Shows,2017,TV-PG
Spiritual House,TV Show,Stand-Up Comedy & Talk Shows,2017,TV-PG
The Clapper,Movie,Comedies,2017,R
The Clapper,Movie,Dramas,2017,R
The Clapper,Movie,Independent Movies,2017,R
Toc Toc,Movie,Comedies,2017,TV-MA
Toc Toc,Movie,International Movies,2017,TV-MA
Black Crows,TV Show,International TV Shows,2017,TV-14
Black Crows,TV Show,TV Dramas,2017,TV-14
Running Shaadi,Movie,Comedies,2017,TV-14
Running Shaadi,Movie,International Movies,2017,TV-14
Running Shaadi,Movie,Romantic Movies,2017,TV-14
The Price of Success,Movie,Dramas,2017,TV-MA
The Price of Success,Movie,International Movies,2017,TV-MA
Bobby Kennedy for President,TV Show,Docuseries,2018,TV-MA
Candy Jar,Movie,Children & Family Movies,2018,TV-14
Candy Jar,Movie,Dramas,2018,TV-14
Candy Jar,Movie,Romantic Movies,2018,TV-14
Goodnight DJ 1,TV Show,International TV Shows,2016,TV-14
Goodnight DJ 1,TV Show,TV Dramas,2016,TV-14
Goodnight DJ 1,TV Show,TV Horror,2016,TV-14
Holy Goalie,Movie,Comedies,2017,TV-MA
Holy Goalie,Movie,International Movies,2017,TV-MA
Holy Goalie,Movie,Sports Movies,2017,TV-MA
Moving On,TV Show,International TV Shows,2016,TV-PG
Moving On,TV Show,TV Dramas,2016,TV-PG
The Rachel Divide,Movie,Documentaries,2018,TV-MA
The Week Of,Movie,Comedies,2018,TV-14
Trio and a Bed,TV Show,International TV Shows,2016,TV-PG
Trio and a Bed,TV Show,Romantic TV Shows,2016,TV-PG
Trio and a Bed,TV Show,TV Comedies,2016,TV-PG
海的儿子,TV Show,International TV Shows,2016,TV-14
海的儿子,TV Show,TV Dramas,2016,TV-14
Enissa Amani: Ehrenwort,Movie,Stand-Up Comedy,2018,TV-MA
Bill Nye: Science Guy,Movie,Documentaries,2017,TV-PG
Fishtronaut: The Movie,Movie,Children & Family Movies,2018,TV-Y
Psychokinesis,Movie,Action & Adventure,2018,TV-MA
Psychokinesis,Movie,Comedies,2018,TV-MA
Psychokinesis,Movie,International Movies,2018,TV-MA
Kevin James: Never Don't Give Up,Movie,Stand-Up Comedy,2018,TV-PG
Dude,Movie,Comedies,2018,TV-MA
Dude,Movie,Dramas,2018,TV-MA
Dude,Movie,Independent Movies,2018,TV-MA
Kodachrome,Movie,Comedies,2018,TV-MA
Kodachrome,Movie,Dramas,2018,TV-MA
Mercury 13,Movie,Documentaries,2018,TV-PG
All The Reasons To Forget,Movie,Comedies,2017,TV-MA
All The Reasons To Forget,Movie,Dramas,2017,TV-MA
All The Reasons To Forget,Movie,International Movies,2017,TV-MA
Charité,TV Show,International TV Shows,2017,TV-MA
Charité,TV Show,TV Dramas,2017,TV-MA
The Chalet,TV Show,Crime TV Shows,2018,TV-MA
The Chalet,TV Show,International TV Shows,2018,TV-MA
The Chalet,TV Show,TV Dramas,2018,TV-MA
The Honeymoon Stand Up Special,TV Show,Stand-Up Comedy & Talk Shows,2018,TV-MA
The Honeymoon Stand Up Special,TV Show,TV Comedies,2018,TV-MA
Beyond Skyline,Movie,Action & Adventure,2017,R
Beyond Skyline,Movie,Sci-Fi & Fantasy,2017,R
Come Sunday,Movie,Dramas,2018,TV-14
Come Sunday,Movie,Faith & Spirituality,2018,TV-14
Come Sunday,Movie,Independent Movies,2018,TV-14
I Am not an Easy Man,Movie,Comedies,2018,TV-MA
I Am not an Easy Man,Movie,International Movies,2018,TV-MA
I Am not an Easy Man,Movie,Romantic Movies,2018,TV-MA
The Magic School Bus Rides Again,TV Show,Kids' TV,2018,TV-Y
Pickpockets,Movie,Dramas,2017,TV-MA
Pickpockets,Movie,Independent Movies,2017,TV-MA
Pickpockets,Movie,International Movies,2017,TV-MA
Greg Davies: You Magnificent Beast,Movie,Stand-Up Comedy,2018,TV-MA
AMO,TV Show,International TV Shows,2017,TV-MA
AMO,TV Show,TV Dramas,2017,TV-MA
6 Balloons,Movie,Dramas,2018,TV-MA
6 Balloons,Movie,Independent Movies,2018,TV-MA
Amateur,Movie,Dramas,2018,TV-MA
Amateur,Movie,Independent Movies,2018,TV-MA
Amateur,Movie,Sports Movies,2018,TV-MA
Orbiter 9,Movie,Dramas,2017,TV-14
Orbiter 9,Movie,International Movies,2017,TV-14
Orbiter 9,Movie,Sci-Fi & Fantasy,2017,TV-14
"Ram Dass, Going Home",Movie,Documentaries,2018,TV-14
"Ram Dass, Going Home",Movie,Faith & Spirituality,2018,TV-14
Seth Rogen's Hilarity for Charity,Movie,Stand-Up Comedy,2018,TV-MA
Sun Dogs,Movie,Comedies,2017,TV-MA
Sun Dogs,Movie,Dramas,2017,TV-MA
Sun Dogs,Movie,Independent Movies,2017,TV-MA
Todo lo que sería Lucas Lauriente,Movie,Stand-Up Comedy,2018,TV-MA
Troy,TV Show,British TV Shows,2018,TV-MA
Troy,TV Show,International TV Shows,2018,TV-MA
Troy,TV Show,Romantic TV Shows,2018,TV-MA
Wakfu,TV Show,Kids' TV,2017,TV-PG
Day of the Dead: Bloodline,Movie,Horror Movies,2018,R
Day of the Dead: Bloodline,Movie,Independent Movies,2018,R
Fary Is the New Black,Movie,Stand-Up Comedy,2018,TV-MA
Ittefaq,Movie,Dramas,2017,TV-MA
Ittefaq,Movie,International Movies,2017,TV-MA
Ittefaq,Movie,Thrillers,2017,TV-MA
Star Trek: The Next Generation,TV Show,TV Action & Adventure,1993,TV-PG
Star Trek: The Next Generation,TV Show,TV Sci-Fi & Fantasy,1993,TV-PG
A Sort of Family,Movie,Dramas,2017,TV-14
A Sort of Family,Movie,International Movies,2017,TV-14
A Sort of Family,Movie,Thrillers,2017,TV-14
Billu,Movie,Dramas,2009,TV-PG
Billu,Movie,International Movies,2009,TV-PG
Fallet,TV Show,Crime TV Shows,2017,TV-MA
Fallet,TV Show,International TV Shows,2017,TV-MA
Fallet,TV Show,TV Comedies,2017,TV-MA
John Mulaney: New in Town,Movie,Stand-Up Comedy,2012,TV-MA
Loaded,TV Show,British TV Shows,2017,TV-MA
Loaded,TV Show,International TV Shows,2017,TV-MA
Loaded,TV Show,TV Comedies,2017,TV-MA
Main Hoon Na,Movie,Action & Adventure,2004,TV-14
Main Hoon Na,Movie,Comedies,2004,TV-14
Main Hoon Na,Movie,Dramas,2004,TV-14
Metro,Movie,Dramas,2016,TV-14
Metro,Movie,International Movies,2016,TV-14
Metro,Movie,Thrillers,2016,TV-14
Om Shanti Om,Movie,Comedies,2007,TV-14
Om Shanti Om,Movie,Dramas,2007,TV-14
Om Shanti Om,Movie,International Movies,2007,TV-14
Paheli,Movie,Dramas,2005,TV-PG
Paheli,Movie,International Movies,2005,TV-PG
Paheli,Movie,Romantic Movies,2005,TV-PG
Phir Bhi Dil Hai Hindustani,Movie,Comedies,2000,TV-14
Phir Bhi Dil Hai Hindustani,Movie,Dramas,2000,TV-14
Phir Bhi Dil Hai Hindustani,Movie,International Movies,2000,TV-14
Doctor Foster,TV Show,British TV Shows,2017,TV-MA
Doctor Foster,TV Show,International TV Shows,2017,TV-MA
Doctor Foster,TV Show,Romantic TV Shows,2017,TV-MA
Revolt,Movie,Action & Adventure,2017,R
Revolt,Movie,Sci-Fi & Fantasy,2017,R
First Match,Movie,Dramas,2018,TV-MA
First Match,Movie,Independent Movies,2018,TV-MA
First Match,Movie,Sports Movies,2018,TV-MA
Happy Anniversary,Movie,Comedies,2018,TV-MA
Happy Anniversary,Movie,Romantic Movies,2018,TV-MA
Rapture,TV Show,Docuseries,2018,TV-MA
Sofía Niño de Rivera: Selección Natural,Movie,Stand-Up Comedy,2018,TV-MA
The Titan,Movie,Dramas,2018,TV-MA
The Titan,Movie,Sci-Fi & Fantasy,2018,TV-MA
The Titan,Movie,Thrillers,2018,TV-MA
Trailer Park Boys,TV Show,Classic & Cult TV,2018,TV-MA
Trailer Park Boys,TV Show,Crime TV Shows,2018,TV-MA
Trailer Park Boys,TV Show,International TV Shows,2018,TV-MA
Trailer Park Boys: Countdown to Liquor Day,Movie,Comedies,2009,R
Trailer Park Boys: Countdown to Liquor Day,Movie,Cult Movies,2009,R
Trailer Park Boys: The Movie,Movie,Comedies,2006,R
Trailer Park Boys: The Movie,Movie,Cult Movies,2006,R
Trump: An American Dream,TV Show,Docuseries,2018,TV-14
James Acaster: Repertoire,TV Show,British TV Shows,2018,TV-14
James Acaster: Repertoire,TV Show,International TV Shows,2018,TV-14
James Acaster: Repertoire,TV Show,Stand-Up Comedy & Talk Shows,2018,TV-14
Birdshot,Movie,Dramas,2016,TV-MA
Birdshot,Movie,International Movies,2016,TV-MA
Birdshot,Movie,Thrillers,2016,TV-MA
"Game Over, Man!",Movie,Action & Adventure,2018,TV-MA
"Game Over, Man!",Movie,Comedies,2018,TV-MA
Layla M.,Movie,Dramas,2016,TV-MA
Layla M.,Movie,International Movies,2016,TV-MA
Paradox,Movie,Dramas,2018,TV-MA
Paradox,Movie,Independent Movies,2018,TV-MA
Paradox,Movie,Music & Musicals,2018,TV-MA
Requiem,TV Show,British TV Shows,2018,TV-MA
Requiem,TV Show,International TV Shows,2018,TV-MA
Requiem,TV Show,TV Dramas,2018,TV-MA
Roxanne Roxanne,Movie,Dramas,2018,TV-MA
Roxanne Roxanne,Movie,Music & Musicals,2018,TV-MA
Secret Superstar,Movie,Dramas,2017,TV-14
Secret Superstar,Movie,International Movies,2017,TV-14
Secret Superstar,Movie,Music & Musicals,2017,TV-14
The Standups,TV Show,Stand-Up Comedy & Talk Shows,2018,TV-MA
The Standups,TV Show,TV Comedies,2018,TV-MA
Benji,Movie,Children & Family Movies,2018,TV-PG
Benji,Movie,Dramas,2018,TV-PG
Edha,TV Show,International TV Shows,2018,TV-MA
Edha,TV Show,Spanish-Language TV Shows,2018,TV-MA
Edha,TV Show,TV Dramas,2018,TV-MA
Take Your Pills,Movie,Documentaries,2018,TV-14
Wild Wild Country,TV Show,Crime TV Shows,2018,TV-MA
Wild Wild Country,TV Show,Docuseries,2018,TV-MA
Yoo Byung Jae: Too Much Information,Movie,Stand-Up Comedy,2018,TV-MA
In This Corner of the World,Movie,Anime Features,2016,PG-13
In This Corner of the World,Movie,Children & Family Movies,2016,PG-13
In This Corner of the World,Movie,International Movies,2016,PG-13
Jag älskar dig: En skilsmässokomedi,Movie,Comedies,2016,TV-MA
Jag älskar dig: En skilsmässokomedi,Movie,Dramas,2016,TV-MA
Jag älskar dig: En skilsmässokomedi,Movie,International Movies,2016,TV-MA
Secret of the Nile,TV Show,International TV Shows,2016,TV-14
Secret of the Nile,TV Show,Romantic TV Shows,2016,TV-14
Secret of the Nile,TV Show,TV Dramas,2016,TV-14
Tabula Rasa,TV Show,International TV Shows,2017,TV-MA
Tabula Rasa,TV Show,TV Dramas,2017,TV-MA
Tabula Rasa,TV Show,TV Mysteries,2017,TV-MA
The Art of Loving,Movie,Dramas,2017,TV-MA
The Art of Loving,Movie,International Movies,2017,TV-MA
Steel Rain,Movie,Action & Adventure,2018,TV-MA
Steel Rain,Movie,Dramas,2018,TV-MA
Steel Rain,Movie,International Movies,2018,TV-MA
Children of the Whales,TV Show,Anime Series,2017,TV-14
Children of the Whales,TV Show,International TV Shows,2017,TV-14
Ricky Gervais: Humanity,Movie,Stand-Up Comedy,2018,TV-MA
Stretch Armstrong: The Breakout,Movie,Children & Family Movies,2018,TV-Y7
A.I.C.O.,TV Show,Anime Series,2018,TV-14
A.I.C.O.,TV Show,International TV Shows,2018,TV-14
Collateral,TV Show,British TV Shows,2018,TV-MA
Collateral,TV Show,Crime TV Shows,2018,TV-MA
Collateral,TV Show,International TV Shows,2018,TV-MA
The Outsider,Movie,Dramas,2018,TV-MA
The Outsider,Movie,Thrillers,2018,TV-MA
Bad Guys: Vile City,TV Show,Crime TV Shows,2018,TV-MA
Bad Guys: Vile City,TV Show,International TV Shows,2018,TV-MA
Bad Guys: Vile City,TV Show,Korean TV Shows,2018,TV-MA
Ladies First,Movie,Documentaries,2018,TV-G
Ladies First,Movie,International Movies,2018,TV-G
Ladies First,Movie,Sports Movies,2018,TV-G
Bullet Head,Movie,International Movies,2017,R
Bullet Head,Movie,Thrillers,2017,R
Borderliner,TV Show,Crime TV Shows,2017,TV-MA
Borderliner,TV Show,International TV Shows,2017,TV-MA
Borderliner,TV Show,TV Dramas,2017,TV-MA
Gad Elmaleh: American Dream,Movie,Stand-Up Comedy,2018,TV-14
Expedition China,Movie,Children & Family Movies,2017,TV-G
Expedition China,Movie,Documentaries,2017,TV-G
Flint Town,TV Show,Docuseries,2018,TV-MA
Flint Town,TV Show,Science & Nature TV,2018,TV-MA
Malena Pichot: Estupidez compleja,Movie,Stand-Up Comedy,2018,TV-MA
Natalia Valdebenito: El especial,Movie,Stand-Up Comedy,2018,TV-MA
Ravenous,Movie,Horror Movies,2017,TV-MA
Ravenous,Movie,International Movies,2017,TV-MA
21 Thunder,TV Show,Crime TV Shows,2017,TV-MA
21 Thunder,TV Show,International TV Shows,2017,TV-MA
21 Thunder,TV Show,TV Dramas,2017,TV-MA
Adel Karam: Live from Beirut,Movie,Stand-Up Comedy,2018,TV-MA
Battle Drone,Movie,Action & Adventure,2018,TV-MA
Battle Drone,Movie,Independent Movies,2018,TV-MA
Battle Drone,Movie,Sci-Fi & Fantasy,2018,TV-MA
Dil Se,Movie,Dramas,1998,TV-14
Dil Se,Movie,International Movies,1998,TV-14
Dil Se,Movie,Romantic Movies,1998,TV-14
Guru,Movie,Dramas,2007,TV-PG
Guru,Movie,International Movies,2007,TV-PG
Judwaa 2,Movie,Action & Adventure,2017,TV-14
Judwaa 2,Movie,Comedies,2017,TV-14
Judwaa 2,Movie,International Movies,2017,TV-14
Love Beats Rhymes,Movie,Dramas,2016,R
Love Beats Rhymes,Movie,Music & Musicals,2016,R
Love Beats Rhymes,Movie,Romantic Movies,2016,R
Schubert In Love,Movie,Comedies,2016,TV-14
Schubert In Love,Movie,International Movies,2016,TV-14
Shubh Aarambh,Movie,Dramas,2017,TV-PG
Shubh Aarambh,Movie,International Movies,2017,TV-PG
Shubh Aarambh,Movie,Romantic Movies,2017,TV-PG
Something Huge,Movie,Comedies,2017,TV-MA
Something Huge,Movie,Independent Movies,2017,TV-MA
Something Huge,Movie,International Movies,2017,TV-MA
Swades,Movie,Dramas,2004,TV-PG
Swades,Movie,International Movies,2004,TV-PG
Swearnet Live,Movie,Comedies,2014,TV-MA
Swearnet Live,Movie,International Movies,2014,TV-MA
Trailer Park Boys Live at the North Pole,Movie,Movies,2014,TV-MA
Trailer Park Boys Live In F**kin' Dublin,Movie,Movies,2014,TV-MA
Trailer Park Boys: Say Goodnight to the Bad Guys,Movie,Comedies,2008,TV-MA
Trailer Park Boys: Say Goodnight to the Bad Guys,Movie,Cult Movies,2008,TV-MA
Trailer Park Boys: Xmas Special,Movie,Movies,2004,TV-MA
Tu Hai Mera Sunday,Movie,Comedies,2016,TV-14
Tu Hai Mera Sunday,Movie,Independent Movies,2016,TV-14
Tu Hai Mera Sunday,Movie,International Movies,2016,TV-14
Yuva,Movie,Dramas,2004,TV-14
Yuva,Movie,International Movies,2004,TV-14
반드시 잡는다,Movie,Dramas,2017,TV-MA
반드시 잡는다,Movie,International Movies,2017,TV-MA
반드시 잡는다,Movie,Thrillers,2017,TV-MA
Derren Brown: The Push,Movie,Movies,2018,TV-MA
Marlon Wayans: Woke-ish,Movie,Stand-Up Comedy,2018,TV-MA
Veronica,Movie,Horror Movies,2017,TV-MA
Veronica,Movie,International Movies,2017,TV-MA
Veronica,Movie,Thrillers,2017,TV-MA
Best Lover,TV Show,International TV Shows,2016,TV-14
Best Lover,TV Show,Romantic TV Shows,2016,TV-14
Best Lover,TV Show,TV Comedies,2016,TV-14
Marseille,TV Show,International TV Shows,2018,TV-MA
Marseille,TV Show,TV Dramas,2018,TV-MA
Marseille,TV Show,TV Thrillers,2018,TV-MA
Mute,Movie,Sci-Fi & Fantasy,2018,TV-MA
Mute,Movie,Thrillers,2018,TV-MA
Seven Seconds,TV Show,Crime TV Shows,2018,TV-MA
Seven Seconds,TV Show,TV Dramas,2018,TV-MA
Hitler's Circle of Evil,TV Show,British TV Shows,2017,TV-14
Hitler's Circle of Evil,TV Show,Docuseries,2017,TV-14
Hitler's Circle of Evil,TV Show,International TV Shows,2017,TV-14
Forgotten,Movie,Dramas,2017,TV-MA
Forgotten,Movie,International Movies,2017,TV-MA
Forgotten,Movie,Thrillers,2017,TV-MA
The Frankenstein Chronicles,TV Show,British TV Shows,2017,TV-MA
The Frankenstein Chronicles,TV Show,Crime TV Shows,2017,TV-MA
The Frankenstein Chronicles,TV Show,International TV Shows,2017,TV-MA
FullMetal Alchemist,Movie,Action & Adventure,2017,TV-PG
FullMetal Alchemist,Movie,Dramas,2017,TV-PG
FullMetal Alchemist,Movie,International Movies,2017,TV-PG
Agustín Aristarán: Soy Rada,Movie,Stand-Up Comedy,2018,TV-MA
Dragons: Race to the Edge,TV Show,Kids' TV,2018,TV-Y7
Dragons: Race to the Edge,TV Show,TV Action & Adventure,2018,TV-Y7
Everything Sucks!,TV Show,TV Comedies,2018,TV-14
Everything Sucks!,TV Show,TV Dramas,2018,TV-14
Everything Sucks!,TV Show,Teen TV Shows,2018,TV-14
Irreplaceable You,Movie,Dramas,2018,TV-MA
Irreplaceable You,Movie,Romantic Movies,2018,TV-MA
Re:Mind,TV Show,International TV Shows,2017,TV-MA
Re:Mind,TV Show,TV Dramas,2017,TV-MA
Re:Mind,TV Show,TV Mysteries,2017,TV-MA
Chris Rock: Tamborine,Movie,Stand-Up Comedy,2018,TV-MA
Love Per Square Foot,Movie,Comedies,2018,TV-14
Love Per Square Foot,Movie,International Movies,2018,TV-14
Love Per Square Foot,Movie,Romantic Movies,2018,TV-14
Seeing Allred,Movie,Documentaries,2018,TV-14
The Ritual,Movie,Horror Movies,2018,TV-MA
The Ritual,Movie,International Movies,2018,TV-MA
The Ritual,Movie,Thrillers,2018,TV-MA
The Trader (Sovdagari),Movie,Documentaries,2018,TV-PG
The Trader (Sovdagari),Movie,International Movies,2018,TV-PG
When We First Met,Movie,Comedies,2018,TV-14
When We First Met,Movie,Romantic Movies,2018,TV-14
Fred Armisen: Standup For Drummers,Movie,Music & Musicals,2018,TV-PG
Fred Armisen: Standup For Drummers,Movie,Stand-Up Comedy,2018,TV-PG
Valor,TV Show,TV Action & Adventure,2017,TV-14
Valor,TV Show,TV Dramas,2017,TV-14
The Cloverfield Paradox,Movie,Action & Adventure,2018,PG-13
The Cloverfield Paradox,Movie,Sci-Fi & Fantasy,2018,PG-13
Coach Snoop,TV Show,Docuseries,2018,TV-MA
Coach Snoop,TV Show,Reality TV,2018,TV-MA
Kavin Jay: Everybody Calm Down!,Movie,Stand-Up Comedy,2018,TV-MA
On Body and Soul,Movie,Dramas,2017,TV-MA
On Body and Soul,Movie,International Movies,2017,TV-MA
On Body and Soul,Movie,Romantic Movies,2017,TV-MA
The Bros,Movie,Comedies,2017,TV-14
The Bros,Movie,Dramas,2017,TV-14
The Bros,Movie,International Movies,2017,TV-14
Liberated: The New Sexual Revolution,Movie,Documentaries,2017,TV-MA
Newness,Movie,Dramas,2017,TV-MA
Newness,Movie,Independent Movies,2017,TV-MA
Newness,Movie,Romantic Movies,2017,TV-MA
Under Arrest,TV Show,Crime TV Shows,2016,TV-MA
Under Arrest,TV Show,Docuseries,2016,TV-MA
Under Arrest,TV Show,International TV Shows,2016,TV-MA
Expedition Happiness,Movie,Documentaries,2017,TV-PG
Expedition Happiness,Movie,International Movies,2017,TV-PG
Jerry Seinfeld: I'm Telling You for the Last Time,Movie,Stand-Up Comedy,1998,TV-14
Retribution,TV Show,British TV Shows,2016,TV-MA
Retribution,TV Show,Crime TV Shows,2016,TV-MA
Retribution,TV Show,International TV Shows,2016,TV-MA
Holy Camp!,Movie,Comedies,2017,TV-MA
Holy Camp!,Movie,Dramas,2017,TV-MA
Holy Camp!,Movie,Faith & Spirituality,2017,TV-MA
A Futile and Stupid Gesture,Movie,Comedies,2018,TV-MA
Fakkah Fuzz: Almost Banned,Movie,Stand-Up Comedy,2018,TV-MA
Mau Nieto: Viviendo sobrio… desde el bar,Movie,Stand-Up Comedy,2018,TV-MA
Sebastián Marcelo Wainraich,Movie,Stand-Up Comedy,2018,TV-MA
The Adventures of Puss in Boots,TV Show,Kids' TV,2018,TV-Y7
The Adventures of Puss in Boots,TV Show,TV Comedies,2018,TV-Y7
Acts of Vengeance,Movie,Action & Adventure,2017,R
Acts of Vengeance,Movie,International Movies,2017,R
Prison Playbook,TV Show,International TV Shows,2017,TV-MA
Prison Playbook,TV Show,Korean TV Shows,2017,TV-MA
Prison Playbook,TV Show,TV Comedies,2017,TV-MA
Ricardo Quevedo: Hay gente así,Movie,Stand-Up Comedy,2018,TV-MA
Todd Glass: Act Happy,Movie,Stand-Up Comedy,2018,TV-MA
Countdown to Death: Pablo Escobar,Movie,Documentaries,2017,TV-MA
Countdown to Death: Pablo Escobar,Movie,International Movies,2017,TV-MA
The Shannara Chronicles,TV Show,TV Action & Adventure,2018,TV-MA
The Shannara Chronicles,TV Show,TV Dramas,2018,TV-MA
The Shannara Chronicles,TV Show,TV Sci-Fi & Fantasy,2018,TV-MA
Love and Hong Kong,TV Show,International TV Shows,2017,TV-PG
Love and Hong Kong,TV Show,Romantic TV Shows,2017,TV-PG
Love and Hong Kong,TV Show,TV Dramas,2017,TV-PG
Harith Iskander: I Told You So,Movie,Stand-Up Comedy,2018,TV-14
Step Sisters,Movie,Comedies,2018,PG-13
The Open House,Movie,Horror Movies,2018,TV-MA
The Open House,Movie,Thrillers,2018,TV-MA
Bad Day for the Cut,Movie,Independent Movies,2017,TV-MA
Bad Day for the Cut,Movie,International Movies,2017,TV-MA
Bad Day for the Cut,Movie,Thrillers,2017,TV-MA
Tiempos de guerra,TV Show,International TV Shows,2017,TV-MA
Tiempos de guerra,TV Show,Romantic TV Shows,2017,TV-MA
Tiempos de guerra,TV Show,Spanish-Language TV Shows,2017,TV-MA
Arango y Sanint: Ríase el show,Movie,Stand-Up Comedy,2018,TV-MA
Godzilla,TV Show,TV Shows,2017,TV-14
Katt Williams: Great America,Movie,Stand-Up Comedy,2018,TV-MA
Alibaba Aur 40 Chor,Movie,Action & Adventure,1980,TV-14
Alibaba Aur 40 Chor,Movie,International Movies,1980,TV-14
Alibaba Aur 40 Chor,Movie,Sci-Fi & Fantasy,1980,TV-14
Pyar Ke Do Pal,Movie,Dramas,1986,TV-14
Pyar Ke Do Pal,Movie,International Movies,1986,TV-14
Pyar Ke Do Pal,Movie,Music & Musicals,1986,TV-14
Rip Tide,Movie,Children & Family Movies,2017,TV-PG
Rip Tide,Movie,Dramas,2017,TV-PG
Rip Tide,Movie,Sports Movies,2017,TV-PG
Disjointed,TV Show,TV Comedies,2018,TV-MA
Milada,Movie,Dramas,2017,TV-14
Milada,Movie,International Movies,2017,TV-14
The Polka King,Movie,Comedies,2018,TV-14
The Polka King,Movie,Independent Movies,2018,TV-14
The Reservoir Game,Movie,Documentaries,2017,TV-MA
The Reservoir Game,Movie,International Movies,2017,TV-MA
Tom Segura: Disgraceful,Movie,Stand-Up Comedy,2018,TV-MA
Alejandro Riaño: Especial de stand up,Movie,Stand-Up Comedy,2018,TV-MA
The House Next Door,Movie,Horror Movies,2017,TV-MA
The House Next Door,Movie,International Movies,2017,TV-MA
The House Next Door,Movie,Thrillers,2017,TV-MA
Tundukkan Playboy Itu,TV Show,International TV Shows,2016,TV-PG
Tundukkan Playboy Itu,TV Show,Romantic TV Shows,2016,TV-PG
Tundukkan Playboy Itu,TV Show,TV Comedies,2016,TV-PG
Episodes,TV Show,Classic & Cult TV,2017,TV-MA
Episodes,TV Show,TV Comedies,2017,TV-MA
Before I Wake,Movie,Horror Movies,2016,PG-13
Before I Wake,Movie,Thrillers,2016,PG-13
Devilman Crybaby,TV Show,Anime Series,2018,TV-MA
Devilman Crybaby,TV Show,International TV Shows,2018,TV-MA
Devilman Crybaby,TV Show,TV Horror,2018,TV-MA
Mustang Island,Movie,Comedies,2017,TV-14
Mustang Island,Movie,Dramas,2017,TV-14
Mustang Island,Movie,Independent Movies,2017,TV-14
Eve's Apple,Movie,Documentaries,2017,TV-MA
Eve's Apple,Movie,International Movies,2017,TV-MA
Fullmetal Alchemist,TV Show,Anime Series,2003,TV-14
Fullmetal Alchemist,TV Show,International TV Shows,2003,TV-14
Fullmetal Alchemist: Brotherhood,TV Show,Anime Series,2010,TV-14
Fullmetal Alchemist: Brotherhood,TV Show,International TV Shows,2010,TV-14
Lovesick,TV Show,British TV Shows,2018,TV-MA
Lovesick,TV Show,International TV Shows,2018,TV-MA
Lovesick,TV Show,Romantic TV Shows,2018,TV-MA
Pokémon: Indigo League,TV Show,Anime Series,2000,TV-Y7
Pokémon: Indigo League,TV Show,Kids' TV,2000,TV-Y7
The Frozen Dead,TV Show,Crime TV Shows,2017,TV-MA
The Frozen Dead,TV Show,International TV Shows,2017,TV-MA
The Frozen Dead,TV Show,TV Dramas,2017,TV-MA
Dave Chappelle: Equanimity & The Bird Revelation,TV Show,Stand-Up Comedy & Talk Shows,2017,TV-MA
Dave Chappelle: Equanimity & The Bird Revelation,TV Show,TV Comedies,2017,TV-MA
Fun Mom Dinner,Movie,Comedies,2017,R
Fun Mom Dinner,Movie,International Movies,2017,R
Goon: Last of the Enforcers,Movie,Comedies,2016,R
Goon: Last of the Enforcers,Movie,International Movies,2016,R
Goon: Last of the Enforcers,Movie,Sports Movies,2016,R
La Mante,TV Show,Crime TV Shows,2017,TV-MA
La Mante,TV Show,International TV Shows,2017,TV-MA
La Mante,TV Show,TV Dramas,2017,TV-MA
The Climb,Movie,Action & Adventure,2017,TV-14
The Climb,Movie,Comedies,2017,TV-14
The Climb,Movie,Dramas,2017,TV-14
Wadi,TV Show,International TV Shows,2015,TV-14
Wadi,TV Show,TV Dramas,2015,TV-14
Bibi & Tina: Tohuwabohu Total,Movie,Children & Family Movies,2017,TV-14
Bibi & Tina: Tohuwabohu Total,Movie,Music & Musicals,2017,TV-14
Mr. Roosevelt,Movie,Comedies,2017,TV-MA
Mr. Roosevelt,Movie,Independent Movies,2017,TV-MA
Todd Barry: Spicy Honey,Movie,Stand-Up Comedy,2017,TV-MA
Part-Time Idol,TV Show,International TV Shows,2017,TV-14
Part-Time Idol,TV Show,Korean TV Shows,2017,TV-14
Part-Time Idol,TV Show,TV Comedies,2017,TV-14
Creep 2,Movie,Horror Movies,2017,TV-MA
Creep 2,Movie,Independent Movies,2017,TV-MA
Creep 2,Movie,Thrillers,2017,TV-MA
Myths & Monsters,TV Show,British TV Shows,2017,TV-PG
Myths & Monsters,TV Show,Docuseries,2017,TV-PG
72 Dangerous Animals: Latin America,TV Show,Docuseries,2017,TV-14
72 Dangerous Animals: Latin America,TV Show,International TV Shows,2017,TV-14
72 Dangerous Animals: Latin America,TV Show,Science & Nature TV,2017,TV-14
Bright,Movie,Action & Adventure,2017,TV-MA
Bright,Movie,Sci-Fi & Fantasy,2017,TV-MA
Desire,Movie,Dramas,2017,TV-MA
Desire,Movie,International Movies,2017,TV-MA
Desire,Movie,Romantic Movies,2017,TV-MA
48 Christmas Wishes,Movie,Children & Family Movies,2017,TV-G
48 Christmas Wishes,Movie,Comedies,2017,TV-G
Jeremiah Tower: The Last Magnificent,Movie,Documentaries,2016,R
Russell Howard: Recalibrate,Movie,Stand-Up Comedy,2017,TV-MA
The Indian Detective,TV Show,Crime TV Shows,2017,TV-14
The Indian Detective,TV Show,International TV Shows,2017,TV-14
The Indian Detective,TV Show,TV Comedies,2017,TV-14
"Hello, My Twenties!",TV Show,International TV Shows,2017,TV-MA
"Hello, My Twenties!",TV Show,Korean TV Shows,2017,TV-MA
"Hello, My Twenties!",TV Show,Romantic TV Shows,2017,TV-MA
Cheuk Wan-Chi: Two Night Stand,TV Show,International TV Shows,2015,TV-MA
Cheuk Wan-Chi: Two Night Stand,TV Show,Stand-Up Comedy & Talk Shows,2015,TV-MA
Cheuk Wan-Chi: Two Night Stand,TV Show,TV Comedies,2015,TV-MA
Christmas Inheritance,Movie,Dramas,2017,TV-G
Christmas Inheritance,Movie,International Movies,2017,TV-G
Christmas Inheritance,Movie,Romantic Movies,2017,TV-G
Muramba,Movie,Comedies,2017,TV-MA
Muramba,Movie,Dramas,2017,TV-MA
Muramba,Movie,International Movies,2017,TV-MA
Pottersville,Movie,Comedies,2017,PG-13
Pottersville,Movie,Independent Movies,2017,PG-13
Seoul Searching,Movie,Comedies,2015,TV-MA
Seoul Searching,Movie,Dramas,2015,TV-MA
Seoul Searching,Movie,International Movies,2015,TV-MA
Wormwood,TV Show,Crime TV Shows,2017,TV-14
Wormwood,TV Show,Docuseries,2017,TV-14
Halt and Catch Fire,TV Show,TV Dramas,2017,TV-14
Judd Apatow: The Return,Movie,Stand-Up Comedy,2017,TV-MA
Dawai Asmara,TV Show,International TV Shows,2016,TV-14
Dawai Asmara,TV Show,TV Dramas,2016,TV-14
El Camino Christmas,Movie,Comedies,2017,TV-MA
El Camino Christmas,Movie,Dramas,2017,TV-MA
Jaal,Movie,Action & Adventure,1986,TV-14
Jaal,Movie,International Movies,1986,TV-14
Shikari,Movie,Dramas,1991,TV-14
Shikari,Movie,International Movies,1991,TV-14
Shikari,Movie,Music & Musicals,1991,TV-14
The Secret,Movie,Documentaries,2006,TV-14
The Secret,Movie,Faith & Spirituality,2006,TV-14
Trolls Holiday Special,Movie,Children & Family Movies,2017,TV-Y7
Trolls Holiday Special,Movie,Comedies,2017,TV-Y7
Trolls Holiday Special,Movie,Music & Musicals,2017,TV-Y7
Craig Ferguson: Tickle Fight,Movie,Stand-Up Comedy,2017,TV-MA
Jab Harry Met Sejal,Movie,Comedies,2017,TV-MA
Jab Harry Met Sejal,Movie,International Movies,2017,TV-MA
Jab Harry Met Sejal,Movie,Romantic Movies,2017,TV-MA
Temple,Movie,Horror Movies,2017,TV-MA
Temple,Movie,Independent Movies,2017,TV-MA
A StoryBots Christmas,Movie,Children & Family Movies,2017,TV-Y
A StoryBots Christmas,Movie,Comedies,2017,TV-Y
All Hail King Julien,TV Show,Kids' TV,2017,TV-Y7
All Hail King Julien,TV Show,TV Comedies,2017,TV-Y7
Dhia Sofea,TV Show,International TV Shows,2015,TV-14
Dhia Sofea,TV Show,TV Dramas,2015,TV-14
DreamWorks Home: For the Holidays,Movie,Children & Family Movies,2017,TV-Y
DreamWorks Home: For the Holidays,Movie,Comedies,2017,TV-Y
DreamWorks Home: For the Holidays,Movie,Music & Musicals,2017,TV-Y
Kantaro: The Sweet Tooth Salaryman,TV Show,International TV Shows,2017,TV-PG
Kantaro: The Sweet Tooth Salaryman,TV Show,TV Comedies,2017,TV-PG
Monster Island,Movie,Children & Family Movies,2017,TV-Y7
My Happy Family,Movie,Dramas,2017,TV-14
My Happy Family,Movie,Independent Movies,2017,TV-14
My Happy Family,Movie,International Movies,2017,TV-14
Oggy and the Cockroaches,TV Show,Kids' TV,2017,TV-Y7
Oggy and the Cockroaches,TV Show,TV Comedies,2017,TV-Y7
Padamu Aku Bersujud,TV Show,International TV Shows,2015,TV-14
Padamu Aku Bersujud,TV Show,Romantic TV Shows,2015,TV-14
Padamu Aku Bersujud,TV Show,TV Dramas,2015,TV-14
The Worthy,Movie,International Movies,2016,TV-MA
The Worthy,Movie,Sci-Fi & Fantasy,2016,TV-MA
The Worthy,Movie,Thrillers,2016,TV-MA
TURN: Washington's Spies,TV Show,TV Dramas,2017,TV-14
Voyeur,Movie,Documentaries,2017,TV-MA
Man Down,TV Show,British TV Shows,2017,TV-MA
Man Down,TV Show,International TV Shows,2017,TV-MA
Man Down,TV Show,TV Comedies,2017,TV-MA
Broadchurch,TV Show,British TV Shows,2017,TV-MA
Broadchurch,TV Show,Crime TV Shows,2017,TV-MA
Broadchurch,TV Show,International TV Shows,2017,TV-MA
Poster Boys,Movie,Comedies,2017,PG-13
Poster Boys,Movie,International Movies,2017,PG-13
Cuba and the Cameraman,Movie,Documentaries,2017,TV-14
The Girl from the Song,Movie,Dramas,2016,TV-MA
The Girl from the Song,Movie,Independent Movies,2016,TV-MA
The Girl from the Song,Movie,International Movies,2016,TV-MA
The Many Faces of Ito,TV Show,International TV Shows,2017,TV-14
The Many Faces of Ito,TV Show,Romantic TV Shows,2017,TV-14
The Many Faces of Ito,TV Show,TV Dramas,2017,TV-14
Trailer Park Boys: Out of the Park: USA,TV Show,International TV Shows,2017,TV-MA
Trailer Park Boys: Out of the Park: USA,TV Show,TV Comedies,2017,TV-MA
Bright: The Music Videos,TV Show,TV Shows,2017,TV-MA
Argon,TV Show,International TV Shows,2017,TV-MA
Argon,TV Show,Korean TV Shows,2017,TV-MA
Argon,TV Show,TV Dramas,2017,TV-MA
Barbra: The Music ... The Mem'ries ... The Magic!,Movie,Music & Musicals,2017,TV-14
Godless,TV Show,TV Dramas,2017,TV-MA
Beat Bugs: All Together Now,Movie,Children & Family Movies,2017,TV-Y
Beat Bugs: All Together Now,Movie,Music & Musicals,2017,TV-Y
Brian Regan: Nunchucks and Flamethrowers,Movie,Stand-Up Comedy,2017,TV-PG
Saving Capitalism,Movie,Documentaries,2017,TV-PG
A Christmas Prince,Movie,Children & Family Movies,2017,TV-PG
A Christmas Prince,Movie,Dramas,2017,TV-PG
A Christmas Prince,Movie,Romantic Movies,2017,TV-PG
"Jim & Andy: The Great Beyond - Featuring a Very Special, Contractually Obligated Mention of Tony Clifton",Movie,Documentaries,2017,TV-MA
Longmire,TV Show,Crime TV Shows,2017,TV-MA
Longmire,TV Show,TV Dramas,2017,TV-MA
Luna Petunia,TV Show,Kids' TV,2017,TV-Y
Mudbound,Movie,Dramas,2017,R
Mudbound,Movie,Independent Movies,2017,R
Shot in the Dark,TV Show,Reality TV,2017,TV-MA
The Irregular at Magic High School,TV Show,Anime Series,2014,TV-14
The Irregular at Magic High School,TV Show,International TV Shows,2014,TV-14
The Irregular at Magic High School,TV Show,Teen TV Shows,2014,TV-14
The Method,TV Show,Crime TV Shows,2015,TV-MA
The Method,TV Show,International TV Shows,2015,TV-MA
The Method,TV Show,TV Dramas,2015,TV-MA
DeRay Davis: How to Act Black,Movie,Stand-Up Comedy,2017,TV-MA
Bon Cop Bad Cop 2,Movie,Action & Adventure,2017,TV-MA
Bon Cop Bad Cop 2,Movie,Comedies,2017,TV-MA
Bon Cop Bad Cop 2,Movie,International Movies,2017,TV-MA
Blazing Transfer Students,TV Show,International TV Shows,2017,TV-MA
Blazing Transfer Students,TV Show,TV Action & Adventure,2017,TV-MA
Blazing Transfer Students,TV Show,TV Comedies,2017,TV-MA
Glitter Force Doki Doki,TV Show,Anime Series,2017,TV-Y7
Glitter Force Doki Doki,TV Show,Kids' TV,2017,TV-Y7
Lady Dynamite,TV Show,TV Comedies,2017,TV-MA
Mea Culpa,Movie,Stand-Up Comedy,2017,TV-MA
The Killer,Movie,Action & Adventure,2017,TV-MA
The Killer,Movie,International Movies,2017,TV-MA
Fate/Apocrypha,TV Show,Anime Series,2017,TV-MA
Fate/Apocrypha,TV Show,International TV Shows,2017,TV-MA
Jerry Seinfeld: Comedian,Movie,Documentaries,2002,R
Project Mc²,TV Show,Kids' TV,2017,TV-G
The Journey Is the Destination,Movie,Dramas,2016,R
Let It Fall: Los Angeles 1982-1992,Movie,Documentaries,2017,TV-MA
Mubarakan,Movie,Comedies,2017,PG-13
Mubarakan,Movie,Dramas,2017,PG-13
Mubarakan,Movie,International Movies,2017,PG-13
Akulah Balqis,TV Show,International TV Shows,2015,TV-14
Akulah Balqis,TV Show,TV Dramas,2015,TV-14
Alias Grace,TV Show,Crime TV Shows,2017,TV-MA
Alias Grace,TV Show,International TV Shows,2017,TV-MA
Alias Grace,TV Show,TV Dramas,2017,TV-MA
Bandie,Movie,Action & Adventure,1978,TV-PG
Bandie,Movie,Dramas,1978,TV-PG
Bandie,Movie,International Movies,1978,TV-PG
Getaway Plan,Movie,International Movies,2016,TV-MA
Getaway Plan,Movie,Thrillers,2016,TV-MA
Hajwala: The Missing Engine,Movie,Action & Adventure,2016,TV-PG
Hajwala: The Missing Engine,Movie,Dramas,2016,TV-PG
Hajwala: The Missing Engine,Movie,International Movies,2016,TV-PG
Pettersson and Findus 2,Movie,Children & Family Movies,2016,TV-G
Pettersson and Findus 2,Movie,Comedies,2016,TV-G
The Bittersweet,Movie,Action & Adventure,2017,TV-MA
The Bittersweet,Movie,Dramas,2017,TV-MA
The Bittersweet,Movie,International Movies,2017,TV-MA
The Family Court,TV Show,International TV Shows,2010,TV-MA
The Family Court,TV Show,TV Dramas,2010,TV-MA
The Golden Path,TV Show,International TV Shows,2007,TV-MA
The Golden Path,TV Show,TV Dramas,2007,TV-MA
The Little Nyonya,TV Show,International TV Shows,2009,TV-14
The Little Nyonya,TV Show,TV Dramas,2009,TV-14
The Truth,TV Show,Crime TV Shows,2008,TV-14
The Truth,TV Show,International TV Shows,2008,TV-14
The Truth,TV Show,TV Action & Adventure,2008,TV-14
Together,TV Show,International TV Shows,2009,TV-14
Together,TV Show,TV Dramas,2009,TV-14
Judah Friedlander: America Is the Greatest Country in the United States,Movie,Stand-Up Comedy,2017,TV-MA
The B-Side: Elsa Dorfman's Portrait Photography,Movie,Documentaries,2016,R
SPF-18,Movie,Dramas,2017,PG-13
SPF-18,Movie,Romantic Movies,2017,PG-13
SPF-18,Movie,Sports Movies,2017,PG-13
Pup Star: Better 2Gether,Movie,Children & Family Movies,2017,PG
Pup Star: Better 2Gether,Movie,Comedies,2017,PG
Beyond Stranger Things,TV Show,Stand-Up Comedy & Talk Shows,2017,TV-14
Beyond Stranger Things,TV Show,TV Mysteries,2017,TV-14
Beyond Stranger Things,TV Show,TV Sci-Fi & Fantasy,2017,TV-14
Joan Didion: The Center Will Not Hold,Movie,Documentaries,2017,TV-14
Strange Weather,Movie,Dramas,2016,R
Strange Weather,Movie,Independent Movies,2016,R
The Hateful Eight,Movie,Action & Adventure,2015,R
The Hateful Eight,Movie,Thrillers,2015,R
Jack Whitehall: At Large,Movie,Stand-Up Comedy,2017,TV-MA
The Mist,TV Show,TV Dramas,2017,TV-MA
The Mist,TV Show,TV Horror,2017,TV-MA
The Mist,TV Show,TV Mysteries,2017,TV-MA
W1A,TV Show,British TV Shows,2017,TV-MA
W1A,TV Show,TV Comedies,2017,TV-MA
1922,Movie,Dramas,2017,TV-MA
1922,Movie,Thrillers,2017,TV-MA
Haters Back Off,TV Show,TV Comedies,2017,TV-PG
Haters Back Off,TV Show,Teen TV Shows,2017,TV-PG
One of Us,Movie,Documentaries,2017,TV-14
The Day I Met El Chapo,TV Show,Crime TV Shows,2017,TV-MA
The Day I Met El Chapo,TV Show,Docuseries,2017,TV-MA
The Day I Met El Chapo,TV Show,International TV Shows,2017,TV-MA
Wheelman,Movie,Action & Adventure,2017,TV-MA
Wedding Unplanned,Movie,Comedies,2017,TV-MA
Wedding Unplanned,Movie,International Movies,2017,TV-MA
Wedding Unplanned,Movie,Romantic Movies,2017,TV-MA
Patton Oswalt: Annihilation,Movie,Stand-Up Comedy,2017,TV-MA
Baadshaho,Movie,Action & Adventure,2017,TV-14
Baadshaho,Movie,International Movies,2017,TV-14
In Laws,TV Show,International TV Shows,2016,TV-PG
In Laws,TV Show,Romantic TV Shows,2016,TV-PG
In Laws,TV Show,TV Dramas,2016,TV-PG
Laws of Attraction,TV Show,International TV Shows,2012,TV-14
Laws of Attraction,TV Show,Romantic TV Shows,2012,TV-14
Laws of Attraction,TV Show,TV Comedies,2012,TV-14
Lucknow Central,Movie,Dramas,2017,TV-14
Lucknow Central,Movie,International Movies,2017,TV-14
Lucknow Central,Movie,Music & Musicals,2017,TV-14
Belief: The Possession of Janet Moses,Movie,Documentaries,2015,TV-MA
Belief: The Possession of Janet Moses,Movie,International Movies,2015,TV-MA
Seven and Me,TV Show,Kids' TV,2017,TV-Y
Singapore,Movie,Comedies,1960,TV-PG
Singapore,Movie,Dramas,1960,TV-PG
Singapore,Movie,International Movies,1960,TV-PG
West Coast Customs,TV Show,Docuseries,2015,TV-G
West Coast Customs,TV Show,Reality TV,2015,TV-G
Blessed Benefit,Movie,Comedies,2016,TV-14
Blessed Benefit,Movie,Dramas,2016,TV-14
Blessed Benefit,Movie,International Movies,2016,TV-14
Clair Obscur,Movie,Dramas,2016,TV-MA
Clair Obscur,Movie,International Movies,2016,TV-MA
"El Especial de Alex Fernández, el Especial",Movie,Stand-Up Comedy,2017,TV-MA
Kingdom of Us,Movie,Documentaries,2017,TV-MA
The Babysitter,Movie,Comedies,2017,TV-MA
The Babysitter,Movie,Horror Movies,2017,TV-MA
The Meyerowitz Stories (New and Selected),Movie,Comedies,2017,TV-MA
The Meyerowitz Stories (New and Selected),Movie,Dramas,2017,TV-MA
The Meyerowitz Stories (New and Selected),Movie,Independent Movies,2017,TV-MA
Barakah Meets Barakah,Movie,Comedies,2016,TV-MA
Barakah Meets Barakah,Movie,International Movies,2016,TV-MA
Barakah Meets Barakah,Movie,Romantic Movies,2016,TV-MA
Bomb Scared,Movie,Comedies,2017,TV-MA
Bomb Scared,Movie,Independent Movies,2017,TV-MA
Bomb Scared,Movie,International Movies,2017,TV-MA
Christina P: Mother Inferior,Movie,Stand-Up Comedy,2017,TV-MA
ID-0,TV Show,Anime Series,2017,TV-PG
ID-0,TV Show,International TV Shows,2017,TV-PG
Kibaoh Klashers,TV Show,Kids' TV,2017,TV-Y7
The Death and Life of Marsha P. Johnson,Movie,Documentaries,2017,TV-MA
The Death and Life of Marsha P. Johnson,Movie,LGBTQ Movies,2017,TV-MA
Rodney Carrington: Here Comes the Truth,Movie,Stand-Up Comedy,2017,TV-MA
26 Years,Movie,Dramas,2012,TV-MA
26 Years,Movie,International Movies,2012,TV-MA
26 Years,Movie,Thrillers,2012,TV-MA
Beyblade Burst,TV Show,Anime Series,2016,TV-Y7
Beyblade Burst,TV Show,Kids' TV,2016,TV-Y7
Equestria Girls: Tales of Canterlot High,TV Show,Kids' TV,2017,TV-Y7
Equestria Girls: Tales of Canterlot High,TV Show,TV Comedies,2017,TV-Y7
For Your Own Good,Movie,Comedies,2017,TV-MA
For Your Own Good,Movie,International Movies,2017,TV-MA
Franca: Chaos and Creation,Movie,Documentaries,2016,TV-MA
Franca: Chaos and Creation,Movie,International Movies,2016,TV-MA
Generation Iron 2,Movie,Documentaries,2017,PG-13
Generation Iron 2,Movie,Sports Movies,2017,PG-13
Ghost Patrol,Movie,Children & Family Movies,2016,TV-Y7
Ghost Patrol,Movie,Comedies,2016,TV-Y7
Justice in the City,TV Show,International TV Shows,2012,TV-14
Justice in the City,TV Show,TV Dramas,2012,TV-14
Noddy Toyland Detective,TV Show,Kids' TV,2016,TV-Y
Star Trek: Enterprise,TV Show,Classic & Cult TV,2004,TV-14
Star Trek: Enterprise,TV Show,TV Action & Adventure,2004,TV-14
Star Trek: Enterprise,TV Show,TV Sci-Fi & Fantasy,2004,TV-14
Star Trek: Voyager,TV Show,TV Action & Adventure,2000,TV-PG
Star Trek: Voyager,TV Show,TV Sci-Fi & Fantasy,2000,TV-PG
Sudden,TV Show,International TV Shows,2013,TV-14
Sudden,TV Show,Romantic TV Shows,2013,TV-14
Sudden,TV Show,TV Dramas,2013,TV-14
The Dream Catchers,TV Show,International TV Shows,2009,TV-14
The Dream Catchers,TV Show,Romantic TV Shows,2009,TV-14
The Dream Catchers,TV Show,TV Dramas,2009,TV-14
The Lion Woman,Movie,Dramas,2016,TV-14
The Lion Woman,Movie,International Movies,2016,TV-14
Verónica,Movie,Dramas,2017,TV-MA
Verónica,Movie,Independent Movies,2017,TV-MA
Verónica,Movie,International Movies,2017,TV-MA
What She Put on the Table,TV Show,International TV Shows,2017,TV-14
What She Put on the Table,TV Show,TV Dramas,2017,TV-14
The Royal House of Windsor,TV Show,British TV Shows,2017,TV-MA
The Royal House of Windsor,TV Show,Docuseries,2017,TV-MA
The Royal House of Windsor,TV Show,International TV Shows,2017,TV-MA
Gerald's Game,Movie,Horror Movies,2017,TV-MA
Gerald's Game,Movie,Thrillers,2017,TV-MA
Long Shot,Movie,Documentaries,2017,TV-14
Mak Cun,TV Show,International TV Shows,2015,TV-PG
Mak Cun,TV Show,TV Comedies,2015,TV-PG
Mak Cun,TV Show,TV Dramas,2015,TV-PG
Our Souls at Night,Movie,Dramas,2017,TV-14
Our Souls at Night,Movie,Romantic Movies,2017,TV-14
Out of Thin Air,Movie,Documentaries,2017,TV-MA
Out of Thin Air,Movie,International Movies,2017,TV-MA
Paul Hollywood's Big Continental Road Trip,TV Show,British TV Shows,2017,TV-14
Paul Hollywood's Big Continental Road Trip,TV Show,Docuseries,2017,TV-14
Paul Hollywood's Big Continental Road Trip,TV Show,International TV Shows,2017,TV-14
Real Rob,TV Show,TV Comedies,2017,TV-MA
Satu Hari,TV Show,International TV Shows,2014,TV-PG
Satu Hari,TV Show,TV Dramas,2014,TV-PG
Much Loved,Movie,Dramas,2015,TV-MA
Much Loved,Movie,Independent Movies,2015,TV-MA
Much Loved,Movie,International Movies,2015,TV-MA
Def Comedy Jam 25,Movie,Stand-Up Comedy,2017,TV-MA
Terrace House: Aloha State,TV Show,International TV Shows,2017,TV-14
Terrace House: Aloha State,TV Show,Reality TV,2017,TV-14
Dark Matter,TV Show,TV Sci-Fi & Fantasy,2017,TV-14
Dark Matter,TV Show,TV Thrillers,2017,TV-14
Swearnet: The Movie,Movie,Comedies,2014,NC-17
Swearnet: The Movie,Movie,International Movies,2014,NC-17
The Bar,Movie,Comedies,2017,TV-MA
The Bar,Movie,Horror Movies,2017,TV-MA
The Bar,Movie,International Movies,2017,TV-MA
Gaga: Five Foot Two,Movie,Documentaries,2017,TV-MA
Gaga: Five Foot Two,Movie,Music & Musicals,2017,TV-MA
The Bad Batch,Movie,Dramas,2016,R
The Bad Batch,Movie,Independent Movies,2016,R
The Bad Batch,Movie,Thrillers,2016,R
Jerry Before Seinfeld,Movie,Stand-Up Comedy,2017,TV-14
Barbie Dolphin Magic,Movie,Children & Family Movies,2017,TV-Y
First They Killed My Father,Movie,Dramas,2017,TV-MA
Strong Island,Movie,Documentaries,2017,TV-MA
VeggieTales in the City,TV Show,Kids' TV,2017,TV-Y
Ghost of the Mountains,Movie,Children & Family Movies,2017,G
Ghost of the Mountains,Movie,Documentaries,2017,G
Offspring,TV Show,TV Comedies,2017,TV-MA
Offspring,TV Show,TV Dramas,2017,TV-MA
Heroin(e),Movie,Documentaries,2017,TV-14
Jeff Dunham: Relative Disaster,Movie,Stand-Up Comedy,2017,TV-MA
#realityhigh,Movie,Comedies,2017,TV-14
Apaches,TV Show,Crime TV Shows,2016,TV-MA
Apaches,TV Show,International TV Shows,2016,TV-MA
Apaches,TV Show,Spanish-Language TV Shows,2016,TV-MA
Fabrizio Copano: Solo pienso en mi,Movie,Stand-Up Comedy,2017,TV-MA
Fire Chasers,TV Show,Docuseries,2017,TV-MA
Fire Chasers,TV Show,Science & Nature TV,2017,TV-MA
Joaquín Reyes: Una y no más,Movie,Stand-Up Comedy,2017,TV-MA
Carrie Pilby,Movie,Comedies,2016,TV-MA
Carrie Pilby,Movie,Dramas,2016,TV-MA
Marc Maron: Too Real,Movie,Stand-Up Comedy,2017,TV-MA
No Tomorrow,TV Show,Romantic TV Shows,2016,TV-PG
No Tomorrow,TV Show,TV Comedies,2016,TV-PG
No Tomorrow,TV Show,TV Dramas,2016,TV-PG
Reign,TV Show,TV Dramas,2017,TV-14
Frequency,TV Show,Crime TV Shows,2016,TV-14
Frequency,TV Show,TV Dramas,2016,TV-14
Frequency,TV Show,TV Mysteries,2016,TV-14
The Vampire Diaries,TV Show,TV Dramas,2016,TV-14
The Vampire Diaries,TV Show,TV Mysteries,2016,TV-14
The Vampire Diaries,TV Show,TV Sci-Fi & Fantasy,2016,TV-14
A Boy Name Flora A,TV Show,International TV Shows,2017,TV-MA
A Boy Name Flora A,TV Show,TV Comedies,2017,TV-MA
A Boy Name Flora A,TV Show,TV Dramas,2017,TV-MA
A House of Blocks,TV Show,International TV Shows,2017,TV-PG
A House of Blocks,TV Show,TV Dramas,2017,TV-PG
A House of Blocks,TV Show,TV Horror,2017,TV-PG
Aakhri Adaalat,Movie,Action & Adventure,1988,TV-14
Aakhri Adaalat,Movie,International Movies,1988,TV-14
"Alias JJ, la celebridad del mal",Movie,Documentaries,2017,TV-MA
"Alias JJ, la celebridad del mal",Movie,International Movies,2017,TV-MA
Berserk: The Golden Age Arc II - The Battle for Doldrey,Movie,Action & Adventure,2012,TV-MA
Berserk: The Golden Age Arc II - The Battle for Doldrey,Movie,Anime Features,2012,TV-MA
Berserk: The Golden Age Arc II - The Battle for Doldrey,Movie,International Movies,2012,TV-MA
Berserk: The Golden Age Arc III - The Advent,Movie,Action & Adventure,2013,TV-MA
Berserk: The Golden Age Arc III - The Advent,Movie,Anime Features,2013,TV-MA
Berserk: The Golden Age Arc III - The Advent,Movie,International Movies,2013,TV-MA
Brother's Shadow,Movie,Dramas,2006,TV-MA
Brother's Shadow,Movie,Independent Movies,2006,TV-MA
Chadi Jawani Budhe Nu,Movie,Comedies,1976,TV-PG
Chadi Jawani Budhe Nu,Movie,International Movies,1976,TV-PG
Chadi Jawani Budhe Nu,Movie,Romantic Movies,1976,TV-PG
Ek Jaan Hain Hum,Movie,Dramas,1983,TV-14
Ek Jaan Hain Hum,Movie,International Movies,1983,TV-14
Ek Jaan Hain Hum,Movie,Music & Musicals,1983,TV-14
FINAL FANTASY XIV Dad of Light,TV Show,International TV Shows,2017,TV-PG
FINAL FANTASY XIV Dad of Light,TV Show,TV Dramas,2017,TV-PG
Gurren Lagann,TV Show,Anime Series,2007,TV-14
Gurren Lagann,TV Show,International TV Shows,2007,TV-14
High Risk,TV Show,Docuseries,1988,TV-PG
High Risk,TV Show,Reality TV,1988,TV-PG
Khoon Khoon,Movie,Action & Adventure,1973,TV-14
Khoon Khoon,Movie,International Movies,1973,TV-14
LEGO Elves: Secrets of Elvendale,TV Show,Kids' TV,2017,TV-Y7
Little Evil,Movie,Comedies,2017,TV-MA
Little Evil,Movie,Horror Movies,2017,TV-MA
Manoranjan,Movie,Comedies,1974,TV-14
Manoranjan,Movie,International Movies,1974,TV-14
Manoranjan,Movie,Music & Musicals,1974,TV-14
Mujrim,Movie,Action & Adventure,1989,TV-14
Mujrim,Movie,Dramas,1989,TV-14
Mujrim,Movie,International Movies,1989,TV-14
Narcos,TV Show,Crime TV Shows,2017,TV-MA
Narcos,TV Show,TV Action & Adventure,2017,TV-MA
Narcos,TV Show,TV Dramas,2017,TV-MA
Offline - Das leben ist kein bonuslevel,Movie,Action & Adventure,2016,TV-MA
Offline - Das leben ist kein bonuslevel,Movie,Comedies,2016,TV-MA
Offline - Das leben ist kein bonuslevel,Movie,International Movies,2016,TV-MA
Resurface,Movie,Documentaries,2017,TV-MA
Resurface,Movie,Sports Movies,2017,TV-MA
Rocco,Movie,Documentaries,2016,TV-MA
Rocco,Movie,International Movies,2016,TV-MA
Sohni Mahiwal,Movie,Dramas,1984,TV-14
Sohni Mahiwal,Movie,International Movies,1984,TV-14
Sohni Mahiwal,Movie,Romantic Movies,1984,TV-14
The Distinguished Citizen,Movie,Comedies,2016,TV-MA
The Distinguished Citizen,Movie,Dramas,2016,TV-MA
The Distinguished Citizen,Movie,International Movies,2016,TV-MA
The Guardian Brothers,Movie,Children & Family Movies,2016,TV-G
The Guardian Brothers,Movie,Comedies,2016,TV-G
The Last Shaman,Movie,Documentaries,2016,TV-14
The Last Shaman,Movie,International Movies,2016,TV-14
The Lost Brother,Movie,Dramas,2017,TV-MA
The Lost Brother,Movie,International Movies,2017,TV-MA
Todo Sobre El Asado,Movie,Documentaries,2016,TV-MA
Todo Sobre El Asado,Movie,International Movies,2016,TV-MA
Ryan Hamilton: Happy Face,Movie,Stand-Up Comedy,2017,TV-14
Buster's Mal Heart,Movie,Independent Movies,2016,TV-MA
Buster's Mal Heart,Movie,Thrillers,2016,TV-MA
Berlin Syndrome,Movie,International Movies,2017,R
Berlin Syndrome,Movie,Thrillers,2017,R
Death Note,Movie,Horror Movies,2017,TV-MA
Death Note,Movie,Thrillers,2017,TV-MA
Lynne Koplitz: Hormonal Beast,Movie,Stand-Up Comedy,2017,TV-MA
Dinotrux,TV Show,Kids' TV,2017,TV-Y7
Marvel's The Defenders,TV Show,Crime TV Shows,2017,TV-MA
Marvel's The Defenders,TV Show,TV Action & Adventure,2017,TV-MA
Marvel's The Defenders,TV Show,TV Dramas,2017,TV-MA
Undefeated,Movie,Documentaries,2011,PG-13
Undefeated,Movie,Sports Movies,2011,PG-13
What Happened to Monday,Movie,Action & Adventure,2017,TV-MA
What Happened to Monday,Movie,Sci-Fi & Fantasy,2017,TV-MA
20 Minutes,TV Show,Crime TV Shows,2013,TV-MA
20 Minutes,TV Show,International TV Shows,2013,TV-MA
20 Minutes,TV Show,TV Dramas,2013,TV-MA
Brad Paisley's Comedy Rodeo,Movie,Music & Musicals,2017,TV-MA
Brad Paisley's Comedy Rodeo,Movie,Stand-Up Comedy,2017,TV-MA
Colin Quinn: Unconstitutional,Movie,Stand-Up Comedy,2015,TV-MA
Million Yen Women,TV Show,Crime TV Shows,2017,TV-MA
Million Yen Women,TV Show,International TV Shows,2017,TV-MA
Million Yen Women,TV Show,TV Dramas,2017,TV-MA
The Outcasts,Movie,Comedies,2017,TV-14
Chocolate City: Vegas Strip,Movie,Dramas,2017,TV-MA
Los Herederos,Movie,Dramas,2015,TV-MA
Los Herederos,Movie,International Movies,2015,TV-MA
Naked,Movie,Comedies,2017,TV-14
Naked,Movie,Romantic Movies,2017,TV-14
Demonic,Movie,Horror Movies,2015,R
Demonic,Movie,Independent Movies,2015,R
The Saint,Movie,Action & Adventure,2017,TV-14
Baahubali 2: The Conclusion (Hindi Version),Movie,Action & Adventure,2017,TV-MA
Baahubali 2: The Conclusion (Hindi Version),Movie,Dramas,2017,TV-MA
Baahubali 2: The Conclusion (Hindi Version),Movie,International Movies,2017,TV-MA
Baahubali 2: The Conclusion (Malayalam Version),Movie,Action & Adventure,2017,TV-14
Baahubali 2: The Conclusion (Malayalam Version),Movie,Dramas,2017,TV-14
Baahubali 2: The Conclusion (Malayalam Version),Movie,International Movies,2017,TV-14
Baahubali 2: The Conclusion (Tamil Version),Movie,Action & Adventure,2017,TV-MA
Baahubali 2: The Conclusion (Tamil Version),Movie,Dramas,2017,TV-MA
Baahubali 2: The Conclusion (Tamil Version),Movie,International Movies,2017,TV-MA
Baahubali: The Beginning (Hindi Version),Movie,Action & Adventure,2015,TV-14
Baahubali: The Beginning (Hindi Version),Movie,Dramas,2015,TV-14
Baahubali: The Beginning (Hindi Version),Movie,International Movies,2015,TV-14
Baahubali: The Beginning (Malayalam Version),Movie,Action & Adventure,2015,TV-14
Baahubali: The Beginning (Malayalam Version),Movie,Dramas,2015,TV-14
Baahubali: The Beginning (Malayalam Version),Movie,International Movies,2015,TV-14
Baahubali: The Beginning (Tamil Version),Movie,Action & Adventure,2015,TV-14
Baahubali: The Beginning (Tamil Version),Movie,Dramas,2015,TV-14
Baahubali: The Beginning (Tamil Version),Movie,International Movies,2015,TV-14
LEGO Marvel Super Heroes: Avengers Reassembled!,Movie,Children & Family Movies,2015,TV-Y7
Enter the Warriors Gate,Movie,Action & Adventure,2016,PG-13
Enter the Warriors Gate,Movie,International Movies,2016,PG-13
Enter the Warriors Gate,Movie,Sci-Fi & Fantasy,2016,PG-13
Alan Saldaña: Mi vida de pobre,Movie,Stand-Up Comedy,2017,TV-MA
Icarus,Movie,Documentaries,2017,TV-MA
Icarus,Movie,Sports Movies,2017,TV-MA
Message from the King,Movie,Independent Movies,2017,R
Message from the King,Movie,Thrillers,2017,R
Wet Hot American Summer: Ten Years Later,TV Show,TV Comedies,2017,TV-MA
The Invisible Guardian,Movie,International Movies,2017,TV-MA
The Invisible Guardian,Movie,Thrillers,2017,TV-MA
Bountiful Blessings,TV Show,International TV Shows,2011,TV-14
Bountiful Blessings,TV Show,TV Dramas,2011,TV-14
Bountiful Blessings,TV Show,TV Sci-Fi & Fantasy,2011,TV-14
Close Your Eyes Before It’s Dark,TV Show,Crime TV Shows,2016,TV-14
Close Your Eyes Before It’s Dark,TV Show,International TV Shows,2016,TV-14
Close Your Eyes Before It’s Dark,TV Show,TV Dramas,2016,TV-14
Entangled,TV Show,International TV Shows,2014,TV-14
Entangled,TV Show,TV Dramas,2014,TV-14
Fartsa,TV Show,Crime TV Shows,2015,TV-14
Fartsa,TV Show,International TV Shows,2015,TV-14
Fartsa,TV Show,TV Dramas,2015,TV-14
Handsome Devil,Movie,Comedies,2016,TV-MA
Handsome Devil,Movie,Dramas,2016,TV-MA
Handsome Devil,Movie,International Movies,2016,TV-MA
"Have You Ever Fallen in Love, Miss Jiang?",TV Show,Crime TV Shows,2016,TV-14
"Have You Ever Fallen in Love, Miss Jiang?",TV Show,International TV Shows,2016,TV-14
"Have You Ever Fallen in Love, Miss Jiang?",TV Show,TV Dramas,2016,TV-14
Jessica Darling's It List,Movie,Children & Family Movies,2016,TV-Y
Jessica Darling's It List,Movie,Comedies,2016,TV-Y
Life Plan A and B,TV Show,International TV Shows,2016,TV-PG
Life Plan A and B,TV Show,Romantic TV Shows,2016,TV-PG
Life Plan A and B,TV Show,TV Dramas,2016,TV-PG
Locust,TV Show,Crime TV Shows,2014,TV-MA
Locust,TV Show,International TV Shows,2014,TV-MA
Locust,TV Show,Romantic TV Shows,2014,TV-MA
Love Storm,TV Show,International TV Shows,2016,TV-14
Love Storm,TV Show,Romantic TV Shows,2016,TV-14
Love Storm,TV Show,TV Comedies,2016,TV-14
Maz Jobrani: Immigrant,Movie,Stand-Up Comedy,2017,TV-14
Opening Night,Movie,Comedies,2016,TV-MA
Opening Night,Movie,Independent Movies,2016,TV-MA
Opening Night,Movie,Music & Musicals,2016,TV-MA
Raising the Bar,Movie,Children & Family Movies,2016,TV-Y
Raising the Bar,Movie,Dramas,2016,TV-Y
Raising the Bar,Movie,Sports Movies,2016,TV-Y
Surviving Escobar - Alias JJ,TV Show,Crime TV Shows,2017,TV-MA
Surviving Escobar - Alias JJ,TV Show,International TV Shows,2017,TV-MA
Surviving Escobar - Alias JJ,TV Show,Spanish-Language TV Shows,2017,TV-MA
The Blind Christ,Movie,Dramas,2016,TV-MA
The Blind Christ,Movie,Independent Movies,2016,TV-MA
The Blind Christ,Movie,International Movies,2016,TV-MA
The In-Laws,TV Show,International TV Shows,2011,TV-14
The In-Laws,TV Show,TV Dramas,2011,TV-14
The IT Crowd,TV Show,British TV Shows,2013,TV-MA
The IT Crowd,TV Show,Classic & Cult TV,2013,TV-MA
The IT Crowd,TV Show,International TV Shows,2013,TV-MA
Un plus une,Movie,Comedies,2015,TV-MA
Un plus une,Movie,Dramas,2015,TV-MA
Un plus une,Movie,International Movies,2015,TV-MA
Vexed,TV Show,British TV Shows,2012,TV-MA
Vexed,TV Show,Crime TV Shows,2012,TV-MA
Vexed,TV Show,International TV Shows,2012,TV-MA
World War II in Colour,TV Show,British TV Shows,2009,TV-MA
World War II in Colour,TV Show,Docuseries,2009,TV-MA
World War II in Colour,TV Show,International TV Shows,2009,TV-MA
Daughters of Destiny,TV Show,Docuseries,2017,TV-14
The Incredible Jessica James,Movie,Comedies,2017,TV-MA
The Incredible Jessica James,Movie,Independent Movies,2017,TV-MA
The Incredible Jessica James,Movie,Romantic Movies,2017,TV-MA
Joe Mande’s Award-Winning Comedy Special,Movie,Stand-Up Comedy,2017,TV-MA
I Called Him Morgan,Movie,Documentaries,2016,TV-14
I Called Him Morgan,Movie,Music & Musicals,2016,TV-14
Aditi Mittal: Things They Wouldn't Let Me Say,Movie,Stand-Up Comedy,2017,TV-MA
Ari Shaffir: Double Negative,TV Show,Stand-Up Comedy & Talk Shows,2017,TV-MA
Uncertain Glory,Movie,Dramas,2017,TV-MA
Uncertain Glory,Movie,International Movies,2017,TV-MA
Amar,Movie,Dramas,2017,TV-MA
Amar,Movie,International Movies,2017,TV-MA
Amar,Movie,Romantic Movies,2017,TV-MA
Buddy Thunderstruck: The Maybe Pile,Movie,Children & Family Movies,2017,TV-Y7
Buddy Thunderstruck: The Maybe Pile,Movie,Comedies,2017,TV-Y7
Chasing Coral,Movie,Documentaries,2017,TV-PG
To the Bone,Movie,Dramas,2017,TV-MA
To the Bone,Movie,Independent Movies,2017,TV-MA
D.L. Hughley: Clear,Movie,Stand-Up Comedy,2014,TV-MA
Tom Segura: Completely Normal,Movie,Stand-Up Comedy,2014,TV-MA
Dawn of the Croods,TV Show,Kids' TV,2017,TV-Y7
Degrassi: Next Class,TV Show,International TV Shows,2017,TV-14
Degrassi: Next Class,TV Show,TV Dramas,2017,TV-14
Degrassi: Next Class,TV Show,Teen TV Shows,2017,TV-14
Diamond Lover,TV Show,International TV Shows,2015,TV-PG
Diamond Lover,TV Show,Romantic TV Shows,2015,TV-PG
Diamond Lover,TV Show,TV Dramas,2015,TV-PG
King’s War,TV Show,International TV Shows,2012,TV-14
King’s War,TV Show,TV Dramas,2012,TV-14
Qin Empire: Alliance,TV Show,International TV Shows,2012,TV-14
Qin Empire: Alliance,TV Show,TV Dramas,2012,TV-14
Take Me,Movie,Comedies,2017,TV-MA
Take Me,Movie,Independent Movies,2017,TV-MA
The Legend of Bruce Lee,TV Show,International TV Shows,2008,TV-14
The Legend of Bruce Lee,TV Show,TV Action & Adventure,2008,TV-14
The Legend of Bruce Lee,TV Show,TV Dramas,2008,TV-14
10 jours en or,Movie,Comedies,2012,TV-14
10 jours en or,Movie,Dramas,2012,TV-14
10 jours en or,Movie,International Movies,2012,TV-14
46,TV Show,International TV Shows,2016,TV-MA
46,TV Show,TV Dramas,2016,TV-MA
46,TV Show,TV Mysteries,2016,TV-MA
A 2nd Chance,Movie,Children & Family Movies,2011,PG
A 2nd Chance,Movie,Dramas,2011,PG
A 2nd Chance,Movie,Sports Movies,2011,PG
Against the Tide,TV Show,Crime TV Shows,2014,TV-14
Against the Tide,TV Show,International TV Shows,2014,TV-14
Against the Tide,TV Show,TV Dramas,2014,TV-14
Amrapali,Movie,Dramas,1966,TV-PG
Amrapali,Movie,International Movies,1966,TV-PG
Amrapali,Movie,Music & Musicals,1966,TV-PG
Barbie Life in the Dreamhouse,TV Show,Kids' TV,2012,TV-Y
Barbie Life in the Dreamhouse,TV Show,TV Comedies,2012,TV-Y
Breakout,TV Show,International TV Shows,2010,TV-14
Breakout,TV Show,TV Dramas,2010,TV-14
Hans Teeuwen: Real Rancour,Movie,Stand-Up Comedy,2018,TV-MA
Intersection,TV Show,International TV Shows,2016,TV-MA
Intersection,TV Show,Romantic TV Shows,2016,TV-MA
Intersection,TV Show,TV Dramas,2016,TV-MA
Lal Patthar,Movie,Classic Movies,1971,TV-14
Lal Patthar,Movie,Dramas,1971,TV-14
Lal Patthar,Movie,International Movies,1971,TV-14
Learning Songs by Little Baby Bum: Nursery Rhyme Friends,TV Show,British TV Shows,2015,TV-Y
Learning Songs by Little Baby Bum: Nursery Rhyme Friends,TV Show,Kids' TV,2015,TV-Y
Liar's Dice,Movie,Dramas,2013,TV-MA
Liar's Dice,Movie,Independent Movies,2013,TV-MA
Liar's Dice,Movie,International Movies,2013,TV-MA
Mystic Whispers,TV Show,International TV Shows,2014,TV-14
Mystic Whispers,TV Show,TV Dramas,2014,TV-14
Mystic Whispers,TV Show,TV Horror,2014,TV-14
Professor,Movie,Comedies,1962,TV-PG
Professor,Movie,Dramas,1962,TV-PG
Professor,Movie,International Movies,1962,TV-PG
Spice Up,TV Show,International TV Shows,2014,TV-14
Spice Up,TV Show,Romantic TV Shows,2014,TV-14
Spice Up,TV Show,TV Dramas,2014,TV-14
The Invisible Guest,Movie,International Movies,2016,TV-14
The Invisible Guest,Movie,Thrillers,2016,TV-14
The Oath,TV Show,International TV Shows,2011,TV-14
The Oath,TV Show,Romantic TV Shows,2011,TV-14
The Oath,TV Show,TV Dramas,2011,TV-14
The Truth Seekers,TV Show,Crime TV Shows,2016,TV-MA
The Truth Seekers,TV Show,International TV Shows,2016,TV-MA
The Truth Seekers,TV Show,TV Dramas,2016,TV-MA
The Ultimatum,TV Show,International TV Shows,2009,TV-14
The Ultimatum,TV Show,TV Dramas,2009,TV-14
Unriddle,TV Show,Crime TV Shows,2012,TV-14
Unriddle,TV Show,International TV Shows,2012,TV-14
Unriddle,TV Show,TV Dramas,2012,TV-14
World at Your Feet,TV Show,International TV Shows,2014,TV-14
World at Your Feet,TV Show,TV Dramas,2014,TV-14
Yaar Gaddar,Movie,Dramas,1994,TV-14
Yaar Gaddar,Movie,International Movies,1994,TV-14
Yes We Can!,TV Show,International TV Shows,2014,TV-14
Yes We Can!,TV Show,TV Dramas,2014,TV-14
Yours Fatefully,TV Show,International TV Shows,2012,TV-14
Yours Fatefully,TV Show,Romantic TV Shows,2012,TV-14
Yours Fatefully,TV Show,TV Comedies,2012,TV-14
Zipi & Zape y la Isla del Capitan,Movie,Children & Family Movies,2016,TV-PG
Zipi & Zape y la Isla del Capitan,Movie,Comedies,2016,TV-PG
Criminal Minds,TV Show,Crime TV Shows,2017,TV-14
Criminal Minds,TV Show,TV Dramas,2017,TV-14
Criminal Minds,TV Show,TV Mysteries,2017,TV-14
Gypsy,TV Show,TV Dramas,2017,TV-MA
Little Witch Academia,TV Show,Anime Series,2017,TV-Y7
Little Witch Academia,TV Show,International TV Shows,2017,TV-Y7
Okja,Movie,Action & Adventure,2017,TV-MA
Okja,Movie,Comedies,2017,TV-MA
Okja,Movie,Dramas,2017,TV-MA
Chris D'Elia: Man on Fire,Movie,Stand-Up Comedy,2017,TV-MA
I Am Michael,Movie,Dramas,2015,TV-MA
I Am Michael,Movie,LGBTQ Movies,2015,TV-MA
Nobody Speak: Trials of the Free Press,Movie,Documentaries,2017,TV-14
You Get Me,Movie,Dramas,2017,TV-MA
You Get Me,Movie,Thrillers,2017,TV-MA
Dangal,Movie,Dramas,2016,TV-PG
Dangal,Movie,International Movies,2016,TV-PG
Dangal,Movie,Sports Movies,2016,TV-PG
Young & Hungry,TV Show,TV Comedies,2017,TV-14
Pac-Man and the Ghostly Adventures,TV Show,Kids' TV,2014,TV-Y7
Pac-Man and the Ghostly Adventures,TV Show,TV Comedies,2014,TV-Y7
Puss in Book: Trapped in an Epic Tale,Movie,Children & Family Movies,2017,TV-Y7
Puss in Book: Trapped in an Epic Tale,Movie,Comedies,2017,TV-Y7
Rory Scovel Tries Stand-Up for the First Time,Movie,Stand-Up Comedy,2017,TV-MA
Aquarius,TV Show,Crime TV Shows,2016,TV-MA
Aquarius,TV Show,TV Dramas,2016,TV-MA
Counterpunch,Movie,Documentaries,2017,TV-MA
Counterpunch,Movie,Sports Movies,2017,TV-MA
What the Health,Movie,Documentaries,2017,TV-PG
World of Winx,TV Show,Kids' TV,2017,TV-Y7
Kanavu Variyam,Movie,Comedies,2017,TV-PG
Kanavu Variyam,Movie,Dramas,2017,TV-PG
Kanavu Variyam,Movie,International Movies,2017,TV-PG
Marco Luque: Tamo Junto,Movie,Stand-Up Comedy,2017,TV-MA
The Russian Revolution,Movie,Documentaries,2017,TV-PG
"Oh, Hello On Broadway",Movie,Stand-Up Comedy,2017,TV-MA
28 Moons,TV Show,International TV Shows,2016,TV-PG
28 Moons,TV Show,Korean TV Shows,2016,TV-PG
28 Moons,TV Show,Romantic TV Shows,2016,TV-PG
Magic Phone,TV Show,International TV Shows,2016,TV-PG
Magic Phone,TV Show,Korean TV Shows,2016,TV-PG
Magic Phone,TV Show,Romantic TV Shows,2016,TV-PG
Man to Man,TV Show,Crime TV Shows,2017,TV-14
Man to Man,TV Show,International TV Shows,2017,TV-14
Man to Man,TV Show,Korean TV Shows,2017,TV-14
My Little Baby,TV Show,Crime TV Shows,2016,TV-PG
My Little Baby,TV Show,International TV Shows,2016,TV-PG
My Little Baby,TV Show,Korean TV Shows,2016,TV-PG
Singles Villa,TV Show,International TV Shows,2015,TV-14
Singles Villa,TV Show,Romantic TV Shows,2015,TV-14
Singles Villa,TV Show,TV Dramas,2015,TV-14
Under the Black Moonlight,TV Show,International TV Shows,2016,TV-14
Under the Black Moonlight,TV Show,Korean TV Shows,2016,TV-14
Under the Black Moonlight,TV Show,TV Dramas,2016,TV-14
My Only Love Song,TV Show,International TV Shows,2017,TV-MA
My Only Love Song,TV Show,Korean TV Shows,2017,TV-MA
My Only Love Song,TV Show,Romantic TV Shows,2017,TV-MA
Shimmer Lake,Movie,Dramas,2017,TV-MA
Shimmer Lake,Movie,Independent Movies,2017,TV-MA
Shimmer Lake,Movie,Thrillers,2017,TV-MA
The Wishing Tree,Movie,Children & Family Movies,2017,TV-14
The Wishing Tree,Movie,Dramas,2017,TV-14
The Wishing Tree,Movie,Music & Musicals,2017,TV-14
Headshot,Movie,Action & Adventure,2016,TV-MA
Headshot,Movie,International Movies,2016,TV-MA
1898: Our Last Men in the Philippines,Movie,Dramas,2016,R
1898: Our Last Men in the Philippines,Movie,International Movies,2016,R
Crashing,TV Show,British TV Shows,2016,TV-MA
Crashing,TV Show,International TV Shows,2016,TV-MA
Crashing,TV Show,Romantic TV Shows,2016,TV-MA
Flaked,TV Show,TV Comedies,2017,TV-MA
Flaked,TV Show,TV Dramas,2017,TV-MA
Lucid Dream,Movie,International Movies,2017,TV-MA
Lucid Dream,Movie,Sci-Fi & Fantasy,2017,TV-MA
Lucid Dream,Movie,Thrillers,2017,TV-MA
Aashik Awara,Movie,Dramas,1993,TV-14
Aashik Awara,Movie,International Movies,1993,TV-14
Aashik Awara,Movie,Music & Musicals,1993,TV-14
Amelia: A Tale of Two Sisters,Movie,Documentaries,2017,TV-PG
Catfight,Movie,Comedies,2016,TV-MA
Catfight,Movie,Independent Movies,2016,TV-MA
How to Stage a Coup,Movie,Documentaries,2017,TV-14
Jackie: A Tale of Two Sisters,Movie,Documentaries,2017,TV-PG
Lens,Movie,Dramas,2015,TV-MA
Lens,Movie,Independent Movies,2015,TV-MA
Lens,Movie,International Movies,2015,TV-MA
Little Boxes,Movie,Comedies,2016,TV-MA
Little Boxes,Movie,Dramas,2016,TV-MA
Little Boxes,Movie,Independent Movies,2016,TV-MA
Love.com,Movie,Comedies,2017,TV-MA
Love.com,Movie,International Movies,2017,TV-MA
Love.com,Movie,Romantic Movies,2017,TV-MA
Maya Memsaab,Movie,Dramas,1993,TV-14
Maya Memsaab,Movie,International Movies,1993,TV-14
Maya Memsaab,Movie,Music & Musicals,1993,TV-14
Michael Lost and Found,Movie,Documentaries,2017,TV-PG
Michael Lost and Found,Movie,International Movies,2017,TV-PG
Michael Lost and Found,Movie,LGBTQ Movies,2017,TV-PG
Mind Game,TV Show,Crime TV Shows,2015,TV-14
Mind Game,TV Show,International TV Shows,2015,TV-14
Mind Game,TV Show,TV Dramas,2015,TV-14
Miniforce,TV Show,Kids' TV,2016,TV-Y7
Miniforce,TV Show,Korean TV Shows,2016,TV-Y7
Off Camera,TV Show,Stand-Up Comedy & Talk Shows,2015,TV-MA
Oh Darling Yeh Hai India,Movie,Action & Adventure,1995,TV-14
Oh Darling Yeh Hai India,Movie,Comedies,1995,TV-14
Oh Darling Yeh Hai India,Movie,International Movies,1995,TV-14
Prince,Movie,Dramas,1969,TV-PG
Prince,Movie,International Movies,1969,TV-PG
Prince,Movie,Romantic Movies,1969,TV-PG
Qila,Movie,Dramas,1998,TV-14
Qila,Movie,International Movies,1998,TV-14
Smoke & Mirrors,Movie,Dramas,2016,TV-14
Smoke & Mirrors,Movie,International Movies,2016,TV-14
Smoke & Mirrors,Movie,Thrillers,2016,TV-14
The Day Will Come,TV Show,International TV Shows,2016,TV-14
The Day Will Come,TV Show,TV Dramas,2016,TV-14
The Dream Job,TV Show,International TV Shows,2016,TV-14
The Dream Job,TV Show,TV Dramas,2016,TV-14
The Mitfords: A Tale of Two Sisters,Movie,Documentaries,2017,TV-PG
Without Gorky,Movie,Documentaries,2011,TV-14
Sarah Silverman A Speck of Dust,Movie,Stand-Up Comedy,2017,TV-MA
Rangoon,Movie,Action & Adventure,2017,TV-14
Rangoon,Movie,Dramas,2017,TV-14
Rangoon,Movie,International Movies,2017,TV-14
Bloodline,TV Show,TV Dramas,2017,TV-MA
Bloodline,TV Show,TV Mysteries,2017,TV-MA
Bloodline,TV Show,TV Thrillers,2017,TV-MA
Joshua: Teenager vs. Superpower,Movie,Documentaries,2017,TV-14
Raees,Movie,Action & Adventure,2017,TV-14
Raees,Movie,Dramas,2017,TV-14
Raees,Movie,International Movies,2017,TV-14
War Machine,Movie,Comedies,2017,TV-MA
War Machine,Movie,Dramas,2017,TV-MA
Arès,Movie,Action & Adventure,2016,TV-MA
Arès,Movie,International Movies,2016,TV-MA
Arès,Movie,Sci-Fi & Fantasy,2016,TV-MA
Hasan Minhaj: Homecoming King,Movie,Stand-Up Comedy,2017,TV-MA
BLAME!,Movie,Action & Adventure,2017,TV-14
BLAME!,Movie,Anime Features,2017,TV-14
BLAME!,Movie,International Movies,2017,TV-14
Highland: Thailand's Marijuana Awakening,TV Show,Docuseries,2017,TV-MA
Highland: Thailand's Marijuana Awakening,TV Show,International TV Shows,2017,TV-MA
Laerte-se,Movie,Documentaries,2017,TV-MA
Laerte-se,Movie,International Movies,2017,TV-MA
Laerte-se,Movie,LGBTQ Movies,2017,TV-MA
The Keepers,TV Show,Crime TV Shows,2017,TV-MA
The Keepers,TV Show,Docuseries,2017,TV-MA
The Keepers,TV Show,TV Mysteries,2017,TV-MA
Tracy Morgan: Staying Alive,Movie,Stand-Up Comedy,2017,TV-MA
Chamatkar,Movie,Comedies,1992,TV-14
Chamatkar,Movie,International Movies,1992,TV-14
Chamatkar,Movie,Sci-Fi & Fantasy,1992,TV-14
Kabhi Haan Kabhi Naa,Movie,Comedies,1994,TV-14
Kabhi Haan Kabhi Naa,Movie,Dramas,1994,TV-14
Kabhi Haan Kabhi Naa,Movie,International Movies,1994,TV-14
Lovesong,Movie,Dramas,2016,TV-MA
Lovesong,Movie,Independent Movies,2016,TV-MA
Lovesong,Movie,Romantic Movies,2016,TV-MA
Natascha Kampusch: The Whole Story,Movie,Movies,2010,TV-14
Ram Jaane,Movie,Dramas,1995,TV-14
Ram Jaane,Movie,International Movies,1995,TV-14
Ram Jaane,Movie,Music & Musicals,1995,TV-14
The Devil's Mistress,Movie,Dramas,2016,TV-MA
The Devil's Mistress,Movie,International Movies,2016,TV-MA
Wild Oats,Movie,Comedies,2016,PG-13
All Hail King Julien: Exiled,TV Show,Kids' TV,2017,TV-Y7
All Hail King Julien: Exiled,TV Show,TV Action & Adventure,2017,TV-Y7
All Hail King Julien: Exiled,TV Show,TV Comedies,2017,TV-Y7
Get Me Roger Stone,Movie,Documentaries,2017,TV-MA
Mindhorn,Movie,Comedies,2017,TV-MA
Mindhorn,Movie,Cult Movies,2017,TV-MA
Mindhorn,Movie,Independent Movies,2017,TV-MA
Sahara,Movie,Children & Family Movies,2017,TV-Y7
"Norm Macdonald: Hitler's Dog, Gossip & Trickery",Movie,Stand-Up Comedy,2017,TV-MA
Handsome: A Netflix Mystery Movie,Movie,Comedies,2017,TV-MA
Kazoops!,TV Show,Kids' TV,2017,TV-Y
Simplemente Manu NNa,Movie,Stand-Up Comedy,2017,TV-MA
The Mars Generation,Movie,Children & Family Movies,2017,TV-PG
The Mars Generation,Movie,Documentaries,2017,TV-PG
Maria Bamford: Old Baby,Movie,Stand-Up Comedy,2017,TV-MA
A Yellow Bird,Movie,Dramas,2016,TV-MA
A Yellow Bird,Movie,Independent Movies,2016,TV-MA
A Yellow Bird,Movie,International Movies,2016,TV-MA
Chaahat,Movie,Dramas,1996,TV-14
Chaahat,Movie,International Movies,1996,TV-14
Chaahat,Movie,Romantic Movies,1996,TV-14
English Babu Desi Mem,Movie,Comedies,1996,TV-14
English Babu Desi Mem,Movie,Dramas,1996,TV-14
English Babu Desi Mem,Movie,International Movies,1996,TV-14
He Even Has Your Eyes,Movie,Comedies,2016,TV-MA
He Even Has Your Eyes,Movie,International Movies,2016,TV-MA
In the Shadow of Iris,Movie,Dramas,2016,TV-MA
In the Shadow of Iris,Movie,International Movies,2016,TV-MA
In the Shadow of Iris,Movie,Thrillers,2016,TV-MA
JFK: The Making of a President,Movie,Documentaries,2017,TV-PG
Kiss & Cry,Movie,Dramas,2017,TV-MA
Kiss & Cry,Movie,International Movies,2017,TV-MA
Kiss & Cry,Movie,Romantic Movies,2017,TV-MA
Loev,Movie,Dramas,2015,TV-MA
Loev,Movie,Independent Movies,2015,TV-MA
Loev,Movie,International Movies,2015,TV-MA
Mostly Sunny,Movie,Documentaries,2016,TV-MA
Mostly Sunny,Movie,International Movies,2016,TV-MA
The Next Skin,Movie,Dramas,2016,TV-MA
The Next Skin,Movie,International Movies,2016,TV-MA
Casting JonBenet,Movie,Documentaries,2017,TV-14
Jumping Girl,TV Show,International TV Shows,2015,TV-14
Jumping Girl,TV Show,Korean TV Shows,2015,TV-14
Jumping Girl,TV Show,Romantic TV Shows,2015,TV-14
President,TV Show,International TV Shows,2010,TV-14
President,TV Show,Korean TV Shows,2010,TV-14
President,TV Show,TV Dramas,2010,TV-14
Rodney King,Movie,Dramas,2017,TV-MA
Small Crimes,Movie,Dramas,2017,TV-MA
Small Crimes,Movie,Thrillers,2017,TV-MA
What in the World Happened?,TV Show,International TV Shows,2015,TV-14
What in the World Happened?,TV Show,Korean TV Shows,2015,TV-14
What in the World Happened?,TV Show,Romantic TV Shows,2015,TV-14
Mar de Plástico,TV Show,Crime TV Shows,2017,TV-MA
Mar de Plástico,TV Show,International TV Shows,2017,TV-MA
Mar de Plástico,TV Show,Spanish-Language TV Shows,2017,TV-MA
Dear Zindagi,Movie,Comedies,2016,TV-14
Dear Zindagi,Movie,Dramas,2016,TV-14
Dear Zindagi,Movie,International Movies,2016,TV-14
Shepherds and Butchers,Movie,Dramas,2016,R
Shepherds and Butchers,Movie,International Movies,2016,R
The 101-Year-Old Man Who Skipped Out on the Bill and Disappeared,Movie,Comedies,2016,TV-MA
The 101-Year-Old Man Who Skipped Out on the Bill and Disappeared,Movie,International Movies,2016,TV-MA
Vir Das: Abroad Understanding,Movie,Stand-Up Comedy,2017,TV-MA
Fangbone,TV Show,Kids' TV,2016,TV-Y7
Fangbone,TV Show,TV Comedies,2016,TV-Y7
Girlboss,TV Show,TV Comedies,2017,TV-MA
Hot Girls Wanted: Turned On,TV Show,Docuseries,2017,TV-MA
Sand Castle,Movie,Action & Adventure,2017,TV-MA
Sand Castle,Movie,Dramas,2017,TV-MA
Sand Castle,Movie,Independent Movies,2017,TV-MA
The Mr. Peabody and Sherman Show,TV Show,Kids' TV,2017,TV-Y7
The Mr. Peabody and Sherman Show,TV Show,TV Comedies,2017,TV-Y7
Tramps,Movie,Dramas,2017,TV-MA
Tramps,Movie,Independent Movies,2017,TV-MA
Tramps,Movie,Romantic Movies,2017,TV-MA
Lucas Brothers: On Drugs,Movie,Stand-Up Comedy,2017,TV-MA
Bibi & Tina,Movie,Children & Family Movies,2014,TV-PG
Bibi & Tina,Movie,Music & Musicals,2014,TV-PG
Bibi & Tina II,Movie,Children & Family Movies,2014,TV-14
Bibi & Tina II,Movie,Music & Musicals,2014,TV-14
Bibi & Tina: Girls Versus Boys,Movie,Children & Family Movies,2016,TV-14
Bibi & Tina: Girls Versus Boys,Movie,Music & Musicals,2016,TV-14
Slam,Movie,Comedies,2017,TV-MA
Slam,Movie,Dramas,2017,TV-MA
Slam,Movie,International Movies,2017,TV-MA
The Wedding Party,Movie,Comedies,2016,TV-14
The Wedding Party,Movie,Dramas,2016,TV-14
The Wedding Party,Movie,International Movies,2016,TV-14
Arctic Heart,Movie,Dramas,2016,TV-14
Arctic Heart,Movie,International Movies,2016,TV-14
Arctic Heart,Movie,Romantic Movies,2016,TV-14
Our Lovers,Movie,Comedies,2016,TV-MA
Our Lovers,Movie,Dramas,2016,TV-MA
Our Lovers,Movie,International Movies,2016,TV-MA
Sandy Wexler,Movie,Comedies,2017,TV-14
Macho,Movie,Comedies,2016,TV-MA
Macho,Movie,International Movies,2016,TV-MA
Macho,Movie,LGBTQ Movies,2016,TV-MA
Kevin Hart: What Now?,Movie,Stand-Up Comedy,2016,R
Frat Star,Movie,Comedies,2017,TV-MA
The Miracle,TV Show,International TV Shows,2016,TV-14
The Miracle,TV Show,Korean TV Shows,2016,TV-14
The Miracle,TV Show,TV Dramas,2016,TV-14
The Get Down,TV Show,TV Dramas,2017,TV-MA
The Lighthouse of the Orcas,Movie,Dramas,2016,TV-MA
The Lighthouse of the Orcas,Movie,International Movies,2016,TV-MA
The Lighthouse of the Orcas,Movie,Romantic Movies,2016,TV-MA
Win It All,Movie,Comedies,2017,TV-MA
Win It All,Movie,Independent Movies,2017,TV-MA
Win It All,Movie,Romantic Movies,2017,TV-MA
Louis C.K. 2017,Movie,Movies,2017,74 min
Burned Cocoon,TV Show,International TV Shows,2005,TV-MA
Burned Cocoon,TV Show,TV Dramas,2005,TV-MA
Couples Counseling,Movie,Comedies,2016,TV-MA
Couples Counseling,Movie,Dramas,2016,TV-MA
Couples Counseling,Movie,International Movies,2016,TV-MA
Deuces,Movie,Dramas,2016,TV-MA
Elaan,Movie,Action & Adventure,1971,TV-14
Elaan,Movie,Cult Movies,1971,TV-14
Elaan,Movie,International Movies,1971,TV-14
Five Nights in Maine,Movie,Dramas,2015,TV-MA
Five Nights in Maine,Movie,Independent Movies,2015,TV-MA
Killa,Movie,Dramas,2014,TV-14
Killa,Movie,International Movies,2014,TV-14
Life 2.0,Movie,Documentaries,2010,TV-MA
Salaakhen,Movie,Action & Adventure,1975,TV-14
Salaakhen,Movie,International Movies,1975,TV-14
Salaakhen,Movie,Music & Musicals,1975,TV-14
Skins,Movie,Dramas,2017,TV-MA
Skins,Movie,International Movies,2017,TV-MA
The Tenth Man,Movie,Dramas,2016,TV-MA
The Tenth Man,Movie,International Movies,2016,TV-MA
Toro,Movie,Dramas,2016,TV-MA
Toro,Movie,International Movies,2016,TV-MA
Toro,Movie,Thrillers,2016,TV-MA
Bridget Christie: Stand Up for Her,Movie,Stand-Up Comedy,2016,TV-MA
Five Came Back,TV Show,Docuseries,2017,TV-MA
Hoff the Record,TV Show,British TV Shows,2016,TV-MA
Hoff the Record,TV Show,TV Comedies,2016,TV-MA
The Discovery,Movie,Dramas,2017,TV-MA
The Discovery,Movie,Independent Movies,2017,TV-MA
The Discovery,Movie,Romantic Movies,2017,TV-MA
Jo Koy: Live from Seattle,Movie,Stand-Up Comedy,2017,TV-MA
Bottersnikes & Gumbles,TV Show,British TV Shows,2017,TV-Y7
Bottersnikes & Gumbles,TV Show,Kids' TV,2017,TV-Y7
Felipe Neto: My Life Makes No Sense,Movie,Stand-Up Comedy,2017,TV-MA
The C Word,Movie,Documentaries,2016,TV-14
The Most Hated Woman in America,Movie,Dramas,2017,TV-MA
Dave Chappelle,TV Show,Stand-Up Comedy & Talk Shows,2017,TV-MA
Dave Chappelle,TV Show,TV Comedies,2017,TV-MA
One-Punch Man,TV Show,Anime Series,2015,TV-14
One-Punch Man,TV Show,Crime TV Shows,2015,TV-14
One-Punch Man,TV Show,International TV Shows,2015,TV-14
Best Worst Thing That Ever Could Have Happened,Movie,Documentaries,2016,TV-MA
Deidra & Laney Rob a Train,Movie,Comedies,2017,TV-14
Deidra & Laney Rob a Train,Movie,Dramas,2017,TV-14
Deidra & Laney Rob a Train,Movie,Independent Movies,2017,TV-14
Julie's Greenroom,TV Show,Kids' TV,2017,TV-Y
Outback Truckers,TV Show,Reality TV,2015,TV-MA
Pandora,Movie,Dramas,2016,TV-MA
Pandora,Movie,International Movies,2016,TV-MA
Pandora,Movie,Thrillers,2016,TV-MA
Samurai Gourmet,TV Show,International TV Shows,2017,TV-PG
Samurai Gourmet,TV Show,TV Dramas,2017,TV-PG
Howards End,Movie,Classic Movies,1992,PG
Howards End,Movie,Dramas,1992,PG
Howards End,Movie,Independent Movies,1992,PG
Asoka,Movie,Action & Adventure,2001,R
Asoka,Movie,Dramas,2001,R
Asoka,Movie,International Movies,2001,R
"Bon Cop, Bad Cop",Movie,Action & Adventure,2006,TV-MA
"Bon Cop, Bad Cop",Movie,Comedies,2006,TV-MA
"Bon Cop, Bad Cop",Movie,International Movies,2006,TV-MA
Notes on Blindness,Movie,Documentaries,2016,TV-PG
Notes on Blindness,Movie,Dramas,2016,TV-PG
Notes on Blindness,Movie,International Movies,2016,TV-PG
One 2 Ka 4,Movie,Action & Adventure,2001,TV-14
One 2 Ka 4,Movie,Comedies,2001,TV-14
One 2 Ka 4,Movie,Dramas,2001,TV-14
Cheer Squad,TV Show,Reality TV,2016,TV-PG
Cheer Squad,TV Show,Teen TV Shows,2016,TV-PG
Jim Norton: Mouthful of Shame,Movie,Stand-Up Comedy,2017,TV-MA
100 Meters,Movie,Dramas,2016,TV-MA
100 Meters,Movie,International Movies,2016,TV-MA
100 Meters,Movie,Sports Movies,2016,TV-MA
Buddy Thunderstruck,TV Show,Kids' TV,2017,TV-Y7
Buddy Thunderstruck,TV Show,TV Comedies,2017,TV-Y7
Burning Sands,Movie,Dramas,2017,TV-MA
Burning Sands,Movie,Independent Movies,2017,TV-MA
One More Time,TV Show,International TV Shows,2016,TV-14
One More Time,TV Show,Korean TV Shows,2016,TV-14
One More Time,TV Show,Romantic TV Shows,2016,TV-14
The Butterfly's Dream,Movie,Dramas,2013,TV-PG
The Butterfly's Dream,Movie,International Movies,2013,TV-PG
The Butterfly's Dream,Movie,Romantic Movies,2013,TV-PG
Amy Schumer: The Leather Special,Movie,Stand-Up Comedy,2017,TV-MA
Love Is in the Air,TV Show,International TV Shows,2010,TV-14
Love Is in the Air,TV Show,TV Dramas,2010,TV-14
Nila,Movie,Dramas,2016,TV-MA
Nila,Movie,International Movies,2016,TV-MA
Nila,Movie,Romantic Movies,2016,TV-MA
Tong: Memories,TV Show,International TV Shows,2016,TV-MA
Tong: Memories,TV Show,Korean TV Shows,2016,TV-MA
Tong: Memories,TV Show,TV Action & Adventure,2016,TV-MA
Mike Birbiglia: Thank God for Jokes,Movie,Stand-Up Comedy,2017,TV-MA
Force 2,Movie,Action & Adventure,2016,TV-14
Force 2,Movie,International Movies,2016,TV-14
Jonas,Movie,Dramas,2015,TV-MA
Jonas,Movie,International Movies,2015,TV-MA
Operações Especiais,Movie,Action & Adventure,2015,TV-MA
Operações Especiais,Movie,International Movies,2015,TV-MA
I Don't Feel at Home in This World Anymore,Movie,Dramas,2017,TV-MA
I Don't Feel at Home in This World Anymore,Movie,Independent Movies,2017,TV-MA
I Don't Feel at Home in This World Anymore,Movie,Thrillers,2017,TV-MA
Legend Quest,TV Show,Kids' TV,2017,TV-Y7
The Sound of Your Heart,TV Show,International TV Shows,2016,TV-14
The Sound of Your Heart,TV Show,Korean TV Shows,2016,TV-14
The Sound of Your Heart,TV Show,TV Comedies,2016,TV-14
Love Me As I Am,TV Show,International TV Shows,2015,TV-PG
Love Me As I Am,TV Show,Romantic TV Shows,2015,TV-PG
Love Me As I Am,TV Show,TV Comedies,2015,TV-PG
Trevor Noah: Afraid of the Dark,Movie,Stand-Up Comedy,2017,TV-14
Boy Missing,Movie,International Movies,2016,TV-MA
Boy Missing,Movie,Thrillers,2016,TV-MA
Growing Up Wild,Movie,Children & Family Movies,2016,G
Growing Up Wild,Movie,Documentaries,2016,G
Tini: The New Life of Violetta,Movie,Children & Family Movies,2016,G
Tini: The New Life of Violetta,Movie,Music & Musicals,2016,G
Love for Ten: Generation of Youth,TV Show,International TV Shows,2013,TV-14
Love for Ten: Generation of Youth,TV Show,Korean TV Shows,2013,TV-14
Love for Ten: Generation of Youth,TV Show,Romantic TV Shows,2013,TV-14
Rocky Handsome,Movie,Action & Adventure,2016,TV-MA
Rocky Handsome,Movie,International Movies,2016,TV-MA
A Heavy Heart,Movie,Dramas,2015,TV-MA
A Heavy Heart,Movie,Independent Movies,2015,TV-MA
A Heavy Heart,Movie,International Movies,2015,TV-MA
Nightmare High,TV Show,International TV Shows,2016,TV-14
Nightmare High,TV Show,Korean TV Shows,2016,TV-14
Nightmare High,TV Show,TV Dramas,2016,TV-14
Rush: Beyond the Lighted Stage,Movie,Documentaries,2010,TV-MA
Rush: Beyond the Lighted Stage,Movie,Music & Musicals,2010,TV-MA
Spark,TV Show,International TV Shows,2016,TV-PG
Spark,TV Show,Korean TV Shows,2016,TV-PG
Spark,TV Show,Romantic TV Shows,2016,TV-PG
The Fury of a Patient Man,Movie,International Movies,2016,TV-MA
The Fury of a Patient Man,Movie,Thrillers,2016,TV-MA
The Memory of Water,Movie,Dramas,2015,TV-MA
The Memory of Water,Movie,International Movies,2015,TV-MA
Girlfriend's Day,Movie,Comedies,2017,TV-MA
Girlfriend's Day,Movie,Independent Movies,2017,TV-MA
Katherine Ryan: In Trouble,Movie,Stand-Up Comedy,2017,TV-MA
White Nights,TV Show,International TV Shows,2016,TV-14
White Nights,TV Show,Korean TV Shows,2016,TV-14
White Nights,TV Show,TV Dramas,2016,TV-14
Cyborg 009: Call of Justice,TV Show,Anime Series,2017,TV-14
Cyborg 009: Call of Justice,TV Show,International TV Shows,2017,TV-14
David Brent: Life on the Road,Movie,Comedies,2016,TV-MA
David Brent: Life on the Road,Movie,International Movies,2016,TV-MA
David Brent: Life on the Road,Movie,Music & Musicals,2016,TV-MA
Grillo vs Grillo,Movie,Stand-Up Comedy,2017,TV-MA
Hitler - A Career,Movie,Documentaries,1977,TV-MA
Hitler - A Career,Movie,International Movies,1977,TV-MA
"Michael Bolton's Big, Sexy Valentine's Day Special",Movie,Comedies,2017,TV-MA
"Michael Bolton's Big, Sexy Valentine's Day Special",Movie,Music & Musicals,2017,TV-MA
"Michael Bolton's Big, Sexy Valentine's Day Special",Movie,Romantic Movies,2017,TV-MA
Daniel Sosa: Sosafado,Movie,Stand-Up Comedy,2017,TV-MA
Imperial Dreams,Movie,Dramas,2014,TV-MA
Dilwale,Movie,Action & Adventure,2015,TV-PG
Dilwale,Movie,Dramas,2015,TV-PG
Dilwale,Movie,International Movies,2015,TV-PG
Happy New Year,Movie,Action & Adventure,2014,TV-14
Happy New Year,Movie,Comedies,2014,TV-14
Happy New Year,Movie,Dramas,2014,TV-14
Haraamkhor,Movie,Dramas,2015,TV-14
Haraamkhor,Movie,Independent Movies,2015,TV-14
Haraamkhor,Movie,International Movies,2015,TV-14
Heroes Wanted,Movie,Action & Adventure,2016,TV-MA
Heroes Wanted,Movie,Comedies,2016,TV-MA
Heroes Wanted,Movie,International Movies,2016,TV-MA
The Reconquest,Movie,Dramas,2016,TV-MA
The Reconquest,Movie,International Movies,2016,TV-MA
The Reconquest,Movie,Romantic Movies,2016,TV-MA
Zapped,Movie,Children & Family Movies,2014,TV-Y
Zapped,Movie,Comedies,2014,TV-Y
Bill Burr: Walk Your Way Out,Movie,Stand-Up Comedy,2017,TV-MA
Semana Santa,Movie,Dramas,2015,TV-MA
Semana Santa,Movie,International Movies,2015,TV-MA
Journey to Greenland,Movie,Comedies,2016,TV-14
Journey to Greenland,Movie,International Movies,2016,TV-14
IBOY,Movie,International Movies,2017,TV-MA
IBOY,Movie,Sci-Fi & Fantasy,2017,TV-MA
IBOY,Movie,Thrillers,2017,TV-MA
O Silêncio do Céu,Movie,Dramas,2016,TV-MA
O Silêncio do Céu,Movie,International Movies,2016,TV-MA
Cristela Alonzo: Lower Classy,Movie,Stand-Up Comedy,2017,TV-MA
Gad Gone Wild,Movie,Stand-Up Comedy,2017,TV-MA
Pink,Movie,Dramas,2016,TV-14
Pink,Movie,International Movies,2016,TV-14
Take the 10,Movie,Comedies,2017,TV-MA
Neal Brennan: 3 Mics,Movie,Stand-Up Comedy,2017,TV-MA
Berlin Calling,Movie,Dramas,2008,TV-MA
Berlin Calling,Movie,International Movies,2008,TV-MA
Berlin Calling,Movie,Music & Musicals,2008,TV-MA
Sarajevo,Movie,Dramas,2014,TV-PG
Sarajevo,Movie,International Movies,2014,TV-PG
Stereo,Movie,International Movies,2014,TV-MA
Stereo,Movie,Thrillers,2014,TV-MA
We Are Young. We Are Strong.,Movie,Dramas,2014,TV-MA
We Are Young. We Are Strong.,Movie,International Movies,2014,TV-MA
Casablancas: The Man Who Loved Women,Movie,Documentaries,2016,TV-14
Casablancas: The Man Who Loved Women,Movie,International Movies,2016,TV-14
Clinical,Movie,Horror Movies,2017,TV-MA
Clinical,Movie,Thrillers,2017,TV-MA
Very Big Shot,Movie,Comedies,2015,TV-MA
Very Big Shot,Movie,Dramas,2015,TV-MA
Very Big Shot,Movie,International Movies,2015,TV-MA
Jim Gaffigan: Cinco,Movie,Stand-Up Comedy,2017,TV-14
We're Lalaloopsy,TV Show,Kids' TV,2017,TV-Y
We're Lalaloopsy,TV Show,TV Comedies,2017,TV-Y
Under the Shadow,Movie,Horror Movies,2016,PG-13
Under the Shadow,Movie,International Movies,2016,PG-13
Under the Shadow,Movie,Thrillers,2016,PG-13
Coin Heist,Movie,Children & Family Movies,2017,TV-14
Coin Heist,Movie,Dramas,2017,TV-14
LEGO: Marvel Super Heroes: Maximum Overload,Movie,Children & Family Movies,2013,TV-Y7
Rampage: President Down,Movie,Action & Adventure,2016,TV-MA
Rampage: President Down,Movie,International Movies,2016,TV-MA
Marvel's Hulk: Where Monsters Dwell,Movie,Children & Family Movies,2016,PG
Marvel's Hulk: Where Monsters Dwell,Movie,Sci-Fi & Fantasy,2016,PG
Jen Kirkman: Just Keep Livin’?,Movie,Stand-Up Comedy,2017,TV-MA
Autohead,Movie,Dramas,2016,TV-MA
Autohead,Movie,International Movies,2016,TV-MA
Autohead,Movie,Thrillers,2016,TV-MA
Bee Movie,Movie,Children & Family Movies,2007,PG
Bee Movie,Movie,Comedies,2007,PG
Headwinds,Movie,Dramas,2011,TV-MA
Headwinds,Movie,Independent Movies,2011,TV-MA
Headwinds,Movie,International Movies,2011,TV-MA
Star Trek: Deep Space Nine,TV Show,TV Action & Adventure,1999,TV-14
Star Trek: Deep Space Nine,TV Show,TV Sci-Fi & Fantasy,1999,TV-14
Udta Punjab,Movie,Dramas,2016,TV-MA
Udta Punjab,Movie,International Movies,2016,TV-MA
Mr. Pig,Movie,Dramas,2016,TV-MA
Mr. Pig,Movie,Independent Movies,2016,TV-MA
Mr. Pig,Movie,International Movies,2016,TV-MA
My Runway,TV Show,International TV Shows,2016,TV-14
My Runway,TV Show,Korean TV Shows,2016,TV-14
My Runway,TV Show,Romantic TV Shows,2016,TV-14
AJIN: Demi-Human,TV Show,Anime Series,2016,TV-MA
AJIN: Demi-Human,TV Show,International TV Shows,2016,TV-MA
Chasing Cameron,TV Show,Reality TV,2016,TV-14
Chasing Cameron,TV Show,Teen TV Shows,2016,TV-14
7:19,Movie,Dramas,2016,TV-MA
7:19,Movie,International Movies,2016,TV-MA
Garfunkel and Oates: Trying to be Special,Movie,Music & Musicals,2016,TV-MA
Garfunkel and Oates: Trying to be Special,Movie,Stand-Up Comedy,2016,TV-MA
Sense8,TV Show,Crime TV Shows,2018,TV-MA
Sense8,TV Show,TV Dramas,2018,TV-MA
Sense8,TV Show,TV Mysteries,2018,TV-MA
A Christmas Special: Miraculous: Tales of Ladybug & Cat Noir,Movie,Movies,2016,TV-Y7
Gabriel lglesias: I’m Sorry For What I Said When I Was Hungry,Movie,Stand-Up Comedy,2016,TV-14
Barry,Movie,Dramas,2016,TV-MA
Crazyhead,TV Show,British TV Shows,2016,TV-MA
Crazyhead,TV Show,International TV Shows,2016,TV-MA
Crazyhead,TV Show,TV Comedies,2016,TV-MA
Sister Cities,Movie,Dramas,2016,TV-MA
3 Türken & ein Baby,Movie,Comedies,2015,TV-MA
3 Türken & ein Baby,Movie,International Movies,2015,TV-MA
Color of Woman,TV Show,International TV Shows,2012,TV-PG
Color of Woman,TV Show,Korean TV Shows,2012,TV-PG
Color of Woman,TV Show,Romantic TV Shows,2012,TV-PG
Eddie - Strongman,Movie,Documentaries,2015,TV-MA
Eddie - Strongman,Movie,Sports Movies,2015,TV-MA
Goodbye My Wife,TV Show,International TV Shows,2012,TV-14
Goodbye My Wife,TV Show,Korean TV Shows,2012,TV-14
Goodbye My Wife,TV Show,Romantic TV Shows,2012,TV-14
Happy And,TV Show,International TV Shows,2012,TV-14
Happy And,TV Show,Korean TV Shows,2012,TV-14
Happy And,TV Show,TV Dramas,2012,TV-14
Heaven's Garden,TV Show,International TV Shows,2011,TV-MA
Heaven's Garden,TV Show,Korean TV Shows,2011,TV-MA
Heaven's Garden,TV Show,TV Dramas,2011,TV-MA
Ice Fantasy,TV Show,International TV Shows,2016,TV-14
Ice Fantasy,TV Show,TV Action & Adventure,2016,TV-14
Ice Fantasy,TV Show,TV Sci-Fi & Fantasy,2016,TV-14
Immortal Classic,TV Show,International TV Shows,2012,TV-14
Immortal Classic,TV Show,Korean TV Shows,2012,TV-14
Immortal Classic,TV Show,TV Dramas,2012,TV-14
InuYasha,TV Show,Anime Series,2001,TV-14
InuYasha,TV Show,International TV Shows,2001,TV-14
K-POP Extreme Survival,TV Show,International TV Shows,2012,TV-14
K-POP Extreme Survival,TV Show,Korean TV Shows,2012,TV-14
K-POP Extreme Survival,TV Show,Romantic TV Shows,2012,TV-14
Merlin,TV Show,British TV Shows,2012,TV-PG
Merlin,TV Show,International TV Shows,2012,TV-PG
Merlin,TV Show,TV Action & Adventure,2012,TV-PG
Miss Panda & Mr. Hedgehog,TV Show,International TV Shows,2012,TV-PG
Miss Panda & Mr. Hedgehog,TV Show,Korean TV Shows,2012,TV-PG
Miss Panda & Mr. Hedgehog,TV Show,Romantic TV Shows,2012,TV-PG
Sand Storm,Movie,Dramas,2016,TV-PG
Sand Storm,Movie,Independent Movies,2016,TV-PG
Sand Storm,Movie,International Movies,2016,TV-PG
Tokyo Trial,TV Show,International TV Shows,2017,TV-MA
Tokyo Trial,TV Show,TV Dramas,2017,TV-MA
Ricardo O'Farrill: Abrazo navideño,Movie,Stand-Up Comedy,2016,TV-MA
Asperger's Are Us,Movie,Documentaries,2016,TV-MA
Captive,TV Show,Crime TV Shows,2016,TV-MA
Captive,TV Show,Docuseries,2016,TV-MA
Mariah Carey's Merriest Christmas,Movie,Children & Family Movies,2015,TV-G
Mariah Carey's Merriest Christmas,Movie,Music & Musicals,2015,TV-G
Spectral,Movie,Action & Adventure,2016,TV-14
Spectral,Movie,Sci-Fi & Fantasy,2016,TV-14
White Rabbit Project,TV Show,Docuseries,2016,TV-14
White Rabbit Project,TV Show,International TV Shows,2016,TV-14
White Rabbit Project,TV Show,Reality TV,2016,TV-14
Miss in Kiss,TV Show,International TV Shows,2016,TV-14
Miss in Kiss,TV Show,Romantic TV Shows,2016,TV-14
Miss in Kiss,TV Show,TV Comedies,2016,TV-14
Other People,Movie,Comedies,2016,TV-MA
Other People,Movie,Dramas,2016,TV-MA
Other People,Movie,Independent Movies,2016,TV-MA
The Cuba Libre Story,TV Show,Docuseries,2015,TV-14
The Cuba Libre Story,TV Show,International TV Shows,2015,TV-14
Blue Jay,Movie,Dramas,2016,TV-MA
Blue Jay,Movie,Independent Movies,2016,TV-MA
Blue Jay,Movie,Romantic Movies,2016,TV-MA
One in a Billion,Movie,Documentaries,2016,TV-14
One in a Billion,Movie,Sports Movies,2016,TV-14
Reggie Watts: Spatial,Movie,Music & Musicals,2016,TV-MA
Reggie Watts: Spatial,Movie,Stand-Up Comedy,2016,TV-MA
From Dusk Till Dawn,TV Show,Classic & Cult TV,2016,TV-MA
From Dusk Till Dawn,TV Show,TV Action & Adventure,2016,TV-MA
From Dusk Till Dawn,TV Show,TV Horror,2016,TV-MA
Mercenary,Movie,Dramas,2016,TV-MA
Mercenary,Movie,International Movies,2016,TV-MA
Mercenary,Movie,Sports Movies,2016,TV-MA
Lost & Found Music Studios,TV Show,Kids' TV,2016,TV-G
Lost & Found Music Studios,TV Show,TV Comedies,2016,TV-G
Lost & Found Music Studios,TV Show,TV Dramas,2016,TV-G
For the Love of Spock,Movie,Documentaries,2016,TV-14
White Girl,Movie,Dramas,2016,TV-MA
White Girl,Movie,Independent Movies,2016,TV-MA
#Rucker50,Movie,Documentaries,2016,TV-PG
#Rucker50,Movie,Sports Movies,2016,TV-PG
1000 Rupee Note,Movie,Dramas,2014,TV-14
1000 Rupee Note,Movie,International Movies,2014,TV-14
Across Grace Alley,Movie,Dramas,2013,TV-PG
Asu Mare 2,Movie,Comedies,2015,TV-14
Asu Mare 2,Movie,International Movies,2015,TV-14
Back to 1989,TV Show,International TV Shows,2016,TV-PG
Back to 1989,TV Show,Romantic TV Shows,2016,TV-PG
Back to 1989,TV Show,TV Comedies,2016,TV-PG
Bromance,TV Show,International TV Shows,2015,TV-PG
Bromance,TV Show,Romantic TV Shows,2015,TV-PG
Bromance,TV Show,TV Comedies,2015,TV-PG
Interrogation,Movie,Dramas,2015,TV-MA
Interrogation,Movie,International Movies,2015,TV-MA
Interrogation,Movie,Thrillers,2015,TV-MA
Rainbow Time,Movie,Comedies,2016,TV-MA
Rainbow Time,Movie,Dramas,2016,TV-MA
Rainbow Time,Movie,Independent Movies,2016,TV-MA
Refresh Man,TV Show,International TV Shows,2016,TV-14
Refresh Man,TV Show,Romantic TV Shows,2016,TV-14
Refresh Man,TV Show,TV Comedies,2016,TV-14
Richard Pryor: Live in Concert,Movie,Stand-Up Comedy,1979,TV-MA
The Violin Player,Movie,Dramas,2016,TV-14
The Violin Player,Movie,Independent Movies,2016,TV-14
The Violin Player,Movie,International Movies,2016,TV-14
Beauties of the Night,Movie,Documentaries,2016,TV-MA
Beauties of the Night,Movie,International Movies,2016,TV-MA
Gilmore Girls: A Year in the Life,TV Show,TV Comedies,2016,TV-14
Gilmore Girls: A Year in the Life,TV Show,TV Dramas,2016,TV-14
Gilmore Girls: A Year in the Life,TV Show,Teen TV Shows,2016,TV-14
Michael Che Matters,Movie,Stand-Up Comedy,2016,TV-MA
Mercy,Movie,Dramas,2016,TV-MA
Mercy,Movie,Thrillers,2016,TV-MA
The Land of Cards,Movie,Dramas,2012,TV-14
The Land of Cards,Movie,Independent Movies,2012,TV-14
The Land of Cards,Movie,International Movies,2012,TV-14
Carlos Ballarta: El amor es de putos,Movie,Stand-Up Comedy,2016,TV-MA
Donald Glover: Weirdo,Movie,Stand-Up Comedy,2012,TV-MA
Colin Quinn: The New York Story,Movie,Stand-Up Comedy,2016,TV-MA
Divines,Movie,Dramas,2016,TV-MA
Divines,Movie,Independent Movies,2016,TV-MA
Divines,Movie,International Movies,2016,TV-MA
La Niña,TV Show,Crime TV Shows,2016,TV-MA
La Niña,TV Show,International TV Shows,2016,TV-MA
La Niña,TV Show,Spanish-Language TV Shows,2016,TV-MA
Paranoid,TV Show,British TV Shows,2016,TV-MA
Paranoid,TV Show,Crime TV Shows,2016,TV-MA
Paranoid,TV Show,International TV Shows,2016,TV-MA
Dieter Nuhr: Nuhr in Berlin,Movie,Stand-Up Comedy,2016,TV-MA
Mumbai Cha Raja,Movie,Dramas,2012,TV-MA
Mumbai Cha Raja,Movie,Independent Movies,2012,TV-MA
Mumbai Cha Raja,Movie,International Movies,2012,TV-MA
True Memoirs of an International Assassin,Movie,Action & Adventure,2016,TV-14
True Memoirs of an International Assassin,Movie,Comedies,2016,TV-14
Einsatzgruppen: The Nazi Death Squads,TV Show,Docuseries,2009,TV-MA
Einsatzgruppen: The Nazi Death Squads,TV Show,International TV Shows,2009,TV-MA
Kathleen Madigan: Bothering Jesus,Movie,Stand-Up Comedy,2016,TV-MA
Case,TV Show,Crime TV Shows,2015,TV-MA
Case,TV Show,International TV Shows,2015,TV-MA
Case,TV Show,TV Dramas,2015,TV-MA
Danger Mouse,TV Show,British TV Shows,2016,TV-Y7
Danger Mouse,TV Show,Kids' TV,2016,TV-Y7
"Dana Carvey: Straight White Male, 60",Movie,Stand-Up Comedy,2016,TV-MA
The Ivory Game,Movie,Documentaries,2016,TV-14
A Grand Night In: The Story of Aardman,Movie,Documentaries,2015,TV-PG
Inborn Pair,TV Show,International TV Shows,2011,TV-14
Inborn Pair,TV Show,Romantic TV Shows,2011,TV-14
Inborn Pair,TV Show,TV Comedies,2011,TV-14
Just You,TV Show,International TV Shows,2013,TV-14
Just You,TV Show,Romantic TV Shows,2013,TV-14
Just You,TV Show,TV Comedies,2013,TV-14
Love Around,TV Show,International TV Shows,2013,TV-14
Love Around,TV Show,Romantic TV Shows,2013,TV-14
Love Around,TV Show,TV Comedies,2013,TV-14
Love Family,TV Show,International TV Shows,2013,TV-MA
Love Family,TV Show,Romantic TV Shows,2013,TV-MA
Love Family,TV Show,TV Comedies,2013,TV-MA
Love Me or Leave Me,TV Show,International TV Shows,2012,TV-14
Love Me or Leave Me,TV Show,Romantic TV Shows,2012,TV-14
Love Me or Leave Me,TV Show,TV Comedies,2012,TV-14
Love Now,TV Show,International TV Shows,2012,TV-14
Love Now,TV Show,Romantic TV Shows,2012,TV-14
Love Now,TV Show,TV Comedies,2012,TV-14
Norman Lear: Just Another Version of You,Movie,Documentaries,2016,TV-MA
Santa Pac's Merry Berry Day,Movie,Movies,2016,TV-Y
Spanish Affair 2,Movie,Comedies,2015,TV-MA
Spanish Affair 2,Movie,International Movies,2015,TV-MA
Spanish Affair 2,Movie,Romantic Movies,2015,TV-MA
Pup Star,Movie,Children & Family Movies,2016,G
Pup Star,Movie,Comedies,2016,G
I Am the Pretty Thing That Lives in the House,Movie,Horror Movies,2016,TV-14
I Am the Pretty Thing That Lives in the House,Movie,International Movies,2016,TV-14
I Am the Pretty Thing That Lives in the House,Movie,Thrillers,2016,TV-14
Into the Inferno,Movie,Documentaries,2016,TV-PG
The African Doctor,Movie,Comedies,2016,TV-14
The African Doctor,Movie,Dramas,2016,TV-14
The African Doctor,Movie,International Movies,2016,TV-14
They Are Everywhere,Movie,Comedies,2016,TV-MA
They Are Everywhere,Movie,International Movies,2016,TV-MA
Trailer Park Boys: Out of the Park: Europe,TV Show,International TV Shows,2016,TV-MA
Trailer Park Boys: Out of the Park: Europe,TV Show,TV Comedies,2016,TV-MA
West Coast,Movie,Comedies,2016,TV-MA
West Coast,Movie,Dramas,2016,TV-MA
West Coast,Movie,International Movies,2016,TV-MA
7 años,Movie,Dramas,2016,TV-MA
7 años,Movie,International Movies,2016,TV-MA
Containment,TV Show,TV Dramas,2016,TV-MA
Containment,TV Show,TV Thrillers,2016,TV-MA
Joe Rogan: Triggered,Movie,Stand-Up Comedy,2016,TV-MA
A Mighty Team,Movie,Comedies,2016,TV-MA
A Mighty Team,Movie,International Movies,2016,TV-MA
A Mighty Team,Movie,Sports Movies,2016,TV-MA
Berserk: The Golden Age Arc I - The Egg of the King,Movie,Action & Adventure,2012,TV-MA
Berserk: The Golden Age Arc I - The Egg of the King,Movie,Anime Features,2012,TV-MA
Berserk: The Golden Age Arc I - The Egg of the King,Movie,International Movies,2012,TV-MA
Bleach The Movie: Fade to Black,Movie,Action & Adventure,2008,TV-PG
Bleach The Movie: Fade to Black,Movie,Anime Features,2008,TV-PG
Bleach The Movie: Fade to Black,Movie,Sci-Fi & Fantasy,2008,TV-PG
Bleach the Movie: Hell Verse,Movie,Action & Adventure,2010,TV-14
Bleach the Movie: Hell Verse,Movie,Anime Features,2010,TV-14
Bleach the Movie: Hell Verse,Movie,Sci-Fi & Fantasy,2010,TV-14
Blind Date,Movie,Comedies,2015,TV-14
Blind Date,Movie,International Movies,2015,TV-14
Blind Date,Movie,Music & Musicals,2015,TV-14
DEATH NOTE,TV Show,Anime Series,2006,TV-14
DEATH NOTE,TV Show,Crime TV Shows,2006,TV-14
DEATH NOTE,TV Show,International TV Shows,2006,TV-14
Spotless,TV Show,Crime TV Shows,2015,TV-MA
Spotless,TV Show,International TV Shows,2015,TV-MA
Spotless,TV Show,TV Dramas,2015,TV-MA
Vampire Knight,TV Show,Anime Series,2008,TV-14
Vampire Knight,TV Show,International TV Shows,2008,TV-14
Vampire Knight,TV Show,Romantic TV Shows,2008,TV-14
Sky Ladder: The Art of Cai Guo-Qiang,Movie,Documentaries,2016,TV-MA
Mascots,Movie,Comedies,2016,TV-MA
Justin Timberlake + the Tennessee Kids,Movie,Music & Musicals,2016,TV-MA
13TH,Movie,Documentaries,2016,TV-MA
Russell Peters: Almost Famous,Movie,Stand-Up Comedy,2016,TV-MA
StoryBots Super Songs,TV Show,Kids' TV,2016,TV-Y
The Siege of Jadotville,Movie,Action & Adventure,2016,TV-MA
The Siege of Jadotville,Movie,Dramas,2016,TV-MA
The Siege of Jadotville,Movie,International Movies,2016,TV-MA
LEGO Jurassic World: The Indominus Escape,Movie,Children & Family Movies,2016,TV-Y7
LEGO Jurassic World: The Indominus Escape,Movie,Comedies,2016,TV-Y7
Be with Me,TV Show,International TV Shows,2015,TV-PG
Be with Me,TV Show,Romantic TV Shows,2015,TV-PG
Be with Me,TV Show,TV Dramas,2015,TV-PG
Be with You,TV Show,International TV Shows,2015,TV-14
Be with You,TV Show,Romantic TV Shows,2015,TV-14
Be with You,TV Show,TV Dramas,2015,TV-14
Bombshell,Movie,Dramas,2016,TV-MA
Chatô: The King of Brazil,Movie,Dramas,2015,TV-MA
Chatô: The King of Brazil,Movie,International Movies,2015,TV-MA
Fall in Love with Me,TV Show,International TV Shows,2014,TV-14
Fall in Love with Me,TV Show,Romantic TV Shows,2014,TV-14
Fall in Love with Me,TV Show,TV Comedies,2014,TV-14
Harud,Movie,Dramas,2010,TV-MA
Harud,Movie,International Movies,2010,TV-MA
Love Cheque Charge,TV Show,International TV Shows,2014,TV-14
Love Cheque Charge,TV Show,Romantic TV Shows,2014,TV-14
Love Cheque Charge,TV Show,TV Comedies,2014,TV-14
Masha's Spooky Stories,TV Show,Kids' TV,2012,TV-Y
Much Ado About Nothing,Movie,Dramas,2016,TV-MA
Much Ado About Nothing,Movie,Independent Movies,2016,TV-MA
Much Ado About Nothing,Movie,International Movies,2016,TV-MA
Murphy's Law of Love,TV Show,International TV Shows,2015,TV-PG
Murphy's Law of Love,TV Show,Romantic TV Shows,2015,TV-PG
Murphy's Law of Love,TV Show,TV Comedies,2015,TV-PG
My Big Night,Movie,Comedies,2015,TV-MA
My Big Night,Movie,International Movies,2015,TV-MA
My Big Night,Movie,Music & Musicals,2015,TV-MA
My Little Pony Equestria Girls: Legend of Everfree,Movie,Children & Family Movies,2016,TV-Y7
My Little Pony Equestria Girls: Legend of Everfree,Movie,Comedies,2016,TV-Y7
Old Money,TV Show,International TV Shows,2015,TV-MA
Old Money,TV Show,TV Comedies,2015,TV-MA
Old Money,TV Show,TV Dramas,2015,TV-MA
Pac's Scary Halloween,Movie,Movies,2016,TV-Y7
Riphagen - The Untouchable,Movie,Dramas,2016,TV-14
Riphagen - The Untouchable,Movie,International Movies,2016,TV-14
Someone Like You,TV Show,International TV Shows,2015,TV-14
Someone Like You,TV Show,Romantic TV Shows,2015,TV-14
Someone Like You,TV Show,TV Dramas,2015,TV-14
Umrika,Movie,Dramas,2015,TV-MA
Umrika,Movie,Independent Movies,2015,TV-MA
Umrika,Movie,International Movies,2015,TV-MA
Unchained: The Untold Story of Freestyle Motocross,Movie,Documentaries,2016,TV-MA
Unchained: The Untold Story of Freestyle Motocross,Movie,Sports Movies,2016,TV-MA
Welcome Mr. President,Movie,Comedies,2013,TV-MA
Welcome Mr. President,Movie,International Movies,2013,TV-MA
When I See You Again,TV Show,International TV Shows,2015,TV-14
When I See You Again,TV Show,Romantic TV Shows,2015,TV-14
When I See You Again,TV Show,TV Comedies,2015,TV-14
Amanda Knox,Movie,Documentaries,2016,TV-MA
Audrie & Daisy,Movie,Documentaries,2016,TV-MA
Iliza Shlesinger: Confirmed Kills,Movie,Stand-Up Comedy,2016,TV-MA
VeggieTales in the House,TV Show,Kids' TV,2016,TV-Y
"Karol Modzelewski, Łukasz „Lotek” Lodkowski No Offense",Movie,Stand-Up Comedy,2016,TV-MA
"Katarzyna Piasecka, Rafał Pacześ Seriously Funny",Movie,Stand-Up Comedy,2016,TV-MA
"Mariusz Kałamaga, Karol Kopiec, Wiolka Walaszczyk Hilarious Trio",Movie,Stand-Up Comedy,2016,TV-MA
"Rafał Banaś, Michał Leja Laugh out Loud",Movie,Stand-Up Comedy,2016,TV-MA
The Best of Rafał Rutkowski Olka Szczęśniak,Movie,Stand-Up Comedy,2016,TV-MA
"Tomasz Jachimek, Jacek Stramik Laugh at Live",Movie,Stand-Up Comedy,2016,TV-MA
ARQ,Movie,International Movies,2016,TV-MA
ARQ,Movie,Sci-Fi & Fantasy,2016,TV-MA
ARQ,Movie,Thrillers,2016,TV-MA
Cedric the Entertainer: Live from the Ville,Movie,Stand-Up Comedy,2016,TV-MA
Louis C.K.: Hilarious,Movie,Movies,2010,84 min
The White Helmets,Movie,Documentaries,2016,TV-PG
Sample This,Movie,Documentaries,2012,TV-14
Sample This,Movie,Music & Musicals,2012,TV-14
Extremis,Movie,Documentaries,2016,TV-PG
Jandino: Whatever it Takes,Movie,Stand-Up Comedy,2016,TV-MA
Chef's Table: France,TV Show,Docuseries,2016,TV-14
Kulipari: An Army of Frogs,TV Show,Kids' TV,2016,TV-Y7
Conspiracy,TV Show,British TV Shows,2015,TV-14
Conspiracy,TV Show,Docuseries,2015,TV-14
Dead Set,TV Show,British TV Shows,2008,TV-MA
Dead Set,TV Show,TV Horror,2008,TV-MA
Dead Set,TV Show,TV Thrillers,2008,TV-MA
Forensic Files,TV Show,Crime TV Shows,2011,TV-MA
Forensic Files,TV Show,Docuseries,2011,TV-MA
Forensic Files,TV Show,Science & Nature TV,2011,TV-MA
Saudi Arabia Uncovered,Movie,Documentaries,2016,TV-14
The Fierce Wife,TV Show,International TV Shows,2010,TV-MA
The Fierce Wife,TV Show,Romantic TV Shows,2010,TV-MA
The Fierce Wife,TV Show,TV Dramas,2010,TV-MA
Witches: A Century of Murder,TV Show,British TV Shows,2015,TV-14
Witches: A Century of Murder,TV Show,Crime TV Shows,2015,TV-14
Witches: A Century of Murder,TV Show,Docuseries,2015,TV-14
Glitter Force,TV Show,Anime Series,2016,TV-Y7
Glitter Force,TV Show,Kids' TV,2016,TV-Y7
Jeff Foxworthy and Larry the Cable Guy: We’ve Been Thinking...,Movie,Stand-Up Comedy,2016,TV-14
XOXO,Movie,Dramas,2016,TV-MA
XOXO,Movie,Music & Musicals,2016,TV-MA
I'll Sleep When I'm Dead,Movie,Documentaries,2016,TV-MA
I'll Sleep When I'm Dead,Movie,Music & Musicals,2016,TV-MA
Behind Enemy Lines,TV Show,British TV Shows,2001,TV-14
Behind Enemy Lines,TV Show,Docuseries,2001,TV-14
Caught on Camera,TV Show,British TV Shows,2015,TV-MA
Caught on Camera,TV Show,Crime TV Shows,2015,TV-MA
Caught on Camera,TV Show,Docuseries,2015,TV-MA
Louis C.K.: Live at the Comedy Store,Movie,Movies,2015,66 min
Real Crime: Supermarket Heist (Tesco Bomber),Movie,Documentaries,2010,TV-14
Jim Gaffigan: Beyond the Pale,Movie,Stand-Up Comedy,2005,TV-14
Jim Gaffigan: King Baby,Movie,Stand-Up Comedy,2009,TV-PG
Jim Gaffigan: Mr. Universe,Movie,Stand-Up Comedy,2012,TV-14
Jim Gaffigan: Obsessed,Movie,Stand-Up Comedy,2014,TV-14
David Cross: Making America Great Again!,Movie,Stand-Up Comedy,2016,TV-MA
Lavell Crawford: Can a Brother Get Some Love?,Movie,Stand-Up Comedy,2011,TV-MA
Children of God,Movie,Documentaries,1994,TV-MA
Cocaine,TV Show,British TV Shows,2005,TV-14
Cocaine,TV Show,Crime TV Shows,2005,TV-14
Cocaine,TV Show,Docuseries,2005,TV-14
Edge of the Universe,TV Show,British TV Shows,2008,TV-G
Edge of the Universe,TV Show,Docuseries,2008,TV-G
Edge of the Universe,TV Show,Science & Nature TV,2008,TV-G
Interview with a Serial Killer,Movie,Documentaries,2008,TV-MA
La Esclava Blanca,TV Show,International TV Shows,2016,TV-MA
La Esclava Blanca,TV Show,Spanish-Language TV Shows,2016,TV-MA
La Esclava Blanca,TV Show,TV Dramas,2016,TV-MA
Real Crime: Diamond Geezers,Movie,Documentaries,2008,TV-14
LEGO Bionicle: The Journey to One,TV Show,Kids' TV,2016,TV-Y7
Tallulah,Movie,Dramas,2016,TV-MA
Tallulah,Movie,Independent Movies,2016,TV-MA
Popples,TV Show,Kids' TV,2016,TV-Y
Rebirth,Movie,Dramas,2016,TV-MA
Rebirth,Movie,Thrillers,2016,TV-MA
Tony Robbins: I Am Not Your Guru,Movie,Documentaries,2016,TV-MA
Gridlocked,Movie,Action & Adventure,2015,R
Brahman Naman,Movie,Comedies,2016,TV-MA
Brahman Naman,Movie,Independent Movies,2016,TV-MA
Brahman Naman,Movie,International Movies,2016,TV-MA
Kuromukuro,TV Show,Anime Series,2016,TV-14
Kuromukuro,TV Show,International TV Shows,2016,TV-14
Jim Jefferies: Freedumb,Movie,Stand-Up Comedy,2016,TV-MA
Marco Polo,TV Show,TV Action & Adventure,2016,TV-MA
Marco Polo,TV Show,TV Dramas,2016,TV-MA
X: Past Is Present,Movie,Dramas,2015,TV-MA
X: Past Is Present,Movie,Independent Movies,2015,TV-MA
X: Past Is Present,Movie,International Movies,2015,TV-MA
Justin Time GO!,TV Show,Kids' TV,2016,TV-Y
Sofía Niño de Rivera: Exposed,Movie,Stand-Up Comedy,2016,TV-MA
The Fundamentals of Caring,Movie,Comedies,2016,TV-MA
The Fundamentals of Caring,Movie,Dramas,2016,TV-MA
The Fundamentals of Caring,Movie,Independent Movies,2016,TV-MA
Ip Man 3,Movie,Action & Adventure,2015,PG-13
Ip Man 3,Movie,Dramas,2015,PG-13
Ip Man 3,Movie,International Movies,2015,PG-13
Bo Burnham: Make Happy,Movie,Music & Musicals,2016,TV-MA
Bo Burnham: Make Happy,Movie,Stand-Up Comedy,2016,TV-MA
Hibana: Spark,TV Show,International TV Shows,2016,TV-MA
Hibana: Spark,TV Show,TV Dramas,2016,TV-MA
72 Cutest Animals,TV Show,Docuseries,2016,TV-PG
72 Cutest Animals,TV Show,International TV Shows,2016,TV-PG
72 Cutest Animals,TV Show,Science & Nature TV,2016,TV-PG
72 Dangerous Places to Live,TV Show,Docuseries,2016,TV-PG
72 Dangerous Places to Live,TV Show,International TV Shows,2016,TV-PG
72 Dangerous Places to Live,TV Show,Science & Nature TV,2016,TV-PG
The Do-Over,Movie,Action & Adventure,2016,TV-MA
The Do-Over,Movie,Comedies,2016,TV-MA
Ali Wong: Baby Cobra,Movie,Stand-Up Comedy,2016,TV-MA
Special Correspondents,Movie,Comedies,2016,TV-MA
Team Foxcatcher,Movie,Documentaries,2016,TV-MA
Team Foxcatcher,Movie,Sports Movies,2016,TV-MA
Patton Oswalt: Talking for Clapping,Movie,Stand-Up Comedy,2016,TV-MA
Belgica,Movie,Dramas,2016,TV-MA
Belgica,Movie,International Movies,2016,TV-MA
Hush,Movie,Horror Movies,2016,R
Hush,Movie,Thrillers,2016,R
Cyborg 009 VS Devilman,TV Show,Anime Series,2015,TV-MA
Cyborg 009 VS Devilman,TV Show,International TV Shows,2015,TV-MA
Frank and Cindy,Movie,Documentaries,2007,TV-MA
Frank and Cindy,Movie,Music & Musicals,2007,TV-MA
Justin Time,TV Show,Kids' TV,2012,TV-Y
Terrace House: Boys & Girls in the City,TV Show,International TV Shows,2016,TV-14
Terrace House: Boys & Girls in the City,TV Show,Reality TV,2016,TV-14
Kung Fu Panda: Secrets of the Scroll,Movie,Children & Family Movies,2016,TV-PG
Kung Fu Panda: Secrets of the Scroll,Movie,Comedies,2016,TV-PG
He Never Died,Movie,Comedies,2015,R
He Never Died,Movie,Horror Movies,2015,R
Jimmy Carr: Funny Business,Movie,Stand-Up Comedy,2016,TV-MA
My Beautiful Broken Brain,Movie,Documentaries,2016,TV-14
My Beautiful Broken Brain,Movie,International Movies,2016,TV-14
Pee-wee's Big Holiday,Movie,Children & Family Movies,2016,TV-PG
Pee-wee's Big Holiday,Movie,Comedies,2016,TV-PG
Pee-wee's Big Holiday,Movie,Cult Movies,2016,TV-PG
Netflix Presents: The Characters,TV Show,TV Comedies,2016,TV-MA
Your lie in April,TV Show,Anime Series,2014,TV-14
Your lie in April,TV Show,International TV Shows,2014,TV-14
Your lie in April,TV Show,Romantic TV Shows,2014,TV-14
"Crouching Tiger, Hidden Dragon: Sword of Destiny",Movie,Action & Adventure,2016,PG-13
"Crouching Tiger, Hidden Dragon: Sword of Destiny",Movie,Romantic Movies,2016,PG-13
Marvel Super Hero Adventures: Frost Fight!,Movie,Children & Family Movies,2015,PG
Marvel Super Hero Adventures: Frost Fight!,Movie,Sci-Fi & Fantasy,2015,PG
Cooked,TV Show,Docuseries,2016,TV-14
Care Bears & Cousins,TV Show,Kids' TV,2016,TV-Y
Hannibal Buress: Comedy Camisado,Movie,Stand-Up Comedy,2016,TV-MA
Turbo FAST,TV Show,Kids' TV,2016,TV-Y7
Masha's Tales,TV Show,Kids' TV,2012,TV-Y
Chelsea Does,TV Show,Docuseries,2016,TV-MA
Chelsea Does,TV Show,Science & Nature TV,2016,TV-MA
Ricardo O'Farrill Abrazo Genial,Movie,Stand-Up Comedy,2016,TV-MA
Ip Man,Movie,Action & Adventure,2008,R
Ip Man,Movie,Dramas,2008,R
Ip Man,Movie,International Movies,2008,R
Ip Man 2,Movie,Action & Adventure,2010,R
Ip Man 2,Movie,International Movies,2010,R
Tom Segura: Mostly Stories,Movie,Stand-Up Comedy,2016,TV-MA
Marco Polo: One Hundred Eyes,Movie,Movies,2015,TV-MA
Sammy & Co,TV Show,Kids' TV,2014,TV-Y
Sammy & Co,TV Show,TV Comedies,2014,TV-Y
Mike Epps: Don't Take It Personal,Movie,Stand-Up Comedy,2015,TV-MA
The Ridiculous 6,Movie,Action & Adventure,2015,TV-14
The Ridiculous 6,Movie,Comedies,2015,TV-14
"Trailer Park Boys: Drunk, High and Unemployed: Live in Austin",Movie,Comedies,2015,TV-MA
"Trailer Park Boys: Drunk, High and Unemployed: Live in Austin",Movie,International Movies,2015,TV-MA
A Very Murray Christmas,Movie,Comedies,2015,TV-14
A Very Murray Christmas,Movie,Music & Musicals,2015,TV-14
Atelier,TV Show,International TV Shows,2015,TV-PG
Atelier,TV Show,TV Dramas,2015,TV-PG
Naomi and Ely's No Kiss List,Movie,Comedies,2015,TV-MA
Naomi and Ely's No Kiss List,Movie,Dramas,2015,TV-MA
Naomi and Ely's No Kiss List,Movie,LGBTQ Movies,2015,TV-MA
John Mulaney: The Comeback Kid,Movie,Stand-Up Comedy,2015,TV-MA
W/ Bob & David,TV Show,TV Comedies,2015,TV-MA
Manson Family Vacation,Movie,Comedies,2015,TV-MA
Manson Family Vacation,Movie,Dramas,2015,TV-MA
Manson Family Vacation,Movie,Independent Movies,2015,TV-MA
Walt Disney Animation Studios Short Films Collection,Movie,Children & Family Movies,2015,TV-Y
Hemlock Grove,TV Show,TV Horror,2015,TV-MA
Hemlock Grove,TV Show,TV Mysteries,2015,TV-MA
Hemlock Grove,TV Show,TV Thrillers,2015,TV-MA
Results,Movie,Comedies,2015,R
Results,Movie,Independent Movies,2015,R
Anthony Jeselnik: Thoughts and Prayers,Movie,Stand-Up Comedy,2015,TV-MA
Beasts of No Nation,Movie,Dramas,2015,TV-MA
Beasts of No Nation,Movie,Independent Movies,2015,TV-MA
Circle,Movie,Dramas,2015,TV-MA
Circle,Movie,Independent Movies,2015,TV-MA
Circle,Movie,Sci-Fi & Fantasy,2015,TV-MA
Winter on Fire: Ukraine's Fight for Freedom,Movie,Documentaries,2015,TV-MA
Winter on Fire: Ukraine's Fight for Freedom,Movie,International Movies,2015,TV-MA
Anjelah Johnson: Not Fancy,Movie,Stand-Up Comedy,2015,TV-14
Wakfu: The Quest for the Six Eliatrope Dofus,TV Show,Kids' TV,2014,TV-PG
Keith Richards: Under the Influence,Movie,Documentaries,2015,TV-14
Keith Richards: Under the Influence,Movie,Music & Musicals,2015,TV-14
Cowspiracy: The Sustainability Secret,Movie,Documentaries,2014,TV-PG
6 Years,Movie,Dramas,2015,TV-MA
6 Years,Movie,Independent Movies,2015,TV-MA
6 Years,Movie,Romantic Movies,2015,TV-MA
Demetri Martin: Live (At the Time),Movie,Stand-Up Comedy,2015,TV-MA
Wet Hot American Summer,TV Show,TV Comedies,2015,TV-MA
Tig,Movie,Documentaries,2015,TV-14
Tig,Movie,Stand-Up Comedy,2015,TV-14
H2O: Mermaid Adventures,TV Show,Kids' TV,2015,TV-Y7
Creep,Movie,Horror Movies,2014,R
Creep,Movie,Independent Movies,2014,R
Creep,Movie,Thrillers,2014,R
Chris Tucker Live,Movie,Stand-Up Comedy,2015,TV-MA
Ralphie May: Imperfectly Yours,Movie,Stand-Up Comedy,2015,TV-MA
"What Happened, Miss Simone?",Movie,Documentaries,2015,TV-14
"What Happened, Miss Simone?",Movie,Music & Musicals,2015,TV-14
Advantageous,Movie,Dramas,2015,TV-MA
Advantageous,Movie,Independent Movies,2015,TV-MA
Advantageous,Movie,Sci-Fi & Fantasy,2015,TV-MA
Danger Mouse: Classic Collection,TV Show,British TV Shows,1992,TV-Y
Danger Mouse: Classic Collection,TV Show,Kids' TV,1992,TV-Y
Danger Mouse: Classic Collection,TV Show,TV Comedies,1992,TV-Y
The Perfect Dictatorship,Movie,Comedies,2014,TV-MA
The Perfect Dictatorship,Movie,Dramas,2014,TV-MA
The Perfect Dictatorship,Movie,International Movies,2014,TV-MA
Hot Girls Wanted,Movie,Documentaries,2015,TV-MA
Jen Kirkman: I'm Gonna Die Alone (And I Feel Fine),Movie,Stand-Up Comedy,2015,TV-MA
The Other One: The Long Strange Trip of Bob Weir,Movie,Documentaries,2015,TV-14
The Other One: The Long Strange Trip of Bob Weir,Movie,Music & Musicals,2015,TV-14
Chris D'Elia: Incorrigible,Movie,Stand-Up Comedy,2015,TV-MA
Oscar's Oasis,TV Show,Kids' TV,2011,TV-Y
Aziz Ansari Live at Madison Square Garden,Movie,Stand-Up Comedy,2015,TV-MA
My Own Man,Movie,Documentaries,2015,TV-MA
Ralphie May: Unruly,Movie,Stand-Up Comedy,2015,TV-MA
Virunga: Gorillas in Peril,Movie,Documentaries,2015,TV-14
Iliza Shlesinger: Freezing Hot,Movie,Stand-Up Comedy,2015,TV-MA
BoJack Horseman Christmas Special: Sabrina's Christmas Wish,Movie,Movies,2014,TV-MA
Bill Burr: I'm Sorry You Feel That Way,Movie,Stand-Up Comedy,2014,TV-MA
Lilyhammer,TV Show,Crime TV Shows,2014,TV-MA
Lilyhammer,TV Show,TV Comedies,2014,TV-MA
Lilyhammer,TV Show,TV Dramas,2014,TV-MA
Goosebumps,TV Show,Kids' TV,1998,TV-G
Goosebumps,TV Show,TV Thrillers,1998,TV-G
Chelsea Peretti: One of the Greats,Movie,Stand-Up Comedy,2014,TV-MA
Virunga,Movie,Documentaries,2014,TV-MA
Virunga,Movie,International Movies,2014,TV-MA
E-Team,Movie,Documentaries,2014,TV-MA
Wyatt Cenac: Brooklyn,Movie,Stand-Up Comedy,2014,TV-MA
Chelsea Handler: Uganda Be Kidding Me Live,Movie,Stand-Up Comedy,2014,TV-MA
Print the Legend,Movie,Documentaries,2014,TV-14
Mission Blue,Movie,Documentaries,2014,TV-PG
The Battered Bastards of Baseball,Movie,Documentaries,2014,TV-MA
The Battered Bastards of Baseball,Movie,Sports Movies,2014,TV-MA
From One Second to the Next,Movie,Documentaries,2013,TV-14
The Borgias,TV Show,TV Dramas,2013,TV-MA
Mitt,Movie,Documentaries,2014,TV-PG
The Square,Movie,Documentaries,2013,TV-MA
The Square,Movie,International Movies,2013,TV-MA
Shrek the Musical,Movie,Children & Family Movies,2013,TV-G
Shrek the Musical,Movie,Comedies,2013,TV-G
Shrek the Musical,Movie,Music & Musicals,2013,TV-G
The Short Game,Movie,Children & Family Movies,2013,PG
The Short Game,Movie,Documentaries,2013,PG
The Short Game,Movie,Sports Movies,2013,PG
Aziz Ansari: Buried Alive,Movie,Stand-Up Comedy,2013,TV-MA
The 4400,TV Show,TV Dramas,2007,TV-14
The 4400,TV Show,TV Mysteries,2007,TV-14
The 4400,TV Show,TV Sci-Fi & Fantasy,2007,TV-14
Breaking Bad,TV Show,Crime TV Shows,2013,TV-MA
Breaking Bad,TV Show,TV Dramas,2013,TV-MA
Breaking Bad,TV Show,TV Thrillers,2013,TV-MA
Being Elmo: A Puppeteer's Journey,Movie,Documentaries,2011,PG
A Stoning in Fulham County,Movie,Dramas,1988,TV-14
Adam: His Song Continues,Movie,Dramas,1986,TV-MA
Hard Lessons,Movie,Dramas,1986,TV-14
In Defense of a Married Man,Movie,Dramas,1990,TV-14
Quiet Victory: The Charlie Wedemeyer Story,Movie,Dramas,1988,TV-PG
Quiet Victory: The Charlie Wedemeyer Story,Movie,Sports Movies,1988,TV-PG
Strange Voices,Movie,Dramas,1987,TV-PG
The Ryan White Story,Movie,Dramas,1989,TV-PG
Too Young the Hero,Movie,Dramas,1988,TV-MA
Triumph of the Heart,Movie,Dramas,1991,TV-PG
Triumph of the Heart,Movie,Sports Movies,1991,TV-PG
Unspeakable Acts,Movie,Dramas,1990,TV-14
Victim of Beauty,Movie,Dramas,1991,TV-14
Victim of Beauty,Movie,Thrillers,1991,TV-14
Joseph: King of Dreams,Movie,Children & Family Movies,2000,TV-PG
Joseph: King of Dreams,Movie,Dramas,2000,TV-PG
Joseph: King of Dreams,Movie,Faith & Spirituality,2000,TV-PG
Even the Rain,Movie,Dramas,2010,TV-MA
Even the Rain,Movie,International Movies,2010,TV-MA
Splatter,Movie,Horror Movies,2009,TV-MA
Just Another Love Story,Movie,Dramas,2007,TV-MA
Just Another Love Story,Movie,International Movies,2007,TV-MA
To and From New York,Movie,Dramas,2006,TV-MA
To and From New York,Movie,Independent Movies,2006,TV-MA
To and From New York,Movie,Thrillers,2006,TV-MA
9,Movie,Action & Adventure,2009,PG-13
9,Movie,Independent Movies,2009,PG-13
9,Movie,Sci-Fi & Fantasy,2009,PG-13
21,Movie,Dramas,2008,PG-13
187,Movie,Dramas,1997,R
706,Movie,Horror Movies,2019,TV-14
706,Movie,International Movies,2019,TV-14
1920,Movie,Horror Movies,2008,TV-MA
1920,Movie,International Movies,2008,TV-MA
1920,Movie,Thrillers,2008,TV-MA
Oct-01,Movie,Dramas,2014,TV-14
Oct-01,Movie,International Movies,2014,TV-14
Oct-01,Movie,Thrillers,2014,TV-14
Feb-09,TV Show,International TV Shows,2018,TV-14
Feb-09,TV Show,TV Dramas,2018,TV-14
22-Jul,Movie,Dramas,2018,R
22-Jul,Movie,Thrillers,2018,R
15-Aug,Movie,Comedies,2019,TV-14
15-Aug,Movie,Dramas,2019,TV-14
15-Aug,Movie,Independent Movies,2019,TV-14
'89,Movie,Sports Movies,2017,TV-PG
​Goli Soda 2,Movie,Action & Adventure,2018,TV-14
​Goli Soda 2,Movie,Dramas,2018,TV-14
​Goli Soda 2,Movie,International Movies,2018,TV-14
​Maj Rati ​​Keteki,Movie,Dramas,2017,TV-14
​Maj Rati ​​Keteki,Movie,International Movies,2017,TV-14
​Mayurakshi,Movie,Dramas,2017,TV-14
​Mayurakshi,Movie,International Movies,2017,TV-14
(T)ERROR,Movie,Documentaries,2015,NR
#cats_the_mewvie,Movie,Documentaries,2020,TV-14
#cats_the_mewvie,Movie,International Movies,2020,TV-14
#Roxy,Movie,Comedies,2018,TV-14
#Roxy,Movie,Romantic Movies,2018,TV-14
แผนร้ายนายเจ้าเล่ห์,TV Show,International TV Shows,2016,TV-14
แผนร้ายนายเจ้าเล่ห์,TV Show,Romantic TV Shows,2016,TV-14
แผนร้ายนายเจ้าเล่ห์,TV Show,TV Comedies,2016,TV-14
Ég man þig,Movie,Horror Movies,2017,TV-MA
Ég man þig,Movie,International Movies,2017,TV-MA
Çok Filim Hareketler Bunlar,Movie,Comedies,2010,TV-MA
Çok Filim Hareketler Bunlar,Movie,International Movies,2010,TV-MA
Æon Flux,Movie,Action & Adventure,2005,PG-13
Æon Flux,Movie,Sci-Fi & Fantasy,2005,PG-13
Şubat,TV Show,Crime TV Shows,2013,TV-MA
Şubat,TV Show,International TV Shows,2013,TV-MA
Şubat,TV Show,TV Dramas,2013,TV-MA
1 Chance 2 Dance,Movie,Dramas,2014,TV-PG
1 Chance 2 Dance,Movie,Romantic Movies,2014,TV-PG
1 Mile to You,Movie,Dramas,2017,TV-14
1 Mile to You,Movie,Romantic Movies,2017,TV-14
1 Mile to You,Movie,Sports Movies,2017,TV-14
"10,000 B.C.",Movie,Action & Adventure,2008,PG-13
100 Days Of Solitude,Movie,Documentaries,2018,TV-MA
100 Days Of Solitude,Movie,International Movies,2018,TV-MA
100 Years: One Woman's Fight for Justice,Movie,Documentaries,2016,TV-14
100% Hotter,TV Show,British TV Shows,2017,TV-14
100% Hotter,TV Show,International TV Shows,2017,TV-14
100% Hotter,TV Show,Reality TV,2017,TV-14
12 ROUND GUN,Movie,Dramas,2017,TV-MA
12 ROUND GUN,Movie,Independent Movies,2017,TV-MA
12 ROUND GUN,Movie,Sports Movies,2017,TV-MA
12 Years Promise,TV Show,International TV Shows,2014,TV-14
12 Years Promise,TV Show,Korean TV Shows,2014,TV-14
12 Years Promise,TV Show,Romantic TV Shows,2014,TV-14
13 Cameras,Movie,Horror Movies,2015,NR
13 Cameras,Movie,Independent Movies,2015,NR
13 Cameras,Movie,Thrillers,2015,NR
13 Sins,Movie,Horror Movies,2014,R
13 Sins,Movie,Thrillers,2014,R
13TH: A Conversation with Oprah Winfrey & Ava DuVernay,Movie,Movies,2017,
14 Blades,Movie,Action & Adventure,2010,R
14 Blades,Movie,International Movies,2010,R
14 Cameras,Movie,Horror Movies,2018,TV-MA
14 Cameras,Movie,Thrillers,2018,TV-MA
16 Blocks,Movie,Action & Adventure,2006,PG-13
17 Again,Movie,Comedies,2009,PG-13
1BR,Movie,Horror Movies,2019,TV-MA
1BR,Movie,Independent Movies,2019,TV-MA
1BR,Movie,Thrillers,2019,TV-MA
1st Summoning,Movie,Horror Movies,2018,TV-MA
1st Summoning,Movie,Independent Movies,2018,TV-MA
20 Feet From Stardom,Movie,Documentaries,2013,PG-13
20 Feet From Stardom,Movie,Music & Musicals,2013,PG-13
2015 Dream Concert,Movie,International Movies,2015,TV-PG
2015 Dream Concert,Movie,Music & Musicals,2015,TV-PG
2036 Origin Unknown,Movie,Sci-Fi & Fantasy,2018,TV-14
20th Century Women,Movie,Dramas,2016,R
20th Century Women,Movie,Independent Movies,2016,R
21 & Over,Movie,Comedies,2013,R
21 Sarfarosh: Saragarhi 1897,TV Show,International TV Shows,2018,TV-14
21 Sarfarosh: Saragarhi 1897,TV Show,TV Dramas,2018,TV-14
2307: Winter's Dream,Movie,Action & Adventure,2016,TV-MA
2307: Winter's Dream,Movie,Independent Movies,2016,TV-MA
2307: Winter's Dream,Movie,Sci-Fi & Fantasy,2016,TV-MA
24 Hours to Live,Movie,Action & Adventure,2017,R
"27, el club de los malditos",Movie,Action & Adventure,2018,TV-MA
"27, el club de los malditos",Movie,Comedies,2018,TV-MA
"27, el club de los malditos",Movie,International Movies,2018,TV-MA
27: Gone Too Soon,Movie,Documentaries,2017,TV-MA
28 Days,Movie,Comedies,2000,PG-13
28 Days,Movie,Dramas,2000,PG-13
3 Deewarein,Movie,Dramas,2003,TV-MA
3 Deewarein,Movie,International Movies,2003,TV-MA
3 Deewarein,Movie,Thrillers,2003,TV-MA
3 Generations,Movie,Dramas,2015,PG-13
3 Generations,Movie,LGBTQ Movies,2015,PG-13
3 Heroines,Movie,Dramas,2016,TV-PG
3 Heroines,Movie,International Movies,2016,TV-PG
3 Heroines,Movie,Sports Movies,2016,TV-PG
3 Seconds Divorce,Movie,Documentaries,2018,TV-PG
3 Seconds Divorce,Movie,Faith & Spirituality,2018,TV-PG
30 Days of Luxury,Movie,Comedies,2016,TV-14
30 Days of Luxury,Movie,International Movies,2016,TV-14
30 Minutes or Less,Movie,Action & Adventure,2011,R
30 Minutes or Less,Movie,Comedies,2011,R
300 Miles to Heaven,Movie,Dramas,1989,TV-14
300 Miles to Heaven,Movie,International Movies,1989,TV-14
42 Grams,Movie,Documentaries,2017,TV-MA
4th Man Out,Movie,Comedies,2015,NR
4th Man Out,Movie,LGBTQ Movies,2015,NR
5 Cowok Jagoan,Movie,Action & Adventure,2017,TV-MA
5 Cowok Jagoan,Movie,Comedies,2017,TV-MA
5 Cowok Jagoan,Movie,International Movies,2017,TV-MA
5 to 7,Movie,Comedies,2014,R
5 to 7,Movie,Dramas,2014,R
5 to 7,Movie,Romantic Movies,2014,R
50 First Dates,Movie,Comedies,2004,PG-13
50 First Dates,Movie,Romantic Movies,2004,PG-13
50/50,Movie,Comedies,2011,R
50/50,Movie,Dramas,2011,R
50/50,Movie,Independent Movies,2011,R
5CM,Movie,Dramas,2012,TV-14
5CM,Movie,International Movies,2012,TV-14
6 Days,Movie,Action & Adventure,2017,R
6 Days,Movie,Dramas,2017,R
6 Days,Movie,International Movies,2017,R
6-5=2,Movie,Horror Movies,2014,TV-MA
6-5=2,Movie,International Movies,2014,TV-MA
6-5=2,Movie,Thrillers,2014,TV-MA
68 Kill,Movie,Comedies,2017,R
68 Kill,Movie,Independent Movies,2017,R
68 Kill,Movie,Thrillers,2017,R
7 (Seven),TV Show,TV Shows,2019,TV-14
7 Din Mohabbat In,Movie,Comedies,2018,TV-PG
7 Din Mohabbat In,Movie,International Movies,2018,TV-PG
7 Din Mohabbat In,Movie,Music & Musicals,2018,TV-PG
9 Months That Made You,TV Show,British TV Shows,2016,TV-PG
9 Months That Made You,TV Show,Docuseries,2016,TV-PG
9 Months That Made You,TV Show,Science & Nature TV,2016,TV-PG
A Bad Moms Christmas,Movie,Comedies,2017,R
A Billion Colour Story,Movie,Dramas,2016,TV-14
A Billion Colour Story,Movie,Independent Movies,2016,TV-14
A Billion Colour Story,Movie,International Movies,2016,TV-14
A Boy Called Po,Movie,Dramas,2016,PG
A Boy Called Po,Movie,Sci-Fi & Fantasy,2016,PG
A Bridge Too Far,Movie,Action & Adventure,1977,PG
A Bridge Too Far,Movie,Classic Movies,1977,PG
A Bridge Too Far,Movie,Dramas,1977,PG
A Clockwork Orange,Movie,Classic Movies,1971,R
A Clockwork Orange,Movie,Cult Movies,1971,R
A Clockwork Orange,Movie,Dramas,1971,R
A Dangerous Woman,Movie,Dramas,1993,R
A Dangerous Woman,Movie,Romantic Movies,1993,R
A Family Affair,Movie,Documentaries,2015,TV-PG
A Family Affair,Movie,International Movies,2015,TV-PG
A Family Man,Movie,Dramas,2016,R
A Flying Jatt,Movie,Action & Adventure,2016,TV-14
A Flying Jatt,Movie,International Movies,2016,TV-14
A Flying Jatt,Movie,Sci-Fi & Fantasy,2016,TV-14
A Glimpse Inside the Mind of Charles Swan III,Movie,Comedies,2012,R
A Glimpse Inside the Mind of Charles Swan III,Movie,Independent Movies,2012,R
A Good Wife,TV Show,International TV Shows,2013,TV-14
A Good Wife,TV Show,Romantic TV Shows,2013,TV-14
A Good Wife,TV Show,TV Dramas,2013,TV-14
A Gray State,Movie,Documentaries,2017,TV-MA
A Haunted House,Movie,Comedies,2013,R
A Haunted House,Movie,Horror Movies,2013,R
A Haunting at Silver Falls: The Return,Movie,Horror Movies,2019,TV-14
A Haunting at Silver Falls: The Return,Movie,Independent Movies,2019,TV-14
A Holiday Engagement,Movie,Children & Family Movies,2011,TV-G
A Holiday Engagement,Movie,Comedies,2011,TV-G
A Holiday Engagement,Movie,Romantic Movies,2011,TV-G
A Kind of Murder,Movie,Thrillers,2016,R
A Leaf of Faith,Movie,Documentaries,2018,TV-MA
A Man Called God,TV Show,Crime TV Shows,2010,TV-14
A Man Called God,TV Show,International TV Shows,2010,TV-14
A Man Called God,TV Show,Korean TV Shows,2010,TV-14
A Mission in an Old Movie,Movie,Comedies,2012,TV-MA
A Mission in an Old Movie,Movie,International Movies,2012,TV-MA
A Most Violent Year,Movie,Dramas,2014,R
A Most Violent Year,Movie,Thrillers,2014,R
A Murder in the Park,Movie,Documentaries,2014,PG-13
A new Capitalism,Movie,Documentaries,2017,TV-14
A new Capitalism,Movie,International Movies,2017,TV-14
A Night at the Roxbury,Movie,Comedies,1998,PG-13
A Night at the Roxbury,Movie,Cult Movies,1998,PG-13
A Noble Intention,Movie,Dramas,2015,TV-MA
A Noble Intention,Movie,International Movies,2015,TV-MA
A Patch of Fog,Movie,Dramas,2015,TV-MA
A Patch of Fog,Movie,Thrillers,2015,TV-MA
A Perfect Man,Movie,Dramas,2013,R
A Perfect Man,Movie,Independent Movies,2013,R
A Perfect Man,Movie,Romantic Movies,2013,R
A Princess for Christmas,Movie,Children & Family Movies,2011,TV-PG
A Princess for Christmas,Movie,Dramas,2011,TV-PG
A Princess for Christmas,Movie,Romantic Movies,2011,TV-PG
A Russell Peters Christmas,Movie,Stand-Up Comedy,2011,NR
A Scandall,Movie,International Movies,2016,TV-MA
A Scandall,Movie,Thrillers,2016,TV-MA
A Separation,Movie,Dramas,2011,PG-13
A Separation,Movie,International Movies,2011,PG-13
A Serious Man,Movie,Comedies,2009,R
A Serious Man,Movie,Independent Movies,2009,R
A Sort of Homecoming,Movie,Dramas,2015,TV-PG
A Sort of Homecoming,Movie,Independent Movies,2015,TV-PG
A Tale of Love and Darkness,Movie,Dramas,2015,PG-13
A Tale of Love and Darkness,Movie,International Movies,2015,PG-13
A Thin Line Between Love & Hate,Movie,Comedies,1996,R
A Thin Line Between Love & Hate,Movie,Romantic Movies,1996,R
A Thousand Words,Movie,Comedies,2012,PG-13
A Walk to Remember,Movie,Dramas,2002,PG
A Walk to Remember,Movie,Romantic Movies,2002,PG
A Wednesday,Movie,Action & Adventure,2008,TV-MA
A Wednesday,Movie,Dramas,2008,TV-MA
A Wednesday,Movie,International Movies,2008,TV-MA
A Week in Watts,Movie,Documentaries,2017,TV-14
A Wrinkle in Time,Movie,Children & Family Movies,2018,PG
A Young Doctor's Notebook and Other Stories,TV Show,British TV Shows,2013,TV-MA
A Young Doctor's Notebook and Other Stories,TV Show,TV Comedies,2013,TV-MA
A Young Doctor's Notebook and Other Stories,TV Show,TV Dramas,2013,TV-MA
A.D. Kingdom and Empire,TV Show,TV Dramas,2015,TV-14
A.M.I.,Movie,Horror Movies,2019,TV-MA
A.X.L.,Movie,Action & Adventure,2018,PG
A.X.L.,Movie,Children & Family Movies,2018,PG
A.X.L.,Movie,Independent Movies,2018,PG
Aşk Tesadüfleri Sever,Movie,Dramas,2011,TV-MA
Aşk Tesadüfleri Sever,Movie,International Movies,2011,TV-MA
Aşk Tesadüfleri Sever,Movie,Romantic Movies,2011,TV-MA
Aadu 2,Movie,Comedies,2017,TV-MA
Aadu 2,Movie,International Movies,2017,TV-MA
Aajcha Divas Majha,Movie,Comedies,2013,TV-PG
Aajcha Divas Majha,Movie,Dramas,2013,TV-PG
Aajcha Divas Majha,Movie,International Movies,2013,TV-PG
Aarakshan,Movie,Dramas,2011,TV-14
Aarakshan,Movie,International Movies,2011,TV-14
Aashayein,Movie,Dramas,2010,TV-14
Aashayein,Movie,International Movies,2010,TV-14
Aata Pita,Movie,Comedies,2010,TV-14
Aata Pita,Movie,Dramas,2010,TV-14
Aata Pita,Movie,International Movies,2010,TV-14
Abby Sen,Movie,Comedies,2015,TV-PG
Abby Sen,Movie,Dramas,2015,TV-PG
Abby Sen,Movie,International Movies,2015,TV-PG
Abdo Mota,Movie,Action & Adventure,2012,TV-MA
Abdo Mota,Movie,Dramas,2012,TV-MA
Abdo Mota,Movie,International Movies,2012,TV-MA
Abhinetri,Movie,Comedies,2016,TV-14
Abhinetri,Movie,International Movies,2016,TV-14
Abhinetri,Movie,Sci-Fi & Fantasy,2016,TV-14
Abnormal Summit,TV Show,International TV Shows,2017,TV-PG
Abnormal Summit,TV Show,Korean TV Shows,2017,TV-PG
Abnormal Summit,TV Show,Stand-Up Comedy & Talk Shows,2017,TV-PG
Abominable Christmas,Movie,Children & Family Movies,2012,TV-Y7
Abominable Christmas,Movie,Comedies,2012,TV-Y7
About a Boy,Movie,Comedies,2002,PG-13
About a Boy,Movie,Dramas,2002,PG-13
About a Boy,Movie,International Movies,2002,PG-13
Abzurdah,Movie,Dramas,2015,TV-MA
Abzurdah,Movie,International Movies,2015,TV-MA
Acapulco La vida va,Movie,Comedies,2016,TV-MA
Acapulco La vida va,Movie,Dramas,2016,TV-MA
Acapulco La vida va,Movie,International Movies,2016,TV-MA
Across The Line,Movie,Dramas,2015,TV-MA
Across The Line,Movie,Sports Movies,2015,TV-MA
Across the Universe,Movie,Dramas,2007,PG-13
Across the Universe,Movie,Music & Musicals,2007,PG-13
Across the Universe,Movie,Romantic Movies,2007,PG-13
Act of Valor,Movie,Action & Adventure,2012,R
Act of Vengeance,Movie,Action & Adventure,2010,NR
Act of Vengeance,Movie,International Movies,2010,NR
Acts of Violence,Movie,Action & Adventure,2018,R
Adam Ruins Everything,TV Show,TV Comedies,2018,TV-14
Addicted to Life,Movie,Action & Adventure,2014,TV-14
Addicted to Life,Movie,Documentaries,2014,TV-14
Addicted to Life,Movie,International Movies,2014,TV-14
Adore,Movie,Dramas,2013,R
Adore,Movie,Independent Movies,2013,R
Adore,Movie,International Movies,2013,R
Adrishya,Movie,Horror Movies,2017,TV-14
Adrishya,Movie,Independent Movies,2017,TV-14
Adrishya,Movie,International Movies,2017,TV-14
Adventures in Public School,Movie,Comedies,2018,NR
Africa,TV Show,British TV Shows,2013,TV-PG
Africa,TV Show,Docuseries,2013,TV-PG
Africa,TV Show,International TV Shows,2013,TV-PG
After Porn Ends,Movie,Documentaries,2012,NR
After Porn Ends 3,Movie,Documentaries,2018,TV-MA
Afterschool,Movie,Dramas,2008,TV-MA
Afterschool,Movie,Independent Movies,2008,TV-MA
Aftershock,Movie,Action & Adventure,2012,R
Aftershock,Movie,Horror Movies,2012,R
Agatha and the Truth of Murder,Movie,Dramas,2018,TV-MA
Age Gap Love,TV Show,British TV Shows,2017,TV-MA
Age Gap Love,TV Show,Reality TV,2017,TV-MA
Age Gap Love,TV Show,Romantic TV Shows,2017,TV-MA
Age of Glory,TV Show,International TV Shows,2010,TV-MA
Age of Glory,TV Show,Romantic TV Shows,2010,TV-MA
Age of Glory,TV Show,TV Dramas,2010,TV-MA
Agent Raghav,TV Show,Crime TV Shows,2015,TV-14
Agent Raghav,TV Show,International TV Shows,2015,TV-14
Agent Raghav,TV Show,TV Action & Adventure,2015,TV-14
Ahista Ahista,Movie,Dramas,2006,TV-14
Ahista Ahista,Movie,International Movies,2006,TV-14
Ahista Ahista,Movie,Romantic Movies,2006,TV-14
Ai Weiwei: Never Sorry,Movie,Documentaries,2012,R
Ainsley Eats the Streets,TV Show,British TV Shows,2014,TV-PG
Ainsley Eats the Streets,TV Show,Docuseries,2014,TV-PG
Ainsley Eats the Streets,TV Show,International TV Shows,2014,TV-PG
Aisa Yeh Jahaan,Movie,Dramas,2015,TV-14
Aisa Yeh Jahaan,Movie,Independent Movies,2015,TV-14
Aisa Yeh Jahaan,Movie,International Movies,2015,TV-14
Aitraaz,Movie,International Movies,2004,TV-14
Aitraaz,Movie,Music & Musicals,2004,TV-14
Aitraaz,Movie,Romantic Movies,2004,TV-14
Alarmoty in the Land of Fire,Movie,Comedies,2017,TV-MA
Alarmoty in the Land of Fire,Movie,International Movies,2017,TV-MA
Albion: The Enchanted Stallion,Movie,Children & Family Movies,2016,TV-PG
Alejandro Sanz: What I Was Is What I Am,Movie,Documentaries,2018,TV-MA
Alejandro Sanz: What I Was Is What I Am,Movie,International Movies,2018,TV-MA
Alejandro Sanz: What I Was Is What I Am,Movie,Music & Musicals,2018,TV-MA
Alice Doesn't Live Here Anymore,Movie,Classic Movies,1974,PG
Alice Doesn't Live Here Anymore,Movie,Comedies,1974,PG
Alice Doesn't Live Here Anymore,Movie,Dramas,1974,PG
Alien Contact: Outer Space,Movie,Documentaries,2017,TV-PG
Aliens Ate My Homework,Movie,Children & Family Movies,2018,PG
Aliens Ate My Homework,Movie,Comedies,2018,PG
Aliens Ate My Homework,Movie,Sci-Fi & Fantasy,2018,PG
Alive and Kicking,Movie,Documentaries,2016,TV-14
All About Nina,Movie,Comedies,2018,R
All About Nina,Movie,Dramas,2018,R
All About Nina,Movie,Independent Movies,2018,R
All Dogs Go to Heaven,Movie,Children & Family Movies,1989,G
All Good Ones Get Away,Movie,International Movies,2019,TV-MA
All Good Ones Get Away,Movie,Thrillers,2019,TV-MA
All Hallows' Eve,Movie,Children & Family Movies,2016,TV-G
All Hallows' Eve,Movie,Independent Movies,2016,TV-G
All Light Will End,Movie,Horror Movies,2018,TV-MA
All Light Will End,Movie,Thrillers,2018,TV-MA
All the Boys Love Mandy Lane,Movie,Horror Movies,2006,R
All the Devil's Men,Movie,Action & Adventure,2018,R
Alone in Berlin,Movie,Dramas,2016,R
Along Came a Spider,Movie,Thrillers,2001,R
Alpha and Omega 2: A Howl-iday Adventure,Movie,Children & Family Movies,2013,TV-G
Alpha and Omega: The Legend of the Saw Tooth Cave,Movie,Children & Family Movies,2014,TV-Y7
Alphablocks,TV Show,Kids' TV,2014,TV-Y
AlphaGo,Movie,Documentaries,2017,TV-G
Always a Bridesmaid,Movie,Comedies,2019,TV-14
Always a Bridesmaid,Movie,Romantic Movies,2019,TV-14
Amar Akbar & Tony,Movie,Comedies,2015,TV-MA
Amar Akbar & Tony,Movie,Dramas,2015,TV-MA
Amar Akbar & Tony,Movie,International Movies,2015,TV-MA
Amar Akbar Anthony,Movie,Action & Adventure,1977,TV-14
Amar Akbar Anthony,Movie,Classic Movies,1977,TV-14
Amar Akbar Anthony,Movie,Comedies,1977,TV-14
Amar's Hands,Movie,Dramas,2011,TV-14
Amar's Hands,Movie,International Movies,2011,TV-14
America's Book of Secrets,TV Show,Docuseries,2014,TV-14
American Anarchist,Movie,Documentaries,2016,TV-MA
American Assassin,Movie,Action & Adventure,2017,R
American Beauty,Movie,Dramas,1999,R
American Circumcision,Movie,Documentaries,2017,TV-14
American Crime,TV Show,Crime TV Shows,2017,TV-MA
American Crime,TV Show,TV Dramas,2017,TV-MA
American Experience: Ruby Ridge,Movie,Documentaries,2017,TV-MA
American Experience: The Circus,TV Show,Docuseries,2018,TV-PG
American Experience: The Island Murder,Movie,Documentaries,2018,TV-14
American Hangman,Movie,Thrillers,2019,TV-MA
American Heist,Movie,Action & Adventure,2014,R
American Heist,Movie,Dramas,2014,R
American History X,Movie,Dramas,1998,R
American Honey,Movie,Dramas,2016,R
American Honey,Movie,Independent Movies,2016,R
American Masters: Ted Williams,Movie,Documentaries,2018,TV-MA
American Masters: Ted Williams,Movie,Sports Movies,2018,TV-MA
American Odyssey,TV Show,TV Dramas,2015,TV-14
American Odyssey,TV Show,TV Thrillers,2015,TV-14
American Psycho,Movie,Comedies,2000,R
American Psycho,Movie,Cult Movies,2000,R
American Psycho,Movie,Dramas,2000,R
American Warfighter,Movie,Dramas,2019,TV-MA
Amy,Movie,Documentaries,2015,R
Amy,Movie,International Movies,2015,R
Amy,Movie,Music & Musicals,2015,R
An American in Madras,Movie,Documentaries,2013,TV-PG
An American in Madras,Movie,International Movies,2013,TV-PG
An American Tail,Movie,Children & Family Movies,1986,G
An American Tail: Fievel Goes West,Movie,Children & Family Movies,1991,G
An American Tail: The Mystery of the Night Monster,Movie,Children & Family Movies,1999,G
An American Tail: The Treasures of Manhattan Island,Movie,Children & Family Movies,2000,G
An Hour and a Half,Movie,Dramas,2012,TV-14
An Hour and a Half,Movie,International Movies,2012,TV-14
An Innocent Mistake,TV Show,International TV Shows,2012,TV-14
An Innocent Mistake,TV Show,Romantic TV Shows,2012,TV-14
An Innocent Mistake,TV Show,TV Dramas,2012,TV-14
An Interview with God,Movie,Dramas,2018,TV-PG
An Interview with God,Movie,Faith & Spirituality,2018,TV-PG
An Upper Egyptian,Movie,Comedies,2014,TV-MA
An Upper Egyptian,Movie,Dramas,2014,TV-MA
An Upper Egyptian,Movie,International Movies,2014,TV-MA
Anarkali of Aarah,Movie,Dramas,2017,TV-MA
Anarkali of Aarah,Movie,Independent Movies,2017,TV-MA
Anarkali of Aarah,Movie,International Movies,2017,TV-MA
Anchor and Hope,Movie,Comedies,2017,TV-MA
Anchor and Hope,Movie,Dramas,2017,TV-MA
Anchor and Hope,Movie,LGBTQ Movies,2017,TV-MA
Ancient Aliens,TV Show,Docuseries,2018,TV-14
Ancient Aliens,TV Show,Science & Nature TV,2018,TV-14
Anesthesia,Movie,Dramas,2015,R
Anesthesia,Movie,Independent Movies,2015,R
Angel Eyes,Movie,Dramas,2001,R
Angel Eyes,Movie,Romantic Movies,2001,R
Anger Management,Movie,Comedies,2003,PG-13
Angry Indian Goddesses,Movie,Dramas,2015,TV-MA
Angry Indian Goddesses,Movie,Independent Movies,2015,TV-MA
Angry Indian Goddesses,Movie,International Movies,2015,TV-MA
Anjaan: Rural Myths,TV Show,International TV Shows,2018,TV-14
Anjaan: Rural Myths,TV Show,TV Horror,2018,TV-14
Anjaan: Rural Myths,TV Show,TV Thrillers,2018,TV-14
Anjaan: Special Crimes Unit,TV Show,International TV Shows,2018,TV-14
Anjaan: Special Crimes Unit,TV Show,TV Horror,2018,TV-14
Anjaan: Special Crimes Unit,TV Show,TV Mysteries,2018,TV-14
Ankur Arora Murder Case,Movie,Dramas,2013,TV-14
Ankur Arora Murder Case,Movie,International Movies,2013,TV-14
Ankur Arora Murder Case,Movie,Thrillers,2013,TV-14
Annabelle Hooper and the Ghosts of Nantucket,Movie,Children & Family Movies,2016,TV-PG
Another Forever,Movie,Dramas,2016,TV-PG
Another Forever,Movie,Independent Movies,2016,TV-PG
Another Forever,Movie,International Movies,2016,TV-PG
Ant-Man and the Wasp,Movie,Action & Adventure,2018,PG-13
Ant-Man and the Wasp,Movie,Comedies,2018,PG-13
Ant-Man and the Wasp,Movie,Sci-Fi & Fantasy,2018,PG-13
Antar: Son of Shadad,Movie,Comedies,2017,TV-MA
Antar: Son of Shadad,Movie,International Movies,2017,TV-MA
Antariksha Ke Rakhwale,Movie,Children & Family Movies,2018,TV-Y7
Anthony Bourdain: Parts Unknown,TV Show,Docuseries,2018,TV-PG
Antidote,Movie,Action & Adventure,2018,TV-MA
Antidote,Movie,Horror Movies,2018,TV-MA
Anwar,Movie,Dramas,2007,TV-14
Anwar,Movie,Independent Movies,2007,TV-14
Anwar,Movie,International Movies,2007,TV-14
忍者ハットリくん,TV Show,Anime Series,2012,TV-Y7
忍者ハットリくん,TV Show,Kids' TV,2012,TV-Y7
Apache Warrior,Movie,Documentaries,2017,TV-MA
APEX: The Story of the Hypercar,Movie,Documentaries,2016,NR
Apollo 18,Movie,Horror Movies,2011,PG-13
Apollo 18,Movie,Sci-Fi & Fantasy,2011,PG-13
Apollo 18,Movie,Thrillers,2011,PG-13
April and the Extraordinary World,Movie,Action & Adventure,2015,PG
April and the Extraordinary World,Movie,Comedies,2015,PG
April and the Extraordinary World,Movie,International Movies,2015,PG
"Aram, Aram",Movie,Dramas,2015,TV-14
"Aram, Aram",Movie,Independent Movies,2015,TV-14
Are We Done Yet?,Movie,Comedies,2018,TV-14
Are We Done Yet?,Movie,Dramas,2018,TV-14
Are We Done Yet?,Movie,International Movies,2018,TV-14
Arisan 2,Movie,Comedies,2011,TV-14
Arisan 2,Movie,Dramas,2011,TV-14
Arisan 2,Movie,International Movies,2011,TV-14
Arthur,Movie,Comedies,2011,PG-13
Arthur,Movie,Romantic Movies,2011,PG-13
Arthur Christmas,Movie,Children & Family Movies,2011,PG
Arthur Christmas,Movie,Comedies,2011,PG
"As Above, So Below",Movie,Horror Movies,2014,R
"As Above, So Below",Movie,Thrillers,2014,R
As Good as It Gets,Movie,Comedies,1997,PG-13
As Good as It Gets,Movie,Romantic Movies,1997,PG-13
Assimilate,Movie,Horror Movies,2019,TV-MA
Assimilate,Movie,Sci-Fi & Fantasy,2019,TV-MA
Assimilate,Movie,Thrillers,2019,TV-MA
Asura: The City of Madness,Movie,Action & Adventure,2016,NR
Asura: The City of Madness,Movie,Dramas,2016,NR
Asura: The City of Madness,Movie,International Movies,2016,NR
At All Costs,Movie,Documentaries,2016,TV-MA
At All Costs,Movie,Sports Movies,2016,TV-MA
At First Light,Movie,Dramas,2018,TV-14
At First Light,Movie,Sci-Fi & Fantasy,2018,TV-14
ATM,Movie,Comedies,2012,TV-14
ATM,Movie,International Movies,2012,TV-14
ATM,Movie,Romantic Movies,2012,TV-14
Atomic Puppet,TV Show,Crime TV Shows,2016,TV-Y7
Atomic Puppet,TV Show,Kids' TV,2016,TV-Y7
Atomic Puppet,TV Show,TV Comedies,2016,TV-Y7
Attacking the Devil: Harold Evans and the Last Nazi War Crime,Movie,Documentaries,2014,TV-14
Attacking the Devil: Harold Evans and the Last Nazi War Crime,Movie,International Movies,2014,TV-14
Attitude Test,Movie,Comedies,2016,TV-14
Attitude Test,Movie,Independent Movies,2016,TV-14
Attitude Test,Movie,International Movies,2016,TV-14
Auschwitz: Blueprints of Genocide,Movie,Documentaries,1994,TV-PG
Aussie Gold Hunters,TV Show,Docuseries,2016,TV-MA
Aussie Gold Hunters,TV Show,International TV Shows,2016,TV-MA
Aussie Gold Hunters,TV Show,Reality TV,2016,TV-MA
Automata,Movie,International Movies,2014,R
Automata,Movie,Sci-Fi & Fantasy,2014,R
Automata,Movie,Thrillers,2014,R
Avengers: Infinity War,Movie,Action & Adventure,2018,PG-13
Avengers: Infinity War,Movie,Sci-Fi & Fantasy,2018,PG-13
Avicii: True Stories,Movie,Documentaries,2017,TV-MA
Avicii: True Stories,Movie,International Movies,2017,TV-MA
Avicii: True Stories,Movie,Music & Musicals,2017,TV-MA
Azhar,Movie,Dramas,2016,TV-14
Azhar,Movie,International Movies,2016,TV-14
Azhar,Movie,Sports Movies,2016,TV-14
B.A. Pass,Movie,Dramas,2013,TV-14
B.A. Pass,Movie,Independent Movies,2013,TV-14
B.A. Pass,Movie,International Movies,2013,TV-14
Babam ve Oğlum,Movie,Dramas,2005,TV-14
Babam ve Oğlum,Movie,International Movies,2005,TV-14
Babel,Movie,Dramas,2006,R
Babel,Movie,Independent Movies,2006,R
Bachelor Girls,Movie,Documentaries,2016,TV-MA
Bachelor Girls,Movie,International Movies,2016,TV-MA
Back and Forth,Movie,Comedies,2016,NR
Back and Forth,Movie,Dramas,2016,NR
Back and Forth,Movie,International Movies,2016,NR
Backcountry,Movie,Horror Movies,2014,NR
Backcountry,Movie,Independent Movies,2014,NR
Backcountry,Movie,Thrillers,2014,NR
Backfire,Movie,Dramas,2019,TV-MA
Backfire,Movie,Independent Movies,2019,TV-MA
Backfire,Movie,Thrillers,2019,TV-MA
Backtrack,Movie,Dramas,2015,R
Backtrack,Movie,Thrillers,2015,R
Bad Boys,Movie,Action & Adventure,1995,R
Bad Boys,Movie,Comedies,1995,R
Bad Boys II,Movie,Action & Adventure,2003,R
Bad Boys II,Movie,Comedies,2003,R
Bad Education,TV Show,British TV Shows,2014,TV-MA
Bad Education,TV Show,TV Comedies,2014,TV-MA
Bad Match,Movie,Thrillers,2017,TV-MA
Bad Rap,Movie,Documentaries,2016,TV-MA
Bad Rap,Movie,Music & Musicals,2016,TV-MA
Badalte Rishton Ki Dastaan,TV Show,International TV Shows,2013,TV-14
Badalte Rishton Ki Dastaan,TV Show,TV Dramas,2013,TV-14
Badha,Movie,Dramas,2006,TV-14
Badha,Movie,International Movies,2006,TV-14
Badland,Movie,Dramas,2019,TV-14
Bala Loca,TV Show,International TV Shows,2016,TV-MA
Bala Loca,TV Show,Spanish-Language TV Shows,2016,TV-MA
Bala Loca,TV Show,TV Dramas,2016,TV-MA
Balto,Movie,Children & Family Movies,1995,G
Balto,Movie,Dramas,1995,G
Balto 2: Wolf Quest,Movie,Children & Family Movies,2001,G
Balto 3: Wings of Change,Movie,Children & Family Movies,2004,G
Balu Mahi,Movie,International Movies,2017,TV-MA
Balu Mahi,Movie,Romantic Movies,2017,TV-MA
Bana Masal Anlatma,Movie,Comedies,2015,TV-14
Bana Masal Anlatma,Movie,International Movies,2015,TV-14
Bana Masal Anlatma,Movie,Romantic Movies,2015,TV-14
Band Aid,Movie,Comedies,2017,R
Band Aid,Movie,Dramas,2017,R
Band Aid,Movie,Independent Movies,2017,R
Band of Robbers,Movie,Action & Adventure,2015,NR
Band of Robbers,Movie,Comedies,2015,NR
Band of Robbers,Movie,Independent Movies,2015,NR
Bang Rajan 2,Movie,Action & Adventure,2010,TV-MA
Bang Rajan 2,Movie,International Movies,2010,TV-MA
Bangkok Bachelors,TV Show,International TV Shows,2016,TV-MA
Bangkok Bachelors,TV Show,Romantic TV Shows,2016,TV-MA
Bangkok Bachelors,TV Show,TV Comedies,2016,TV-MA
Bangkok Hell,Movie,Dramas,2002,TV-MA
Bangkok Hell,Movie,International Movies,2002,TV-MA
Bangkok Traffic (Love) Story,Movie,Comedies,2009,TV-14
Bangkok Traffic (Love) Story,Movie,International Movies,2009,TV-14
Bangkok Traffic (Love) Story,Movie,Romantic Movies,2009,TV-14
Barça Dreams,Movie,Documentaries,2015,TV-MA
Barça Dreams,Movie,International Movies,2015,TV-MA
Barça Dreams,Movie,Sports Movies,2015,TV-MA
Barah Aana,Movie,Dramas,2009,TV-14
Barah Aana,Movie,International Movies,2009,TV-14
Barbecue,Movie,Documentaries,2017,TV-MA
Barbecue,Movie,International Movies,2017,TV-MA
Barbie & Her Sisters in a Pony Tale,Movie,Children & Family Movies,2013,TV-Y
Barbie in A Mermaid Tale,Movie,Children & Family Movies,2010,TV-Y
Barbie in Princess Power,Movie,Children & Family Movies,2015,TV-Y
Barbie in Rock 'N Royals,Movie,Children & Family Movies,2015,TV-Y
Barbie Star Light Adventure,Movie,Children & Family Movies,2016,TV-Y
Barbie: A Fairy Secret,Movie,Children & Family Movies,2010,TV-Y7
Barbie: Princess Charm School,Movie,Children & Family Movies,2011,TV-Y
Barbie: Spy Squad,Movie,Children & Family Movies,2016,TV-Y
Barbie: The Princess & the Popstar,Movie,Children & Family Movies,2012,TV-Y
Barbie: Video Game Hero,Movie,Children & Family Movies,2017,TV-Y
Barely Lethal,Movie,Action & Adventure,2015,PG-13
Barely Lethal,Movie,Comedies,2015,PG-13
Barrio Universitario,Movie,Comedies,2013,TV-14
Barrio Universitario,Movie,International Movies,2013,TV-14
Barsaat,Movie,Action & Adventure,1995,TV-PG
Barsaat,Movie,International Movies,1995,TV-PG
Barsaat,Movie,Music & Musicals,1995,TV-PG
BASEketball,Movie,Comedies,1998,R
BASEketball,Movie,Sports Movies,1998,R
Basic Instinct,Movie,Classic Movies,1992,R
Basic Instinct,Movie,Thrillers,1992,R
Bat Pat,TV Show,Kids' TV,2016,TV-Y
Bates Motel,TV Show,Crime TV Shows,2017,TV-MA
Bates Motel,TV Show,TV Dramas,2017,TV-MA
Bates Motel,TV Show,TV Horror,2017,TV-MA
Bathtubs Over Broadway,Movie,Documentaries,2018,PG-13
Bathtubs Over Broadway,Movie,Music & Musicals,2018,PG-13
Battle Creek,TV Show,Crime TV Shows,2015,TV-14
Battle Creek,TV Show,TV Comedies,2015,TV-14
Battle Creek,TV Show,TV Dramas,2015,TV-14
Battlefield Recovery,TV Show,British TV Shows,2016,TV-PG
Battlefield Recovery,TV Show,Docuseries,2016,TV-PG
Battlefield Recovery,TV Show,Reality TV,2016,TV-PG
Bawarchi,Movie,Classic Movies,1972,TV-PG
Bawarchi,Movie,Comedies,1972,TV-PG
Bawarchi,Movie,Dramas,1972,TV-PG
Bazaar,Movie,Dramas,1982,TV-14
Bazaar,Movie,Independent Movies,1982,TV-14
Bazaar,Movie,International Movies,1982,TV-14
Be Here Now,Movie,Documentaries,2015,TV-MA
Be Somebody,Movie,Comedies,2016,PG
Be Somebody,Movie,Dramas,2016,PG
Be Somebody,Movie,Romantic Movies,2016,PG
Be-Be-Bears,TV Show,Kids' TV,2018,TV-Y
Beak & Brain: Genius Birds From Down Under,Movie,Documentaries,2013,TV-G
Beak & Brain: Genius Birds From Down Under,Movie,International Movies,2013,TV-G
Bean: The Ultimate Disaster Movie,Movie,Comedies,1997,PG-13
Bean: The Ultimate Disaster Movie,Movie,International Movies,1997,PG-13
Beary Tales,Movie,Children & Family Movies,2013,TV-G
Beary Tales,Movie,Documentaries,2013,TV-G
Beary Tales,Movie,International Movies,2013,TV-G
Beast Legends,TV Show,Docuseries,2010,TV-PG
Beating Again,TV Show,International TV Shows,2015,TV-14
Beating Again,TV Show,Korean TV Shows,2015,TV-14
Beating Again,TV Show,Romantic TV Shows,2015,TV-14
Beauty & the Beast,TV Show,Crime TV Shows,2016,TV-14
Beauty & the Beast,TV Show,Romantic TV Shows,2016,TV-14
Beauty & the Beast,TV Show,TV Dramas,2016,TV-14
Beauty and the Bitches,TV Show,International TV Shows,2016,TV-MA
Beauty and the Bitches,TV Show,Romantic TV Shows,2016,TV-MA
Beauty and the Bitches,TV Show,TV Comedies,2016,TV-MA
Beavis and Butt-head Do America,Movie,Comedies,1996,PG-13
Beavis and Butt-head Do America,Movie,Cult Movies,1996,PG-13
Bebe's Kids,Movie,Comedies,1992,PG-13
Because of Soccer,Movie,Comedies,2008,TV-14
Because of Soccer,Movie,Dramas,2008,TV-14
Because of Soccer,Movie,International Movies,2008,TV-14
Because We're Heading Out,Movie,Comedies,2016,TV-14
Because We're Heading Out,Movie,International Movies,2016,TV-14
Becoming Jane,Movie,Dramas,2007,PG-13
Becoming Jane,Movie,Romantic Movies,2007,PG-13
Bedtime Stories,Movie,Children & Family Movies,2008,PG
Bedtime Stories,Movie,Comedies,2008,PG
Before the Flood,Movie,Documentaries,2016,PG
"Behind ""The Cove"": The Quiet Japanese Speak Out",Movie,Documentaries,2015,TV-14
"Behind ""The Cove"": The Quiet Japanese Speak Out",Movie,International Movies,2015,TV-14
Behind the Curtain: Todrick Hall,Movie,Documentaries,2017,TV-MA
Behind the Curtain: Todrick Hall,Movie,LGBTQ Movies,2017,TV-MA
Behind the Curtain: Todrick Hall,Movie,Music & Musicals,2017,TV-MA
Behind the Newsroom,TV Show,International TV Shows,2015,TV-MA
Behind the Newsroom,TV Show,Romantic TV Shows,2015,TV-MA
Behind the Newsroom,TV Show,TV Dramas,2015,TV-MA
Behzat Ç.,TV Show,Crime TV Shows,2010,TV-MA
Behzat Ç.,TV Show,International TV Shows,2010,TV-MA
Behzat Ç.,TV Show,TV Dramas,2010,TV-MA
Beiimaan Love,Movie,Dramas,2016,TV-MA
Beiimaan Love,Movie,International Movies,2016,TV-MA
Beiimaan Love,Movie,Romantic Movies,2016,TV-MA
Being AP,Movie,Documentaries,2015,TV-14
Being AP,Movie,International Movies,2015,TV-14
Being AP,Movie,Sports Movies,2015,TV-14
Being Mary Jane: The Series,TV Show,Romantic TV Shows,2016,TV-14
Being Mary Jane: The Series,TV Show,TV Dramas,2016,TV-14
Below Her Mouth,Movie,Dramas,2016,TV-MA
Below Her Mouth,Movie,Independent Movies,2016,TV-MA
Below Her Mouth,Movie,International Movies,2016,TV-MA
Ben 10,TV Show,Kids' TV,2016,TV-Y7
Beneath the Leaves,Movie,Independent Movies,2019,TV-MA
Beneath the Leaves,Movie,Thrillers,2019,TV-MA
Benji: Off the Leash,Movie,Children & Family Movies,2004,PG
Benji: Off the Leash,Movie,Dramas,2004,PG
Benji's Very Own Christmas Story,Movie,Children & Family Movies,1978,TV-G
Berlin Kaplani,Movie,Comedies,2012,TV-14
Berlin Kaplani,Movie,International Movies,2012,TV-14
Berlin Kaplani,Movie,Sports Movies,2012,TV-14
"Berlin, I Love You",Movie,Dramas,2019,R
"Berlin, I Love You",Movie,International Movies,2019,R
"Berlin, I Love You",Movie,Romantic Movies,2019,R
Best Neighbors,Movie,Comedies,2014,TV-14
Best Neighbors,Movie,International Movies,2014,TV-14
Betting on Zero,Movie,Documentaries,2017,TV-PG
Bewafaa,Movie,Dramas,2005,TV-PG
Bewafaa,Movie,International Movies,2005,TV-PG
Bewafaa,Movie,Romantic Movies,2005,TV-PG
Bewildered Bolbol,Movie,Comedies,2010,TV-14
Bewildered Bolbol,Movie,International Movies,2010,TV-14
Bewildered Bolbol,Movie,Romantic Movies,2010,TV-14
Beyblade: Metal Fusion,TV Show,Anime Series,2009,TV-Y7
Beyblade: Metal Fusion,TV Show,Kids' TV,2009,TV-Y7
Beyond All Boundaries,Movie,Documentaries,2013,TV-14
Beyond All Boundaries,Movie,International Movies,2013,TV-14
Beyond All Boundaries,Movie,Sports Movies,2013,TV-14
Beyond the Clouds,Movie,Dramas,2018,TV-14
Beyond the Clouds,Movie,Independent Movies,2018,TV-14
Beyond the Clouds,Movie,International Movies,2018,TV-14
Bh Se Bhade,TV Show,International TV Shows,2013,TV-PG
Bh Se Bhade,TV Show,TV Comedies,2013,TV-PG
Bhaage Re Mann,TV Show,International TV Shows,2015,TV-14
Bhaage Re Mann,TV Show,Romantic TV Shows,2015,TV-14
Bhaage Re Mann,TV Show,TV Dramas,2015,TV-14
Bhagam Bhag,Movie,Comedies,2006,TV-14
Bhagam Bhag,Movie,International Movies,2006,TV-14
Bhagam Bhag,Movie,Romantic Movies,2006,TV-14
Bheemayan,Movie,Children & Family Movies,2018,TV-Y
Bhool Bhulaiyaa,Movie,Dramas,2007,TV-14
Bhool Bhulaiyaa,Movie,International Movies,2007,TV-14
Bhool Bhulaiyaa,Movie,Thrillers,2007,TV-14
Bhoot,Movie,Horror Movies,2003,TV-MA
Bhoot,Movie,International Movies,2003,TV-MA
Bhoot,Movie,Thrillers,2003,TV-MA
Bhouri,Movie,Dramas,2017,TV-14
Bhouri,Movie,Independent Movies,2017,TV-14
Bhouri,Movie,International Movies,2017,TV-14
Big Bad Beetleborgs,TV Show,Kids' TV,1997,TV-G
Big Bad Beetleborgs,TV Show,TV Comedies,1997,TV-G
Big Bear,Movie,Comedies,2017,TV-MA
Big Daddy,Movie,Comedies,1999,PG-13
"Big Dreams, Small Spaces",TV Show,British TV Shows,2017,TV-G
"Big Dreams, Small Spaces",TV Show,International TV Shows,2017,TV-G
"Big Dreams, Small Spaces",TV Show,Reality TV,2017,TV-G
Big Fat Liar,Movie,Children & Family Movies,2002,PG
Big Fat Liar,Movie,Comedies,2002,PG
Big Kill,Movie,Action & Adventure,2018,R
Big Time,Movie,Documentaries,2017,TV-MA
Bigger Fatter Liar,Movie,Children & Family Movies,2017,PG
Bigger Fatter Liar,Movie,Comedies,2017,PG
Biggie & Tupac,Movie,Documentaries,2002,R
Biggie & Tupac,Movie,Music & Musicals,2002,R
Bill Burr: Let It Go,Movie,Stand-Up Comedy,2010,NR
Billy Elliot,Movie,Dramas,2000,R
Billy Elliot,Movie,Independent Movies,2000,R
Billy Elliot,Movie,International Movies,2000,R
Billy Graham: An Extraordinary Journey,Movie,Documentaries,2018,TV-PG
Billy Graham: An Extraordinary Journey,Movie,Faith & Spirituality,2018,TV-PG
Bilu Rakkhosh,Movie,Dramas,2017,TV-MA
Bilu Rakkhosh,Movie,International Movies,2017,TV-MA
Bioscope,Movie,Dramas,2015,TV-14
Bioscope,Movie,International Movies,2015,TV-14
Bioscope,Movie,LGBTQ Movies,2015,TV-14
Birthmarked,Movie,Comedies,2018,TV-MA
Birthmarked,Movie,Independent Movies,2018,TV-MA
Birthmarked,Movie,International Movies,2018,TV-MA
Bitch,Movie,Comedies,2017,R
Bitch,Movie,Dramas,2017,R
Bitch,Movie,Independent Movies,2017,R
Bitcoin Heist,Movie,Action & Adventure,2016,TV-14
Bitcoin Heist,Movie,Comedies,2016,TV-14
Bitcoin Heist,Movie,International Movies,2016,TV-14
Bitten,TV Show,International TV Shows,2016,TV-MA
Bitten,TV Show,TV Dramas,2016,TV-MA
Bitten,TV Show,TV Horror,2016,TV-MA
Bitter Daisies,TV Show,Crime TV Shows,2018,TV-MA
Bitter Daisies,TV Show,International TV Shows,2018,TV-MA
Bitter Daisies,TV Show,TV Dramas,2018,TV-MA
Bittoo Boss,Movie,Comedies,2012,TV-14
Bittoo Boss,Movie,Dramas,2012,TV-14
Bittoo Boss,Movie,International Movies,2012,TV-14
Black & Privileged: Volume 1,Movie,Dramas,2019,TV-MA
Black Hawk Down,Movie,Action & Adventure,2001,R
Black Hawk Down,Movie,Dramas,2001,R
Black Heart,TV Show,Crime TV Shows,2014,TV-14
Black Heart,TV Show,International TV Shows,2014,TV-14
Black Heart,TV Show,TV Dramas,2014,TV-14
Black Man White Skin,Movie,Documentaries,2015,TV-PG
Black Man White Skin,Movie,International Movies,2015,TV-PG
Black Panther,Movie,Action & Adventure,2018,PG-13
Black Panther,Movie,Sci-Fi & Fantasy,2018,PG-13
Black Site Delta,Movie,Action & Adventure,2017,TV-MA
Black Snake Moan,Movie,Dramas,2007,R
Black Snake Moan,Movie,Independent Movies,2007,R
Black Snow,Movie,Dramas,2017,TV-MA
Black Snow,Movie,International Movies,2017,TV-MA
Black Snow,Movie,Thrillers,2017,TV-MA
Blackfish,Movie,Documentaries,2013,PG-13
Blackway,Movie,Thrillers,2015,PG-13
Blaze,Movie,Dramas,2018,R
Blaze,Movie,Independent Movies,2018,R
Blaze,Movie,Music & Musicals,2018,R
Bleed for This,Movie,Dramas,2016,R
Bleed for This,Movie,Sports Movies,2016,R
Blinky Bill: The Movie,Movie,Children & Family Movies,2015,PG
Blockbuster,Movie,Comedies,2017,TV-MA
Blockbuster,Movie,Independent Movies,2017,TV-MA
Blockbuster,Movie,International Movies,2017,TV-MA
Blood & Treasures,TV Show,International TV Shows,2016,TV-14
Blood & Treasures,TV Show,TV Dramas,2016,TV-14
Blood & Treasures,TV Show,TV Sci-Fi & Fantasy,2016,TV-14
Blood Father,Movie,Action & Adventure,2016,R
Blood Father,Movie,International Movies,2016,R
Blow,Movie,Dramas,2001,R
Blue Is the Warmest Color,Movie,Dramas,2013,NC-17
Blue Is the Warmest Color,Movie,Independent Movies,2013,NC-17
Blue Is the Warmest Color,Movie,International Movies,2013,NC-17
Blue Jasmine,Movie,Comedies,2013,PG-13
Blue Jasmine,Movie,Dramas,2013,PG-13
Blue Jasmine,Movie,Independent Movies,2013,PG-13
Blue Mountain State: The Rise of Thadland,Movie,Comedies,2016,R
Blue Planet II,TV Show,British TV Shows,2017,TV-G
Blue Planet II,TV Show,Docuseries,2017,TV-G
Blue Planet II,TV Show,Science & Nature TV,2017,TV-G
Blue Ruin,Movie,Independent Movies,2013,R
Blue Ruin,Movie,Thrillers,2013,R
Blue Streak,Movie,Action & Adventure,1999,PG-13
Blue Streak,Movie,Comedies,1999,PG-13
Blue Valentine,Movie,Dramas,2010,R
Blue Valentine,Movie,Independent Movies,2010,R
Blue Valentine,Movie,Romantic Movies,2010,R
Blurred Lines: Inside the Art World,Movie,Documentaries,2017,TV-MA
Bob Lazar: Area 51 & Flying Saucers,Movie,Documentaries,2018,TV-MA
Bob Ross: Beauty Is Everywhere,TV Show,TV Shows,1991,TV-G
Bob's Broken Sleigh,Movie,Children & Family Movies,2015,TV-G
Bobbi Jene,Movie,Documentaries,2017,TV-MA
Bobby,Movie,Classic Movies,1973,TV-14
Bobby,Movie,Dramas,1973,TV-14
Bobby,Movie,International Movies,1973,TV-14
Bobby Robson: More Than a Manager,Movie,Documentaries,2018,TV-14
Bobby Robson: More Than a Manager,Movie,International Movies,2018,TV-14
Bobby Robson: More Than a Manager,Movie,Sports Movies,2018,TV-14
Bobby Sands: 66 Days,Movie,Documentaries,2016,TV-14
Bokeh,Movie,Dramas,2017,TV-14
Bokeh,Movie,Independent Movies,2017,TV-14
Bokeh,Movie,Sci-Fi & Fantasy,2017,TV-14
Bolt,Movie,Children & Family Movies,2008,PG
Bolt,Movie,Comedies,2008,PG
Bombshell: The Hedy Lamarr Story,Movie,Documentaries,2017,TV-14
Bon Bini Holland,Movie,Comedies,2015,TV-MA
Bon Bini Holland,Movie,International Movies,2015,TV-MA
Bondi Rescue,TV Show,Reality TV,2016,TV-PG
Bonnie and Clyde,Movie,Action & Adventure,1967,R
Bonnie and Clyde,Movie,Classic Movies,1967,R
Bonnie and Clyde,Movie,Dramas,1967,R
Boom,Movie,Action & Adventure,2003,TV-MA
Boom,Movie,Dramas,2003,TV-MA
Boom,Movie,International Movies,2003,TV-MA
Border Patrol,TV Show,Reality TV,2016,TV-PG
Borderline,TV Show,British TV Shows,2017,TV-14
Borderline,TV Show,TV Comedies,2017,TV-14
Born Strong,Movie,Documentaries,2017,TV-MA
Born Strong,Movie,Sports Movies,2017,TV-MA
Born to Be Free,Movie,Documentaries,2016,TV-14
Born to Be Free,Movie,International Movies,2016,TV-14
Botched Up Bodies,TV Show,British TV Shows,2013,TV-MA
Botched Up Bodies,TV Show,Docuseries,2013,TV-MA
Botched Up Bodies,TV Show,International TV Shows,2013,TV-MA
Bottom of the World,Movie,Dramas,2017,TV-MA
Bottom of the World,Movie,Independent Movies,2017,TV-MA
Bottom of the World,Movie,Thrillers,2017,TV-MA
Boy and the World,Movie,Children & Family Movies,2013,PG
Boy Bye,Movie,Comedies,2016,TV-MA
Boy Bye,Movie,Romantic Movies,2016,TV-MA
Brain Games,TV Show,Docuseries,2016,TV-G
Brain Games,TV Show,Science & Nature TV,2016,TV-G
Brampton's Own,Movie,Dramas,2018,TV-MA
Brampton's Own,Movie,Romantic Movies,2018,TV-MA
Brampton's Own,Movie,Sports Movies,2018,TV-MA
Bratz: The Movie,Movie,Children & Family Movies,2007,PG
Bratz: The Movie,Movie,Comedies,2007,PG
Brave Miss World,TV Show,Crime TV Shows,2013,TV-14
Brave Miss World,TV Show,Docuseries,2013,TV-14
Brave New Jersey,Movie,Comedies,2016,TV-MA
Brave New Jersey,Movie,Independent Movies,2016,TV-MA
Braxton Family Values,TV Show,Reality TV,2014,TV-PG
Breaking Free,Movie,Documentaries,2015,TV-MA
Breaking Free,Movie,International Movies,2015,TV-MA
Breaking Free,Movie,LGBTQ Movies,2015,TV-MA
Breath,Movie,Dramas,2018,TV-MA
Breath,Movie,Sports Movies,2018,TV-MA
Brick,Movie,Independent Movies,2005,R
Brick,Movie,Thrillers,2005,R
Bring It On: Worldwide Showdown,Movie,Comedies,2017,PG-13
Bringing Sexy Back,TV Show,International TV Shows,2015,TV-14
Bringing Sexy Back,TV Show,Reality TV,2015,TV-14
Brooklyn's Finest,Movie,Dramas,2009,R
Brooklyn's Finest,Movie,Thrillers,2009,R
Brotherhood of Blades II: The Infernal Battlefield,Movie,Action & Adventure,2017,TV-MA
Brotherhood of Blades II: The Infernal Battlefield,Movie,International Movies,2017,TV-MA
Brown Nation,TV Show,TV Comedies,2016,TV-14
Bruno and Boots: Go Jump in the Pool,Movie,Children & Family Movies,2016,TV-PG
Bruno and Boots: Go Jump in the Pool,Movie,Comedies,2016,TV-PG
Bruno and Boots: The Wizzle War,Movie,Children & Family Movies,2017,TV-PG
Bruno and Boots: The Wizzle War,Movie,Comedies,2017,TV-PG
Bruno and Boots: This Can't Be Happening at Macdonald Hall,Movie,Children & Family Movies,2017,TV-PG
Bruno and Boots: This Can't Be Happening at Macdonald Hall,Movie,Comedies,2017,TV-PG
Buddha,TV Show,International TV Shows,2013,TV-PG
Buddha,TV Show,TV Dramas,2013,TV-PG
Buffalo Boys,Movie,Action & Adventure,2018,TV-MA
Buffalo Boys,Movie,International Movies,2018,TV-MA
Bugs,Movie,Documentaries,2016,TV-G
Bugs,Movie,International Movies,2016,TV-G
Bullitt County,Movie,Independent Movies,2018,TV-MA
Bullitt County,Movie,Thrillers,2018,TV-MA
"Bure Kaam Bura Natija, Kyun Bhai Chacha Haan Bhatija",TV Show,Kids' TV,2017,TV-PG
Burlesque,Movie,Dramas,2010,PG-13
Burlesque,Movie,Romantic Movies,2010,PG-13
Burlesque: Heart of the Glitter Tribe,Movie,Documentaries,2017,TV-MA
Burning,Movie,Dramas,2018,TV-MA
Burning,Movie,Independent Movies,2018,TV-MA
Burning,Movie,International Movies,2018,TV-MA
Burnistoun,TV Show,British TV Shows,2012,TV-MA
Burnistoun,TV Show,TV Comedies,2012,TV-MA
Bushwick,Movie,Action & Adventure,2017,TV-MA
Bushwick,Movie,Independent Movies,2017,TV-MA
Butterfield 8,Movie,Classic Movies,1960,TV-14
Butterfield 8,Movie,Dramas,1960,TV-14
Butterfield 8,Movie,Romantic Movies,1960,TV-14
Cézanne et moi,Movie,Dramas,2016,R
Cézanne et moi,Movie,Independent Movies,2016,R
Cézanne et moi,Movie,International Movies,2016,R
Cabin Fever,Movie,Horror Movies,2016,R
Cabin Fever,Movie,Thrillers,2016,R
Cabins in the Wild with Dick Strawbridge,TV Show,British TV Shows,2017,TV-PG
Cabins in the Wild with Dick Strawbridge,TV Show,International TV Shows,2017,TV-PG
Cabins in the Wild with Dick Strawbridge,TV Show,Reality TV,2017,TV-PG
Cahaya Dari Timur Beta Maluku,Movie,Dramas,2014,TV-14
Cahaya Dari Timur Beta Maluku,Movie,International Movies,2014,TV-14
Cahaya Dari Timur Beta Maluku,Movie,Sports Movies,2014,TV-14
Caida del Cielo,Movie,Comedies,2016,TV-MA
Caida del Cielo,Movie,International Movies,2016,TV-MA
Caida del Cielo,Movie,Romantic Movies,2016,TV-MA
Cain and Abel,TV Show,International TV Shows,2009,TV-MA
Cain and Abel,TV Show,Korean TV Shows,2009,TV-MA
Cain and Abel,TV Show,Romantic TV Shows,2009,TV-MA
Cake,Movie,Comedies,2018,TV-MA
Cake,Movie,Dramas,2018,TV-MA
Cake,Movie,International Movies,2018,TV-MA
Calendar Girls,Movie,Dramas,2015,TV-14
Calendar Girls,Movie,International Movies,2015,TV-14
Calico Critters,TV Show,Kids' TV,2018,TV-Y
Calico Critters: A Town of Dreams,Movie,Children & Family Movies,2017,TV-Y
Calico Critters: The Treasure of Calico Village,Movie,Children & Family Movies,2017,TV-Y
Call Me Francis,TV Show,International TV Shows,2016,TV-14
Call Me Francis,TV Show,Spanish-Language TV Shows,2016,TV-14
Call Me Francis,TV Show,TV Dramas,2016,TV-14
Camelia la Texana,TV Show,Crime TV Shows,2014,TV-14
Camelia la Texana,TV Show,Romantic TV Shows,2014,TV-14
Camelia la Texana,TV Show,Spanish-Language TV Shows,2014,TV-14
Camera Store,Movie,Comedies,2016,TV-MA
Camera Store,Movie,Dramas,2016,TV-MA
Camp Cool Kids,Movie,Children & Family Movies,2017,TV-G
Camp Cool Kids,Movie,Comedies,2017,TV-G
Camp Cool Kids,Movie,Dramas,2017,TV-G
Camp X,TV Show,Docuseries,2014,TV-MA
Camp X-Ray,Movie,Dramas,2014,R
Camp X-Ray,Movie,Independent Movies,2014,R
Can We Get Married?,TV Show,International TV Shows,2012,TV-14
Can We Get Married?,TV Show,Korean TV Shows,2012,TV-14
Can We Get Married?,TV Show,Romantic TV Shows,2012,TV-14
Can't Hardly Wait,Movie,Comedies,1998,PG-13
Can't Hardly Wait,Movie,Romantic Movies,1998,PG-13
Candyman,Movie,Cult Movies,1992,R
Candyman,Movie,Horror Movies,1992,R
Cannabis,TV Show,Crime TV Shows,2016,TV-MA
Cannabis,TV Show,International TV Shows,2016,TV-MA
Cannabis,TV Show,TV Dramas,2016,TV-MA
Capital in the Twenty-First Century,Movie,Documentaries,2019,TV-14
Cappuccino,Movie,Comedies,2017,TV-PG
Cappuccino,Movie,Dramas,2017,TV-PG
Cappuccino,Movie,International Movies,2017,TV-PG
Cardboard Gangsters,Movie,Dramas,2016,TV-MA
Cardboard Gangsters,Movie,International Movies,2016,TV-MA
Care Bears: Welcome to Care-a-Lot,TV Show,Kids' TV,2012,TV-Y
Caregiver,Movie,Dramas,2008,TV-14
Caregiver,Movie,International Movies,2008,TV-14
Carol,Movie,Dramas,2015,R
Carol,Movie,LGBTQ Movies,2015,R
Carol,Movie,Romantic Movies,2015,R
Carrie,Movie,Classic Movies,1976,R
Carrie,Movie,Cult Movies,1976,R
Carrie,Movie,Horror Movies,1976,R
Carriers,Movie,Horror Movies,2009,PG-13
Carriers,Movie,Sci-Fi & Fantasy,2009,PG-13
Carriers,Movie,Thrillers,2009,PG-13
Casa de mi Padre,Movie,Comedies,2012,R
Case Closed,TV Show,Anime Series,2015,TV-14
Case Closed,TV Show,Crime TV Shows,2015,TV-14
Case Closed,TV Show,TV Thrillers,2015,TV-14
Casino Royale,Movie,Action & Adventure,2006,PG-13
Casino Tycoon,Movie,Action & Adventure,1992,TV-MA
Casino Tycoon,Movie,Dramas,1992,TV-MA
Casino Tycoon,Movie,International Movies,1992,TV-MA
Casino Tycoon 2,Movie,Action & Adventure,1992,TV-MA
Casino Tycoon 2,Movie,Dramas,1992,TV-MA
Casino Tycoon 2,Movie,International Movies,1992,TV-MA
Castle of Stars,TV Show,International TV Shows,2015,TV-MA
Castle of Stars,TV Show,Romantic TV Shows,2015,TV-MA
Castle of Stars,TV Show,TV Comedies,2015,TV-MA
Cat on a Hot Tin Roof,Movie,Classic Movies,1958,NR
Cat on a Hot Tin Roof,Movie,Dramas,1958,NR
Catching the Sun,Movie,Documentaries,2015,TV-14
Cats & Dogs: The Revenge of Kitty Galore,Movie,Children & Family Movies,2010,PG
Cats & Dogs: The Revenge of Kitty Galore,Movie,Comedies,2010,PG
Catwalk: Tales from the Cat Show Circuit,Movie,Documentaries,2018,TV-PG
Catwalk: Tales from the Cat Show Circuit,Movie,International Movies,2018,TV-PG
Cave,Movie,Action & Adventure,2016,TV-MA
Cave,Movie,International Movies,2016,TV-MA
Cave,Movie,Thrillers,2016,TV-MA
Celluloid Man,Movie,Documentaries,2012,TV-PG
Celluloid Man,Movie,International Movies,2012,TV-PG
Center Stage,Movie,Dramas,2000,PG-13
Chaar Sahibzaade,Movie,Dramas,2014,TV-PG
Chaar Sahibzaade,Movie,Faith & Spirituality,2014,TV-PG
Chaar Sahibzaade,Movie,International Movies,2014,TV-PG
Chal Dhar Pakad,Movie,Comedies,2010,TV-14
Chal Dhar Pakad,Movie,Dramas,2010,TV-14
Chal Dhar Pakad,Movie,International Movies,2010,TV-14
Chal Mere Bhai,Movie,Comedies,2000,TV-14
Chal Mere Bhai,Movie,International Movies,2000,TV-14
Chal Mere Bhai,Movie,Romantic Movies,2000,TV-14
Chalay Thay Saath,Movie,Comedies,2017,TV-14
Chalay Thay Saath,Movie,Dramas,2017,TV-14
Chalay Thay Saath,Movie,International Movies,2017,TV-14
Chandani: The Daughter of the Elephant Whisperer,Movie,Documentaries,2010,TV-G
Chandani: The Daughter of the Elephant Whisperer,Movie,International Movies,2010,TV-G
Change in the Air,Movie,Dramas,2018,PG
Chaotic Love Poems,Movie,Dramas,2016,TV-14
Chaotic Love Poems,Movie,International Movies,2016,TV-14
Chaotic Love Poems,Movie,Romantic Movies,2016,TV-14
Chappaquiddick,Movie,Dramas,2017,PG-13
Charlie and the Chocolate Factory,Movie,Children & Family Movies,2005,PG
Charlie and the Chocolate Factory,Movie,Comedies,2005,PG
Charlie's Angels: Full Throttle,Movie,Action & Adventure,2003,PG-13
Charlie's Angels: Full Throttle,Movie,Comedies,2003,PG-13
Charlotte's Web,Movie,Children & Family Movies,1973,G
Charlotte's Web,Movie,Classic Movies,1973,G
Chashme Buddoor,Movie,Comedies,2013,TV-PG
Chashme Buddoor,Movie,International Movies,2013,TV-PG
Chashme Buddoor,Movie,Music & Musicals,2013,TV-PG
Chasing Amy,Movie,Comedies,1997,R
Chasing Amy,Movie,Cult Movies,1997,R
Chasing Amy,Movie,Dramas,1997,R
Chasing Monsters,TV Show,Docuseries,2016,TV-PG
Chasing Monsters,TV Show,Reality TV,2016,TV-PG
Chasing Monsters,TV Show,Science & Nature TV,2016,TV-PG
Chasing the Dragon,Movie,Action & Adventure,2017,TV-MA
Chasing the Dragon,Movie,Dramas,2017,TV-MA
Chasing the Dragon,Movie,International Movies,2017,TV-MA
Chasing Trane,Movie,Documentaries,2016,TV-PG
Chasing Trane,Movie,Music & Musicals,2016,TV-PG
Chauthi Koot,Movie,Dramas,2015,TV-14
Chauthi Koot,Movie,Independent Movies,2015,TV-14
Chauthi Koot,Movie,International Movies,2015,TV-14
Cheapest Weddings,TV Show,International TV Shows,2016,TV-14
Cheapest Weddings,TV Show,Reality TV,2016,TV-14
Cheers,TV Show,Classic & Cult TV,1992,TV-PG
Cheers,TV Show,TV Comedies,1992,TV-PG
Chef & My Fridge,TV Show,International TV Shows,2017,TV-PG
Chef & My Fridge,TV Show,Korean TV Shows,2017,TV-PG
Chef & My Fridge,TV Show,Reality TV,2017,TV-PG
Chernobyl Diaries,Movie,Horror Movies,2012,R
Chernobyl Diaries,Movie,Thrillers,2012,R
Chewin' the Fat,TV Show,British TV Shows,1999,TV-14
Chewin' the Fat,TV Show,TV Comedies,1999,TV-14
Chewing Gum,TV Show,British TV Shows,2017,TV-MA
Chewing Gum,TV Show,International TV Shows,2017,TV-MA
Chewing Gum,TV Show,Romantic TV Shows,2017,TV-MA
Chhota Bheem Aur Kaala Yodha,Movie,Movies,2018,TV-Y7
Chhota Bheem Ka Romani Adventure,Movie,Children & Family Movies,2018,TV-Y7
Chhota Bheem Ka Troll Se Takkar,Movie,Movies,2018,TV-Y7
Chhota Bheem Kungfu Dhamaka,Movie,Children & Family Movies,2019,TV-Y7
Chicken Kokkachi,Movie,Comedies,2017,TV-14
Chicken Kokkachi,Movie,International Movies,2017,TV-14
Chicken Little,Movie,Children & Family Movies,2005,G
Chicken Little,Movie,Comedies,2005,G
Chief Daddy,Movie,Comedies,2018,TV-MA
Chief Daddy,Movie,Dramas,2018,TV-MA
Chief Daddy,Movie,International Movies,2018,TV-MA
Child's Play,Movie,Cult Movies,1988,R
Child's Play,Movie,Horror Movies,1988,R
Chill with Bob Ross,TV Show,TV Shows,1994,TV-G
China Salesman,Movie,Action & Adventure,2017,TV-MA
China Salesman,Movie,International Movies,2017,TV-MA
Chingo Bling: They Can't Deport Us All,Movie,Stand-Up Comedy,2017,TV-MA
Chittagong,Movie,Dramas,2012,NR
Chittagong,Movie,Independent Movies,2012,NR
Chittagong,Movie,International Movies,2012,NR
Chitty Chitty Bang Bang,Movie,Children & Family Movies,1968,G
Chitty Chitty Bang Bang,Movie,Classic Movies,1968,G
Chitty Chitty Bang Bang,Movie,Comedies,1968,G
Chloe,Movie,Independent Movies,2009,R
Chloe,Movie,Thrillers,2009,R
Chris Brown: Welcome to My Life,Movie,Documentaries,2017,TV-MA
Chris Brown: Welcome to My Life,Movie,Music & Musicals,2017,TV-MA
Christian Mingle,Movie,Comedies,2014,PG
Christian Mingle,Movie,Faith & Spirituality,2014,PG
Christian Mingle,Movie,Romantic Movies,2014,PG
Christiane Amanpour: Sex & Love Around the World,TV Show,Docuseries,2018,TV-MA
Christmas Crush,Movie,Comedies,2012,TV-PG
Christmas Crush,Movie,Romantic Movies,2012,TV-PG
Christmas in the Smokies,Movie,Children & Family Movies,2015,TV-G
Christmas in the Smokies,Movie,Dramas,2015,TV-G
Christmas in the Smokies,Movie,Romantic Movies,2015,TV-G
Christmas with the Kranks,Movie,Children & Family Movies,2004,PG
Christmas with the Kranks,Movie,Comedies,2004,PG
Christopher Robin,Movie,Children & Family Movies,2018,PG
Christopher Robin,Movie,Comedies,2018,PG
Christopher Robin,Movie,Dramas,2018,PG
Chronicle of an Escape,Movie,Dramas,2006,R
Chronicle of an Escape,Movie,International Movies,2006,R
Chronicle of an Escape,Movie,Thrillers,2006,R
Chuck Chicken,TV Show,Kids' TV,2017,TV-Y7
Chupan Chupai,Movie,Comedies,2017,TV-14
Chupan Chupai,Movie,International Movies,2017,TV-14
Chupke Chupke,Movie,Classic Movies,1975,TV-PG
Chupke Chupke,Movie,Comedies,1975,TV-PG
Chupke Chupke,Movie,International Movies,1975,TV-PG
Cirque du Freak: The Vampire's Assistant,Movie,Action & Adventure,2009,PG-13
Cirque du Freak: The Vampire's Assistant,Movie,Horror Movies,2009,PG-13
Cirque du Freak: The Vampire's Assistant,Movie,Sci-Fi & Fantasy,2009,PG-13
City in the Sky,TV Show,British TV Shows,2016,TV-PG
City in the Sky,TV Show,Docuseries,2016,TV-PG
City in the Sky,TV Show,Science & Nature TV,2016,TV-PG
City of God,Movie,Dramas,2002,R
City of God,Movie,Independent Movies,2002,R
City of God,Movie,International Movies,2002,R
City of Tiny Lights,Movie,Dramas,2016,TV-MA
City of Tiny Lights,Movie,International Movies,2016,TV-MA
City of Tiny Lights,Movie,Thrillers,2016,TV-MA
Civilizations,TV Show,British TV Shows,2018,TV-14
Civilizations,TV Show,Docuseries,2018,TV-14
Clarence Clemons: Who Do I Think I Am?,Movie,Documentaries,2019,TV-MA
Clarence Clemons: Who Do I Think I Am?,Movie,Music & Musicals,2019,TV-MA
Clash of the Titans,Movie,Action & Adventure,2010,PG-13
Clash of the Titans,Movie,Sci-Fi & Fantasy,2010,PG-13
Class of '61,Movie,Dramas,1993,TV-PG
Class Rank,Movie,Comedies,2018,TV-MA
Classic Legends,TV Show,Docuseries,2012,TV-PG
Classic Legends,TV Show,International TV Shows,2012,TV-PG
Cleopatra Jones,Movie,Action & Adventure,1973,PG
Cleopatra Jones,Movie,Classic Movies,1973,PG
Click,Movie,Comedies,2006,PG-13
Click,Movie,Sci-Fi & Fantasy,2006,PG-13
Click for Murder,TV Show,British TV Shows,2017,TV-14
Click for Murder,TV Show,Crime TV Shows,2017,TV-14
Click for Murder,TV Show,Docuseries,2017,TV-14
Clive Davis: The Soundtrack of Our Lives,Movie,Documentaries,2017,TV-MA
Clive Davis: The Soundtrack of Our Lives,Movie,Music & Musicals,2017,TV-MA
Closed Circuit,Movie,Dramas,2013,R
Closed Circuit,Movie,Thrillers,2013,R
Cloud Atlas,Movie,Action & Adventure,2012,R
Cloud Atlas,Movie,Cult Movies,2012,R
Cloud Atlas,Movie,Dramas,2012,R
Clouds of Sils Maria,Movie,Dramas,2014,R
Clouds of Sils Maria,Movie,International Movies,2014,R
Cloverfield,Movie,Action & Adventure,2008,PG-13
Cloverfield,Movie,Horror Movies,2008,PG-13
Cloverfield,Movie,Sci-Fi & Fantasy,2008,PG-13
Club Friday The Series 6,TV Show,International TV Shows,2015,TV-MA
Club Friday The Series 6,TV Show,Romantic TV Shows,2015,TV-MA
Club Friday The Series 6,TV Show,TV Dramas,2015,TV-MA
Club Friday The Series 7,TV Show,International TV Shows,2016,TV-MA
Club Friday The Series 7,TV Show,Romantic TV Shows,2016,TV-MA
Club Friday The Series 7,TV Show,TV Dramas,2016,TV-MA
Club Friday The Series 8,TV Show,International TV Shows,2017,TV-MA
Club Friday The Series 8,TV Show,Romantic TV Shows,2017,TV-MA
Club Friday The Series 8,TV Show,TV Comedies,2017,TV-MA
Club Friday To Be Continued - Friend & Enemy,TV Show,International TV Shows,2016,TV-MA
Club Friday To Be Continued - Friend & Enemy,TV Show,Romantic TV Shows,2016,TV-MA
Club Friday To Be Continued - Friend & Enemy,TV Show,TV Dramas,2016,TV-MA
Club Friday To Be Continued - My Beautiful Tomboy,TV Show,International TV Shows,2016,TV-MA
Club Friday To Be Continued - My Beautiful Tomboy,TV Show,Romantic TV Shows,2016,TV-MA
Club Friday To Be Continued - My Beautiful Tomboy,TV Show,TV Comedies,2016,TV-MA
Club Friday To Be Continued - The Promise,TV Show,International TV Shows,2016,TV-MA
Club Friday To Be Continued - The Promise,TV Show,Romantic TV Shows,2016,TV-MA
Club Friday To Be Continued - The Promise,TV Show,TV Dramas,2016,TV-MA
Coach Carter,Movie,Dramas,2005,PG-13
Coach Carter,Movie,Sports Movies,2005,PG-13
Code Name: The Cleaner,Movie,Action & Adventure,2007,PG-13
Code Name: The Cleaner,Movie,Comedies,2007,PG-13
Coffee with D,Movie,Comedies,2017,TV-PG
Coffee with D,Movie,Independent Movies,2017,TV-PG
Coffee with D,Movie,International Movies,2017,TV-PG
Cold Case Files,TV Show,Crime TV Shows,2017,TV-14
Cold Case Files,TV Show,Docuseries,2017,TV-14
Cold Case Files Classic,TV Show,Crime TV Shows,1999,TV-MA
Cold Case Files Classic,TV Show,Docuseries,1999,TV-MA
Colkatay Columbus,Movie,Comedies,2016,TV-14
Colkatay Columbus,Movie,Dramas,2016,TV-14
Colkatay Columbus,Movie,Independent Movies,2016,TV-14
Colonia,Movie,Dramas,2015,R
Colonia,Movie,Independent Movies,2015,R
Colonia,Movie,International Movies,2015,R
Colours of Passion,Movie,Dramas,2008,TV-14
Colours of Passion,Movie,International Movies,2008,TV-14
Come and Find Me,Movie,Dramas,2016,R
Come and Find Me,Movie,Thrillers,2016,R
Comedy Bang! Bang!,TV Show,Stand-Up Comedy & Talk Shows,2016,TV-14
Comedy Bang! Bang!,TV Show,TV Comedies,2016,TV-14
Comedy High School,TV Show,International TV Shows,2018,TV-14
Comedy High School,TV Show,TV Comedies,2018,TV-14
Command and Control,Movie,Documentaries,2017,TV-PG
Company,Movie,Action & Adventure,2002,TV-MA
Company,Movie,Dramas,2002,TV-MA
Company,Movie,International Movies,2002,TV-MA
Compulsion,Movie,Dramas,2016,TV-MA
Compulsion,Movie,Thrillers,2016,TV-MA
Conan Without Borders,TV Show,Docuseries,2018,TV-14
Conan Without Borders,TV Show,TV Comedies,2018,TV-14
Concrete Football,Movie,Documentaries,2016,TV-MA
Concrete Football,Movie,International Movies,2016,TV-MA
Concrete Football,Movie,Sports Movies,2016,TV-MA
Concussion,Movie,Dramas,2013,R
Concussion,Movie,Independent Movies,2013,R
Concussion,Movie,LGBTQ Movies,2013,R
Conjuring Spirit,Movie,Horror Movies,2014,TV-MA
Conjuring Spirit,Movie,International Movies,2014,TV-MA
Conjuring Spirit,Movie,Thrillers,2014,TV-MA
Conor McGregor: Notorious,Movie,Documentaries,2017,R
Conor McGregor: Notorious,Movie,Sports Movies,2017,R
Consequences ,Movie,Dramas,2014,TV-MA
Consequences ,Movie,International Movies,2014,TV-MA
Consequences ,Movie,Thrillers,2014,TV-MA
Contract,Movie,Action & Adventure,2008,TV-14
Contract,Movie,Dramas,2008,TV-14
Contract,Movie,Independent Movies,2008,TV-14
Convict,Movie,Dramas,2014,TV-14
Convict,Movie,International Movies,2014,TV-14
Cooking on High,TV Show,Reality TV,2018,TV-MA
Cool Hand Luke,Movie,Classic Movies,1967,TV-14
Cool Hand Luke,Movie,Dramas,1967,TV-14
Cop and a Half: New Recruit,Movie,Children & Family Movies,2017,PG
Cop and a Half: New Recruit,Movie,Comedies,2017,PG
Cop Watchers,Movie,Documentaries,2016,TV-MA
Cop Watchers,Movie,International Movies,2016,TV-MA
Coraline,Movie,Children & Family Movies,2009,PG
Counterfeiting in Suburbia,Movie,Dramas,2018,TV-14
Counterfeiting in Suburbia,Movie,Thrillers,2018,TV-14
Court Justice,TV Show,Crime TV Shows,2017,TV-MA
Court Justice,TV Show,Docuseries,2017,TV-MA
Court Justice,TV Show,International TV Shows,2017,TV-MA
Covered: Alive in Asia,Movie,Documentaries,2016,TV-G
Covered: Alive in Asia,Movie,Faith & Spirituality,2016,TV-G
Covered: Alive in Asia,Movie,Music & Musicals,2016,TV-G
Crash,Movie,Dramas,2004,R
Crash,Movie,Independent Movies,2004,R
CRD,Movie,Comedies,2016,TV-MA
CRD,Movie,Dramas,2016,TV-MA
CRD,Movie,Independent Movies,2016,TV-MA
Crime Time,TV Show,Crime TV Shows,2017,TV-MA
Crime Time,TV Show,International TV Shows,2017,TV-MA
Crime Time,TV Show,TV Action & Adventure,2017,TV-MA
"Crouching Tiger, Hidden Dragon",Movie,Action & Adventure,2000,PG-13
"Crouching Tiger, Hidden Dragon",Movie,International Movies,2000,PG-13
"Crouching Tiger, Hidden Dragon",Movie,Romantic Movies,2000,PG-13
Cult of Chucky,Movie,Horror Movies,2017,R
Cutie and the Boxer,Movie,Documentaries,2013,R
Daagdi Chaawl,Movie,Action & Adventure,2015,TV-14
Daagdi Chaawl,Movie,Dramas,2015,TV-14
Daagdi Chaawl,Movie,International Movies,2015,TV-14
Dabbe 6: The Return,Movie,Horror Movies,2015,TV-MA
Dabbe 6: The Return,Movie,International Movies,2015,TV-MA
Dad,Movie,Dramas,1989,PG
Dad's Army,TV Show,British TV Shows,1977,TV-PG
Dad's Army,TV Show,Classic & Cult TV,1977,TV-PG
Dad's Army,TV Show,TV Comedies,1977,TV-PG
Daddy Day Care,Movie,Children & Family Movies,2003,PG
Daddy Day Care,Movie,Comedies,2003,PG
Daddy Issues,Movie,Dramas,2019,TV-MA
Daddy Issues,Movie,Independent Movies,2019,TV-MA
Daddy Issues,Movie,LGBTQ Movies,2019,TV-MA
Daemonium,Movie,Action & Adventure,2015,NR
Daemonium,Movie,Horror Movies,2015,NR
Daemonium,Movie,International Movies,2015,NR
Daffedar,Movie,Dramas,2017,TV-14
Daffedar,Movie,International Movies,2017,TV-14
Dagh Ujala,Movie,Dramas,2015,TV-MA
Dagh Ujala,Movie,Independent Movies,2015,TV-MA
Dagh Ujala,Movie,International Movies,2015,TV-MA
Dallas Buyers Club,Movie,Dramas,2013,R
Dallas Buyers Club,Movie,Independent Movies,2013,R
Dallas Buyers Club,Movie,LGBTQ Movies,2013,R
Dance Academy,TV Show,International TV Shows,2013,TV-PG
Dance Academy,TV Show,Romantic TV Shows,2013,TV-PG
Dance Academy,TV Show,TV Dramas,2013,TV-PG
Dance Academy: The Comeback,Movie,Dramas,2017,TV-PG
Dance Academy: The Comeback,Movie,International Movies,2017,TV-PG
Dancing Quietly,Movie,Dramas,2016,TV-MA
Dancing Quietly,Movie,Independent Movies,2016,TV-MA
Dancing Quietly,Movie,International Movies,2016,TV-MA
Dandy,TV Show,Crime TV Shows,2016,TV-MA
Dandy,TV Show,International TV Shows,2016,TV-MA
Dandy,TV Show,Spanish-Language TV Shows,2016,TV-MA
Dangerous Roads,TV Show,British TV Shows,2012,TV-MA
Dangerous Roads,TV Show,Docuseries,2012,TV-MA
Danny Says,Movie,Documentaries,2015,TV-MA
Danny Says,Movie,Music & Musicals,2015,TV-MA
Dante's Peak,Movie,Action & Adventure,1997,PG-13
Dare to Be Wild,Movie,Dramas,2015,TV-PG
Dare to Be Wild,Movie,Independent Movies,2015,TV-PG
Dare to Be Wild,Movie,Romantic Movies,2015,TV-PG
Dark Chocolate (Bengali Version),Movie,Dramas,2016,TV-MA
Dark Chocolate (Bengali Version),Movie,International Movies,2016,TV-MA
Dark Chocolate (Bengali Version),Movie,Thrillers,2016,TV-MA
Dark Crimes,Movie,Dramas,2016,R
Dark Crimes,Movie,Thrillers,2016,R
Dark Places,Movie,Dramas,2015,R
Dark Places,Movie,International Movies,2015,R
Dark Places,Movie,Thrillers,2015,R
Darna Mana Hai,Movie,Horror Movies,2003,TV-MA
Darna Mana Hai,Movie,International Movies,2003,TV-MA
Darna Mana Hai,Movie,Thrillers,2003,TV-MA
Darr Sabko Lagta Hai,TV Show,International TV Shows,2015,TV-MA
Darr Sabko Lagta Hai,TV Show,TV Horror,2015,TV-MA
Darr Sabko Lagta Hai,TV Show,TV Thrillers,2015,TV-MA
Darra,Movie,Dramas,2016,TV-14
Darra,Movie,International Movies,2016,TV-14
Daughters of the Dust,Movie,Classic Movies,1991,NR
Daughters of the Dust,Movie,Dramas,1991,NR
Daughters of the Dust,Movie,Independent Movies,1991,NR
Day and Night,TV Show,Crime TV Shows,2017,TV-MA
Day and Night,TV Show,International TV Shows,2017,TV-MA
Day and Night,TV Show,TV Dramas,2017,TV-MA
Days We Stared at the Sun,TV Show,International TV Shows,2017,TV-MA
Days We Stared at the Sun,TV Show,TV Dramas,2017,TV-MA
Dayveon,Movie,Dramas,2017,TV-MA
Dayveon,Movie,Independent Movies,2017,TV-MA
De Film van Dylan Haegens,Movie,Comedies,2018,TV-PG
De Film van Dylan Haegens,Movie,International Movies,2018,TV-PG
De Palma,Movie,Documentaries,2015,R
Dead in a Week (Or Your Money Back),Movie,Comedies,2018,TV-MA
Deadline: Sirf 24 Ghante,Movie,Independent Movies,2006,TV-14
Deadline: Sirf 24 Ghante,Movie,International Movies,2006,TV-14
Deadline: Sirf 24 Ghante,Movie,Thrillers,2006,TV-14
Deadly Scholars,Movie,Dramas,2018,TV-14
Deadly Scholars,Movie,Thrillers,2018,TV-14
Dean,Movie,Comedies,2016,PG-13
Dean,Movie,Dramas,2016,PG-13
Dean,Movie,Independent Movies,2016,PG-13
Dear Dad,Movie,Comedies,2016,TV-14
Dear Dad,Movie,Dramas,2016,TV-14
Dear Dad,Movie,Independent Movies,2016,TV-14
Dear Dracula,Movie,Children & Family Movies,2012,TV-Y7-FV
Dear Dracula,Movie,Comedies,2012,TV-Y7-FV
Dear Santa,Movie,Comedies,2011,TV-PG
Dear Santa,Movie,Romantic Movies,2011,TV-PG
Death at a Funeral,Movie,Comedies,2010,R
Death House,Movie,Horror Movies,2017,R
Deathgrip,Movie,International Movies,2017,TV-MA
Deathgrip,Movie,Sports Movies,2017,TV-MA
Deep Undercover Collection,TV Show,Crime TV Shows,2017,TV-MA
Deep Undercover Collection,TV Show,Docuseries,2017,TV-MA
Deep Water,TV Show,Crime TV Shows,2016,TV-MA
Deep Water,TV Show,International TV Shows,2016,TV-MA
Deep Water,TV Show,TV Dramas,2016,TV-MA
Deewangee,Movie,International Movies,2002,TV-MA
Deewangee,Movie,Thrillers,2002,TV-MA
Defying the Nazis: The Sharps' War,Movie,Documentaries,2016,TV-14
Delirium,Movie,Horror Movies,2018,R
Delirium,Movie,Thrillers,2018,R
Democrats,Movie,Documentaries,2014,NR
Democrats,Movie,International Movies,2014,NR
Den of Thieves,Movie,Action & Adventure,2018,R
Denis Leary: No Cure For Cancer,Movie,Stand-Up Comedy,1992,R
Desolate,Movie,Dramas,2018,TV-MA
Desolate,Movie,Thrillers,2018,TV-MA
Desolation,Movie,Horror Movies,2017,TV-MA
Desolation,Movie,Thrillers,2017,TV-MA
Detention Letter,Movie,Action & Adventure,2017,TV-14
Detention Letter,Movie,International Movies,2017,TV-14
Detour,Movie,Thrillers,2016,R
Deviant Love,Movie,Thrillers,2019,TV-14
Devil's Bride,Movie,Dramas,2016,TV-MA
Devil's Bride,Movie,International Movies,2016,TV-MA
Devil's Gate,Movie,Horror Movies,2017,TV-MA
Devil's Gate,Movie,Sci-Fi & Fantasy,2017,TV-MA
Devil's Gate,Movie,Thrillers,2017,TV-MA
Devlok with Devdutt Pattanaik,TV Show,International TV Shows,2017,TV-PG
Devrai,Movie,Dramas,2004,TV-PG
Devrai,Movie,International Movies,2004,TV-PG
Dexter,TV Show,Crime TV Shows,2013,TV-MA
Dexter,TV Show,TV Dramas,2013,TV-MA
Dexter,TV Show,TV Mysteries,2013,TV-MA
Dhamaal,Movie,Action & Adventure,2007,TV-14
Dhamaal,Movie,Comedies,2007,TV-14
Dhamaal,Movie,International Movies,2007,TV-14
Di Renjie zhi Sidatianwang,Movie,Action & Adventure,2018,TV-14
Di Renjie zhi Sidatianwang,Movie,International Movies,2018,TV-14
Di Renjie zhi Sidatianwang,Movie,Sci-Fi & Fantasy,2018,TV-14
Diana: 7 Days That Shook the World,Movie,Documentaries,2017,TV-PG
Diana: In Her Own Words,Movie,Documentaries,2017,TV-PG
Diana: In Her Own Words,Movie,International Movies,2017,TV-PG
Diary of a Chambermaid,Movie,Dramas,2015,NR
Diary of a Chambermaid,Movie,International Movies,2015,NR
Die Another Day,Movie,Action & Adventure,2002,PG-13
Dil Hai Tumhaara,Movie,Dramas,2002,TV-14
Dil Hai Tumhaara,Movie,International Movies,2002,TV-14
Dil Hai Tumhaara,Movie,Music & Musicals,2002,TV-14
Dinner for Five,TV Show,Stand-Up Comedy & Talk Shows,2007,TV-MA
Dinner for Schmucks,Movie,Comedies,2010,PG-13
Dino Hunt,TV Show,Docuseries,2016,TV-G
Dino Hunt,TV Show,Science & Nature TV,2016,TV-G
Disciples Of The 36th Chamber,Movie,Action & Adventure,1985,TV-14
Disciples Of The 36th Chamber,Movie,International Movies,1985,TV-14
Discovering Bigfoot,Movie,Documentaries,2017,TV-MA
Dismissed,Movie,Thrillers,2017,TV-14
District 9,Movie,Action & Adventure,2009,R
District 9,Movie,International Movies,2009,R
District 9,Movie,Sci-Fi & Fantasy,2009,R
Diva Brides,TV Show,British TV Shows,2017,TV-MA
Diva Brides,TV Show,Reality TV,2017,TV-MA
Doctor Zhivago,Movie,Classic Movies,1965,PG-13
Doctor Zhivago,Movie,Dramas,1965,PG-13
Doctor Zhivago,Movie,Romantic Movies,1965,PG-13
Dog Eat Dog,Movie,Dramas,2016,TV-MA
Dog Eat Dog,Movie,Thrillers,2016,TV-MA
Dolphin Kick,Movie,Children & Family Movies,2019,TV-PG
Dolphin Tale 2,Movie,Children & Family Movies,2014,PG
Dolphin Tale 2,Movie,Dramas,2014,PG
Domino,Movie,International Movies,2019,R
Domino,Movie,Thrillers,2019,R
Don Quixote: The Ingenious Gentleman of La Mancha,Movie,Comedies,2015,TV-14
Don Quixote: The Ingenious Gentleman of La Mancha,Movie,Independent Movies,2015,TV-14
Don Verdean,Movie,Comedies,2015,PG-13
Don't Be Afraid of the Dark,Movie,Horror Movies,2010,R
Don't Crack Under Pressure,Movie,Action & Adventure,2015,TV-MA
Don't Crack Under Pressure,Movie,Documentaries,2015,TV-MA
Don't Crack Under Pressure,Movie,International Movies,2015,TV-MA
Don't Crack Under Pressure II,Movie,Action & Adventure,2016,TV-MA
Don't Crack Under Pressure II,Movie,Documentaries,2016,TV-MA
Don't Crack Under Pressure II,Movie,International Movies,2016,TV-MA
Don't Crack Under Pressure III,Movie,Action & Adventure,2017,TV-14
Don't Crack Under Pressure III,Movie,Documentaries,2017,TV-14
Don't Crack Under Pressure III,Movie,International Movies,2017,TV-14
Don't Knock Twice,Movie,Horror Movies,2016,R
Don't Knock Twice,Movie,International Movies,2016,R
Don't Look Down,Movie,Documentaries,2016,TV-MA
Don't Look Down,Movie,International Movies,2016,TV-MA
Don't Think Twice,Movie,Comedies,2016,R
Don't Think Twice,Movie,Dramas,2016,R
Don't Think Twice,Movie,Independent Movies,2016,R
Donnie Brasco,Movie,Dramas,1997,R
Donnie Brasco,Movie,Thrillers,1997,R
Doom,Movie,Action & Adventure,2005,R
Doom,Movie,Horror Movies,2005,R
Doom,Movie,Sci-Fi & Fantasy,2005,R
Doomsday Preppers,TV Show,Reality TV,2013,TV-14
Doomsday Preppers,TV Show,Science & Nature TV,2013,TV-14
Doubles Cause Troubles,Movie,Action & Adventure,1989,TV-14
Doubles Cause Troubles,Movie,Comedies,1989,TV-14
Doubles Cause Troubles,Movie,International Movies,1989,TV-14
Doubt,Movie,Dramas,2008,PG-13
Doubt,Movie,Faith & Spirituality,2008,PG-13
Down The Fence,Movie,Documentaries,2017,TV-PG
Dr. Seuss' The Cat in the Hat,Movie,Children & Family Movies,2003,PG
Dr. Seuss' The Cat in the Hat,Movie,Comedies,2003,PG
Dr. Seuss' The Grinch,Movie,Children & Family Movies,2018,PG
Dr. Seuss' The Grinch,Movie,Comedies,2018,PG
Dragonheart,Movie,Action & Adventure,1996,PG-13
Dragonheart,Movie,Sci-Fi & Fantasy,1996,PG-13
Dragonheart 3: The Sorcerer,Movie,Action & Adventure,2015,PG-13
Dragonheart 3: The Sorcerer,Movie,Sci-Fi & Fantasy,2015,PG-13
Dragonheart: A New Beginning,Movie,Action & Adventure,2000,PG
Dragonheart: A New Beginning,Movie,Sci-Fi & Fantasy,2000,PG
Dragonheart: Battle for the Heartfire,Movie,Action & Adventure,2017,PG-13
Dragonheart: Battle for the Heartfire,Movie,Sci-Fi & Fantasy,2017,PG-13
Dragonkala Ka Rahasya,Movie,Children & Family Movies,2018,TV-Y
Dramaworld,TV Show,Romantic TV Shows,2016,TV-14
Dramaworld,TV Show,TV Comedies,2016,TV-14
Dramaworld,TV Show,TV Dramas,2016,TV-14
Dream Big: Engineering Our World,Movie,Documentaries,2017,TV-G
Dream Boat,Movie,Documentaries,2017,TV-MA
Dream Boat,Movie,International Movies,2017,TV-MA
Dream Boat,Movie,LGBTQ Movies,2017,TV-MA
Dries,Movie,Documentaries,2017,TV-PG
Dries,Movie,International Movies,2017,TV-PG
Driven to Dance,Movie,Dramas,2018,TV-PG
"Drugs, Inc.",TV Show,Crime TV Shows,2015,TV-MA
"Drugs, Inc.",TV Show,Docuseries,2015,TV-MA
Dueños del paraíso,TV Show,Crime TV Shows,2015,TV-14
Dueños del paraíso,TV Show,International TV Shows,2015,TV-14
Dueños del paraíso,TV Show,Spanish-Language TV Shows,2015,TV-14
Dukhtar,Movie,Dramas,2014,TV-14
Dukhtar,Movie,Independent Movies,2014,TV-14
Dukhtar,Movie,International Movies,2014,TV-14
Dum,Movie,Action & Adventure,2003,TV-14
Dum,Movie,Dramas,2003,TV-14
Dum,Movie,International Movies,2003,TV-14
Dumb and Dumberer: When Harry Met Lloyd,Movie,Comedies,2003,PG-13
E-Cigarettes: Miracle or Menace?,Movie,Documentaries,2016,TV-14
Earth to Echo,Movie,Children & Family Movies,2014,PG
Earth to Echo,Movie,Sci-Fi & Fantasy,2014,PG
Earth to Luna!,TV Show,Kids' TV,2014,TV-Y
Earth's Natural Wonders,TV Show,British TV Shows,2015,TV-PG
Earth's Natural Wonders,TV Show,Docuseries,2015,TV-PG
Earth's Natural Wonders,TV Show,Science & Nature TV,2015,TV-PG
Earth's Natural Wonders: Life at the Extremes,TV Show,British TV Shows,2018,TV-14
Earth's Natural Wonders: Life at the Extremes,TV Show,Docuseries,2018,TV-14
Earth's Natural Wonders: Life at the Extremes,TV Show,Science & Nature TV,2018,TV-14
East Side Sushi,Movie,Dramas,2015,PG
Easy A,Movie,Comedies,2010,PG-13
Easy A,Movie,Romantic Movies,2010,PG-13
Easy Fortune Happy Life,TV Show,International TV Shows,2009,TV-MA
Easy Fortune Happy Life,TV Show,Romantic TV Shows,2009,TV-MA
Easy Fortune Happy Life,TV Show,TV Comedies,2009,TV-MA
Eat Pray Love,Movie,Dramas,2010,PG-13
Eat Pray Love,Movie,Romantic Movies,2010,PG-13
Eddie Murphy: Delirious,Movie,Stand-Up Comedy,1983,TV-MA
Eeda,Movie,Dramas,2018,TV-14
Eeda,Movie,International Movies,2018,TV-14
Eeda,Movie,Romantic Movies,2018,TV-14
Eh Janam Tumhare Lekhe,Movie,Dramas,2015,TV-14
Eh Janam Tumhare Lekhe,Movie,International Movies,2015,TV-14
Ek Cup Chya,Movie,Dramas,2009,TV-PG
Ek Cup Chya,Movie,Independent Movies,2009,TV-PG
Ek Cup Chya,Movie,International Movies,2009,TV-PG
Ek Hasina Thi,Movie,Dramas,2004,TV-MA
Ek Hasina Thi,Movie,International Movies,2004,TV-MA
Ek Hasina Thi,Movie,Thrillers,2004,TV-MA
El último testigo,Movie,Action & Adventure,2012,R
El Barco,TV Show,International TV Shows,2013,NR
El Barco,TV Show,Romantic TV Shows,2013,NR
El Barco,TV Show,Spanish-Language TV Shows,2013,NR
El Cartel,TV Show,Crime TV Shows,2008,TV-MA
El Cartel,TV Show,International TV Shows,2008,TV-MA
El Cartel,TV Show,Spanish-Language TV Shows,2008,TV-MA
El Cartel 2,TV Show,Crime TV Shows,2010,TV-MA
El Cartel 2,TV Show,International TV Shows,2010,TV-MA
El Cartel 2,TV Show,Spanish-Language TV Shows,2010,TV-MA
El Chavo,TV Show,Classic & Cult TV,1979,TV-PG
El Chavo,TV Show,Kids' TV,1979,TV-PG
El Chavo,TV Show,Spanish-Language TV Shows,1979,TV-PG
El Che,Movie,Documentaries,2017,TV-14
El Che,Movie,International Movies,2017,TV-14
El Clon,TV Show,Romantic TV Shows,2010,TV-14
El Clon,TV Show,Spanish-Language TV Shows,2010,TV-14
El Clon,TV Show,TV Dramas,2010,TV-14
El fin de ETA,Movie,Documentaries,2017,TV-14
El fin de ETA,Movie,International Movies,2017,TV-14
El Vato,TV Show,International TV Shows,2017,TV-MA
El Vato,TV Show,Spanish-Language TV Shows,2017,TV-MA
El Vato,TV Show,TV Comedies,2017,TV-MA
El Viaje: Márama y Rombai,Movie,Children & Family Movies,2016,TV-PG
El Viaje: Márama y Rombai,Movie,Documentaries,2016,TV-PG
El Viaje: Márama y Rombai,Movie,International Movies,2016,TV-PG
Elephants Dream 4 Hour,Movie,International Movies,2006,TV-MA
Elephants Dream 4 Hour,Movie,Sci-Fi & Fantasy,2006,TV-MA
Elizabeth at 90: A Family Tribute,Movie,Documentaries,2016,TV-G
Elizabeth Harvest,Movie,Dramas,2019,R
Elizabeth Harvest,Movie,Sci-Fi & Fantasy,2019,R
Elles étaient en guerre (1914-1918),Movie,Documentaries,2014,TV-14
Elles étaient en guerre (1914-1918),Movie,International Movies,2014,TV-14
Elles étaient en guerre 1939-1945,Movie,Documentaries,2015,TV-MA
Elles étaient en guerre 1939-1945,Movie,International Movies,2015,TV-MA
Elles ont toutes une histoire,Movie,Documentaries,2016,TV-PG
Elles ont toutes une histoire,Movie,International Movies,2016,TV-PG
Elstree 1976,Movie,Documentaries,2015,TV-PG
Emelie,Movie,Horror Movies,2016,TV-MA
Emelie,Movie,Thrillers,2016,TV-MA
Emma' (Mother),Movie,Dramas,2016,TV-PG
Emma' (Mother),Movie,International Movies,2016,TV-PG
Emo the Musical,Movie,Dramas,2016,TV-MA
Emo the Musical,Movie,International Movies,2016,TV-MA
Emo the Musical,Movie,Music & Musicals,2016,TV-MA
Emogenius,TV Show,Reality TV,2017,TV-PG
Empire of Scents,Movie,Documentaries,2014,TV-14
Empire of Scents,Movie,International Movies,2014,TV-14
Employee of the Month,Movie,Comedies,2006,PG-13
Employee of the Month,Movie,Romantic Movies,2006,PG-13
Encerrados,TV Show,International TV Shows,2018,TV-MA
Encerrados,TV Show,Spanish-Language TV Shows,2018,TV-MA
Encerrados,TV Show,TV Comedies,2018,TV-MA
Encounter: The Killing,Movie,Dramas,2002,TV-14
Encounter: The Killing,Movie,Independent Movies,2002,TV-14
Encounter: The Killing,Movie,International Movies,2002,TV-14
Encounters with Evil,TV Show,British TV Shows,2016,TV-14
Encounters with Evil,TV Show,Crime TV Shows,2016,TV-14
Encounters with Evil,TV Show,Docuseries,2016,TV-14
End of Watch,Movie,Action & Adventure,2012,R
Enemigo íntimo,TV Show,Crime TV Shows,2018,TV-MA
Enemigo íntimo,TV Show,Spanish-Language TV Shows,2018,TV-MA
Enemigo íntimo,TV Show,TV Dramas,2018,TV-MA
Enemy,Movie,Independent Movies,2013,R
Enemy,Movie,Thrillers,2013,R
Enlighten Us,Movie,Documentaries,2016,TV-14
Entanglement,Movie,Dramas,2018,TV-MA
Entanglement,Movie,Independent Movies,2018,TV-MA
Entanglement,Movie,Romantic Movies,2018,TV-MA
Enter the Dragon,Movie,Action & Adventure,1973,R
Enter the Dragon,Movie,Classic Movies,1973,R
Equals,Movie,Dramas,2015,PG-13
Equals,Movie,Romantic Movies,2015,PG-13
Equals,Movie,Sci-Fi & Fantasy,2015,PG-13
Equilibrium,Movie,Action & Adventure,2002,R
Equilibrium,Movie,Dramas,2002,R
Equilibrium,Movie,Sci-Fi & Fantasy,2002,R
"Escape from the ""Liberty"" Cinema",Movie,Comedies,1990,TV-MA
"Escape from the ""Liberty"" Cinema",Movie,Dramas,1990,TV-MA
"Escape from the ""Liberty"" Cinema",Movie,Independent Movies,1990,TV-MA
Esperando La Carroza,Movie,Comedies,1985,NR
Esperando La Carroza,Movie,Cult Movies,1985,NR
Esperando La Carroza,Movie,International Movies,1985,NR
Estar o no estar,Movie,Dramas,2016,TV-14
Estar o no estar,Movie,International Movies,2016,TV-14
Estar o no estar,Movie,Romantic Movies,2016,TV-14
Ethirmarai,Movie,International Movies,2018,TV-14
Ethirmarai,Movie,Music & Musicals,2018,TV-14
Ethirmarai,Movie,Thrillers,2018,TV-14
Euphoria,Movie,Dramas,2018,R
Euphoria,Movie,International Movies,2018,R
Euphoria,Movie,LGBTQ Movies,2018,R
Eurovision Song Contest,TV Show,International TV Shows,2019,TV-PG
Evan Almighty,Movie,Children & Family Movies,2007,PG
Evan Almighty,Movie,Comedies,2007,PG
Evan Almighty,Movie,Faith & Spirituality,2007,PG
Event Horizon,Movie,Horror Movies,1997,R
Event Horizon,Movie,Sci-Fi & Fantasy,1997,R
Every Time I Die,Movie,Dramas,2019,TV-MA
Every Time I Die,Movie,Independent Movies,2019,TV-MA
Every Time I Die,Movie,Thrillers,2019,TV-MA
Everybody Knows,Movie,Dramas,2019,R
Everybody Knows,Movie,International Movies,2019,R
Everybody Knows,Movie,Thrillers,2019,R
Everyday Miracles,TV Show,British TV Shows,2014,TV-PG
Everyday Miracles,TV Show,Docuseries,2014,TV-PG
Everyday Miracles,TV Show,International TV Shows,2014,TV-PG
Evolution,Movie,Comedies,2001,PG-13
Evolution,Movie,Sci-Fi & Fantasy,2001,PG-13
Ex Machina,Movie,Dramas,2015,R
Ex Machina,Movie,Independent Movies,2015,R
Ex Machina,Movie,International Movies,2015,R
Ex-Boyfriend,TV Show,International TV Shows,2011,TV-14
Ex-Boyfriend,TV Show,Romantic TV Shows,2011,TV-14
Ex-Boyfriend,TV Show,TV Comedies,2011,TV-14
Exclusive Edition,TV Show,International TV Shows,2008,TV-14
Exclusive Edition,TV Show,TV Dramas,2008,TV-14
Executive Decision,Movie,Action & Adventure,1996,R
Exit Afghanistan,Movie,Documentaries,2013,TV-MA
Exit Afghanistan,Movie,International Movies,2013,TV-MA
Exit Strategy,Movie,Comedies,2012,NR
Exit Strategy,Movie,Romantic Movies,2012,NR
Exit Wounds,Movie,Action & Adventure,2001,R
Expo,Movie,Action & Adventure,2019,TV-14
Expo,Movie,Dramas,2019,TV-14
Expo,Movie,Independent Movies,2019,TV-14
Extras,TV Show,British TV Shows,2006,TV-MA
Extras,TV Show,TV Comedies,2006,TV-MA
Eyyvah Eyyvah,Movie,Comedies,2010,TV-MA
Eyyvah Eyyvah,Movie,International Movies,2010,TV-MA
Eyyvah Eyyvah 2,Movie,Comedies,2011,TV-PG
Eyyvah Eyyvah 2,Movie,International Movies,2011,TV-PG
Eyyvah Eyyvah 2,Movie,Romantic Movies,2011,TV-PG
Eyyvah Eyyvah 3,Movie,Comedies,2014,TV-PG
Eyyvah Eyyvah 3,Movie,International Movies,2014,TV-PG
Ezel,TV Show,Crime TV Shows,2009,TV-14
Ezel,TV Show,International TV Shows,2009,TV-14
Ezel,TV Show,TV Dramas,2009,TV-14
F the Prom,Movie,Comedies,2017,TV-MA
F the Prom,Movie,Romantic Movies,2017,TV-MA
Face 2 Face,Movie,Dramas,2017,TV-MA
Face 2 Face,Movie,Independent Movies,2017,TV-MA
Fairy Tail,TV Show,Anime Series,2009,TV-MA
Fairy Tail,TV Show,International TV Shows,2009,TV-MA
Fake or Fortune?,TV Show,British TV Shows,2015,TV-G
Fake or Fortune?,TV Show,Crime TV Shows,2015,TV-G
Fake or Fortune?,TV Show,Docuseries,2015,TV-G
Fakta Ladh Mhana,Movie,Action & Adventure,2011,TV-14
Fakta Ladh Mhana,Movie,Dramas,2011,TV-14
Fakta Ladh Mhana,Movie,International Movies,2011,TV-14
Fall Girls,Movie,Comedies,2019,TV-14
Fallen,Movie,Thrillers,1998,R
Familiye,Movie,Dramas,2017,TV-MA
Familiye,Movie,Independent Movies,2017,TV-MA
Familiye,Movie,International Movies,2017,TV-MA
Famous in Ahmedabad,Movie,Documentaries,2015,TV-14
Famous in Ahmedabad,Movie,International Movies,2015,TV-14
Fanatic,Movie,Thrillers,2019,TV-14
Fandry,Movie,Dramas,2014,NR
Fandry,Movie,Independent Movies,2014,NR
Fandry,Movie,International Movies,2014,NR
Farce,Movie,Comedies,2017,TV-MA
Farce,Movie,International Movies,2017,TV-MA
Fatal Destiny,TV Show,Crime TV Shows,2016,TV-MA
Fatal Destiny,TV Show,International TV Shows,2016,TV-MA
Fatal Destiny,TV Show,TV Action & Adventure,2016,TV-MA
Father Brown,TV Show,British TV Shows,2017,TV-14
Father Brown,TV Show,Crime TV Shows,2017,TV-14
Father Brown,TV Show,TV Dramas,2017,TV-14
Fear and Loathing in Las Vegas,Movie,Comedies,1998,R
Fear and Loathing in Las Vegas,Movie,Cult Movies,1998,R
Fear and Loathing in Las Vegas,Movie,Dramas,1998,R
Fear Files... Har Mod Pe Darr,TV Show,International TV Shows,2015,TV-MA
Fear Files... Har Mod Pe Darr,TV Show,TV Horror,2015,TV-MA
Fear Files... Har Mod Pe Darr,TV Show,TV Thrillers,2015,TV-MA
Feel Rich,Movie,Documentaries,2017,TV-MA
Fiddler on the Roof,Movie,Classic Movies,1971,G
Fiddler on the Roof,Movie,Dramas,1971,G
Fiddler on the Roof,Movie,Music & Musicals,1971,G
Fifty,Movie,Dramas,2015,NR
Fifty,Movie,International Movies,2015,NR
Figaro Pho,Movie,Children & Family Movies,2008,TV-Y7
Figaro Pho,Movie,Comedies,2008,TV-Y7
Figures of Speech,Movie,Documentaries,2016,TV-PG
Filinta,TV Show,Crime TV Shows,2015,TV-14
Filinta,TV Show,International TV Shows,2015,TV-14
Filinta,TV Show,TV Action & Adventure,2015,TV-14
Filmworker,Movie,Documentaries,2017,TV-MA
Filosofi Kopi The Movie,Movie,Dramas,2015,TV-PG
Filosofi Kopi The Movie,Movie,International Movies,2015,TV-PG
Final Destination,Movie,Cult Movies,2000,R
Final Destination,Movie,Horror Movies,2000,R
Final Destination,Movie,Thrillers,2000,R
Final Destination 2,Movie,Horror Movies,2003,R
Final Destination 2,Movie,Thrillers,2003,R
Final Destination 3,Movie,Horror Movies,2006,R
Fire at Sea,Movie,Documentaries,2016,TV-14
Fire at Sea,Movie,International Movies,2016,TV-14
Fireflies,Movie,Dramas,2013,TV-MA
Fireflies,Movie,Independent Movies,2013,TV-MA
Fireflies,Movie,International Movies,2013,TV-MA
First Impression,Movie,Comedies,2018,TV-14
First Impression,Movie,Romantic Movies,2018,TV-14
First Kill,Movie,Action & Adventure,2017,R
FirstBorn,Movie,Horror Movies,2016,TV-MA
FirstBorn,Movie,International Movies,2016,TV-MA
Fishpeople,Movie,Documentaries,2017,TV-14
Fishpeople,Movie,Sports Movies,2017,TV-14
Fishtail,Movie,Documentaries,2015,NR
Fit for Fashion,TV Show,International TV Shows,2015,TV-14
Fit for Fashion,TV Show,Reality TV,2015,TV-14
Fittest in Dubai,Movie,Documentaries,2019,TV-14
Fittest in Dubai,Movie,International Movies,2019,TV-14
Fittest in Dubai,Movie,Sports Movies,2019,TV-14
Five Elements Ninjas,Movie,Action & Adventure,1982,R
Five Elements Ninjas,Movie,International Movies,1982,R
Fix It and Finish It,TV Show,Reality TV,2014,TV-G
Flash of Genius,Movie,Dramas,2008,PG-13
Flimflam,Movie,Comedies,2016,TV-14
Flimflam,Movie,International Movies,2016,TV-14
Flock of Four,Movie,Dramas,2018,TV-MA
Flock of Four,Movie,Independent Movies,2018,TV-MA
Flock of Four,Movie,Music & Musicals,2018,TV-MA
Flowering Heart,TV Show,Kids' TV,2016,TV-Y7
Flowering Heart,TV Show,Korean TV Shows,2016,TV-Y7
Flying Guillotine 2,Movie,Action & Adventure,1978,TV-MA
Flying Guillotine 2,Movie,International Movies,1978,TV-MA
Follow Me,Movie,Documentaries,2017,TV-MA
Follow Me,Movie,International Movies,2017,TV-MA
Food: Delicious Science,TV Show,Docuseries,2017,TV-PG
Food: Delicious Science,TV Show,Science & Nature TV,2017,TV-PG
Footprints in the Sand,TV Show,International TV Shows,2011,TV-14
Footprints in the Sand,TV Show,TV Dramas,2011,TV-14
Footprints: The Path of Your Life,Movie,Documentaries,2015,PG
Footprints: The Path of Your Life,Movie,Faith & Spirituality,2015,PG
Footprints: The Path of Your Life,Movie,International Movies,2015,PG
For Colored Girls,Movie,Dramas,2010,R
For Grace,Movie,Documentaries,2015,TV-PG
For Greater Glory,Movie,Dramas,2012,R
For Greater Glory,Movie,International Movies,2012,R
For Love or Money,Movie,Comedies,2019,TV-MA
For the Birds,Movie,Documentaries,2018,TV-MA
For the Love of Benji,Movie,Children & Family Movies,1977,G
For the Win,TV Show,Reality TV,2017,TV-14
Forbidden Games: The Justin Fashanu Story,Movie,Documentaries,2017,TV-14
Forbidden Games: The Justin Fashanu Story,Movie,International Movies,2017,TV-14
Forbidden Games: The Justin Fashanu Story,Movie,LGBTQ Movies,2017,TV-14
Forbidden Planet,Movie,Action & Adventure,1956,G
Forbidden Planet,Movie,Classic Movies,1956,G
Forbidden Planet,Movie,Sci-Fi & Fantasy,1956,G
Forces of Nature,TV Show,British TV Shows,2016,TV-PG
Forces of Nature,TV Show,Docuseries,2016,TV-PG
Forces of Nature,TV Show,Science & Nature TV,2016,TV-PG
Forever Chape,Movie,Documentaries,2018,TV-MA
Forever Chape,Movie,International Movies,2018,TV-MA
Forever Chape,Movie,Sports Movies,2018,TV-MA
Forever Pure,Movie,Documentaries,2016,TV-MA
Forever Pure,Movie,International Movies,2016,TV-MA
Forever Pure,Movie,Sports Movies,2016,TV-MA
Forget Me Not,TV Show,International TV Shows,2011,TV-MA
Forget Me Not,TV Show,TV Dramas,2011,TV-MA
Forks Over Knives,Movie,Documentaries,2011,PG
Four Christmases,Movie,Comedies,2008,PG-13
Four Christmases,Movie,Romantic Movies,2008,PG-13
Four Seasons in Havana,TV Show,Crime TV Shows,2016,TV-MA
Four Seasons in Havana,TV Show,International TV Shows,2016,TV-MA
Four Seasons in Havana,TV Show,Spanish-Language TV Shows,2016,TV-MA
Four Weddings and a Funeral,Movie,Classic Movies,1994,R
Four Weddings and a Funeral,Movie,Comedies,1994,R
Four Weddings and a Funeral,Movie,International Movies,1994,R
Fracture,Movie,Dramas,2007,R
Fracture,Movie,Thrillers,2007,R
Frances Ha,Movie,Comedies,2012,R
Frances Ha,Movie,Dramas,2012,R
Frances Ha,Movie,Independent Movies,2012,R
Frasier,TV Show,Classic & Cult TV,2003,TV-PG
Frasier,TV Show,TV Comedies,2003,TV-PG
Freak Show,Movie,Comedies,2018,TV-MA
Freak Show,Movie,Dramas,2018,TV-MA
Freak Show,Movie,Independent Movies,2018,TV-MA
Fred Claus,Movie,Children & Family Movies,2007,PG
Fred Claus,Movie,Comedies,2007,PG
Free Willy,Movie,Children & Family Movies,1993,PG
Free Willy,Movie,Dramas,1993,PG
Freeway: Crack in the System,Movie,Documentaries,2015,R
Freezer's Campaign,Movie,Comedies,2016,TV-MA
Freezer's Campaign,Movie,International Movies,2016,TV-MA
French Dirty,Movie,Dramas,2015,TV-MA
French Dirty,Movie,Independent Movies,2015,TV-MA
Freshman Year,Movie,Dramas,2019,TV-PG
Freshman Year,Movie,Faith & Spirituality,2019,TV-PG
Friday Night Tykes,TV Show,Docuseries,2017,TV-PG
Friday Night Tykes,TV Show,Reality TV,2017,TV-PG
Friday the 13th,Movie,Horror Movies,2009,R
Friend Request,Movie,Horror Movies,2016,R
Friend Request,Movie,International Movies,2016,R
Friends,TV Show,Classic & Cult TV,2003,TV-14
Friends,TV Show,TV Comedies,2003,TV-14
From Japan to Egypt,Movie,Children & Family Movies,2017,TV-14
From Japan to Egypt,Movie,Comedies,2017,TV-14
From Japan to Egypt,Movie,Dramas,2017,TV-14
From Paris with Love,Movie,Action & Adventure,2010,R
From Paris with Love,Movie,International Movies,2010,R
Froning: The Fittest Man in History,Movie,Documentaries,2016,PG
Froning: The Fittest Man in History,Movie,International Movies,2016,PG
Froning: The Fittest Man in History,Movie,Sports Movies,2016,PG
Frozen Planet,TV Show,British TV Shows,2011,TV-PG
Frozen Planet,TV Show,Docuseries,2011,TV-PG
Frozen Planet,TV Show,International TV Shows,2011,TV-PG
Frozen Planet: On Thin Ice,Movie,Movies,2011,TV-PG
Frozen Planet: The Epic Journey,Movie,Movies,2011,TV-PG
Frozen River,Movie,Dramas,2008,R
Frozen River,Movie,Independent Movies,2008,R
Full Out,Movie,Children & Family Movies,2015,TV-PG
Full Out,Movie,Dramas,2015,TV-PG
Full Out,Movie,Sports Movies,2015,TV-PG
Functional Fitness,Movie,Documentaries,2016,TV-MA
Furie,Movie,Action & Adventure,2019,TV-MA
Furie,Movie,Dramas,2019,TV-MA
Furie,Movie,International Movies,2019,TV-MA
Furthest Witness,Movie,Dramas,2017,TV-MA
Furthest Witness,Movie,Thrillers,2017,TV-MA
G-Force,Movie,Children & Family Movies,2009,PG
G-Force,Movie,Comedies,2009,PG
Gabriel and the Mountain,Movie,Dramas,2017,TV-MA
Gabriel and the Mountain,Movie,Independent Movies,2017,TV-MA
Gabriel and the Mountain,Movie,International Movies,2017,TV-MA
Gabru: Hip Hop Revolution,TV Show,International TV Shows,2018,TV-14
Gabru: Hip Hop Revolution,TV Show,TV Dramas,2018,TV-14
Gagarin: First in Space,Movie,Dramas,2013,TV-14
Gagarin: First in Space,Movie,International Movies,2013,TV-14
Galavant,TV Show,TV Action & Adventure,2016,TV-PG
Galavant,TV Show,TV Comedies,2016,TV-PG
Galih dan Ratna,Movie,Dramas,2017,TV-PG
Galih dan Ratna,Movie,International Movies,2017,TV-PG
Galih dan Ratna,Movie,Romantic Movies,2017,TV-PG
Game Winning Hit,TV Show,International TV Shows,2009,TV-MA
Game Winning Hit,TV Show,TV Comedies,2009,TV-MA
Game Winning Hit,TV Show,TV Dramas,2009,TV-MA
Gangs of Hassepur,TV Show,International TV Shows,2014,TV-PG
Gangs of Hassepur,TV Show,Stand-Up Comedy & Talk Shows,2014,TV-PG
Gangs of Hassepur,TV Show,TV Comedies,2014,TV-PG
Gangs of New York,Movie,Dramas,2002,R
Gargantia on the Verdurous Planet,TV Show,Anime Series,2013,
Gargantia on the Verdurous Planet,TV Show,International TV Shows,2013,
Garuda Di Dadaku,Movie,Children & Family Movies,2009,TV-PG
Garuda Di Dadaku,Movie,Dramas,2009,TV-PG
Garuda Di Dadaku,Movie,Sports Movies,2009,TV-PG
Garuda in My Heart 2,Movie,Children & Family Movies,2011,TV-PG
Garuda in My Heart 2,Movie,Dramas,2011,TV-PG
Garuda in My Heart 2,Movie,Sports Movies,2011,TV-PG
Gehenna: Where Death Lives,Movie,Horror Movies,2016,TV-MA
Gehenna: Where Death Lives,Movie,Thrillers,2016,TV-MA
Gelo,Movie,Dramas,2016,TV-MA
Gelo,Movie,International Movies,2016,TV-MA
Gemini,Movie,Dramas,2018,TV-PG
Gender Revolution: A Journey with Katie Couric,Movie,Documentaries,2017,TV-PG
Gender Revolution: A Journey with Katie Couric,Movie,LGBTQ Movies,2017,TV-PG
Genius of the Ancient World,TV Show,British TV Shows,2015,TV-PG
Genius of the Ancient World,TV Show,Docuseries,2015,TV-PG
Genius of the Ancient World,TV Show,International TV Shows,2015,TV-PG
Genius of the Modern World,TV Show,British TV Shows,2016,TV-PG
Genius of the Modern World,TV Show,Docuseries,2016,TV-PG
Genius of the Modern World,TV Show,International TV Shows,2016,TV-PG
Gentlemen and Gangsters,TV Show,Crime TV Shows,2016,TV-MA
Gentlemen and Gangsters,TV Show,International TV Shows,2016,TV-MA
Gentlemen and Gangsters,TV Show,Romantic TV Shows,2016,TV-MA
George of the Jungle 2,Movie,Children & Family Movies,2003,PG
George of the Jungle 2,Movie,Comedies,2003,PG
Geronimo Stilton,TV Show,Kids' TV,2011,TV-Y
Geronimo Stilton,TV Show,TV Comedies,2011,TV-Y
Get Him to the Greek,Movie,Comedies,2010,R
Get Him to the Greek,Movie,Music & Musicals,2010,R
Get Santa,Movie,Children & Family Movies,2014,PG
Get Santa,Movie,Comedies,2014,PG
Get Shorty,TV Show,Crime TV Shows,2017,TV-MA
Get Shorty,TV Show,TV Comedies,2017,TV-MA
Get Shorty,TV Show,TV Dramas,2017,TV-MA
Get Smart,Movie,Action & Adventure,2008,PG-13
Get Smart,Movie,Comedies,2008,PG-13
Getting Played,Movie,Comedies,2005,PG-13
Getting Played,Movie,Romantic Movies,2005,PG-13
Ghayal,Movie,Action & Adventure,1990,TV-14
Ghayal,Movie,Dramas,1990,TV-14
Ghayal,Movie,International Movies,1990,TV-14
Ghost House,Movie,Horror Movies,2017,TV-MA
Ghost Pain,Movie,Action & Adventure,2013,TV-MA
Ghost Pain,Movie,Anime Features,2013,TV-MA
Ghost Pain,Movie,International Movies,2013,TV-MA
Ghost Rider,Movie,Action & Adventure,2007,PG-13
Ghost Rider,Movie,Sci-Fi & Fantasy,2007,PG-13
Ghost Tears,Movie,Action & Adventure,2014,TV-MA
Ghost Tears,Movie,Anime Features,2014,TV-MA
Ghost Tears,Movie,International Movies,2014,TV-MA
Ghost Town Gold,TV Show,Reality TV,2012,TV-14
Ghost Whispers,Movie,Action & Adventure,2013,TV-14
Ghost Whispers,Movie,Anime Features,2013,TV-14
Ghost Whispers,Movie,International Movies,2013,TV-14
Ghulam-E-Musthafa,Movie,Action & Adventure,1997,TV-MA
Ghulam-E-Musthafa,Movie,Dramas,1997,TV-MA
Ghulam-E-Musthafa,Movie,International Movies,1997,TV-MA
Gie,Movie,Dramas,2005,TV-14
Gie,Movie,International Movies,2005,TV-14
Gigi,Movie,Classic Movies,1958,G
Gigi,Movie,Comedies,1958,G
Gigi,Movie,Music & Musicals,1958,G
Ginger & Rosa,Movie,Dramas,2012,PG-13
Ginger & Rosa,Movie,Independent Movies,2012,PG-13
"Girl, Boy, Bakla, Tomboy",Movie,Comedies,2013,TV-14
"Girl, Boy, Bakla, Tomboy",Movie,International Movies,2013,TV-14
GLOW: The Story of the Gorgeous Ladies of Wrestling,Movie,Documentaries,2012,NR
GLOW: The Story of the Gorgeous Ladies of Wrestling,Movie,Sports Movies,2012,NR
Glowing Embers,TV Show,International TV Shows,2010,TV-14
Glowing Embers,TV Show,TV Dramas,2010,TV-14
God Bless the Broken Road,Movie,Children & Family Movies,2018,PG
God Bless the Broken Road,Movie,Dramas,2018,PG
God Bless the Broken Road,Movie,Faith & Spirituality,2018,PG
God Knows Where I Am,Movie,Documentaries,2016,TV-PG
God of War,Movie,Action & Adventure,2017,NR
God of War,Movie,International Movies,2017,NR
God's Not Dead,Movie,Dramas,2014,PG
God's Not Dead,Movie,Faith & Spirituality,2014,PG
God's Not Dead: A Light in Darkness,Movie,Dramas,2018,PG
God's Not Dead: A Light in Darkness,Movie,Faith & Spirituality,2018,PG
God's Own Country,Movie,Dramas,2017,TV-MA
God's Own Country,Movie,Independent Movies,2017,TV-MA
God's Own Country,Movie,International Movies,2017,TV-MA
Gol Maal,Movie,Classic Movies,1979,TV-PG
Gol Maal,Movie,Comedies,1979,TV-PG
Gol Maal,Movie,International Movies,1979,TV-PG
Golden Time,Movie,International Movies,2013,TV-Y
Golden Time,Movie,Sci-Fi & Fantasy,2013,TV-Y
GoldenEye,Movie,Action & Adventure,1995,PG-13
Goldie,Movie,Dramas,2019,TV-MA
Goldie & Bear,TV Show,Kids' TV,2017,TV-Y
Goldstone,Movie,Thrillers,2016,R
Golmaal: Fun Unlimited,Movie,Comedies,2006,TV-14
Golmaal: Fun Unlimited,Movie,International Movies,2006,TV-14
Gomorrah,TV Show,Crime TV Shows,2016,TV-MA
Gomorrah,TV Show,International TV Shows,2016,TV-MA
Gomorrah,TV Show,TV Dramas,2016,TV-MA
Gone are the Days,Movie,Independent Movies,2018,R
Gonul,TV Show,International TV Shows,2015,TV-14
Gonul,TV Show,TV Dramas,2015,TV-14
Gonul,TV Show,TV Thrillers,2015,TV-14
Good Kids,Movie,Comedies,2016,R
Good Kids,Movie,Independent Movies,2016,R
Good Kill,Movie,Dramas,2014,R
Good Kisser,Movie,Comedies,2019,TV-MA
Good Kisser,Movie,Dramas,2019,TV-MA
Good Kisser,Movie,Independent Movies,2019,TV-MA
Good Luck,Movie,Dramas,2012,TV-MA
Good Luck,Movie,International Movies,2012,TV-MA
"Good Night, and Good Luck",Movie,Dramas,2005,PG
Good People,Movie,Action & Adventure,2014,R
Good People,Movie,Thrillers,2014,R
GoodFellas,Movie,Classic Movies,1990,R
GoodFellas,Movie,Dramas,1990,R
Gook,Movie,Dramas,2017,TV-MA
Gook,Movie,Independent Movies,2017,TV-MA
Goon,Movie,Comedies,2011,R
Goon,Movie,Sports Movies,2011,R
Goosebumps 2: Haunted Halloween,Movie,Children & Family Movies,2018,PG
Goosebumps 2: Haunted Halloween,Movie,Comedies,2018,PG
Gosford Park,Movie,Comedies,2001,R
Gosford Park,Movie,Dramas,2001,R
Gosford Park,Movie,International Movies,2001,R
Gossip Girl,TV Show,TV Dramas,2012,TV-14
Gossip Girl,TV Show,Teen TV Shows,2012,TV-14
Gothika,Movie,Horror Movies,2003,R
Gothika,Movie,Thrillers,2003,R
Gour Hari Dastaan: The Freedom File,Movie,Dramas,2015,TV-14
Gour Hari Dastaan: The Freedom File,Movie,Independent Movies,2015,TV-14
Gour Hari Dastaan: The Freedom File,Movie,International Movies,2015,TV-14
Gran Torino,Movie,Dramas,2008,R
Grand Designs,TV Show,British TV Shows,2017,TV-14
Grand Designs,TV Show,International TV Shows,2017,TV-14
Grand Designs,TV Show,Reality TV,2017,TV-14
Grand Hotel,TV Show,International TV Shows,2013,TV-PG
Grand Hotel,TV Show,Romantic TV Shows,2013,TV-PG
Grand Hotel,TV Show,Spanish-Language TV Shows,2013,TV-PG
Grand Masti,Movie,Comedies,2013,TV-MA
Grand Masti,Movie,International Movies,2013,TV-MA
Grand Masti,Movie,Music & Musicals,2013,TV-MA
Grass,Movie,Comedies,2017,TV-MA
Grass,Movie,Independent Movies,2017,TV-MA
Grease,Movie,Classic Movies,1978,PG
Grease,Movie,Comedies,1978,PG
Grease,Movie,Music & Musicals,1978,PG
Great Interior Design Challenge,TV Show,British TV Shows,2016,TV-PG
Great Interior Design Challenge,TV Show,International TV Shows,2016,TV-PG
Great Interior Design Challenge,TV Show,Reality TV,2016,TV-PG
Great Yellowstone Thaw,TV Show,Docuseries,2017,TV-PG
Great Yellowstone Thaw,TV Show,Science & Nature TV,2017,TV-PG
Green Room,Movie,Horror Movies,2015,R
Green Room,Movie,Thrillers,2015,R
Green White Green (And All the Beautiful Colours in My Mosaic of Madness),Movie,Comedies,2016,TV-MA
Green White Green (And All the Beautiful Colours in My Mosaic of Madness),Movie,Independent Movies,2016,TV-MA
Green White Green (And All the Beautiful Colours in My Mosaic of Madness),Movie,International Movies,2016,TV-MA
Gringo: The Dangerous Life of John McAfee,Movie,Documentaries,2016,TV-MA
Growing Up Coy,Movie,Documentaries,2016,TV-PG
Growing Up Coy,Movie,LGBTQ Movies,2016,TV-PG
Gun Runners,Movie,Documentaries,2015,TV-PG
Gun Runners,Movie,International Movies,2015,TV-PG
Gun Runners,Movie,Sports Movies,2015,TV-PG
Gunslinger Girl,TV Show,Anime Series,2008,TV-14
Gunslinger Girl,TV Show,Crime TV Shows,2008,TV-14
Guy Martin: Last Flight of the Vulcan Bomber,Movie,Documentaries,2015,TV-G
Guy Martin: Last Flight of the Vulcan Bomber,Movie,International Movies,2015,TV-G
Héroes,Movie,Comedies,2015,TV-MA
Héroes,Movie,International Movies,2015,TV-MA
Hükümet Kadin,Movie,Comedies,2013,TV-MA
Hükümet Kadin,Movie,International Movies,2013,TV-MA
Hükümet Kadin 2,Movie,Comedies,2013,TV-14
Hükümet Kadin 2,Movie,International Movies,2013,TV-14
Ha Unlimited,TV Show,International TV Shows,2016,TV-MA
Ha Unlimited,TV Show,TV Comedies,2016,TV-MA
Haapus,Movie,Comedies,2010,TV-14
Haapus,Movie,Dramas,2010,TV-14
Haapus,Movie,International Movies,2010,TV-14
Hadi İnşallah,Movie,Comedies,2014,TV-14
Hadi İnşallah,Movie,International Movies,2014,TV-14
Hadi İnşallah,Movie,Romantic Movies,2014,TV-14
Hairspray,Movie,Children & Family Movies,2007,PG
Hairspray,Movie,Comedies,2007,PG
Hairspray,Movie,Music & Musicals,2007,PG
HALO Legends,Movie,Action & Adventure,2009,PG-13
HALO Legends,Movie,Anime Features,2009,PG-13
HALO Legends,Movie,Sci-Fi & Fantasy,2009,PG-13
Halo: The Fall of Reach,Movie,Action & Adventure,2015,TV-14
Halo: The Fall of Reach,Movie,Sci-Fi & Fantasy,2015,TV-14
Hamara Dil Aapke Paas Hai,Movie,Dramas,2000,TV-14
Hamara Dil Aapke Paas Hai,Movie,International Movies,2000,TV-14
Hamara Dil Aapke Paas Hai,Movie,Music & Musicals,2000,TV-14
Hamburger Hill,Movie,Action & Adventure,1987,R
Hamburger Hill,Movie,Dramas,1987,R
Hamza's Suitcase,Movie,Comedies,2017,TV-14
Hamza's Suitcase,Movie,International Movies,2017,TV-14
Hangman,Movie,Thrillers,2017,R
Hank: Five Years from the Brink,Movie,Documentaries,2013,TV-14
Hannibal,TV Show,TV Horror,2015,TV-MA
Hannibal,TV Show,TV Mysteries,2015,TV-MA
Hannibal,TV Show,TV Thrillers,2015,TV-MA
Hans Zimmer: Live in Prague,Movie,International Movies,2017,TV-G
Hans Zimmer: Live in Prague,Movie,Music & Musicals,2017,TV-G
Happy 300 Days,TV Show,International TV Shows,2013,TV-14
Happy 300 Days,TV Show,Romantic TV Shows,2013,TV-14
Happy 300 Days,TV Show,TV Comedies,2013,TV-14
Happy Hunting,Movie,Horror Movies,2017,TV-MA
Happy Hunting,Movie,Independent Movies,2017,TV-MA
Happy Times,Movie,Comedies,2014,NR
Happy Times,Movie,International Movies,2014,NR
Happy Times,Movie,Romantic Movies,2014,NR
Happy Valley,TV Show,British TV Shows,2016,TV-MA
Happy Valley,TV Show,Crime TV Shows,2016,TV-MA
Happy Valley,TV Show,International TV Shows,2016,TV-MA
Happyish,TV Show,TV Comedies,2015,TV-MA
Happyish,TV Show,TV Dramas,2015,TV-MA
Hard Tide,Movie,Dramas,2015,TV-MA
Hard Tide,Movie,Independent Movies,2015,TV-MA
Hardcore Henry,Movie,Action & Adventure,2015,R
Hardcore Henry,Movie,International Movies,2015,R
Hardcore Henry,Movie,Sci-Fi & Fantasy,2015,R
Harlem Globetrotters: The Team That Changed the World,Movie,Documentaries,2005,TV-14
Harlem Globetrotters: The Team That Changed the World,Movie,Sports Movies,2005,TV-14
Harold & Kumar Escape from Guantanamo Bay,Movie,Comedies,2008,R
Harold & Kumar Escape from Guantanamo Bay,Movie,Cult Movies,2008,R
Harold & Kumar Go to White Castle,Movie,Comedies,2004,R
Harold & Kumar Go to White Castle,Movie,Cult Movies,2004,R
Harold and Lillian: A Hollywood Love Story,Movie,Documentaries,2015,TV-14
Harold Shipman - Driven to Kill,TV Show,British TV Shows,2014,TV-14
Harold Shipman - Driven to Kill,TV Show,Crime TV Shows,2014,TV-14
Harold Shipman - Driven to Kill,TV Show,Docuseries,2014,TV-14
Harriet the Spy: Blog Wars,Movie,Children & Family Movies,2010,TV-G
Harriet the Spy: Blog Wars,Movie,Comedies,2010,TV-G
Harry & Bunnie,TV Show,Kids' TV,2017,TV-Y7
Harry & Bunnie,TV Show,TV Comedies,2017,TV-Y7
Harry and Snowman,Movie,Documentaries,2015,TV-PG
Harry and Snowman,Movie,Sports Movies,2015,TV-PG
Harry Benson: Shoot First,Movie,Documentaries,2016,NR
Hart of Dixie,TV Show,TV Comedies,2014,TV-PG
Hart of Dixie,TV Show,TV Dramas,2014,TV-PG
Haseena Maan Jaayegi,Movie,Action & Adventure,1999,TV-PG
Haseena Maan Jaayegi,Movie,Comedies,1999,TV-PG
Haseena Maan Jaayegi,Movie,Dramas,1999,TV-PG
Hati Perempuan,TV Show,International TV Shows,2015,TV-14
Hati Perempuan,TV Show,Romantic TV Shows,2015,TV-14
Hati Perempuan,TV Show,TV Dramas,2015,TV-14
Haunters: The Art of the Scare,Movie,Documentaries,2017,TV-MA
Haunters: The Art of the Scare,Movie,Horror Movies,2017,TV-MA
Haunting on Fraternity Row,Movie,Horror Movies,2018,TV-MA
Haunting on Fraternity Row,Movie,Independent Movies,2018,TV-MA
Have You Seen the Listers?,Movie,Documentaries,2017,TV-MA
Have You Seen the Listers?,Movie,International Movies,2017,TV-MA
Haven,TV Show,Classic & Cult TV,2015,TV-14
Haven,TV Show,TV Horror,2015,TV-14
Haven,TV Show,TV Mysteries,2015,TV-14
Havenhurst,Movie,Horror Movies,2016,TV-MA
Havenhurst,Movie,Thrillers,2016,TV-MA
Haywire,Movie,Action & Adventure,2011,R
He Named Me Malala,Movie,Documentaries,2015,PG-13
He's Out There,Movie,Horror Movies,2018,R
He's Out There,Movie,Thrillers,2018,R
Head Count,Movie,Horror Movies,2018,TV-MA
Head Count,Movie,Independent Movies,2018,TV-MA
Head On,Movie,Dramas,1998,TV-MA
Head On,Movie,Independent Movies,1998,TV-MA
Head On,Movie,LGBTQ Movies,1998,TV-MA
Heal,Movie,Documentaries,2017,TV-14
Heartbreakers,Movie,Comedies,2001,PG-13
Heartbreakers,Movie,Romantic Movies,2001,PG-13
Heartthrob,Movie,Thrillers,2017,TV-MA
Heavy Rescue: 401,TV Show,International TV Shows,2018,TV-MA
Heavy Rescue: 401,TV Show,Reality TV,2018,TV-MA
Hedgehogs,Movie,Children & Family Movies,2016,PG
Helix,TV Show,TV Horror,2015,TV-MA
Helix,TV Show,TV Mysteries,2015,TV-MA
Helix,TV Show,TV Sci-Fi & Fantasy,2015,TV-MA
Hell and Back,Movie,Action & Adventure,2015,R
Hell and Back,Movie,Comedies,2015,R
Hell and Back,Movie,Independent Movies,2015,R
Hell on Wheels,TV Show,Crime TV Shows,2016,TV-14
Hell on Wheels,TV Show,TV Action & Adventure,2016,TV-14
Hell or High Water,Movie,Dramas,2016,R
Hell or High Water,Movie,Independent Movies,2016,R
Hellboy,Movie,Action & Adventure,2004,PG-13
Hellboy,Movie,Cult Movies,2004,PG-13
Hellboy,Movie,Sci-Fi & Fantasy,2004,PG-13
Her,Movie,Dramas,2013,R
Her,Movie,Romantic Movies,2013,R
Her,Movie,Sci-Fi & Fantasy,2013,R
Her Only Choice,Movie,Dramas,2018,TV-14
Hera Pheri,Movie,Action & Adventure,1976,TV-14
Hera Pheri,Movie,Comedies,1976,TV-14
Hera Pheri,Movie,Dramas,1976,TV-14
Here Alone,Movie,Horror Movies,2016,TV-MA
Hero,Movie,Action & Adventure,1997,TV-MA
Hero,Movie,International Movies,1997,TV-MA
Herrens veje,TV Show,International TV Shows,2018,TV-MA
Herrens veje,TV Show,TV Dramas,2018,TV-MA
Hickok,Movie,Action & Adventure,2017,TV-MA
Hidden Singer,TV Show,International TV Shows,2015,TV-Y7
Hidden Singer,TV Show,Korean TV Shows,2015,TV-Y7
Hidden Singer,TV Show,Reality TV,2015,TV-Y7
Hide & Seek,Movie,Horror Movies,2010,TV-14
Hide & Seek,Movie,International Movies,2010,TV-14
Hide & Seek,Movie,Thrillers,2010,TV-14
Hide and Seek,Movie,International Movies,2016,TV-14
Hide and Seek,Movie,Thrillers,2016,TV-14
Highly Strung,Movie,Documentaries,2015,TV-14
Highly Strung,Movie,International Movies,2015,TV-14
Highly Strung,Movie,Music & Musicals,2015,TV-14
Highway Thru Hell,TV Show,Reality TV,2016,TV-PG
Highway to Heaven,TV Show,TV Dramas,1988,TV-PG
Hinterland,TV Show,British TV Shows,2016,TV-14
Hinterland,TV Show,Crime TV Shows,2016,TV-14
Hinterland,TV Show,International TV Shows,2016,TV-14
Hiroshima: The Real History,Movie,Documentaries,2015,TV-PG
Hisss,Movie,Horror Movies,2010,TV-MA
Hisss,Movie,International Movies,2010,TV-MA
Hisss,Movie,Thrillers,2010,TV-MA
Historia de un clan,TV Show,Crime TV Shows,2015,TV-MA
Historia de un clan,TV Show,International TV Shows,2015,TV-MA
Historia de un clan,TV Show,Spanish-Language TV Shows,2015,TV-MA
History of Joy,Movie,Dramas,2017,TV-14
History of Joy,Movie,International Movies,2017,TV-14
History's Greatest Hoaxes,TV Show,British TV Shows,2016,TV-PG
History's Greatest Hoaxes,TV Show,Docuseries,2016,TV-PG
Hitch,Movie,Comedies,2005,PG-13
Hitch,Movie,Romantic Movies,2005,PG-13
Hitler's Olympics,Movie,Documentaries,2016,TV-PG
Hitler's Olympics,Movie,Sports Movies,2016,TV-PG
Hitler's Steel Beast,Movie,Documentaries,2017,TV-14
Hitler's Steel Beast,Movie,International Movies,2017,TV-14
Ho Mann Jahaan,Movie,Dramas,2015,TV-PG
Ho Mann Jahaan,Movie,International Movies,2015,TV-PG
Ho Mann Jahaan,Movie,Romantic Movies,2015,TV-PG
Hogie the Globehopper,TV Show,Kids' TV,2016,TV-Y
Hokkabaz,Movie,Comedies,2006,TV-MA
Hokkabaz,Movie,Dramas,2006,TV-MA
Hokkabaz,Movie,International Movies,2006,TV-MA
Holding the Man,Movie,Dramas,2015,TV-MA
Holding the Man,Movie,International Movies,2015,TV-MA
Holding the Man,Movie,LGBTQ Movies,2015,TV-MA
Holidays,Movie,Comedies,2016,TV-MA
Holidays,Movie,Horror Movies,2016,TV-MA
Holy Hell,Movie,Documentaries,2016,NR
Holy Man 2,Movie,Comedies,2008,TV-14
Holy Man 2,Movie,Faith & Spirituality,2008,TV-14
Holy Man 2,Movie,International Movies,2008,TV-14
Holy Man 3,Movie,Comedies,2010,TV-MA
Holy Man 3,Movie,Faith & Spirituality,2010,TV-MA
Holy Man 3,Movie,International Movies,2010,TV-MA
Hombanna,Movie,Dramas,2017,TV-14
Hombanna,Movie,International Movies,2017,TV-14
Homeland,Movie,Dramas,2019,TV-PG
Homeland,Movie,Independent Movies,2019,TV-PG
Homeland,Movie,International Movies,2019,TV-PG
Honey 2,Movie,Dramas,2011,PG-13
Honey 2,Movie,Romantic Movies,2011,PG-13
Honey: Rise Up and Dance,Movie,Dramas,2018,PG-13
Hoodwinked Too! Hood vs. Evil,Movie,Children & Family Movies,2011,PG
Hoodwinked Too! Hood vs. Evil,Movie,Comedies,2011,PG
Hope Aur Hum,Movie,Children & Family Movies,2018,TV-14
Hope Aur Hum,Movie,Comedies,2018,TV-14
Hope Aur Hum,Movie,Dramas,2018,TV-14
Hope Springs Eternal,Movie,Dramas,2018,PG
Hope: One in a Billion,Movie,Documentaries,2017,TV-14
Hope: One in a Billion,Movie,International Movies,2017,TV-14
Hope: One in a Billion,Movie,Sports Movies,2017,TV-14
Hormones,TV Show,International TV Shows,2015,TV-MA
Hormones,TV Show,Romantic TV Shows,2015,TV-MA
Hormones,TV Show,TV Dramas,2015,TV-MA
Horns,Movie,Dramas,2013,R
Horns,Movie,Horror Movies,2013,R
Horns,Movie,Sci-Fi & Fantasy,2013,R
Horror Homes,TV Show,British TV Shows,2016,TV-14
Horror Homes,TV Show,Docuseries,2016,TV-14
Horror Homes,TV Show,International TV Shows,2016,TV-14
Horror Story,Movie,Horror Movies,2013,TV-14
Horror Story,Movie,International Movies,2013,TV-14
Hostage to the Devil,Movie,Documentaries,2016,TV-14
Hostage to the Devil,Movie,International Movies,2016,TV-14
Hostages,Movie,Documentaries,2017,TV-PG
Hostages,Movie,International Movies,2017,TV-PG
Hostiles,Movie,Dramas,2017,R
Hot Bot,Movie,Comedies,2016,NR
Hot Property,Movie,Comedies,2016,TV-MA
Hot Property,Movie,Independent Movies,2016,TV-MA
Hot Rod,Movie,Comedies,2007,PG-13
Hot Rod,Movie,Sports Movies,2007,PG-13
Hotel Beau Séjour,TV Show,Crime TV Shows,2017,TV-14
Hotel Beau Séjour,TV Show,International TV Shows,2017,TV-14
Hotel Beau Séjour,TV Show,TV Dramas,2017,TV-14
Hotel Pacific,Movie,Classic Movies,1975,TV-MA
Hotel Pacific,Movie,Dramas,1975,TV-MA
Hotel Pacific,Movie,International Movies,1975,TV-MA
Hotel Transylvania 3: Summer Vacation,Movie,Children & Family Movies,2018,PG
Hotel Transylvania 3: Summer Vacation,Movie,Comedies,2018,PG
House at the End of the Street,Movie,Horror Movies,2012,PG-13
House at the End of the Street,Movie,Thrillers,2012,PG-13
House of Z,Movie,Documentaries,2016,TV-14
"Houston, We Have a Problem!",Movie,Comedies,2016,TV-14
"Houston, We Have a Problem!",Movie,Independent Movies,2016,TV-14
"Houston, We Have a Problem!",Movie,International Movies,2016,TV-14
How the Beatles Changed the World,Movie,Documentaries,2017,TV-PG
How the Beatles Changed the World,Movie,Music & Musicals,2017,TV-PG
How the Grinch Stole Christmas,Movie,Children & Family Movies,2000,PG
How the Grinch Stole Christmas,Movie,Comedies,2000,PG
How to Be a Latin Lover,Movie,Comedies,2017,PG-13
How to Be a Player,Movie,Comedies,1997,R
How to Change the World,Movie,Documentaries,2015,NR
How to Change the World,Movie,International Movies,2015,NR
How to Live Mortgage Free with Sarah Beeny,TV Show,British TV Shows,2018,TV-MA
How to Live Mortgage Free with Sarah Beeny,TV Show,International TV Shows,2018,TV-MA
How to Live Mortgage Free with Sarah Beeny,TV Show,Reality TV,2018,TV-MA
How to Make an American Quilt,Movie,Dramas,1995,PG-13
How to Make an American Quilt,Movie,Romantic Movies,1995,PG-13
How to Win the US Presidency,Movie,Documentaries,2016,TV-PG
Hridaynath,Movie,Dramas,2012,TV-14
Hridaynath,Movie,International Movies,2012,TV-14
Hulk Vs.,Movie,Action & Adventure,2009,PG-13
Hulk Vs.,Movie,Sci-Fi & Fantasy,2009,PG-13
Hum Saath-Saath Hain,Movie,Dramas,1999,TV-G
Hum Saath-Saath Hain,Movie,International Movies,1999,TV-G
Hum Saath-Saath Hain,Movie,Music & Musicals,1999,TV-G
Humko Deewana Kar Gaye,Movie,International Movies,2006,TV-PG
Humko Deewana Kar Gaye,Movie,Music & Musicals,2006,TV-PG
Humko Deewana Kar Gaye,Movie,Romantic Movies,2006,TV-PG
Humsafar,TV Show,International TV Shows,2011,TV-PG
Humsafar,TV Show,Romantic TV Shows,2011,TV-PG
Humsafar,TV Show,TV Dramas,2011,TV-PG
Hungerford,Movie,Horror Movies,2014,TV-MA
Hungerford,Movie,Independent Movies,2014,TV-MA
Hungerford,Movie,International Movies,2014,TV-MA
Hunt to Kill,Movie,Action & Adventure,2010,R
Hunter's Prayer,Movie,Action & Adventure,2015,R
Hunter's Prayer,Movie,Independent Movies,2015,R
Hunters of the South Seas,TV Show,British TV Shows,2015,TV-14
Hunters of the South Seas,TV Show,Docuseries,2015,TV-14
Huntik: Secrets and Seekers,TV Show,Kids' TV,2011,TV-Y7
Hurricane Bianca,Movie,Comedies,2016,TV-MA
Hurricane Bianca,Movie,Independent Movies,2016,TV-MA
Hurricane Bianca,Movie,LGBTQ Movies,2016,TV-MA
Hurricane Bianca: From Russia With Hate,Movie,Comedies,2018,TV-MA
Hurricane Bianca: From Russia With Hate,Movie,Independent Movies,2018,TV-MA
Hurricane Bianca: From Russia With Hate,Movie,LGBTQ Movies,2018,TV-MA
Hustle & Flow,Movie,Dramas,2005,R
Hustle & Flow,Movie,Independent Movies,2005,R
Hustle & Flow,Movie,Music & Musicals,2005,R
Hyori's Bed & Breakfast,TV Show,International TV Shows,2018,TV-14
Hyori's Bed & Breakfast,TV Show,Korean TV Shows,2018,TV-14
Hyori's Bed & Breakfast,TV Show,Reality TV,2018,TV-14
Hypersomnia,Movie,Horror Movies,2016,TV-MA
Hypersomnia,Movie,International Movies,2016,TV-MA
Hypersomnia,Movie,Thrillers,2016,TV-MA
I Am,Movie,Dramas,2010,TV-MA
I Am,Movie,Independent Movies,2010,TV-MA
I Am,Movie,International Movies,2010,TV-MA
I Am Bolt,Movie,Documentaries,2016,PG
I Am Bolt,Movie,Sports Movies,2016,PG
I Am Jane Doe,Movie,Documentaries,2017,TV-14
I Am Maris,Movie,Documentaries,2018,TV-14
I Am Me!,TV Show,International TV Shows,2016,TV-14
I Am Me!,TV Show,Spanish-Language TV Shows,2016,TV-14
I Am Me!,TV Show,TV Comedies,2016,TV-14
I Am Not Madame Bovary,Movie,Comedies,2016,TV-14
I Am Not Madame Bovary,Movie,Dramas,2016,TV-14
I Am Not Madame Bovary,Movie,International Movies,2016,TV-14
I Am Sun Mu,Movie,Documentaries,2015,NR
I Am Sun Mu,Movie,International Movies,2015,NR
I Am Vengeance,Movie,Action & Adventure,2018,R
I Am Wrath,Movie,Action & Adventure,2016,R
I Am Wrath,Movie,Dramas,2016,R
I Don't Know How She Does It,Movie,Comedies,2011,PG-13
I Dream Of Dance,Movie,Children & Family Movies,2017,TV-14
I Dream Of Dance,Movie,Documentaries,2017,TV-14
I Fine... Thank You... Love You,Movie,Comedies,2014,TV-14
I Fine... Thank You... Love You,Movie,International Movies,2014,TV-14
I Fine... Thank You... Love You,Movie,Romantic Movies,2014,TV-14
"I, Daniel Blake",Movie,Dramas,2016,R
"I, Daniel Blake",Movie,Independent Movies,2016,R
I'll See You in My Dreams,Movie,Comedies,2015,PG-13
I'll See You in My Dreams,Movie,Dramas,2015,PG-13
I'll See You in My Dreams,Movie,Independent Movies,2015,PG-13
I'm in Love with a Church Girl,Movie,Dramas,2013,PG
I'm in Love with a Church Girl,Movie,Faith & Spirituality,2013,PG
I'm in Love with a Church Girl,Movie,Romantic Movies,2013,PG
I'm Sorry,TV Show,TV Comedies,2019,TV-MA
Ice Guardians,Movie,Documentaries,2016,TV-MA
Ice Guardians,Movie,International Movies,2016,TV-MA
Ice Guardians,Movie,Sports Movies,2016,TV-MA
Iceman,Movie,Action & Adventure,2014,R
Iceman,Movie,International Movies,2014,R
Iceman,Movie,Sci-Fi & Fantasy,2014,R
Ideachi Kalpana,Movie,Comedies,2010,TV-14
Ideachi Kalpana,Movie,International Movies,2010,TV-14
Ideachi Kalpana,Movie,Romantic Movies,2010,TV-14
Idiotest,TV Show,Reality TV,2014,TV-PG
Idiotest,TV Show,TV Comedies,2014,TV-PG
Igor,Movie,Children & Family Movies,2008,PG
Iliza Shlesinger: War Paint,Movie,Stand-Up Comedy,2013,NR
Imagine That,Movie,Children & Family Movies,2009,PG
Imagine That,Movie,Comedies,2009,PG
Imagine That,Movie,Sci-Fi & Fantasy,2009,PG
Immoral Tales,Movie,Dramas,1974,UR
Immoral Tales,Movie,International Movies,1974,UR
Immoral Tales,Movie,Romantic Movies,1974,UR
In Between,TV Show,International TV Shows,2012,TV-14
In Between,TV Show,Romantic TV Shows,2012,TV-14
In Between,TV Show,TV Comedies,2012,TV-14
In Search of Fellini,Movie,Action & Adventure,2017,R
In Search of Fellini,Movie,Dramas,2017,R
In The Deep,Movie,Horror Movies,2017,PG-13
In The Deep,Movie,International Movies,2017,PG-13
In The Deep,Movie,Thrillers,2017,PG-13
Incir Receli 2,Movie,Dramas,2014,TV-14
Incir Receli 2,Movie,International Movies,2014,TV-14
Incir Receli 2,Movie,Romantic Movies,2014,TV-14
Incoming,Movie,Action & Adventure,2019,TV-MA
Incoming,Movie,Sci-Fi & Fantasy,2019,TV-MA
Incomplete,Movie,Dramas,2017,TV-MA
Incomplete,Movie,International Movies,2017,TV-MA
Incomplete,Movie,Romantic Movies,2017,TV-MA
Inconceivable,Movie,Thrillers,2017,R
Incorruptible,Movie,Documentaries,2015,TV-MA
Incredibles 2 (Spanish Version),Movie,Children & Family Movies,2018,PG
Incredibles 2 (Spanish Version),Movie,Comedies,2018,PG
INDIA,Movie,Dramas,2014,NR
INDIA,Movie,Independent Movies,2014,NR
INDIA,Movie,International Movies,2014,NR
India: Nature's Wonderland,TV Show,British TV Shows,2015,TV-PG
India: Nature's Wonderland,TV Show,Docuseries,2015,TV-PG
India: Nature's Wonderland,TV Show,Science & Nature TV,2015,TV-PG
Indiana Jones and the Kingdom of the Crystal Skull,Movie,Action & Adventure,2008,PG-13
Indiana Jones and the Kingdom of the Crystal Skull,Movie,Children & Family Movies,2008,PG-13
Indiana Jones and the Kingdom of the Crystal Skull,Movie,Sci-Fi & Fantasy,2008,PG-13
Indiana Jones and the Last Crusade,Movie,Action & Adventure,1989,PG-13
Indiana Jones and the Last Crusade,Movie,Children & Family Movies,1989,PG-13
Indiana Jones and the Last Crusade,Movie,Classic Movies,1989,PG-13
Indiana Jones and the Raiders of the Lost Ark,Movie,Action & Adventure,1981,PG
Indiana Jones and the Raiders of the Lost Ark,Movie,Children & Family Movies,1981,PG
Indiana Jones and the Raiders of the Lost Ark,Movie,Classic Movies,1981,PG
Indiana Jones and the Temple of Doom,Movie,Action & Adventure,1984,PG
Indiana Jones and the Temple of Doom,Movie,Children & Family Movies,1984,PG
Indiana Jones and the Temple of Doom,Movie,Classic Movies,1984,PG
Indiscretion,Movie,Dramas,2016,TV-MA
Indiscretion,Movie,Thrillers,2016,TV-MA
Inequality for All,Movie,Documentaries,2013,PG
Influx,Movie,Documentaries,2016,TV-PG
Influx,Movie,International Movies,2016,TV-PG
Inglourious Basterds,Movie,Action & Adventure,2009,R
Inkheart,Movie,Action & Adventure,2008,PG
Inkheart,Movie,Children & Family Movies,2008,PG
Inkheart,Movie,Sci-Fi & Fantasy,2008,PG
Insan,Movie,Action & Adventure,2005,TV-14
Insan,Movie,Dramas,2005,TV-14
Insan,Movie,International Movies,2005,TV-14
Inside The Freemasons,TV Show,British TV Shows,2017,TV-MA
Inside The Freemasons,TV Show,Docuseries,2017,TV-MA
Inside The Freemasons,TV Show,International TV Shows,2017,TV-MA
Inside the Mind of a Serial Killer,TV Show,Crime TV Shows,2015,TV-14
Inside the Mind of a Serial Killer,TV Show,Docuseries,2015,TV-14
Inside the Mossad,TV Show,Docuseries,2017,TV-14
Inside the Mossad,TV Show,International TV Shows,2017,TV-14
Inst@famous,TV Show,Reality TV,2018,TV-MA
Instructions Not Included,Movie,Comedies,2013,PG-13
Instructions Not Included,Movie,Dramas,2013,PG-13
Instructions Not Included,Movie,International Movies,2013,PG-13
Intelligence,TV Show,Crime TV Shows,2007,TV-MA
Intelligence,TV Show,TV Dramas,2007,TV-MA
Internet Famous,Movie,Comedies,2016,TV-14
Into the Forest,Movie,Dramas,2015,R
Into the Forest,Movie,International Movies,2015,R
Into the Forest,Movie,Sci-Fi & Fantasy,2015,R
Inuyasha the Movie - L'isola del fuoco scarlatto,Movie,Action & Adventure,2004,TV-PG
Inuyasha the Movie - L'isola del fuoco scarlatto,Movie,Anime Features,2004,TV-PG
Inuyasha the Movie - L'isola del fuoco scarlatto,Movie,International Movies,2004,TV-PG
Inuyasha the Movie - La spada del dominatore del mondo,Movie,Action & Adventure,2003,TV-14
Inuyasha the Movie - La spada del dominatore del mondo,Movie,Anime Features,2003,TV-14
Inuyasha the Movie - La spada del dominatore del mondo,Movie,International Movies,2003,TV-14
InuYasha: The Movie 2: The Castle Beyond the Looking Glass,Movie,Action & Adventure,2002,TV-14
InuYasha: The Movie 2: The Castle Beyond the Looking Glass,Movie,Anime Features,2002,TV-14
InuYasha: The Movie 2: The Castle Beyond the Looking Glass,Movie,International Movies,2002,TV-14
Invictus,Movie,Dramas,2009,PG-13
Invictus,Movie,Sports Movies,2009,PG-13
Invisible Essence: The Little Prince,Movie,Documentaries,2018,TV-PG
Inxeba,Movie,Dramas,2017,TV-MA
Inxeba,Movie,Independent Movies,2017,TV-MA
Inxeba,Movie,International Movies,2017,TV-MA
Iqbal,Movie,Dramas,2006,TV-Y7
Iqbal,Movie,Independent Movies,2006,TV-Y7
Iqbal,Movie,International Movies,2006,TV-Y7
Irada Pakka,Movie,Comedies,2010,TV-14
Irada Pakka,Movie,Dramas,2010,TV-14
Irada Pakka,Movie,International Movies,2010,TV-14
Iron Cowboy: The Story of the 50.50.50,Movie,Documentaries,2018,TV-14
Iron Cowboy: The Story of the 50.50.50,Movie,Sports Movies,2018,TV-14
Iron Man & Captain America: Heroes United,Movie,Children & Family Movies,2014,PG
Iron Man & Captain America: Heroes United,Movie,Sci-Fi & Fantasy,2014,PG
Iron Man: Armored Adventures,TV Show,Kids' TV,2011,TV-Y7
Ishqedarriyaan,Movie,Dramas,2015,TV-14
Ishqedarriyaan,Movie,International Movies,2015,TV-14
Ishqedarriyaan,Movie,Romantic Movies,2015,TV-14
Islands of the Future,TV Show,Docuseries,2014,TV-PG
Islands of the Future,TV Show,International TV Shows,2014,TV-PG
Islands of the Future,TV Show,Science & Nature TV,2014,TV-PG
마녀사냥,TV Show,International TV Shows,2015,TV-MA
마녀사냥,TV Show,Korean TV Shows,2015,TV-MA
마녀사냥,TV Show,Stand-Up Comedy & Talk Shows,2015,TV-MA
Issaq,Movie,Dramas,2013,TV-MA
Issaq,Movie,International Movies,2013,TV-MA
Issaq,Movie,Music & Musicals,2013,TV-MA
It Takes Two,Movie,Children & Family Movies,1995,PG
It Takes Two,Movie,Comedies,1995,PG
It's Fine,Movie,Comedies,2012,TV-14
It's Fine,Movie,International Movies,2012,TV-14
It's Fine,Movie,Music & Musicals,2012,TV-14
It's Now or Never,Movie,Comedies,2015,TV-MA
It's Now or Never,Movie,International Movies,2015,TV-MA
It's Now or Never,Movie,Romantic Movies,2015,TV-MA
"It's Okay, Buddy",Movie,Comedies,2017,TV-14
"It's Okay, Buddy",Movie,International Movies,2017,TV-14
"It's Okay, Buddy",Movie,Music & Musicals,2017,TV-14
Iverson,Movie,Documentaries,2014,NR
Iverson,Movie,Sports Movies,2014,NR
최강전사 미니특공대 : 영웅의 탄생,Movie,Children & Family Movies,2018,TV-Y7
Jaan-E-Mann: Let's Fall in Love... Again,Movie,Dramas,2006,TV-14
Jaan-E-Mann: Let's Fall in Love... Again,Movie,International Movies,2006,TV-14
Jaan-E-Mann: Let's Fall in Love... Again,Movie,Romantic Movies,2006,TV-14
Jack and the Cuckoo-Clock Heart,Movie,Children & Family Movies,2013,PG
Jack and the Cuckoo-Clock Heart,Movie,Music & Musicals,2013,PG
Jack of all Trades,Movie,Documentaries,2018,TV-MA
Jack of all Trades,Movie,Sports Movies,2018,TV-MA
Jack Taylor,TV Show,Crime TV Shows,2016,TV-MA
Jack Taylor,TV Show,International TV Shows,2016,TV-MA
Jack Taylor,TV Show,TV Dramas,2016,TV-MA
Jackie Brown,Movie,Dramas,1997,R
Jackie Brown,Movie,Thrillers,1997,R
Jackpot,Movie,Comedies,2015,TV-14
Jackpot,Movie,Dramas,2015,TV-14
Jackpot,Movie,International Movies,2015,TV-14
Jail,Movie,Dramas,2009,TV-14
Jail,Movie,International Movies,2009,TV-14
Jake's Buccaneer Blast,Movie,Movies,2014,TV-Y
Jal,Movie,Dramas,2013,TV-14
Jal,Movie,Independent Movies,2013,TV-14
Jal,Movie,International Movies,2013,TV-14
Jalpari: The Desert Mermaid,Movie,Dramas,2012,TV-14
Jalpari: The Desert Mermaid,Movie,Independent Movies,2012,TV-14
Jalpari: The Desert Mermaid,Movie,International Movies,2012,TV-14
Janaan,Movie,Comedies,2016,TV-14
Janaan,Movie,Dramas,2016,TV-14
Janaan,Movie,International Movies,2016,TV-14
Japanese Style Originator,TV Show,International TV Shows,2008,TV-G
Japanese Style Originator,TV Show,Stand-Up Comedy & Talk Shows,2008,TV-G
Jay and Silent Bob Strike Back,Movie,Comedies,2001,R
Jay and Silent Bob Strike Back,Movie,Cult Movies,2001,R
Jealousy and medicine,Movie,Dramas,1973,TV-MA
Jealousy and medicine,Movie,International Movies,1973,TV-MA
Jealousy and medicine,Movie,Romantic Movies,1973,TV-MA
Jeopardy!,TV Show,Reality TV,2019,TV-G
Jeremy Scott: The People's Designer,Movie,Documentaries,2015,PG-13
Jericho,TV Show,Classic & Cult TV,2008,TV-14
Jericho,TV Show,TV Action & Adventure,2008,TV-14
Jericho,TV Show,TV Dramas,2008,TV-14
Jersey Boys,Movie,Dramas,2014,R
Jersey Boys,Movie,Music & Musicals,2014,R
Jesus: Countdown to Calvary,Movie,Documentaries,2018,TV-14
Jesus: Countdown to Calvary,Movie,Faith & Spirituality,2018,TV-14
Jewel's Catch One,Movie,Documentaries,2016,TV-MA
Jewel's Catch One,Movie,LGBTQ Movies,2016,TV-MA
Jhansi Ki Rani,TV Show,International TV Shows,2009,TV-14
Jhansi Ki Rani,TV Show,TV Dramas,2009,TV-14
Jimi Hendrix,Movie,Documentaries,1973,R
Jimi Hendrix,Movie,Music & Musicals,1973,R
JingleKids,TV Show,Kids' TV,2017,TV-Y7
Jiro Dreams of Sushi,Movie,Documentaries,2011,PG
Jis Desh Men Ganga Behti Hai,Movie,Action & Adventure,1960,TV-14
Jis Desh Men Ganga Behti Hai,Movie,Dramas,1960,TV-14
Jis Desh Men Ganga Behti Hai,Movie,International Movies,1960,TV-14
Joe Cocker: Mad Dog with Soul,Movie,Documentaries,2017,TV-14
Joe Cocker: Mad Dog with Soul,Movie,International Movies,2017,TV-14
Joe Cocker: Mad Dog with Soul,Movie,Music & Musicals,2017,TV-14
John & Jane,Movie,Documentaries,2005,TV-14
John & Jane,Movie,International Movies,2005,TV-14
John Carter,Movie,Action & Adventure,2012,PG-13
John Carter,Movie,Sci-Fi & Fantasy,2012,PG-13
John Day,Movie,International Movies,2013,TV-MA
John Day,Movie,Thrillers,2013,TV-MA
John Mellencamp: Plain Spoken,Movie,Documentaries,2017,TV-MA
John Mellencamp: Plain Spoken,Movie,Music & Musicals,2017,TV-MA
Jonathan,Movie,Dramas,2018,TV-MA
Jonathan,Movie,Independent Movies,2018,TV-MA
Jonathan,Movie,Sci-Fi & Fantasy,2018,TV-MA
Jonathan Strange & Mr Norrell,TV Show,British TV Shows,2015,TV-14
Jonathan Strange & Mr Norrell,TV Show,TV Dramas,2015,TV-14
Jonathan Strange & Mr Norrell,TV Show,TV Sci-Fi & Fantasy,2015,TV-14
Jora 10 Numbaria,Movie,Action & Adventure,2017,TV-MA
Jora 10 Numbaria,Movie,International Movies,2017,TV-MA
Juana Brava,TV Show,International TV Shows,2015,TV-MA
Juana Brava,TV Show,Spanish-Language TV Shows,2015,TV-MA
Juana Brava,TV Show,TV Dramas,2015,TV-MA
Juana Inés,TV Show,International TV Shows,2016,TV-14
Juana Inés,TV Show,Spanish-Language TV Shows,2016,TV-14
Juana Inés,TV Show,TV Dramas,2016,TV-14
Judwaa,Movie,Comedies,1997,TV-14
Judwaa,Movie,International Movies,1997,TV-14
Judwaa,Movie,Romantic Movies,1997,TV-14
Judy Moody and the Not Bummer Summer,Movie,Children & Family Movies,2011,PG
Judy Moody and the Not Bummer Summer,Movie,Comedies,2011,PG
Jugaad,Movie,Documentaries,2017,TV-14
Julie & Julia,Movie,Comedies,2009,PG-13
Julie & Julia,Movie,Dramas,2009,PG-13
Julius Jr.,TV Show,Kids' TV,2014,TV-Y
Jumping the Broom,Movie,Comedies,2011,PG-13
Jumping the Broom,Movie,Romantic Movies,2011,PG-13
Junebug,Movie,Comedies,2005,R
Junebug,Movie,Dramas,2005,R
Junebug,Movie,Independent Movies,2005,R
Jupiter Ascending,Movie,Action & Adventure,2015,PG-13
Jupiter Ascending,Movie,Sci-Fi & Fantasy,2015,PG-13
Just Friends,Movie,Comedies,2005,PG-13
Just Friends,Movie,Romantic Movies,2005,PG-13
"Justice, My Foot!",Movie,Action & Adventure,1992,TV-14
"Justice, My Foot!",Movie,Comedies,1992,TV-14
"Justice, My Foot!",Movie,International Movies,1992,TV-14
Justin Bieber: Never Say Never,Movie,Documentaries,2011,G
Justin Bieber: Never Say Never,Movie,Music & Musicals,2011,G
K,TV Show,Anime Series,2012,TV-MA
K,TV Show,Crime TV Shows,2012,TV-MA
K,TV Show,International TV Shows,2012,TV-MA
K-19: The Widowmaker,Movie,Action & Adventure,2002,PG-13
K-19: The Widowmaker,Movie,Dramas,2002,PG-13
Kaçak,TV Show,Crime TV Shows,2013,TV-14
Kaçak,TV Show,International TV Shows,2013,TV-14
Kaçak,TV Show,TV Action & Adventure,2013,TV-14
Kaabil,Movie,Dramas,2017,TV-14
Kaabil,Movie,International Movies,2017,TV-14
Kaakan,Movie,Dramas,2015,TV-PG
Kaakan,Movie,International Movies,2015,TV-PG
Kaakan,Movie,Romantic Movies,2015,TV-PG
Kaalia,Movie,Action & Adventure,1981,TV-14
Kaalia,Movie,Dramas,1981,TV-14
Kaalia,Movie,International Movies,1981,TV-14
Kaaliyan,Movie,Dramas,2017,TV-PG
Kaaliyan,Movie,International Movies,2017,TV-PG
Kabali (Hindi Version),Movie,Action & Adventure,2016,TV-MA
Kabali (Hindi Version),Movie,Dramas,2016,TV-MA
Kabali (Hindi Version),Movie,International Movies,2016,TV-MA
Kacche Dhaagey,Movie,Dramas,2016,TV-14
Kacche Dhaagey,Movie,International Movies,2016,TV-14
Kacche Dhaagey,Movie,Romantic Movies,2016,TV-14
Kahlil Gibran's The Prophet,Movie,Children & Family Movies,2014,PG
Kahlil Gibran's The Prophet,Movie,Dramas,2014,PG
Kajraare,Movie,Dramas,2010,TV-14
Kajraare,Movie,International Movies,2010,TV-14
Kajraare,Movie,Music & Musicals,2010,TV-14
Kaleidoscope,Movie,Thrillers,2016,TV-MA
Kalki,Movie,Dramas,2017,TV-14
Kalki,Movie,Independent Movies,2017,TV-14
Kalki,Movie,International Movies,2017,TV-14
Kanika,Movie,Horror Movies,2017,TV-14
Kanika,Movie,International Movies,2017,TV-14
Kanika,Movie,Thrillers,2017,TV-14
Karzzzz,Movie,International Movies,2008,TV-14
Karzzzz,Movie,Music & Musicals,2008,TV-14
Karzzzz,Movie,Romantic Movies,2008,TV-14
Kate & Leopold,Movie,Comedies,2001,PG-13
Kate & Leopold,Movie,Romantic Movies,2001,PG-13
Katha,Movie,Comedies,1982,TV-PG
Katha,Movie,Dramas,1982,TV-PG
Katha,Movie,Independent Movies,1982,TV-PG
Katt Williams: Live,Movie,Stand-Up Comedy,2006,NR
Kaviyude Osyath,Movie,Dramas,2017,TV-14
Kaviyude Osyath,Movie,International Movies,2017,TV-14
Kay Dyache Bola,Movie,Comedies,2005,TV-14
Kay Dyache Bola,Movie,Dramas,2005,TV-14
Kay Dyache Bola,Movie,International Movies,2005,TV-14
Ken Burns: The Civil War,TV Show,Docuseries,1990,TV-14
Ken Burns: The Roosevelts: An Intimate History,TV Show,Docuseries,2014,TV-PG
Ken Burns: The West,TV Show,Docuseries,1996,TV-PG
Kevin Hart: Laugh at My Pain,Movie,Stand-Up Comedy,2011,R
Kevin Hart: Let Me Explain,Movie,Stand-Up Comedy,2013,R
Kevin Hart: Seriously Funny,Movie,Stand-Up Comedy,2010,TV-MA
Kevyn Aucoin: Beauty & the Beast in Me,Movie,Documentaries,2017,TV-MA
Kevyn Aucoin: Beauty & the Beast in Me,Movie,LGBTQ Movies,2017,TV-MA
Khaani,TV Show,Crime TV Shows,2017,TV-14
Khaani,TV Show,International TV Shows,2017,TV-14
Khaani,TV Show,Romantic TV Shows,2017,TV-14
Khalnayak,Movie,Action & Adventure,1993,TV-14
Khalnayak,Movie,Dramas,1993,TV-14
Khalnayak,Movie,International Movies,1993,TV-14
Khan: No. 1 Crime Hunter,TV Show,Crime TV Shows,2018,TV-14
Khan: No. 1 Crime Hunter,TV Show,International TV Shows,2018,TV-14
Khan: No. 1 Crime Hunter,TV Show,TV Comedies,2018,TV-14
Khelti Hai Zindagi Aankh Micholi,TV Show,International TV Shows,2013,TV-14
Khelti Hai Zindagi Aankh Micholi,TV Show,TV Dramas,2013,TV-14
Khosla Ka Ghosla,Movie,Comedies,2006,TV-14
Khosla Ka Ghosla,Movie,Dramas,2006,TV-14
Khosla Ka Ghosla,Movie,International Movies,2006,TV-14
Khotey Sikkey,TV Show,Crime TV Shows,2011,TV-14
Khotey Sikkey,TV Show,International TV Shows,2011,TV-14
Khotey Sikkey,TV Show,TV Dramas,2011,TV-14
Khubsoorat,Movie,Classic Movies,1980,TV-PG
Khubsoorat,Movie,Comedies,1980,TV-PG
Khubsoorat,Movie,Dramas,1980,TV-PG
Khushi,Movie,Comedies,2003,TV-14
Khushi,Movie,International Movies,2003,TV-14
Khushi,Movie,Music & Musicals,2003,TV-14
Kia and Cosmos,Movie,Dramas,2018,TV-14
Kia and Cosmos,Movie,Independent Movies,2018,TV-14
Kia and Cosmos,Movie,International Movies,2018,TV-14
Kickboxer: Retaliation,Movie,Action & Adventure,2017,R
Kickboxer: Vengeance,Movie,Action & Adventure,2016,TV-MA
Kicking and Screaming,Movie,Comedies,1995,R
Kicking and Screaming,Movie,Independent Movies,1995,R
Kicking and Screaming,Movie,Romantic Movies,1995,R
Kid Kulafu,Movie,Dramas,2015,TV-14
Kid Kulafu,Movie,International Movies,2015,TV-14
Kid Kulafu,Movie,Sports Movies,2015,TV-14
Kidnapping Mr. Heineken,Movie,Action & Adventure,2015,R
Kidnapping Mr. Heineken,Movie,Dramas,2015,R
Kidnapping Mr. Heineken,Movie,International Movies,2015,R
Kikoriki,TV Show,Kids' TV,2010,TV-Y
Kill Bill: Vol. 1,Movie,Action & Adventure,2003,R
Kill Bill: Vol. 2,Movie,Action & Adventure,2004,R
Kill Command,Movie,Action & Adventure,2016,TV-MA
Kill Command,Movie,Independent Movies,2016,TV-MA
Kill Command,Movie,Sci-Fi & Fantasy,2016,TV-MA
Kill Hitler! The Luck of the Devil,Movie,Documentaries,2015,TV-14
Kill Hitler! The Luck of the Devil,Movie,International Movies,2015,TV-14
Kill Ratio,Movie,Action & Adventure,2016,TV-MA
Kill the Irishman,Movie,Action & Adventure,2011,R
Kill the Irishman,Movie,Dramas,2011,R
Kill the Irishman,Movie,Independent Movies,2011,R
Killer Klowns from Outer Space,Movie,Comedies,1988,PG-13
Killer Klowns from Outer Space,Movie,Cult Movies,1988,PG-13
Killer Klowns from Outer Space,Movie,Horror Movies,1988,PG-13
Killers,Movie,Action & Adventure,2010,PG-13
Killers,Movie,Comedies,2010,PG-13
Killers,Movie,Romantic Movies,2010,PG-13
Kills on Wheels,Movie,Action & Adventure,2016,TV-MA
Kills on Wheels,Movie,Dramas,2016,TV-MA
Kills on Wheels,Movie,International Movies,2016,TV-MA
Kilo Two Bravo,Movie,Dramas,2014,R
Kilo Two Bravo,Movie,Independent Movies,2014,R
Kilo Two Bravo,Movie,Thrillers,2014,R
King Jack,Movie,Dramas,2015,NR
King Jack,Movie,Independent Movies,2015,NR
King's Ransom,Movie,Action & Adventure,2005,PG-13
King's Ransom,Movie,Comedies,2005,PG-13
Kingdoms of the Sky,TV Show,British TV Shows,2018,TV-PG
Kingdoms of the Sky,TV Show,Docuseries,2018,TV-PG
Kingdoms of the Sky,TV Show,Science & Nature TV,2018,TV-PG
Kingpin,Movie,Comedies,1996,PG-13
Kingpin,Movie,Cult Movies,1996,PG-13
Kingpin,Movie,Sports Movies,1996,PG-13
Kings,Movie,Dramas,2017,R
Kis Kisko Pyaar Karoon,Movie,Comedies,2015,TV-PG
Kis Kisko Pyaar Karoon,Movie,International Movies,2015,TV-PG
Kiss the Girls,Movie,Thrillers,1997,R
Kiss The Series,TV Show,International TV Shows,2016,TV-14
Kiss The Series,TV Show,Romantic TV Shows,2016,TV-14
Kiss The Series,TV Show,TV Dramas,2016,TV-14
Kitten Rescuers,TV Show,British TV Shows,2017,TV-14
Kitten Rescuers,TV Show,International TV Shows,2017,TV-14
Kitten Rescuers,TV Show,Reality TV,2017,TV-14
KL Zombi,Movie,Comedies,2013,TV-14
KL Zombi,Movie,Horror Movies,2013,TV-14
KL Zombi,Movie,International Movies,2013,TV-14
Knights of Sidonia,TV Show,Anime Series,2015,TV-MA
Knights of Sidonia,TV Show,International TV Shows,2015,TV-MA
Knock Knock,Movie,Horror Movies,2015,R
Knock Knock,Movie,Thrillers,2015,R
Know Your Enemy - Japan,Movie,Classic Movies,1945,TV-14
Know Your Enemy - Japan,Movie,Documentaries,1945,TV-14
Knowing,Movie,Sci-Fi & Fantasy,2009,PG-13
Knowing,Movie,Thrillers,2009,PG-13
Koko: The Gorilla Who Talks,Movie,Documentaries,2016,TV-G
Kon Kon Kon,TV Show,Docuseries,2014,TV-PG
Kon Kon Kon,TV Show,International TV Shows,2014,TV-PG
Kon-Tiki,Movie,Action & Adventure,2012,PG-13
Kon-Tiki,Movie,Dramas,2012,PG-13
Kon-Tiki,Movie,International Movies,2012,PG-13
Koshish,Movie,International Movies,1972,TV-14
Koshish,Movie,Romantic Movies,1972,TV-14
Kraftidioten,Movie,Comedies,2014,TV-MA
Kraftidioten,Movie,International Movies,2014,TV-MA
Kraftidioten,Movie,Thrillers,2014,TV-MA
Krish Trish and Baltiboy,Movie,Children & Family Movies,2009,TV-Y7
Krish Trish and Baltiboy: Battle of Wits,Movie,Children & Family Movies,2013,TV-Y7
Krish Trish and Baltiboy: Best Friends Forever,Movie,Children & Family Movies,2016,TV-Y
Krish Trish and Baltiboy: Comics of India,Movie,Children & Family Movies,2012,TV-Y7
Krish Trish and Baltiboy: Face Your Fears,Movie,Children & Family Movies,2017,TV-Y7
Krish Trish and Baltiboy: Oversmartness Never Pays,Movie,Children & Family Movies,2017,TV-Y7
Krish Trish and Baltiboy: Part II,Movie,Children & Family Movies,2010,TV-Y7
Krish Trish and Baltiboy: The Greatest Trick,Movie,Children & Family Movies,2013,TV-Y7
Krisha,Movie,Dramas,2015,R
Krisha,Movie,Independent Movies,2015,R
Krishna Balram,TV Show,Kids' TV,2019,TV-Y7
Kristy,Movie,Horror Movies,2013,NR
Krystal,Movie,Comedies,2017,R
Krystal,Movie,Dramas,2017,R
Kuldip Patwal: I Didn't Do It!,Movie,Dramas,2017,TV-MA
Kuldip Patwal: I Didn't Do It!,Movie,Independent Movies,2017,TV-MA
Kuldip Patwal: I Didn't Do It!,Movie,International Movies,2017,TV-MA
Kung Fu Hustle,Movie,Action & Adventure,2004,R
Kung Fu Hustle,Movie,Comedies,2004,R
Kung Fu Hustle,Movie,Cult Movies,2004,R
Kung Fu Magoo,Movie,Children & Family Movies,2010,TV-Y7
Kung Fu Magoo,Movie,Comedies,2010,TV-Y7
Kung Fu Panda: Holiday,Movie,Children & Family Movies,2010,TV-PG
Kung Fu Panda: Holiday,Movie,Comedies,2010,TV-PG
Kung Fu Yoga,Movie,Action & Adventure,2017,TV-PG
Kung Fu Yoga,Movie,Comedies,2017,TV-PG
Kung Fu Yoga,Movie,International Movies,2017,TV-PG
Kuppivala,Movie,Dramas,2017,TV-14
Kuppivala,Movie,International Movies,2017,TV-14
Kuppivala,Movie,Romantic Movies,2017,TV-14
Kurt & Courtney,Movie,Documentaries,1998,R
Kurt & Courtney,Movie,Music & Musicals,1998,R
Kurt Seyit & Sura,TV Show,International TV Shows,2014,TV-14
Kurt Seyit & Sura,TV Show,Romantic TV Shows,2014,TV-14
Kurt Seyit & Sura,TV Show,TV Dramas,2014,TV-14
Kurtulus Son Durak,Movie,Comedies,2012,TV-MA
Kurtulus Son Durak,Movie,Dramas,2012,TV-MA
Kurtulus Son Durak,Movie,International Movies,2012,TV-MA
Kya Kehna,Movie,Dramas,2000,TV-PG
Kya Kehna,Movie,International Movies,2000,TV-PG
Kya Kehna,Movie,Romantic Movies,2000,TV-PG
Kygo: Live at the Hollywood Bowl,Movie,Music & Musicals,2017,TV-MA
Kyun! Ho Gaya Na,Movie,International Movies,2004,TV-PG
Kyun! Ho Gaya Na,Movie,Romantic Movies,2004,TV-PG
La Última Fiesta,Movie,Comedies,2016,TV-MA
La Última Fiesta,Movie,International Movies,2016,TV-MA
LA 92,Movie,Documentaries,2017,R
La Bamba,Movie,Classic Movies,1987,PG-13
La Bamba,Movie,Dramas,1987,PG-13
La Bamba,Movie,Music & Musicals,1987,PG-13
La Coppia dei Campioni,Movie,Comedies,2016,TV-MA
La Coppia dei Campioni,Movie,International Movies,2016,TV-MA
La Familia P. Luche,TV Show,International TV Shows,2012,TV-14
La Familia P. Luche,TV Show,Spanish-Language TV Shows,2012,TV-14
La Familia P. Luche,TV Show,TV Comedies,2012,TV-14
La Femme,TV Show,International TV Shows,2016,TV-14
La Femme,TV Show,TV Dramas,2016,TV-14
La Piloto,TV Show,Crime TV Shows,2017,TV-MA
La Piloto,TV Show,International TV Shows,2017,TV-MA
La Piloto,TV Show,Spanish-Language TV Shows,2017,TV-MA
La Rosa de Guadalupe,TV Show,Classic & Cult TV,2010,TV-PG
La Rosa de Guadalupe,TV Show,Crime TV Shows,2010,TV-PG
La Rosa de Guadalupe,TV Show,International TV Shows,2010,TV-PG
La Viuda Negra,TV Show,Crime TV Shows,2016,TV-14
La Viuda Negra,TV Show,International TV Shows,2016,TV-14
La Viuda Negra,TV Show,Spanish-Language TV Shows,2016,TV-14
Laal Rang,Movie,Dramas,2016,TV-14
Laal Rang,Movie,International Movies,2016,TV-14
Laal Rang,Movie,Thrillers,2016,TV-14
Laddaland,Movie,Horror Movies,2011,TV-MA
Laddaland,Movie,International Movies,2011,TV-MA
Lady Bloodfight,Movie,Action & Adventure,2016,R
Lady in the Water,Movie,Sci-Fi & Fantasy,2006,PG-13
Lady in the Water,Movie,Thrillers,2006,PG-13
Lady-Like,Movie,Comedies,2018,NC-17
Lady-Like,Movie,Independent Movies,2018,NC-17
"Lady, la vendedora de rosas",TV Show,International TV Shows,2015,TV-14
"Lady, la vendedora de rosas",TV Show,Spanish-Language TV Shows,2015,TV-14
"Lady, la vendedora de rosas",TV Show,TV Dramas,2015,TV-14
Lalbaug Parel: Zali Mumbai Sonyachi,Movie,Dramas,2010,TV-MA
Lalbaug Parel: Zali Mumbai Sonyachi,Movie,International Movies,2010,TV-MA
Land Girls,TV Show,British TV Shows,2011,TV-14
Land Girls,TV Show,International TV Shows,2011,TV-14
Land Girls,TV Show,TV Dramas,2011,TV-14
Larceny,Movie,Action & Adventure,2017,TV-14
Last,TV Show,Crime TV Shows,2015,TV-14
Last,TV Show,International TV Shows,2015,TV-14
Last,TV Show,Korean TV Shows,2015,TV-14
Last Ferry,Movie,Dramas,2019,TV-MA
Last Ferry,Movie,Independent Movies,2019,TV-MA
Last Ferry,Movie,LGBTQ Movies,2019,TV-MA
Last Knights,Movie,Action & Adventure,2015,R
Last Night,Movie,Dramas,2010,R
Last Night,Movie,Independent Movies,2010,R
Last Night,Movie,Romantic Movies,2010,R
Le K Benzema,Movie,Documentaries,2017,TV-14
Le K Benzema,Movie,International Movies,2017,TV-14
Le K Benzema,Movie,Sports Movies,2017,TV-14
Le serment des Hitler,Movie,Documentaries,2014,TV-PG
Le serment des Hitler,Movie,International Movies,2014,TV-PG
Leap Year,Movie,Comedies,2010,PG
Leap Year,Movie,Romantic Movies,2010,PG
LeapFrog: Letter Factory,Movie,Children & Family Movies,2003,TV-Y
LeapFrog: Numberland,Movie,Movies,2011,TV-Y
LeapFrog: Phonics Farm,Movie,Movies,2011,TV-Y
"LeapFrog: Sing-along, Read-along",Movie,Children & Family Movies,2011,TV-Y
Learning Time with Timmy,TV Show,British TV Shows,2018,TV-Y
Learning Time with Timmy,TV Show,Kids' TV,2018,TV-Y
Lechmi,Movie,Comedies,2017,TV-MA
Lechmi,Movie,Horror Movies,2017,TV-MA
Lechmi,Movie,International Movies,2017,TV-MA
Left Behind,Movie,Action & Adventure,2014,PG-13
Left Behind,Movie,Faith & Spirituality,2014,PG-13
Left Behind,Movie,Sci-Fi & Fantasy,2014,PG-13
Legend of the Guardians: The Owls of Ga'Hoole,Movie,Children & Family Movies,2010,PG
Legend of the Naga Pearls,Movie,Action & Adventure,2017,TV-MA
Legend of the Naga Pearls,Movie,International Movies,2017,TV-MA
Legend of the Naga Pearls,Movie,Sci-Fi & Fantasy,2017,TV-MA
Legendary Weapons of China,Movie,Action & Adventure,1982,TV-14
Legendary Weapons of China,Movie,Cult Movies,1982,TV-14
Legendary Weapons of China,Movie,International Movies,1982,TV-14
Legends of Strength,TV Show,Docuseries,2017,TV-PG
Legion,Movie,Action & Adventure,2010,R
Legion,Movie,Horror Movies,2010,R
Legion,Movie,Sci-Fi & Fantasy,2010,R
Lego Friends,TV Show,Kids' TV,2017,TV-G
Lego Friends: Girls on a Mission,TV Show,Kids' TV,2018,TV-Y
LEGO House - Home of the Brick,Movie,Documentaries,2018,TV-G
LEGO House - Home of the Brick,Movie,International Movies,2018,TV-G
LEGO Ninjago: Masters of Spinjitzu: Day of the Departed,Movie,Action & Adventure,2016,TV-Y7-FV
LEGO Ninjago: Masters of Spinjitzu: Day of the Departed,Movie,Children & Family Movies,2016,TV-Y7-FV
Leo & Tig,TV Show,Kids' TV,2017,TV-Y
Leo the Lion,Movie,Children & Family Movies,2013,TV-Y7-FV
Leo the Lion,Movie,Comedies,2013,TV-Y7-FV
"Les Bleus - Une autre histoire de France, 1996-2016",Movie,Documentaries,2016,TV-MA
"Les Bleus - Une autre histoire de France, 1996-2016",Movie,International Movies,2016,TV-MA
"Les Bleus - Une autre histoire de France, 1996-2016",Movie,Sports Movies,2016,TV-MA
Let There Be Light,Movie,Classic Movies,1946,TV-PG
Let There Be Light,Movie,Documentaries,1946,TV-PG
Leyla and Mecnun,TV Show,International TV Shows,2014,TV-MA
Leyla and Mecnun,TV Show,Romantic TV Shows,2014,TV-MA
Leyla and Mecnun,TV Show,TV Comedies,2014,TV-MA
Lez Bomb,Movie,Comedies,2018,TV-14
Lez Bomb,Movie,LGBTQ Movies,2018,TV-14
License to Drill: Louisiana,TV Show,Reality TV,2014,TV-PG
Life After Beth,Movie,Comedies,2014,R
Life After Beth,Movie,Horror Movies,2014,R
Life After Beth,Movie,Independent Movies,2014,R
Life in the Doghouse,Movie,Documentaries,2018,TV-PG
Life in the Doghouse,Movie,LGBTQ Movies,2018,TV-PG
Life on Location,TV Show,British TV Shows,2009,TV-G
Life on Location,TV Show,Docuseries,2009,TV-G
Life on Location,TV Show,Science & Nature TV,2009,TV-G
Life Story,TV Show,British TV Shows,2014,TV-14
Life Story,TV Show,Docuseries,2014,TV-14
Life Story,TV Show,Science & Nature TV,2014,TV-14
Lifechanger,Movie,Horror Movies,2018,TV-MA
Lifechanger,Movie,Independent Movies,2018,TV-MA
Lifechanger,Movie,Thrillers,2018,TV-MA
Lifeline,Movie,Action & Adventure,1997,TV-14
Lifeline,Movie,International Movies,1997,TV-14
Like Arrows,Movie,Dramas,2018,TV-PG
Like Arrows,Movie,Faith & Spirituality,2018,TV-PG
Like Water for Chocolate,Movie,Classic Movies,1992,R
Like Water for Chocolate,Movie,Dramas,1992,R
Like Water for Chocolate,Movie,International Movies,1992,R
Lila & Eve,Movie,Dramas,2015,R
Lila & Eve,Movie,Thrillers,2015,R
Limmy's Show!,TV Show,British TV Shows,2012,TV-MA
Limmy's Show!,TV Show,TV Comedies,2012,TV-MA
Lincoln,Movie,Dramas,2012,PG-13
Lion's Heart,Movie,Action & Adventure,2013,TV-14
Lion's Heart,Movie,International Movies,2013,TV-14
Listen Up! The Lives of Quincy Jones,Movie,Documentaries,1990,TV-14
Listen Up! The Lives of Quincy Jones,Movie,Music & Musicals,1990,TV-14
Little Dragon Maiden,Movie,Action & Adventure,1983,TV-14
Little Dragon Maiden,Movie,International Movies,1983,TV-14
Little Dragon Maiden,Movie,Romantic Movies,1983,TV-14
Little Lunch,TV Show,Kids' TV,2015,
Little Lunch,TV Show,TV Comedies,2015,
Little Lunch: The Halloween Horror Story,Movie,Children & Family Movies,2016,TV-Y7
Little Lunch: The Halloween Horror Story,Movie,Comedies,2016,TV-Y7
Little Lunch: The Nightmare Before Graduation,Movie,Children & Family Movies,2016,TV-Y7
Little Lunch: The Nightmare Before Graduation,Movie,Comedies,2016,TV-Y7
Little Men,Movie,Dramas,2016,PG
Little Men,Movie,Independent Movies,2016,PG
Little Nicky,Movie,Comedies,2000,PG-13
Little Singham aur Kaal ka Mahajaal,Movie,Children & Family Movies,2018,TV-Y7-FV
Little Singham aur Kaal ka Mahajaal,Movie,Comedies,2018,TV-Y7-FV
Little Singham Bandarpur Mein Hu Ha Hu,Movie,Children & Family Movies,2019,TV-Y7
Little Singham Bandarpur Mein Hu Ha Hu,Movie,Comedies,2019,TV-Y7
Little Singham in London,Movie,Children & Family Movies,2019,TV-Y7
Little Singham in London,Movie,Comedies,2019,TV-Y7
Little Sister,Movie,Comedies,2016,NR
Little Sister,Movie,Dramas,2016,NR
Little Sister,Movie,Independent Movies,2016,NR
Liv and Maddie,TV Show,Kids' TV,2017,TV-G
Liv and Maddie,TV Show,TV Comedies,2017,TV-G
Lizzie Borden Took an Ax,Movie,Thrillers,2014,TV-14
Lo and Behold: Reveries of the Connected World,Movie,Documentaries,2016,PG-13
Lo que la verdad esconde: El caso Asunta (Operacion Nenúfar),TV Show,Crime TV Shows,2017,TV-14
Lo que la verdad esconde: El caso Asunta (Operacion Nenúfar),TV Show,Docuseries,2017,TV-14
Lo que la verdad esconde: El caso Asunta (Operacion Nenúfar),TV Show,International TV Shows,2017,TV-14
Lo que la vida me robó,TV Show,Crime TV Shows,2013,TV-14
Lo que la vida me robó,TV Show,International TV Shows,2013,TV-14
Lo que la vida me robó,TV Show,Romantic TV Shows,2013,TV-14
"Lock, Stock and Two Smoking Barrels",Movie,Action & Adventure,1998,R
"Lock, Stock and Two Smoking Barrels",Movie,Comedies,1998,R
"Lock, Stock and Two Smoking Barrels",Movie,Independent Movies,1998,R
Locke,Movie,Dramas,2013,R
Locke,Movie,Independent Movies,2013,R
Lockout,Movie,Action & Adventure,2012,PG-13
Lockout,Movie,International Movies,2012,PG-13
Lockout,Movie,Sci-Fi & Fantasy,2012,PG-13
Loco Love,Movie,Dramas,2017,TV-MA
Loco Love,Movie,Independent Movies,2017,TV-MA
Loco Love,Movie,International Movies,2017,TV-MA
Logan's Run,Movie,Action & Adventure,1976,PG
Logan's Run,Movie,Classic Movies,1976,PG
Logan's Run,Movie,Cult Movies,1976,PG
LoliRock,TV Show,Kids' TV,2016,TV-Y
Lolita,Movie,Classic Movies,1962,R
Lolita,Movie,Dramas,1962,R
Lolita,Movie,Romantic Movies,1962,R
London Spy,TV Show,British TV Shows,2015,TV-MA
London Spy,TV Show,Crime TV Shows,2015,TV-MA
London Spy,TV Show,International TV Shows,2015,TV-MA
Long Time Running,Movie,Documentaries,2017,TV-14
Long Time Running,Movie,International Movies,2017,TV-14
Long Time Running,Movie,Music & Musicals,2017,TV-14
"Look Out, Officer",Movie,Action & Adventure,1990,TV-14
"Look Out, Officer",Movie,Comedies,1990,TV-14
"Look Out, Officer",Movie,International Movies,1990,TV-14
Look Who's Back,Movie,Comedies,2015,NR
Look Who's Back,Movie,International Movies,2015,NR
Lorai: Play to Live,Movie,Dramas,2015,TV-14
Lorai: Play to Live,Movie,International Movies,2015,TV-14
Lorai: Play to Live,Movie,Sports Movies,2015,TV-14
Los 10 años de Peter Capusotto,TV Show,International TV Shows,2015,TV-MA
Los 10 años de Peter Capusotto,TV Show,Spanish-Language TV Shows,2015,TV-MA
Los 10 años de Peter Capusotto,TV Show,TV Comedies,2015,TV-MA
Los Niños Héroes de Chapultepec,Movie,Documentaries,2017,TV-14
Los Niños Héroes de Chapultepec,Movie,International Movies,2017,TV-14
Los tiempos de Pablo Escobar,TV Show,Crime TV Shows,2012,TV-14
Los tiempos de Pablo Escobar,TV Show,Docuseries,2012,TV-14
Los tiempos de Pablo Escobar,TV Show,International TV Shows,2012,TV-14
Losing Sight of Shore,Movie,Documentaries,2017,TV-14
Losing Sight of Shore,Movie,Sports Movies,2017,TV-14
Lost Girl,TV Show,TV Dramas,2015,TV-14
Lost Girl,TV Show,TV Horror,2015,TV-14
Lost Girl,TV Show,TV Mysteries,2015,TV-14
Love Cuisine,TV Show,International TV Shows,2015,TV-MA
Love Cuisine,TV Show,Romantic TV Shows,2015,TV-MA
Love Cuisine,TV Show,TV Comedies,2015,TV-MA
Love Dot Com: The Social Experiment,Movie,Comedies,2019,TV-MA
Love Dot Com: The Social Experiment,Movie,Romantic Movies,2019,TV-MA
Love In A Puff,Movie,Comedies,2010,TV-MA
Love In A Puff,Movie,Dramas,2010,TV-MA
Love In A Puff,Movie,International Movies,2010,TV-MA
Love Ni Bhavai,Movie,Comedies,2017,TV-14
Love Ni Bhavai,Movie,International Movies,2017,TV-14
Love Ni Bhavai,Movie,Romantic Movies,2017,TV-14
Love on Delivery,Movie,Action & Adventure,1994,TV-14
Love on Delivery,Movie,Comedies,1994,TV-14
Love on Delivery,Movie,International Movies,1994,TV-14
Love Rain,TV Show,International TV Shows,2012,TV-PG
Love Rain,TV Show,Korean TV Shows,2012,TV-PG
Love Rain,TV Show,Romantic TV Shows,2012,TV-PG
Love Rhythms - Accidental Daddy,TV Show,International TV Shows,2016,TV-MA
Love Rhythms - Accidental Daddy,TV Show,TV Comedies,2016,TV-MA
Love Rhythms - Accidental Daddy,TV Show,TV Dramas,2016,TV-MA
Love Shot,Movie,Dramas,2018,TV-MA
Love Shot,Movie,Thrillers,2018,TV-MA
Love Station,Movie,Comedies,2011,TV-14
Love Station,Movie,International Movies,2011,TV-14
Love Station,Movie,Romantic Movies,2011,TV-14
Love You... Love You Not,Movie,Comedies,2015,TV-14
Love You... Love You Not,Movie,International Movies,2015,TV-14
Love You... Love You Not,Movie,Romantic Movies,2015,TV-14
Love Your Garden,TV Show,British TV Shows,2013,TV-G
Love Your Garden,TV Show,International TV Shows,2013,TV-G
Love Your Garden,TV Show,Reality TV,2013,TV-G
"Love, Rosie",Movie,Comedies,2014,R
"Love, Rosie",Movie,International Movies,2014,R
"Love, Rosie",Movie,Romantic Movies,2014,R
LoveTrue,Movie,Documentaries,2016,TV-MA
Loving Annabelle,Movie,Dramas,2006,TV-MA
Loving Annabelle,Movie,Independent Movies,2006,TV-MA
Loving Annabelle,Movie,LGBTQ Movies,2006,TV-MA
Loving You,Movie,Dramas,1995,TV-14
Loving You,Movie,International Movies,1995,TV-14
Lucha: Playing the Impossible,Movie,Documentaries,2016,TV-PG
Lucha: Playing the Impossible,Movie,International Movies,2016,TV-PG
Lucha: Playing the Impossible,Movie,Sports Movies,2016,TV-PG
Lucky Days,TV Show,International TV Shows,2010,TV-PG
Lucky Days,TV Show,Romantic TV Shows,2010,TV-PG
Lucky Days,TV Show,TV Comedies,2010,TV-PG
Lucky: No Time for Love,Movie,Dramas,2005,TV-14
Lucky: No Time for Love,Movie,International Movies,2005,TV-14
Lucky: No Time for Love,Movie,Romantic Movies,2005,TV-14
Lupt,Movie,Horror Movies,2018,TV-14
Lupt,Movie,International Movies,2018,TV-14
Lupt,Movie,Thrillers,2018,TV-14
Lusers,Movie,Comedies,2015,TV-MA
Lusers,Movie,International Movies,2015,TV-MA
Lusers,Movie,Sports Movies,2015,TV-MA
Ma Chu Ka,Movie,International Movies,2017,TV-14
Ma Chu Ka,Movie,Thrillers,2017,TV-14
Maacher Jhol,Movie,Dramas,2017,TV-PG
Maacher Jhol,Movie,International Movies,2017,TV-PG
Mac & Devin Go to High School,Movie,Comedies,2012,R
Macchli Jal Ki Rani Hai,Movie,Horror Movies,2014,TV-MA
Macchli Jal Ki Rani Hai,Movie,International Movies,2014,TV-MA
Mad Max,Movie,Action & Adventure,1979,R
Mad Max,Movie,Classic Movies,1979,R
Mad Max,Movie,Cult Movies,1979,R
Mad Men,TV Show,TV Dramas,2014,TV-14
Mad Money,Movie,Comedies,2008,PG-13
Mad Ron's Prevues from Hell,Movie,Cult Movies,1987,NR
Mad Ron's Prevues from Hell,Movie,Horror Movies,1987,NR
Mad World,Movie,Dramas,2016,TV-MA
Mad World,Movie,International Movies,2016,TV-MA
Madaari,Movie,Dramas,2016,TV-14
Madaari,Movie,Independent Movies,2016,TV-14
Madaari,Movie,International Movies,2016,TV-14
Maddman: The Steve Madden Story,Movie,Documentaries,2017,TV-MA
Madre,Movie,International Movies,2016,TV-MA
Madre,Movie,Thrillers,2016,TV-MA
Maggie & Bianca: Fashion Friends,TV Show,Kids' TV,2017,TV-Y7
Maggie & Bianca: Fashion Friends,TV Show,TV Comedies,2017,TV-Y7
Magi: Adventure of Sinbad,TV Show,Anime Series,2016,TV-14
Magi: Adventure of Sinbad,TV Show,International TV Shows,2016,TV-14
Magic Snowflake,Movie,Children & Family Movies,2013,TV-Y
Magnetic,Movie,Action & Adventure,2018,TV-14
Magnetic,Movie,Documentaries,2018,TV-14
Magnetic,Movie,International Movies,2018,TV-14
Magnus,Movie,Children & Family Movies,2016,TV-PG
Magnus,Movie,Documentaries,2016,TV-PG
Magnus,Movie,International Movies,2016,TV-PG
Mahabharat,Movie,Action & Adventure,2013,TV-14
Mahabharat,Movie,Dramas,2013,TV-14
Mahabharat,Movie,International Movies,2013,TV-14
Maharakshak Devi,TV Show,International TV Shows,2015,TV-14
Maharakshak Devi,TV Show,TV Action & Adventure,2015,TV-14
Maharakshak Devi,TV Show,TV Sci-Fi & Fantasy,2015,TV-14
Maharakshak: Aryan,TV Show,International TV Shows,2014,TV-14
Maharakshak: Aryan,TV Show,TV Action & Adventure,2014,TV-14
Maharakshak: Aryan,TV Show,TV Sci-Fi & Fantasy,2014,TV-14
Mahi Way,TV Show,International TV Shows,2010,TV-14
Mahi Way,TV Show,TV Comedies,2010,TV-14
Mahjong Heroes,Movie,Comedies,1981,TV-PG
Mahjong Heroes,Movie,International Movies,1981,TV-PG
Mahmut & Meryem,TV Show,International TV Shows,2013,TV-14
Mahmut & Meryem,TV Show,Romantic TV Shows,2013,TV-14
Mahmut & Meryem,TV Show,TV Dramas,2013,TV-14
Maine Pyaar Kyun Kiya,Movie,Comedies,2005,TV-14
Maine Pyaar Kyun Kiya,Movie,International Movies,2005,TV-14
Maine Pyaar Kyun Kiya,Movie,Music & Musicals,2005,TV-14
Maine Pyar Kiya,Movie,Dramas,1989,TV-PG
Maine Pyar Kiya,Movie,International Movies,1989,TV-PG
Maine Pyar Kiya,Movie,Music & Musicals,1989,TV-PG
Mala Kahich Problem Nahi,Movie,Dramas,2017,TV-PG
Mala Kahich Problem Nahi,Movie,International Movies,2017,TV-PG
Malicious,Movie,Horror Movies,2018,TV-MA
Man of Tai Chi,Movie,Action & Adventure,2013,R
Man of Tai Chi,Movie,Dramas,2013,R
Man Up,Movie,Comedies,2015,R
Man Up,Movie,International Movies,2015,R
Man Up,Movie,Romantic Movies,2015,R
Man vs Wild with Sunny Leone,TV Show,International TV Shows,2018,TV-PG
Man vs Wild with Sunny Leone,TV Show,Reality TV,2018,TV-PG
Man vs Wild with Sunny Leone,TV Show,TV Action & Adventure,2018,TV-PG
Mandi,Movie,Dramas,1983,TV-MA
Mandi,Movie,Independent Movies,1983,TV-MA
Mandi,Movie,International Movies,1983,TV-MA
Mandobasar Galpo,Movie,Dramas,2017,TV-14
Mandobasar Galpo,Movie,International Movies,2017,TV-14
Mandobasar Galpo,Movie,Romantic Movies,2017,TV-14
Manglehorn,Movie,Dramas,2014,PG-13
Manglehorn,Movie,Independent Movies,2014,PG-13
Mango Dreams,Movie,Dramas,2016,TV-14
Mango Dreams,Movie,Independent Movies,2016,TV-14
Manhattan Romance,Movie,Comedies,2014,TV-14
Manhattan Romance,Movie,Independent Movies,2014,TV-14
Manhattan Romance,Movie,Romantic Movies,2014,TV-14
Manolo: The Boy Who Made Shoes for Lizards,Movie,Documentaries,2017,TV-MA
Manolo: The Boy Who Made Shoes for Lizards,Movie,International Movies,2017,TV-MA
Mansfield Park,Movie,Comedies,1999,PG-13
Mansfield Park,Movie,Dramas,1999,PG-13
Mansfield Park,Movie,International Movies,1999,PG-13
Mantostaan,Movie,Dramas,2017,TV-MA
Mantostaan,Movie,Independent Movies,2017,TV-MA
Mantostaan,Movie,International Movies,2017,TV-MA
Mantra,Movie,Dramas,2017,TV-14
Mantra,Movie,Independent Movies,2017,TV-14
Mantra,Movie,International Movies,2017,TV-14
Mara,Movie,Horror Movies,2017,TV-MA
Mara,Movie,Thrillers,2017,TV-MA
Marauders,Movie,Action & Adventure,2016,R
Marching Orders,TV Show,Docuseries,2018,TV-14
Mark Gatiss: A Study in Sherlock,Movie,Movies,2016,TV-14
Maron,TV Show,TV Comedies,2016,TV-MA
Maroon,Movie,Dramas,2016,TV-MA
Maroon,Movie,Independent Movies,2016,TV-MA
Maroon,Movie,International Movies,2016,TV-MA
Married at First Sight,TV Show,Reality TV,2019,TV-14
Married at First Sight,TV Show,Romantic TV Shows,2019,TV-14
Mars,TV Show,Docuseries,2018,TV-PG
Mars,TV Show,Science & Nature TV,2018,TV-PG
Mars,TV Show,TV Dramas,2018,TV-PG
Martial Arts of Shaolin,Movie,Action & Adventure,1986,R
Martial Arts of Shaolin,Movie,International Movies,1986,R
Martin Lawrence Live: Runteldat,Movie,Stand-Up Comedy,2002,R
Martin Luther: The Idea that Changed the World,Movie,Documentaries,2017,TV-PG
Martin Luther: The Idea that Changed the World,Movie,Faith & Spirituality,2017,TV-PG
Martyrs of Marriage,Movie,Documentaries,2016,TV-14
Martyrs of Marriage,Movie,International Movies,2016,TV-14
Marvel & ESPN Films Present: 1 of 1: Genesis,Movie,Documentaries,2014,TV-PG
Marvel & ESPN Films Present: 1 of 1: Genesis,Movie,Sports Movies,2014,TV-PG
Marvel's Iron Man & Hulk: Heroes United,Movie,Action & Adventure,2013,PG
Marvel's Iron Man & Hulk: Heroes United,Movie,Sci-Fi & Fantasy,2013,PG
Mary and the Witch's Flower,Movie,Anime Features,2017,PG
Mary and the Witch's Flower,Movie,Children & Family Movies,2017,PG
Mary Poppins Returns,Movie,Children & Family Movies,2018,PG
Mary Poppins Returns,Movie,Music & Musicals,2018,PG
Mary Portas: Secret Shopper,TV Show,British TV Shows,2016,TV-14
Mary Portas: Secret Shopper,TV Show,International TV Shows,2016,TV-14
Mary Portas: Secret Shopper,TV Show,Reality TV,2016,TV-14
Masoom,Movie,Dramas,1983,TV-14
Masoom,Movie,Independent Movies,1983,TV-14
Masoom,Movie,International Movies,1983,TV-14
Master,Movie,Action & Adventure,2016,NR
Master,Movie,International Movies,2016,NR
Mater,Movie,Dramas,2017,TV-MA
Mater,Movie,Independent Movies,2017,TV-MA
Mater,Movie,International Movies,2017,TV-MA
Matichya Chuli,Movie,Comedies,2006,TV-14
Matichya Chuli,Movie,Dramas,2006,TV-14
Matichya Chuli,Movie,International Movies,2006,TV-14
Max Rose,Movie,Dramas,2013,TV-14
Max Rose,Movie,Independent Movies,2013,TV-14
May We Chat,Movie,Dramas,2014,TV-MA
May We Chat,Movie,International Movies,2014,TV-MA
May You Prosper,Movie,Comedies,2017,TV-14
May You Prosper,Movie,International Movies,2017,TV-14
May You Prosper,Movie,Music & Musicals,2017,TV-14
Maya Angelou: And Still I Rise,Movie,Documentaries,2016,TV-PG
Maynard,Movie,Documentaries,2017,TV-PG
Maza Pati Karodpati,Movie,Comedies,1988,TV-PG
Maza Pati Karodpati,Movie,International Movies,1988,TV-PG
Maza Pati Karodpati,Movie,Romantic Movies,1988,TV-PG
Me and the Alien,Movie,Comedies,2016,TV-MA
Me and the Alien,Movie,Dramas,2016,TV-MA
Me and the Alien,Movie,International Movies,2016,TV-MA
Mean Dreams,Movie,Dramas,2016,R
Mean Dreams,Movie,Independent Movies,2016,R
Mean Dreams,Movie,Thrillers,2016,R
Mean Streets,Movie,Classic Movies,1973,R
Mean Streets,Movie,Dramas,1973,R
Mean Streets,Movie,Independent Movies,1973,R
Meditation Park,Movie,Dramas,2017,TV-PG
Medium,Movie,Horror Movies,1985,TV-MA
Medium,Movie,International Movies,1985,TV-MA
Medium,Movie,Thrillers,1985,TV-MA
Meet the Trumps: From Immigrant to President,Movie,Documentaries,2017,TV-14
Mega Food,TV Show,British TV Shows,2013,TV-G
Mega Food,TV Show,Docuseries,2013,TV-G
Mega Food,TV Show,International TV Shows,2013,TV-G
MegaTruckers,TV Show,Reality TV,2012,TV-PG
Melle,Movie,Dramas,2017,TV-PG
Melle,Movie,International Movies,2017,TV-PG
Melle,Movie,Romantic Movies,2017,TV-PG
Melodies of Life - Born This Way,TV Show,International TV Shows,2016,TV-14
Melodies of Life - Born This Way,TV Show,Romantic TV Shows,2016,TV-14
Melodies of Life - Born This Way,TV Show,TV Comedies,2016,TV-14
Melvin Goes to Dinner,Movie,Comedies,2003,R
Melvin Goes to Dinner,Movie,Dramas,2003,R
Melvin Goes to Dinner,Movie,Independent Movies,2003,R
Memoir of a Murderer,Movie,Dramas,2017,TV-MA
Memoir of a Murderer,Movie,International Movies,2017,TV-MA
Memoir of a Murderer,Movie,Thrillers,2017,TV-MA
Memory Games,Movie,Documentaries,2018,TV-14
Men in Black,Movie,Action & Adventure,1997,PG-13
Men in Black,Movie,Comedies,1997,PG-13
Men in Black,Movie,Sci-Fi & Fantasy,1997,PG-13
Men in Black II,Movie,Action & Adventure,2002,PG-13
Men in Black II,Movie,Comedies,2002,PG-13
Men in Black II,Movie,Sci-Fi & Fantasy,2002,PG-13
Menorca,Movie,Dramas,2016,TV-MA
Menorca,Movie,Independent Movies,2016,TV-MA
Merantau,Movie,Action & Adventure,2009,R
Merantau,Movie,Dramas,2009,R
Merantau,Movie,International Movies,2009,R
Mere Papa Hero Hiralal,TV Show,International TV Shows,2018,TV-14
Mere Papa Hero Hiralal,TV Show,TV Dramas,2018,TV-14
Merlí,TV Show,International TV Shows,2015,TV-MA
Merlí,TV Show,TV Dramas,2015,TV-MA
Merlí,TV Show,Teen TV Shows,2015,TV-MA
Merry Men: The Real Yoruba Demons,Movie,Comedies,2018,TV-MA
Merry Men: The Real Yoruba Demons,Movie,International Movies,2018,TV-MA
Mexico Diseña,TV Show,International TV Shows,2016,TV-PG
Mexico Diseña,TV Show,Reality TV,2016,TV-PG
Mexico Diseña,TV Show,Spanish-Language TV Shows,2016,TV-PG
Mi Shivajiraje Bhosale Boltoy,Movie,Comedies,2009,TV-14
Mi Shivajiraje Bhosale Boltoy,Movie,International Movies,2009,TV-14
Mi Shivajiraje Bhosale Boltoy,Movie,Sci-Fi & Fantasy,2009,TV-14
MI-5,Movie,Action & Adventure,2015,R
MI-5,Movie,Dramas,2015,R
MI-5,Movie,International Movies,2015,R
Middle School: The Worst Years of My Life,Movie,Children & Family Movies,2016,PG
Middle School: The Worst Years of My Life,Movie,Comedies,2016,PG
Midnight Misadventures With Mallika Dua,TV Show,International TV Shows,2018,TV-14
Midnight Misadventures With Mallika Dua,TV Show,Stand-Up Comedy & Talk Shows,2018,TV-14
Midnight Misadventures With Mallika Dua,TV Show,TV Comedies,2018,TV-14
Midnight Special,Movie,Action & Adventure,2016,PG-13
Midnight Special,Movie,Sci-Fi & Fantasy,2016,PG-13
Mighty Morphin Alien Rangers,TV Show,Kids' TV,1996,TV-Y7
Milk,Movie,Dramas,2008,R
Milk,Movie,Independent Movies,2008,R
Milk,Movie,LGBTQ Movies,2008,R
Mini Wolf,TV Show,Kids' TV,2014,TV-G
Minnaminugu the FireFly,Movie,Dramas,2017,TV-14
Minnaminugu the FireFly,Movie,International Movies,2017,TV-14
Minute to Win It,TV Show,Reality TV,2013,TV-PG
Miracle,Movie,Children & Family Movies,2004,PG
Miracle,Movie,Dramas,2004,PG
Miracle,Movie,Sports Movies,2004,PG
Mirror Mirror,Movie,Children & Family Movies,2012,PG
Mirror Mirror,Movie,Comedies,2012,PG
Mirzya,Movie,Dramas,2016,TV-MA
Mirzya,Movie,International Movies,2016,TV-MA
Mirzya,Movie,Music & Musicals,2016,TV-MA
Miss Dynamite,TV Show,Crime TV Shows,2015,TV-14
Miss Dynamite,TV Show,International TV Shows,2015,TV-14
Miss Dynamite,TV Show,Spanish-Language TV Shows,2015,TV-14
Miss Hokusai,Movie,Anime Features,2015,PG-13
Miss Julie,Movie,Dramas,2014,PG-13
Miss Julie,Movie,International Movies,2014,PG-13
Miss Me This Christmas,Movie,Romantic Movies,2017,TV-14
Miss Representation,Movie,Documentaries,2011,NR
Miss Rose,TV Show,International TV Shows,2015,TV-MA
Miss Rose,TV Show,Romantic TV Shows,2015,TV-MA
Miss Rose,TV Show,TV Comedies,2015,TV-MA
Miss Sharon Jones!,Movie,Documentaries,2015,TV-MA
Miss Sharon Jones!,Movie,Music & Musicals,2015,TV-MA
Miss Stevens,Movie,Dramas,2016,NR
Miss Stevens,Movie,Independent Movies,2016,NR
Mission Control: The Unsung Heroes of Apollo,Movie,Documentaries,2017,TV-14
Mission of Honor,Movie,Action & Adventure,2018,TV-MA
Mission of Honor,Movie,Dramas,2018,TV-MA
Mission: Destroy Love,Movie,Comedies,2014,TV-PG
Mission: Destroy Love,Movie,International Movies,2014,TV-PG
Mission: Destroy Love,Movie,Romantic Movies,2014,TV-PG
Mississippi Grind,Movie,Dramas,2015,R
Mississippi Grind,Movie,Independent Movies,2015,R
Moh Maya Money,Movie,Dramas,2016,TV-MA
Moh Maya Money,Movie,Independent Movies,2016,TV-MA
Moh Maya Money,Movie,International Movies,2016,TV-MA
Mohawk,Movie,Action & Adventure,2017,TV-MA
Mohawk,Movie,Horror Movies,2017,TV-MA
Mohawk,Movie,Independent Movies,2017,TV-MA
Mojave,Movie,Dramas,2015,R
Mojave,Movie,Independent Movies,2015,R
Mojave,Movie,Thrillers,2015,R
Mokalik (Mechanic),Movie,Dramas,2019,TV-14
Mokalik (Mechanic),Movie,International Movies,2019,TV-14
Molly's Game,Movie,Dramas,2017,R
Momo Salon,TV Show,International TV Shows,2014,TV-14
Momo Salon,TV Show,Korean TV Shows,2014,TV-14
Momo Salon,TV Show,Romantic TV Shows,2014,TV-14
Mona Lisa Smile,Movie,Dramas,2003,PG-13
Money,Movie,Thrillers,2016,R
Money for Nothing,TV Show,British TV Shows,2015,TV-PG
Money for Nothing,TV Show,International TV Shows,2015,TV-PG
Money for Nothing,TV Show,Reality TV,2015,TV-PG
Money Talks,Movie,Action & Adventure,1997,R
Money Talks,Movie,Comedies,1997,R
Monkey Planet,TV Show,British TV Shows,2014,TV-PG
Monkey Planet,TV Show,Docuseries,2014,TV-PG
Monkey Planet,TV Show,Science & Nature TV,2014,TV-PG
Monkey Up,Movie,Children & Family Movies,2016,PG
Monkey Up,Movie,Comedies,2016,PG
Monopoly (The Bank Of Luck),Movie,Comedies,2017,TV-MA
Monopoly (The Bank Of Luck),Movie,International Movies,2017,TV-MA
Monster Family,Movie,Children & Family Movies,2017,PG
Monster High 13 Wishes,Movie,Children & Family Movies,2013,TV-Y7
"Monster High: Boo York, Boo York",Movie,Children & Family Movies,2015,TV-Y7
"Monster High: Boo York, Boo York",Movie,Music & Musicals,2015,TV-Y7
Monster High: Escape from Skull Shores,Movie,Children & Family Movies,2012,TV-Y7
Monster High: Freaky Fusion,Movie,Children & Family Movies,2014,TV-Y7
Monster High: Friday Night Frights,Movie,Children & Family Movies,2013,TV-Y7
Monster High: Fright On!,Movie,Children & Family Movies,2011,TV-Y7
"Monster High: Frights, Camera, Action!",Movie,Children & Family Movies,2014,TV-Y7
Monster High: Ghouls Rule,Movie,Children & Family Movies,2012,TV-Y7
Monster High: Great Scarrier Reef,Movie,Children & Family Movies,2016,TV-Y7
Monster High: Haunted,Movie,Children & Family Movies,2015,TV-Y7
Monster High: New Ghoul at School,Movie,Children & Family Movies,2010,TV-Y7
"Monster High: Scaris, City of Frights",Movie,Children & Family Movies,2013,TV-G
Monster High: Why Do Ghouls Fall in Love?,Movie,Children & Family Movies,2013,TV-Y7
Monster Math Squad,TV Show,Kids' TV,2012,TV-Y
Monster-in-Law,Movie,Comedies,2005,PG-13
Monster-in-Law,Movie,Romantic Movies,2005,PG-13
Monty Don's French Gardens,TV Show,British TV Shows,2013,TV-G
Monty Don's French Gardens,TV Show,Docuseries,2013,TV-G
Monty Don's French Gardens,TV Show,International TV Shows,2013,TV-G
Monty Don's Italian Gardens,TV Show,British TV Shows,2011,TV-G
Monty Don's Italian Gardens,TV Show,Docuseries,2011,TV-G
Monty Don's Italian Gardens,TV Show,International TV Shows,2011,TV-G
Moon,Movie,Dramas,2009,R
Moon,Movie,Independent Movies,2009,R
Moon,Movie,Sci-Fi & Fantasy,2009,R
Moonlight,Movie,Dramas,2016,R
Moonlight,Movie,Independent Movies,2016,R
Moonlight,Movie,LGBTQ Movies,2016,R
Moonwalkers,Movie,Action & Adventure,2015,R
Moonwalkers,Movie,Comedies,2015,R
Moonwalkers,Movie,International Movies,2015,R
Moor,Movie,Dramas,2015,TV-14
Moor,Movie,Independent Movies,2015,TV-14
Moor,Movie,International Movies,2015,TV-14
Morris from America,Movie,Dramas,2016,R
Morris from America,Movie,Independent Movies,2016,R
Morris from America,Movie,International Movies,2016,R
Mortified Nation,Movie,Documentaries,2013,TV-MA
Morya,Movie,Dramas,2011,TV-14
Morya,Movie,International Movies,2011,TV-14
Motu Patlu: King of Kings,Movie,Children & Family Movies,2016,TV-Y7-FV
Motu Patlu: King of Kings,Movie,Comedies,2016,TV-Y7-FV
Mountain,Movie,Action & Adventure,2017,PG
Mountain,Movie,Documentaries,2017,PG
Mountain,Movie,International Movies,2017,PG
Movie 43,Movie,Comedies,2013,R
Mr. Church,Movie,Dramas,2016,PG-13
Mr. Deeds,Movie,Comedies,2002,PG-13
Mr. Deeds,Movie,Romantic Movies,2002,PG-13
Mr. Gaga: A True Story of Love and Dance,Movie,Documentaries,2015,TV-14
Mr. Gaga: A True Story of Love and Dance,Movie,International Movies,2015,TV-14
Mr. Virgin,Movie,Comedies,1984,TV-14
Mr. Virgin,Movie,Dramas,1984,TV-14
Mr. Virgin,Movie,International Movies,1984,TV-14
Mr. Woodcock,Movie,Comedies,2007,PG-13
Mr. Young,TV Show,Kids' TV,2013,TV-G
Mr. Young,TV Show,TV Comedies,2013,TV-G
Ms. Mammy,Movie,Comedies,2012,TV-14
Ms. Mammy,Movie,International Movies,2012,TV-14
Mud,Movie,Dramas,2012,PG-13
Mud,Movie,Independent Movies,2012,PG-13
Mujhse Shaadi Karogi,Movie,Comedies,2004,TV-PG
Mujhse Shaadi Karogi,Movie,International Movies,2004,TV-PG
Mujhse Shaadi Karogi,Movie,Romantic Movies,2004,TV-PG
Mune: Guardian of the Moon,Movie,Children & Family Movies,2014,PG
Muppets Most Wanted,Movie,Children & Family Movies,2014,PG
Muppets Most Wanted,Movie,Comedies,2014,PG
Murder Party,Movie,Comedies,2007,NR
Murder Party,Movie,Cult Movies,2007,NR
Murder Party,Movie,Horror Movies,2007,NR
Murderous Affairs,TV Show,Crime TV Shows,2017,TV-MA
Murderous Affairs,TV Show,Docuseries,2017,TV-MA
Mutant Busters,TV Show,Kids' TV,2017,TV-PG
Mutant Busters,TV Show,TV Comedies,2017,TV-PG
Mutiny on the Bounty,Movie,Action & Adventure,1962,TV-PG
Mutiny on the Bounty,Movie,Classic Movies,1962,TV-PG
Mutiny on the Bounty,Movie,Dramas,1962,TV-PG
My Babysitter's a Vampire: The Movie,Movie,Children & Family Movies,2010,TV-PG
My Babysitter's a Vampire: The Movie,Movie,Comedies,2010,TV-PG
My Brother ... Nikhil,Movie,Dramas,2005,TV-PG
My Brother ... Nikhil,Movie,Independent Movies,2005,TV-PG
My Brother ... Nikhil,Movie,International Movies,2005,TV-PG
My Daddy is in Heaven,Movie,Dramas,2017,TV-14
My Daddy is in Heaven,Movie,Faith & Spirituality,2017,TV-14
My Dog is My Guide,Movie,Comedies,2013,TV-14
My Dog is My Guide,Movie,International Movies,2013,TV-14
My Entire High School Sinking Into the Sea,Movie,Comedies,2016,PG-13
My Entire High School Sinking Into the Sea,Movie,Independent Movies,2016,PG-13
My Ex-Ex,Movie,Comedies,2015,TV-MA
My Ex-Ex,Movie,Romantic Movies,2015,TV-MA
My Honor Was Loyalty,Movie,Dramas,2015,
My Hotter Half,TV Show,British TV Shows,2017,TV-PG
My Hotter Half,TV Show,International TV Shows,2017,TV-PG
My Hotter Half,TV Show,Reality TV,2017,TV-PG
My Life as a Zucchini,Movie,Comedies,2016,PG-13
My Life as a Zucchini,Movie,Dramas,2016,PG-13
My Life as a Zucchini,Movie,International Movies,2016,PG-13
My Life My Story,TV Show,International TV Shows,2017,TV-14
My Life My Story,TV Show,Stand-Up Comedy & Talk Shows,2017,TV-14
My Little Pony Equestria Girls: Friendship Games,Movie,Children & Family Movies,2015,TV-Y
My Little Pony Equestria Girls: Friendship Games,Movie,Comedies,2015,TV-Y
My Little Pony Equestria Girls: Rainbow Rocks,Movie,Children & Family Movies,2014,TV-Y
My Little Pony Equestria Girls: Rainbow Rocks,Movie,Comedies,2014,TV-Y
My Only Mother,Movie,Comedies,2013,TV-14
My Only Mother,Movie,Dramas,2013,TV-14
My Only Mother,Movie,International Movies,2013,TV-14
"My Schoolmate, the Barbarian",Movie,Action & Adventure,2001,TV-14
"My Schoolmate, the Barbarian",Movie,Comedies,2001,TV-14
"My Schoolmate, the Barbarian",Movie,International Movies,2001,TV-14
My Scientology Movie,Movie,Documentaries,2015,TV-MA
My Sister's Keeper,Movie,Dramas,2009,PG-13
My Tattoo Addiction,TV Show,British TV Shows,2013,TV-MA
My Tattoo Addiction,TV Show,Docuseries,2013,TV-MA
My True Friend,Movie,Action & Adventure,2012,TV-MA
My True Friend,Movie,Dramas,2012,TV-MA
My True Friend,Movie,International Movies,2012,TV-MA
My Week with Marilyn,Movie,Dramas,2011,R
My Week with Marilyn,Movie,Romantic Movies,2011,R
My Wife and My Wifey,Movie,Comedies,2014,TV-14
My Wife and My Wifey,Movie,International Movies,2014,TV-14
Mystery Science Theater 3000,TV Show,TV Comedies,1999,TV-14
Mystery Science Theater 3000,TV Show,TV Sci-Fi & Fantasy,1999,TV-14
Mythily Veendum Varunnu,Movie,Horror Movies,2017,TV-PG
Mythily Veendum Varunnu,Movie,International Movies,2017,TV-PG
Nacho Libre,Movie,Comedies,2006,PG
Nacho Libre,Movie,Sports Movies,2006,PG
Naga The Eternal Yogi,Movie,Documentaries,2016,TV-PG
Naga The Eternal Yogi,Movie,International Movies,2016,TV-PG
Nails,Movie,Horror Movies,2017,TV-MA
Naledi: A Baby Elephant's Tale,Movie,Documentaries,2016,TV-PG
Namak Halaal,Movie,Action & Adventure,1982,TV-14
Namak Halaal,Movie,Comedies,1982,TV-14
Namak Halaal,Movie,International Movies,1982,TV-14
Namour,Movie,Dramas,2016,NR
Namour,Movie,Independent Movies,2016,NR
Naruto Shippuden : Blood Prison,Movie,Action & Adventure,2011,TV-14
Naruto Shippuden : Blood Prison,Movie,Anime Features,2011,TV-14
Naruto Shippuden : Blood Prison,Movie,International Movies,2011,TV-14
Natalia Valdebenito: Gritona,Movie,Stand-Up Comedy,2017,TV-MA
National Bird,Movie,Documentaries,2016,TV-MA
National Lampoon's Loaded Weapon 1,Movie,Action & Adventure,1993,PG-13
National Lampoon's Loaded Weapon 1,Movie,Comedies,1993,PG-13
National Lampoon's Loaded Weapon 1,Movie,Independent Movies,1993,PG-13
National Parks Adventure,Movie,Documentaries,2016,TV-G
National Treasure,Movie,Action & Adventure,2004,PG
National Treasure,Movie,Children & Family Movies,2004,PG
Natsamrat - Asa Nat Hone Nahi,Movie,Dramas,2016,TV-14
Natsamrat - Asa Nat Hone Nahi,Movie,International Movies,2016,TV-14
Natural Born Pranksters,Movie,Comedies,2016,R
Natural Selection,Movie,Dramas,2015,R
Natural Selection,Movie,Independent Movies,2015,R
Nature: Animals With Cameras,TV Show,Docuseries,2018,TV-PG
Nature: Animals With Cameras,TV Show,Science & Nature TV,2018,TV-PG
NATURE: Natural Born Hustlers,TV Show,Docuseries,2016,TV-G
NATURE: Natural Born Hustlers,TV Show,Science & Nature TV,2016,TV-G
Nature: Raising the Dinosaur Giant,Movie,Documentaries,2016,TV-G
Nature's Great Events (2009),TV Show,British TV Shows,2009,TV-PG
Nature's Great Events (2009),TV Show,Docuseries,2009,TV-PG
Nature's Great Events (2009),TV Show,Science & Nature TV,2009,TV-PG
Nature's Great Events: Diaries,TV Show,British TV Shows,2009,TV-PG
Nature's Great Events: Diaries,TV Show,Docuseries,2009,TV-PG
Nature's Great Events: Diaries,TV Show,Science & Nature TV,2009,TV-PG
Nature's Great Race,TV Show,British TV Shows,2016,TV-PG
Nature's Great Race,TV Show,Docuseries,2016,TV-PG
Nature's Great Race,TV Show,Science & Nature TV,2016,TV-PG
Nature's Weirdest Events,TV Show,British TV Shows,2015,TV-PG
Nature's Weirdest Events,TV Show,Docuseries,2015,TV-PG
Nature's Weirdest Events,TV Show,Science & Nature TV,2015,TV-PG
Nazi Concentration Camps,Movie,Classic Movies,1945,TV-MA
Nazi Concentration Camps,Movie,Documentaries,1945,TV-MA
Nazi Mega Weapons,TV Show,Docuseries,2016,TV-PG
Neruda,Movie,Dramas,2016,R
Neruda,Movie,International Movies,2016,R
Never Heard,Movie,Dramas,2018,TV-PG
Never Heard,Movie,Faith & Spirituality,2018,TV-PG
New York Minute,Movie,Children & Family Movies,2004,PG
New York Minute,Movie,Comedies,2004,PG
Newtown,Movie,Documentaries,2016,NR
Next,Movie,Action & Adventure,2007,PG-13
Next,Movie,Sci-Fi & Fantasy,2007,PG-13
Nibunan,Movie,Action & Adventure,2017,TV-14
Nibunan,Movie,Dramas,2017,TV-14
Nibunan,Movie,International Movies,2017,TV-14
Night Comes On,Movie,Dramas,2018,TV-MA
Night Comes On,Movie,Independent Movies,2018,TV-MA
Night Moves,Movie,Dramas,2013,R
Night Moves,Movie,Independent Movies,2013,R
Night Moves,Movie,Thrillers,2013,R
Nightcrawler,Movie,Dramas,2014,R
Nightcrawler,Movie,Independent Movies,2014,R
Nightcrawler,Movie,Thrillers,2014,R
"Nightmare Tenants, Slum Landlords",TV Show,British TV Shows,2016,TV-MA
"Nightmare Tenants, Slum Landlords",TV Show,International TV Shows,2016,TV-MA
"Nightmare Tenants, Slum Landlords",TV Show,Reality TV,2016,TV-MA
Nights in Rodanthe,Movie,Dramas,2008,PG-13
Nights in Rodanthe,Movie,Romantic Movies,2008,PG-13
Ninja Hattori,TV Show,Anime Series,1981,TV-Y7
Ninja Hattori,TV Show,Kids' TV,1981,TV-Y7
Ninja Turtles: The Next Mutation,TV Show,Kids' TV,1997,TV-G
Ninja Turtles: The Next Mutation,TV Show,TV Comedies,1997,TV-G
No Entry,Movie,Comedies,2005,TV-PG
No Entry,Movie,International Movies,2005,TV-PG
No Estoy Loca,Movie,Comedies,2018,TV-MA
No Estoy Loca,Movie,Dramas,2018,TV-MA
No Estoy Loca,Movie,International Movies,2018,TV-MA
No Reservations,Movie,Comedies,2007,PG
No Reservations,Movie,Romantic Movies,2007,PG
Nobel,TV Show,International TV Shows,2016,R
Nobel,TV Show,TV Dramas,2016,R
Nobel,TV Show,TV Thrillers,2016,R
Norm of the North: Family Vacation,Movie,Children & Family Movies,2020,TV-Y7
Norm of the North: Keys to the Kingdom,Movie,Children & Family Movies,2019,TV-PG
Norm of the North: King Sized Adventure,Movie,Children & Family Movies,2019,TV-PG
Norm of the North: King Sized Adventure,Movie,Comedies,2019,TV-PG
North & South,TV Show,British TV Shows,2004,NR
North & South,TV Show,Romantic TV Shows,2004,NR
North & South,TV Show,TV Dramas,2004,NR
Not Alone,Movie,Documentaries,2017,TV-14
NOVA: Bird Brain,Movie,Children & Family Movies,2017,TV-G
NOVA: Bird Brain,Movie,Documentaries,2017,TV-G
NOVA: Black Hole Apocalypse,Movie,Documentaries,2018,TV-G
NOVA: Building Chernobyl's MegaTomb,Movie,Documentaries,2017,TV-PG
NOVA: Chinese Chariot Revealed,Movie,Documentaries,2017,TV-PG
NOVA: Day the Dinosaurs Died,Movie,Documentaries,2017,TV-PG
NOVA: Death Dive to Saturn,Movie,Documentaries,2017,TV-G
NOVA: Decoding the Weather Machine,Movie,Documentaries,2018,TV-14
NOVA: Eclipse Over America,Movie,Documentaries,2017,TV-G
NOVA: Extreme Animal Weapons,Movie,Documentaries,2017,TV-PG
NOVA: First Face of America,Movie,Documentaries,2018,TV-PG
NOVA: Holocaust Escape Tunnel,Movie,Documentaries,2017,TV-14
NOVA: Killer Floods,Movie,Documentaries,2017,TV-PG
NOVA: Killer Hurricanes,Movie,Documentaries,2017,TV-PG
NOVA: Killer Volcanoes,Movie,Documentaries,2017,TV-PG
NOVA: Poisoned Water,Movie,Documentaries,2017,TV-PG
NOVA: Prediction by the Numbers,Movie,Documentaries,2018,TV-G
NOVA: Secrets of the Shining Knight,Movie,Documentaries,2017,TV-PG
NOVA: Thai Cave Rescue,Movie,Documentaries,2018,TV-PG
NOVA: The Impossible Flight,Movie,Documentaries,2018,TV-PG
Nova: Ultimate Mars Challenge,Movie,Movies,2012,TV-G
November Criminals,Movie,Dramas,2017,PG-13
November Criminals,Movie,Thrillers,2017,PG-13
Now and Then,Movie,Dramas,1995,PG-13
Now More Than Ever: The History of Chicago,Movie,Documentaries,2016,TV-MA
Now More Than Ever: The History of Chicago,Movie,Music & Musicals,2016,TV-MA
Nowhere Boy,Movie,Dramas,2009,R
NSU German History X,TV Show,Crime TV Shows,2016,TV-MA
NSU German History X,TV Show,International TV Shows,2016,TV-MA
NSU German History X,TV Show,TV Dramas,2016,TV-MA
Nuestra Lucha Libre,TV Show,Docuseries,2018,TV-MA
Nuestra Lucha Libre,TV Show,International TV Shows,2018,TV-MA
Nuestra Lucha Libre,TV Show,Spanish-Language TV Shows,2018,TV-MA
Numbered,Movie,Documentaries,2012,TV-PG
Numbered,Movie,International Movies,2012,TV-PG
Numero Zero. The Roots of Italian Rap,Movie,Documentaries,2015,TV-MA
Numero Zero. The Roots of Italian Rap,Movie,International Movies,2015,TV-MA
Numero Zero. The Roots of Italian Rap,Movie,Music & Musicals,2015,TV-MA
Nura: Rise of the Yokai Clan: Demon Capital,TV Show,Anime Series,2011,TV-MA
Nura: Rise of the Yokai Clan: Demon Capital,TV Show,Crime TV Shows,2011,TV-MA
Nurse Jackie,TV Show,TV Comedies,2015,TV-MA
Nurse Jackie,TV Show,TV Dramas,2015,TV-MA
Nurses Who Kill,TV Show,British TV Shows,2016,TV-14
Nurses Who Kill,TV Show,Crime TV Shows,2016,TV-14
Nurses Who Kill,TV Show,Docuseries,2016,TV-14
Nymphomaniac: Volume 1,Movie,Dramas,2013,NR
Nymphomaniac: Volume 1,Movie,Independent Movies,2013,NR
Nymphomaniac: Volume 1,Movie,International Movies,2013,NR
Nymphomaniac: Volume II,Movie,Dramas,2013,TV-MA
Nymphomaniac: Volume II,Movie,Independent Movies,2013,TV-MA
Nymphomaniac: Volume II,Movie,International Movies,2013,TV-MA
"O-Negative, Love Can’t Be Designed",TV Show,International TV Shows,2016,TV-MA
"O-Negative, Love Can’t Be Designed",TV Show,Romantic TV Shows,2016,TV-MA
"O-Negative, Love Can’t Be Designed",TV Show,TV Dramas,2016,TV-MA
Oasis: Supersonic,Movie,Documentaries,2016,R
Oasis: Supersonic,Movie,International Movies,2016,R
Oasis: Supersonic,Movie,Music & Musicals,2016,R
Obvious Child,Movie,Comedies,2014,R
Obvious Child,Movie,Dramas,2014,R
Obvious Child,Movie,Independent Movies,2014,R
Océans,Movie,Documentaries,2009,G
Océans,Movie,International Movies,2009,G
Occupation,Movie,Action & Adventure,2018,R
Occupation,Movie,Sci-Fi & Fantasy,2018,R
Ocean's Eleven,Movie,Action & Adventure,1960,TV-PG
Ocean's Eleven,Movie,Classic Movies,1960,TV-PG
Ocean's Eleven,Movie,Comedies,1960,TV-PG
Ocean's Thirteen,Movie,Action & Adventure,2007,PG-13
Ocean's Thirteen,Movie,Comedies,2007,PG-13
Ocean's Twelve,Movie,Action & Adventure,2004,PG-13
Ocean's Twelve,Movie,Comedies,2004,PG-13
OCTB,TV Show,Crime TV Shows,2017,TV-14
OCTB,TV Show,International TV Shows,2017,TV-14
OCTB,TV Show,TV Dramas,2017,TV-14
Off Course,Movie,Comedies,2015,TV-MA
Off Course,Movie,International Movies,2015,TV-MA
Officer Downe,Movie,Action & Adventure,2016,R
Oh My Ghost 2,Movie,Comedies,2011,TV-MA
Oh My Ghost 2,Movie,Horror Movies,2011,TV-MA
Oh My Ghost 2,Movie,International Movies,2011,TV-MA
Oh My Ghost 3,Movie,Comedies,2012,TV-MA
Oh My Ghost 3,Movie,Horror Movies,2012,TV-MA
Oh My Ghost 3,Movie,International Movies,2012,TV-MA
Oh My Ghost 4,Movie,Comedies,2015,TV-MA
Oh My Ghost 4,Movie,Horror Movies,2015,TV-MA
Oh My Ghost 4,Movie,International Movies,2015,TV-MA
Oh No! It's an Alien Invasion,TV Show,Kids' TV,2014,TV-Y7-FV
Oh No! It's an Alien Invasion,TV Show,TV Action & Adventure,2014,TV-Y7-FV
Oh No! It's an Alien Invasion,TV Show,TV Sci-Fi & Fantasy,2014,TV-Y7-FV
Oklahoma City,Movie,Documentaries,2017,TV-14
Oliver Stone's Untold History of the United States,TV Show,Docuseries,2013,TV-PG
Ollie & Moon,TV Show,Kids' TV,2018,TV-Y
Omar and Salma 3,Movie,Comedies,2012,TV-MA
Omar and Salma 3,Movie,International Movies,2012,TV-MA
Omar and Salma 3,Movie,Romantic Movies,2012,TV-MA
On the Wrong Track,Movie,Action & Adventure,1983,TV-14
On the Wrong Track,Movie,International Movies,1983,TV-14
On Yoga The Architecture of Peace,Movie,Documentaries,2017,TV-14
On Yoga The Architecture of Peace,Movie,Faith & Spirituality,2017,TV-14
Onaatah,Movie,Dramas,2016,TV-14
Onaatah,Movie,International Movies,2016,TV-14
Once In A Lifetime Sessions with Moby,Movie,Documentaries,2018,TV-14
Once In A Lifetime Sessions with Moby,Movie,Music & Musicals,2018,TV-14
Once In A Lifetime Sessions with Nile Rodgers,Movie,Documentaries,2018,TV-PG
Once In A Lifetime Sessions with Nile Rodgers,Movie,Music & Musicals,2018,TV-PG
Once In A Lifetime Sessions with Noel Gallagher,Movie,Documentaries,2018,TV-MA
Once In A Lifetime Sessions with Noel Gallagher,Movie,Music & Musicals,2018,TV-MA
Once In A Lifetime Sessions with TLC,Movie,Documentaries,2018,TV-PG
Once In A Lifetime Sessions with TLC,Movie,Music & Musicals,2018,TV-PG
Once Upon a Time in London,Movie,Dramas,2019,TV-MA
Once Upon a Time in London,Movie,International Movies,2019,TV-MA
Once Upon a Time in the West,Movie,Action & Adventure,1968,PG-13
Once Upon a Time in the West,Movie,Classic Movies,1968,PG-13
Once Upon a Time in the West,Movie,International Movies,1968,PG-13
One Day,Movie,Dramas,2016,TV-PG
One Day,Movie,International Movies,2016,TV-PG
One Day,Movie,Romantic Movies,2016,TV-PG
One Direction: This Is Us,Movie,Documentaries,2013,PG
One Direction: This Is Us,Movie,Music & Musicals,2013,PG
One Heart: The A.R. Rahman Concert Film,Movie,Documentaries,2017,TV-G
One Heart: The A.R. Rahman Concert Film,Movie,International Movies,2017,TV-G
One Heart: The A.R. Rahman Concert Film,Movie,Music & Musicals,2017,TV-G
One Last Thing,Movie,Dramas,2018,TV-MA
One More Shot,Movie,Documentaries,2017,TV-MA
One Night Stand,Movie,Dramas,2016,TV-MA
One Night Stand,Movie,International Movies,2016,TV-MA
One Night Stand,Movie,Music & Musicals,2016,TV-MA
One Strange Rock,TV Show,Docuseries,2018,TV-PG
One Strange Rock,TV Show,Science & Nature TV,2018,TV-PG
Only God Forgives,Movie,Cult Movies,2013,R
Only God Forgives,Movie,Independent Movies,2013,R
Only God Forgives,Movie,Thrillers,2013,R
Only the Dead,Movie,Documentaries,2015,TV-MA
Only the Dead,Movie,International Movies,2015,TV-MA
Open Season,Movie,Children & Family Movies,2006,PG
Open Season,Movie,Comedies,2006,PG
Operation Chromite,Movie,Action & Adventure,2016,NR
Operation Chromite,Movie,Dramas,2016,NR
Operation Chromite,Movie,International Movies,2016,NR
Operation Gold Rush,TV Show,British TV Shows,2016,TV-14
Operation Gold Rush,TV Show,Reality TV,2016,TV-14
Operation Mekong,Movie,Action & Adventure,2016,TV-MA
Operation Mekong,Movie,International Movies,2016,TV-MA
Operation Odessa,Movie,Documentaries,2018,TV-MA
Operation Ouch!,TV Show,British TV Shows,2012,TV-PG
Operation Ouch!,TV Show,Kids' TV,2012,TV-PG
Operation Ouch!,TV Show,TV Comedies,2012,TV-PG
Operation Proposal,TV Show,International TV Shows,2012,TV-PG
Operation Proposal,TV Show,Korean TV Shows,2012,TV-PG
Operation Proposal,TV Show,Romantic TV Shows,2012,TV-PG
Operation Red Sea,Movie,Action & Adventure,2018,TV-MA
Operation Red Sea,Movie,International Movies,2018,TV-MA
Operator,Movie,Comedies,2016,TV-MA
Operator,Movie,Dramas,2016,TV-MA
Operator,Movie,Independent Movies,2016,TV-MA
Opium and the Kung Fu Master,Movie,Action & Adventure,1984,TV-MA
Opium and the Kung Fu Master,Movie,International Movies,1984,TV-MA
Origins Collection,TV Show,Docuseries,2018,TV-PG
Oru Vishsheshapetta Biryani Kissa,Movie,Comedies,2017,TV-14
Oru Vishsheshapetta Biryani Kissa,Movie,Dramas,2017,TV-14
Oru Vishsheshapetta Biryani Kissa,Movie,International Movies,2017,TV-14
OtherLife,Movie,Dramas,2017,TV-MA
OtherLife,Movie,Independent Movies,2017,TV-MA
OtherLife,Movie,International Movies,2017,TV-MA
Ottaal,Movie,Dramas,2014,TV-PG
Ottaal,Movie,International Movies,2014,TV-PG
Our Godfather,Movie,Documentaries,2019,TV-MA
Our Godfather,Movie,International Movies,2019,TV-MA
Our House,Movie,Horror Movies,2018,PG-13
Our House,Movie,Thrillers,2018,PG-13
Our Shining Days,Movie,Comedies,2017,TV-PG
Our Shining Days,Movie,Dramas,2017,TV-PG
Our Shining Days,Movie,International Movies,2017,TV-PG
Outlawed,Movie,Action & Adventure,2018,TV-MA
P,Movie,Horror Movies,2006,TV-MA
P,Movie,International Movies,2006,TV-MA
P Se PM Tak,Movie,Comedies,2015,TV-14
P Se PM Tak,Movie,Independent Movies,2015,TV-14
P Se PM Tak,Movie,International Movies,2015,TV-14
P. King Duckling,TV Show,Kids' TV,2016,TV-Y
P. King Duckling,TV Show,TV Comedies,2016,TV-Y
P.S. I Love You,Movie,Dramas,2007,PG-13
P.S. I Love You,Movie,Romantic Movies,2007,PG-13
Paathi,Movie,Dramas,2017,TV-14
Paathi,Movie,International Movies,2017,TV-14
Pablo Escobar: Angel or Demon?,Movie,Documentaries,2007,NR
Pablo Escobar: Angel or Demon?,Movie,International Movies,2007,NR
Pacific Heat,TV Show,Crime TV Shows,2016,TV-14
Pacific Heat,TV Show,TV Comedies,2016,TV-14
Pahuyut Fighting Beat,Movie,Action & Adventure,2007,TV-MA
Pahuyut Fighting Beat,Movie,International Movies,2007,TV-MA
Paid in Full,Movie,Action & Adventure,2002,R
Paid in Full,Movie,Dramas,2002,R
Paint It Black,Movie,Dramas,2016,R
Painted Faces,Movie,Dramas,1988,TV-PG
Painted Faces,Movie,International Movies,1988,TV-PG
Pajanimals,TV Show,Kids' TV,2011,TV-Y
Palio,Movie,Documentaries,2015,TV-14
Palio,Movie,International Movies,2015,TV-14
Palio,Movie,Sports Movies,2015,TV-14
Palm Trees in the Snow,Movie,Dramas,2015,TV-MA
Palm Trees in the Snow,Movie,International Movies,2015,TV-MA
Palm Trees in the Snow,Movie,Romantic Movies,2015,TV-MA
Panic Room,Movie,Thrillers,2002,R
Papa the Great,Movie,Comedies,2000,TV-PG
Papa the Great,Movie,Dramas,2000,TV-PG
Papa the Great,Movie,International Movies,2000,TV-PG
Paper Year,Movie,Dramas,2018,TV-MA
Paper Year,Movie,Independent Movies,2018,TV-MA
Paper Year,Movie,Romantic Movies,2018,TV-MA
Paranormal Activity,Movie,Horror Movies,2007,R
Paranormal Activity,Movie,Thrillers,2007,R
Paranormal Survivor,TV Show,Docuseries,2016,TV-14
Pardes,Movie,Dramas,1997,TV-14
Pardes,Movie,International Movies,1997,TV-14
Pardes,Movie,Romantic Movies,1997,TV-14
Pareeth Pandaari,Movie,Dramas,2017,TV-PG
Pareeth Pandaari,Movie,Independent Movies,2017,TV-PG
Pareeth Pandaari,Movie,International Movies,2017,TV-PG
Paris Is Burning,Movie,Classic Movies,1990,R
Paris Is Burning,Movie,Cult Movies,1990,R
Paris Is Burning,Movie,Documentaries,1990,R
Parks and Recreation,TV Show,TV Comedies,2015,TV-14
Pasión de Gavilanes,TV Show,International TV Shows,2003,TV-14
Pasión de Gavilanes,TV Show,Romantic TV Shows,2003,TV-14
Pasión de Gavilanes,TV Show,Spanish-Language TV Shows,2003,TV-14
Passenger 57,Movie,Action & Adventure,1992,R
Patiala House,Movie,Dramas,2011,TV-PG
Patiala House,Movie,International Movies,2011,TV-PG
Patiala House,Movie,Sports Movies,2011,TV-PG
Patient Seventeen,Movie,Documentaries,2017,TV-14
Patriot Games,Movie,Action & Adventure,1992,R
Patron Mutlu Son Istiyor,Movie,Comedies,2014,TV-MA
Patron Mutlu Son Istiyor,Movie,International Movies,2014,TV-MA
Patron Mutlu Son Istiyor,Movie,Romantic Movies,2014,TV-MA
Paul Blart: Mall Cop,Movie,Action & Adventure,2009,PG
Paul Blart: Mall Cop,Movie,Comedies,2009,PG
Paulettante Veedu,Movie,Dramas,2016,TV-14
Paulettante Veedu,Movie,International Movies,2016,TV-14
Pawn Stars,TV Show,Reality TV,2010,TV-14
Paying Guests,Movie,Comedies,2009,TV-14
Paying Guests,Movie,International Movies,2009,TV-14
Pee Mak,Movie,Comedies,2013,TV-MA
Pee Mak,Movie,Horror Movies,2013,TV-MA
Pee Mak,Movie,International Movies,2013,TV-MA
Pee-wee's Playhouse,TV Show,Classic & Cult TV,1990,TV-PG
Pee-wee's Playhouse,TV Show,Kids' TV,1990,TV-PG
Pee-wee's Playhouse,TV Show,TV Comedies,1990,TV-PG
Pee-wee's Playhouse: Christmas Special,Movie,Movies,1988,TV-PG
Pekak,Movie,Dramas,2016,TV-MA
Pekak,Movie,International Movies,2016,TV-MA
Penelope,Movie,Children & Family Movies,2006,PG
Penelope,Movie,Comedies,2006,PG
Penelope,Movie,Romantic Movies,2006,PG
Penny Dreadful,TV Show,TV Dramas,2016,TV-MA
Penny Dreadful,TV Show,TV Horror,2016,TV-MA
Penny Dreadful,TV Show,TV Mysteries,2016,TV-MA
People You May Know,Movie,Dramas,2016,TV-MA
People You May Know,Movie,LGBTQ Movies,2016,TV-MA
Perfect Bid: The Contestant Who Knew Too Much,Movie,Documentaries,2017,TV-MA
Perfect Stranger,Movie,Thrillers,2007,R
Person of Interest,TV Show,Crime TV Shows,2016,TV-14
Person of Interest,TV Show,TV Action & Adventure,2016,TV-14
Person of Interest,TV Show,TV Dramas,2016,TV-14
Personal Shopper,Movie,Dramas,2016,R
Personal Shopper,Movie,International Movies,2016,R
Personal Shopper,Movie,Thrillers,2016,R
Peter and the Farm,Movie,Documentaries,2016,TV-MA
Peter Rabbit,Movie,Children & Family Movies,2018,PG
Peter Rabbit,Movie,Comedies,2018,PG
Phamous,Movie,Dramas,2018,TV-MA
Phamous,Movie,International Movies,2018,TV-MA
Phamous,Movie,Thrillers,2018,TV-MA
Phantom Boy,Movie,Action & Adventure,2015,PG
Phantom Boy,Movie,Dramas,2015,PG
Phantom Boy,Movie,International Movies,2015,PG
Philadelphia,Movie,Classic Movies,1993,PG-13
Philadelphia,Movie,Dramas,1993,PG-13
Philadelphia,Movie,LGBTQ Movies,1993,PG-13
Phir Se,Movie,International Movies,2015,TV-14
Phir Se,Movie,Romantic Movies,2015,TV-14
Phobia 2,Movie,Horror Movies,2009,TV-MA
Phobia 2,Movie,International Movies,2009,TV-MA
Phone Swap,Movie,Comedies,2012,TV-14
Phone Swap,Movie,International Movies,2012,TV-14
Phone Swap,Movie,Romantic Movies,2012,TV-14
Phullu,Movie,Dramas,2017,TV-14
Phullu,Movie,Independent Movies,2017,TV-14
Phullu,Movie,International Movies,2017,TV-14
Pick of the Litter,Movie,Children & Family Movies,2018,TV-PG
Pick of the Litter,Movie,Documentaries,2018,TV-PG
Pierre Jackson,Movie,Romantic Movies,2018,TV-MA
Pimpal,Movie,Dramas,2017,TV-PG
Pimpal,Movie,Independent Movies,2017,TV-PG
Pimpal,Movie,International Movies,2017,TV-PG
Pioneers of African-American Cinema,TV Show,TV Shows,1946,TV-14
Pitaah,Movie,Dramas,2002,TV-MA
Pitaah,Movie,International Movies,2002,TV-MA
Pitaah,Movie,Music & Musicals,2002,TV-MA
"Pizza, birra, faso",Movie,Dramas,1998,TV-MA
"Pizza, birra, faso",Movie,International Movies,1998,TV-MA
"Plaire, aimer et courir vite",Movie,Dramas,2018,TV-MA
"Plaire, aimer et courir vite",Movie,Independent Movies,2018,TV-MA
"Plaire, aimer et courir vite",Movie,International Movies,2018,TV-MA
Planet Earth II,TV Show,British TV Shows,2016,TV-G
Planet Earth II,TV Show,Docuseries,2016,TV-G
Planet Earth II,TV Show,Science & Nature TV,2016,TV-G
Planet Earth: The Complete Collection,TV Show,British TV Shows,2006,TV-PG
Planet Earth: The Complete Collection,TV Show,Docuseries,2006,TV-PG
Planet Earth: The Complete Collection,TV Show,International TV Shows,2006,TV-PG
Planet Hulk,Movie,Action & Adventure,2010,TV-14
Planet Hulk,Movie,Sci-Fi & Fantasy,2010,TV-14
Planetarium,Movie,Dramas,2016,TV-MA
Planetarium,Movie,International Movies,2016,TV-MA
Platoon,Movie,Action & Adventure,1986,R
Platoon,Movie,Classic Movies,1986,R
Platoon,Movie,Dramas,1986,R
Playing for Time,Movie,Dramas,1980,TV-14
Playing Hard,Movie,Documentaries,2018,TV-MA
Playing Hard,Movie,International Movies,2018,TV-MA
Pope Francis: A Man of His Word,Movie,Documentaries,2018,PG
Pope Francis: A Man of His Word,Movie,Faith & Spirituality,2018,PG
Pope Francis: A Man of His Word,Movie,International Movies,2018,PG
Popeye,Movie,Action & Adventure,1980,PG
Popeye,Movie,Children & Family Movies,1980,PG
Popeye,Movie,Comedies,1980,PG
Portlandia,TV Show,TV Comedies,2018,TV-14
Porto,Movie,Dramas,2016,TV-MA
Porto,Movie,Independent Movies,2016,TV-MA
Porto,Movie,Romantic Movies,2016,TV-MA
Postcards from London,Movie,Dramas,2018,TV-MA
Postcards from London,Movie,Independent Movies,2018,TV-MA
Postcards from London,Movie,LGBTQ Movies,2018,TV-MA
Powder,TV Show,Crime TV Shows,2010,TV-14
Powder,TV Show,International TV Shows,2010,TV-14
Powder,TV Show,TV Dramas,2010,TV-14
Power Battle Watch Car,TV Show,Kids' TV,2016,TV-Y7
Power Battle Watch Car,TV Show,Korean TV Shows,2016,TV-Y7
Power Rangers Dino Charge,TV Show,Kids' TV,2015,TV-Y7
Power Rangers Dino Super Charge,TV Show,Kids' TV,2016,TV-Y7
Power Rangers Dino Thunder,TV Show,Kids' TV,2004,TV-Y7
Power Rangers in Space,TV Show,Kids' TV,1998,TV-Y7
Power Rangers Jungle Fury,TV Show,Kids' TV,2008,TV-Y7
Power Rangers Lightspeed Rescue,TV Show,Kids' TV,2000,TV-Y7
Power Rangers Lost Galaxy,TV Show,Kids' TV,1999,TV-Y7
Power Rangers Mystic Force,TV Show,Kids' TV,2006,TV-Y7
Power Rangers Ninja Storm,TV Show,Kids' TV,2003,TV-Y7
Power Rangers Operation Overdrive,TV Show,Kids' TV,2007,TV-Y7
Power Rangers RPM,TV Show,Kids' TV,2009,TV-Y7
Power Rangers S.P.D.,TV Show,Kids' TV,2005,TV-Y7
Power Rangers Samurai,TV Show,Kids' TV,2011,TV-Y7
"Power Rangers Samurai: Christmas Together, Friends Forever (Christmas Special)",Movie,Movies,2011,TV-Y7
Power Rangers Samurai: Clash of the Red Rangers,Movie,Children & Family Movies,2011,TV-Y7
Power Rangers Samurai: Party Monsters (Halloween Special),Movie,Movies,2011,TV-Y7
Power Rangers Super Megaforce,TV Show,Kids' TV,2014,TV-Y7
Power Rangers Super Megaforce: The Legendary Battle (Extended),Movie,Movies,2014,TV-Y7
Power Rangers Super Samurai,TV Show,Kids' TV,2012,TV-Y7
Power Rangers Super Samurai: Stuck on Christmas,Movie,Children & Family Movies,2012,TV-Y7
Power Rangers Super Samurai: Stuck on Christmas,Movie,Sci-Fi & Fantasy,2012,TV-Y7
Power Rangers Super Samurai: Trickster Treat,Movie,Movies,2012,TV-Y7
Power Rangers Time Force,TV Show,Kids' TV,2001,TV-Y7
Power Rangers Turbo,TV Show,Kids' TV,1997,TV-Y7
Power Rangers Wild Force,TV Show,Kids' TV,2002,TV-Y7
Power Rangers Zeo,TV Show,Kids' TV,1996,TV-Y7
Power Rangers: Megaforce,TV Show,Kids' TV,2013,TV-Y7
Power Rangers: Megaforce: Raising Spirits,Movie,Children & Family Movies,2013,TV-Y7
Power Rangers: Megaforce: The Robo Knight Before Christmas,Movie,Children & Family Movies,2013,TV-Y7
Prague,Movie,Dramas,2013,TV-MA
Prague,Movie,Independent Movies,2013,TV-MA
Prague,Movie,International Movies,2013,TV-MA
Prelude to War,Movie,Classic Movies,1942,TV-14
Prelude to War,Movie,Documentaries,1942,TV-14
Premachi Goshta,Movie,International Movies,2013,TV-14
Premachi Goshta,Movie,Romantic Movies,2013,TV-14
Prescription Thugs,Movie,Documentaries,2015,NR
Primal Fear,Movie,Dramas,1996,R
Primal Fear,Movie,Thrillers,1996,R
Prince Charming,Movie,Comedies,1984,TV-14
Prince Charming,Movie,International Movies,1984,TV-14
Prince Charming,Movie,Romantic Movies,1984,TV-14
Prince Jai Aur Dumdaar Viru,TV Show,Kids' TV,2017,TV-Y
Prince Jai Aur Dumdaar Viru,TV Show,TV Comedies,2017,TV-Y
Princess Cyd,Movie,Dramas,2017,TV-MA
Princess Cyd,Movie,Independent Movies,2017,TV-MA
Princess Cyd,Movie,LGBTQ Movies,2017,TV-MA
Professor Mack,Movie,Comedies,2018,TV-MA
Professor Mack,Movie,Romantic Movies,2018,TV-MA
Prohibition: A Film by Ken Burns and Lynn Novick,TV Show,Crime TV Shows,2011,TV-PG
Prohibition: A Film by Ken Burns and Lynn Novick,TV Show,Docuseries,2011,TV-PG
Prosecuting Evil: The Extraordinary World of Ben Ferencz,Movie,Documentaries,2019,TV-MA
Psiconautas,TV Show,International TV Shows,2016,TV-MA
Psiconautas,TV Show,Spanish-Language TV Shows,2016,TV-MA
Psiconautas,TV Show,TV Comedies,2016,TV-MA
Pukar,Movie,Action & Adventure,2000,TV-14
Pukar,Movie,Dramas,2000,TV-14
Pukar,Movie,International Movies,2000,TV-14
Pulp Fiction,Movie,Classic Movies,1994,R
Pulp Fiction,Movie,Cult Movies,1994,R
Pulp Fiction,Movie,Dramas,1994,R
Punjab 1984,Movie,Dramas,2014,TV-14
Punjab 1984,Movie,International Movies,2014,TV-14
Pusher,Movie,Action & Adventure,2012,R
Pyaar Ka Punchnama,Movie,Comedies,2011,TV-14
Pyaar Ka Punchnama,Movie,Dramas,2011,TV-14
Pyaar Ka Punchnama,Movie,International Movies,2011,TV-14
Pyaar Tune Kya Kiya,TV Show,International TV Shows,2014,TV-14
Pyaar Tune Kya Kiya,TV Show,Romantic TV Shows,2014,TV-14
Pyaar Tune Kya Kiya,TV Show,TV Dramas,2014,TV-14
Q Ball,Movie,Documentaries,2019,TV-MA
Q Ball,Movie,Sports Movies,2019,TV-MA
Qué pena tu serie,TV Show,International TV Shows,2015,TV-MA
Qué pena tu serie,TV Show,Romantic TV Shows,2015,TV-MA
Qué pena tu serie,TV Show,Spanish-Language TV Shows,2015,TV-MA
Quantum of Solace,Movie,Action & Adventure,2008,PG-13
Queen of No Marriage,TV Show,International TV Shows,2009,TV-MA
Queen of No Marriage,TV Show,Romantic TV Shows,2009,TV-MA
Queen of No Marriage,TV Show,TV Comedies,2009,TV-MA
Queen of the Desert,Movie,Dramas,2015,PG-13
Queens of Comedy,TV Show,International TV Shows,2017,TV-MA
Queens of Comedy,TV Show,Stand-Up Comedy & Talk Shows,2017,TV-MA
Queens of Comedy,TV Show,TV Comedies,2017,TV-MA
Queens vs. Kings,TV Show,Stand-Up Comedy & Talk Shows,2018,TV-14
Queens vs. Kings,TV Show,TV Comedies,2018,TV-14
R.L. Stine's Mostly Ghostly,Movie,Children & Family Movies,2008,PG
R.L. Stine's Mostly Ghostly,Movie,Comedies,2008,PG
Rab Se Sohna Isshq,TV Show,International TV Shows,2012,TV-14
Rab Se Sohna Isshq,TV Show,Romantic TV Shows,2012,TV-14
Rab Se Sohna Isshq,TV Show,TV Dramas,2012,TV-14
Race to Witch Mountain,Movie,Children & Family Movies,2009,PG
Rachel Getting Married,Movie,Dramas,2008,R
Rachel Getting Married,Movie,Independent Movies,2008,R
Radical: the Controversial Saga of Dada Figueiredo,Movie,Documentaries,2013,TV-MA
Radical: the Controversial Saga of Dada Figueiredo,Movie,International Movies,2013,TV-MA
Radical: the Controversial Saga of Dada Figueiredo,Movie,Sports Movies,2013,TV-MA
Radiopetti,Movie,Dramas,2015,TV-PG
Radiopetti,Movie,International Movies,2015,TV-PG
Raging Bull,Movie,Classic Movies,1980,R
Raging Bull,Movie,Dramas,1980,R
Raging Bull,Movie,Sports Movies,1980,R
Rahasya,Movie,Dramas,2015,TV-14
Rahasya,Movie,International Movies,2015,TV-14
Raiders!: The Story of the Greatest Fan Film Ever Made,Movie,Documentaries,2015,NR
Railroad Tigers,Movie,Action & Adventure,2016,TV-14
Railroad Tigers,Movie,Comedies,2016,TV-14
Railroad Tigers,Movie,International Movies,2016,TV-14
Raja Hindustani,Movie,Dramas,1996,TV-14
Raja Hindustani,Movie,International Movies,1996,TV-14
Raja Hindustani,Movie,Romantic Movies,1996,TV-14
Rajnigandha,Movie,Comedies,1974,TV-PG
Rajnigandha,Movie,Dramas,1974,TV-PG
Rajnigandha,Movie,Independent Movies,1974,TV-PG
Ralph Breaks the Internet: Wreck-It Ralph 2,Movie,Children & Family Movies,2018,PG
Ralph Breaks the Internet: Wreck-It Ralph 2,Movie,Comedies,2018,PG
Ram Teri Ganga Maili,Movie,Classic Movies,1985,TV-14
Ram Teri Ganga Maili,Movie,Dramas,1985,TV-14
Ram Teri Ganga Maili,Movie,International Movies,1985,TV-14
Ramayan,TV Show,International TV Shows,2012,TV-14
Ramayan,TV Show,TV Dramas,2012,TV-14
Ramen Shop,Movie,Dramas,2018,TV-PG
Ramen Shop,Movie,International Movies,2018,TV-PG
Ramji Londonwaley,Movie,Comedies,2005,TV-14
Ramji Londonwaley,Movie,Dramas,2005,TV-14
Ramji Londonwaley,Movie,International Movies,2005,TV-14
Rampant,Movie,Action & Adventure,2018,TV-MA
Rampant,Movie,Horror Movies,2018,TV-MA
Rampant,Movie,International Movies,2018,TV-MA
Ranbhool,Movie,Horror Movies,2010,TV-MA
Ranbhool,Movie,International Movies,2010,TV-MA
Ranbhool,Movie,Thrillers,2010,TV-MA
Rangreza,Movie,Dramas,2017,TV-14
Rangreza,Movie,International Movies,2017,TV-14
Rangreza,Movie,Music & Musicals,2017,TV-14
Rats,Movie,Documentaries,2016,NR
Razia Sultan,TV Show,International TV Shows,2015,TV-14
Razia Sultan,TV Show,Romantic TV Shows,2015,TV-14
Razia Sultan,TV Show,TV Dramas,2015,TV-14
Reaction,Movie,Dramas,2011,TV-14
Reaction,Movie,International Movies,2011,TV-14
Ready,Movie,Comedies,2011,TV-PG
Ready,Movie,International Movies,2011,TV-PG
Ready,Movie,Romantic Movies,2011,TV-PG
Reality of Dream,TV Show,International TV Shows,2015,TV-MA
Reality of Dream,TV Show,Romantic TV Shows,2015,TV-MA
Reality of Dream,TV Show,TV Dramas,2015,TV-MA
Rebel Without a Cause,Movie,Classic Movies,1955,PG-13
Rebel Without a Cause,Movie,Dramas,1955,PG-13
Rebelde,TV Show,International TV Shows,2004,TV-14
Rebelde,TV Show,Romantic TV Shows,2004,TV-14
Rebelde,TV Show,Spanish-Language TV Shows,2004,TV-14
Recall,Movie,Dramas,2018,TV-MA
Rectify,TV Show,Crime TV Shows,2016,TV-MA
Rectify,TV Show,TV Dramas,2016,TV-MA
Rectify,TV Show,TV Mysteries,2016,TV-MA
Red Christmas,Movie,Horror Movies,2016,TV-MA
Red Dawn,Movie,Action & Adventure,1984,PG-13
Red Dawn,Movie,Cult Movies,1984,PG-13
Red Oleanders Raktokarobi,Movie,Dramas,2017,TV-14
Red Oleanders Raktokarobi,Movie,International Movies,2017,TV-14
Red Trees,Movie,Documentaries,2017,TV-PG
Red Trees,Movie,International Movies,2017,TV-PG
Red vs. Blue,TV Show,TV Action & Adventure,2015,NR
Red vs. Blue,TV Show,TV Comedies,2015,NR
Red vs. Blue,TV Show,TV Sci-Fi & Fantasy,2015,NR
Refugee,Movie,Documentaries,2016,TV-PG
Regatta,Movie,Action & Adventure,2015,TV-MA
Regatta,Movie,Dramas,2015,TV-MA
Regatta,Movie,International Movies,2015,TV-MA
Reggie Yates Outside Man,TV Show,British TV Shows,2017,TV-MA
Reggie Yates Outside Man,TV Show,Docuseries,2017,TV-MA
Reggie Yates Outside Man,TV Show,International TV Shows,2017,TV-MA
Reincarnated,Movie,Documentaries,2012,R
Reincarnated,Movie,Music & Musicals,2012,R
Rembat,Movie,Action & Adventure,2015,TV-PG
Rembat,Movie,Comedies,2015,TV-PG
Rembat,Movie,International Movies,2015,TV-PG
Remember,Movie,Action & Adventure,2015,R
Remember,Movie,Dramas,2015,R
Remember Me,Movie,Dramas,2010,PG-13
Remember Me,Movie,Romantic Movies,2010,PG-13
Rememory,Movie,Dramas,2017,PG-13
Rememory,Movie,Sci-Fi & Fantasy,2017,PG-13
Republic of Doyle,TV Show,Crime TV Shows,2014,TV-14
Republic of Doyle,TV Show,TV Comedies,2014,TV-14
Republic of Doyle,TV Show,TV Dramas,2014,TV-14
Resident Evil: Afterlife,Movie,Action & Adventure,2010,R
Resident Evil: Afterlife,Movie,Horror Movies,2010,R
Resident Evil: Afterlife,Movie,Sci-Fi & Fantasy,2010,R
Residente,Movie,Documentaries,2017,TV-MA
Residente,Movie,Music & Musicals,2017,TV-MA
Restless Creature: Wendy Whelan,Movie,Documentaries,2016,TV-MA
Return To The 36th Chamber,Movie,Action & Adventure,1980,R
Return To The 36th Chamber,Movie,Comedies,1980,R
Return To The 36th Chamber,Movie,International Movies,1980,R
Revelations,Movie,Dramas,2016,NR
Revelations,Movie,International Movies,2016,NR
Revenge,TV Show,Crime TV Shows,2017,TV-MA
Revenge,TV Show,International TV Shows,2017,TV-MA
Revenge,TV Show,TV Dramas,2017,TV-MA
Revenge of the Green Dragons,Movie,Action & Adventure,2014,R
Revenge of the Green Dragons,Movie,Dramas,2014,R
Revenge of the Green Dragons,Movie,Independent Movies,2014,R
Revolting Rhymes,TV Show,British TV Shows,2017,TV-PG
Revolting Rhymes,TV Show,Kids' TV,2017,TV-PG
Revolutionary Road,Movie,Dramas,2008,R
Revolutionary Road,Movie,Romantic Movies,2008,R
Rezeta,Movie,Dramas,2012,NR
Rezeta,Movie,Independent Movies,2012,NR
Rezeta,Movie,International Movies,2012,NR
"Rica, Famosa, Latina",TV Show,International TV Shows,2016,TV-MA
"Rica, Famosa, Latina",TV Show,Reality TV,2016,TV-MA
"Rica, Famosa, Latina",TV Show,Spanish-Language TV Shows,2016,TV-MA
Righteous Kill,Movie,Dramas,2008,R
Righteous Kill,Movie,Thrillers,2008,R
Ringan,Movie,Dramas,2015,TV-14
Ringan,Movie,International Movies,2015,TV-14
Ripper Street,TV Show,British TV Shows,2017,TV-MA
Ripper Street,TV Show,Crime TV Shows,2017,TV-MA
Ripper Street,TV Show,TV Dramas,2017,TV-MA
Rise of the Zombie,Movie,Horror Movies,2013,TV-MA
Rise of the Zombie,Movie,International Movies,2013,TV-MA
Rishta.com,TV Show,International TV Shows,2010,TV-14
Rishta.com,TV Show,Romantic TV Shows,2010,TV-14
Rishta.com,TV Show,TV Comedies,2010,TV-14
Rivaaz,Movie,Dramas,2011,TV-MA
Rivaaz,Movie,Independent Movies,2011,TV-MA
Rivaaz,Movie,International Movies,2011,TV-MA
Road to Sangam,Movie,Dramas,2010,TV-14
Road to Sangam,Movie,Independent Movies,2010,TV-14
Road to Sangam,Movie,International Movies,2010,TV-14
Road to Yesterday,Movie,Dramas,2015,TV-14
Road to Yesterday,Movie,International Movies,2015,TV-14
Roberto Saviano: Writing Under Police Protection,Movie,Documentaries,2016,TV-14
Roberto Saviano: Writing Under Police Protection,Movie,International Movies,2016,TV-14
Robin Hood: The Rebellion,Movie,Action & Adventure,2018,TV-14
Robin Hood: The Rebellion,Movie,Independent Movies,2018,TV-14
Robin Hood: The Rebellion,Movie,International Movies,2018,TV-14
Robotech,TV Show,Anime Series,1985,TV-MA
Rocky,Movie,Action & Adventure,1976,PG
Rocky,Movie,Classic Movies,1976,PG
Rocky,Movie,Dramas,1976,PG
Rocky II,Movie,Dramas,1979,PG
Rocky II,Movie,Sports Movies,1979,PG
Rocky III,Movie,Dramas,1982,PG
Rocky III,Movie,Sports Movies,1982,PG
Rocky IV,Movie,Dramas,1985,PG
Rocky IV,Movie,Sports Movies,1985,PG
Rocky V,Movie,Dramas,1990,PG-13
Rocky V,Movie,Sports Movies,1990,PG-13
Roger Corman's Death Race 2050,Movie,Action & Adventure,2017,R
Roger Corman's Death Race 2050,Movie,Sci-Fi & Fantasy,2017,R
Roh's Beauty,Movie,Dramas,2014,TV-MA
Roh's Beauty,Movie,International Movies,2014,TV-MA
Roll Red Roll,Movie,Documentaries,2018,TV-MA
Rolling Papers,Movie,Documentaries,2015,TV-MA
Romeo Ranjha,Movie,Action & Adventure,2014,TV-14
Romeo Ranjha,Movie,Comedies,2014,TV-14
Romeo Ranjha,Movie,Music & Musicals,2014,TV-14
Room,Movie,Dramas,2015,R
Room,Movie,Independent Movies,2015,R
Room for Rent,Movie,Comedies,2017,TV-MA
Room for Rent,Movie,Independent Movies,2017,TV-MA
Room on the Broom,Movie,Children & Family Movies,2012,TV-Y7
Room on the Broom,Movie,Independent Movies,2012,TV-Y7
Roonpi Secret Love,TV Show,International TV Shows,2016,TV-14
Roonpi Secret Love,TV Show,Romantic TV Shows,2016,TV-14
Roonpi Secret Love,TV Show,Teen TV Shows,2016,TV-14
Roots,Movie,Documentaries,2016,TV-PG
Roots,Movie,International Movies,2016,TV-PG
Roots,Movie,Music & Musicals,2016,TV-PG
Rosemary's Baby,Movie,Classic Movies,1968,R
Rosemary's Baby,Movie,Horror Movies,1968,R
Rosemary's Baby,Movie,Thrillers,1968,R
Rounders,Movie,Dramas,1998,R
Royal Pains,TV Show,TV Comedies,2016,TV-PG
Royal Pains,TV Show,TV Dramas,2016,TV-PG
Rubi,TV Show,International TV Shows,2004,TV-PG
Rubi,TV Show,Romantic TV Shows,2004,TV-PG
Rubi,TV Show,Spanish-Language TV Shows,2004,TV-PG
Rukh,Movie,Dramas,2017,TV-MA
Rukh,Movie,Independent Movies,2017,TV-MA
Rukh,Movie,International Movies,2017,TV-MA
Rumble,Movie,Action & Adventure,2016,TV-MA
Rumble,Movie,Independent Movies,2016,TV-MA
Rumble in the Bronx,Movie,Action & Adventure,1995,R
Rumble in the Bronx,Movie,Comedies,1995,R
Rumble in the Bronx,Movie,International Movies,1995,R
Rumor Has It,Movie,Comedies,2005,PG-13
Rumor Has It,Movie,Romantic Movies,2005,PG-13
Run,Movie,Action & Adventure,2004,TV-14
Run,Movie,International Movies,2004,TV-14
Run,Movie,Music & Musicals,2004,TV-14
Runaway Bride,Movie,Comedies,1999,PG
Runaway Bride,Movie,Romantic Movies,1999,PG
Running for Grace,Movie,Dramas,2018,TV-14
Running for Grace,Movie,Romantic Movies,2018,TV-14
Running Out Of Time,Movie,Thrillers,2018,TV-14
Rurouni Kenshin,TV Show,Anime Series,1998,TV-14
Rurouni Kenshin,TV Show,International TV Shows,1998,TV-14
Russell Madness,Movie,Children & Family Movies,2015,PG
Russell Madness,Movie,Comedies,2015,PG
Russell Madness,Movie,Sports Movies,2015,PG
Russell Peters vs. the World,TV Show,Docuseries,2013,NR
Russell Peters vs. the World,TV Show,Stand-Up Comedy & Talk Shows,2013,NR
Russell Peters: Notorious,Movie,Stand-Up Comedy,2013,NR
Rustom,Movie,Dramas,2016,TV-14
Rustom,Movie,International Movies,2016,TV-14
S Is for Stanley,Movie,Documentaries,2016,TV-MA
S Is for Stanley,Movie,International Movies,2016,TV-MA
S.W.A.T.,Movie,Action & Adventure,2003,PG-13
Saath Saath,Movie,Dramas,1982,TV-14
Saath Saath,Movie,Independent Movies,1982,TV-14
Saath Saath,Movie,International Movies,1982,TV-14
Sacro GRA,Movie,Documentaries,2013,TV-MA
Sacro GRA,Movie,International Movies,2013,TV-MA
Sadece Sen,Movie,Dramas,2014,TV-MA
Sadece Sen,Movie,International Movies,2014,TV-MA
Sadece Sen,Movie,Romantic Movies,2014,TV-MA
Sadie's Last Days on Earth,Movie,Comedies,2016,TV-14
Sadie's Last Days on Earth,Movie,Sci-Fi & Fantasy,2016,TV-14
Sadma,Movie,Dramas,1983,TV-14
Sadma,Movie,International Movies,1983,TV-14
Sadma,Movie,Romantic Movies,1983,TV-14
Sadqay Tumhare,TV Show,International TV Shows,2014,TV-PG
Sadqay Tumhare,TV Show,Romantic TV Shows,2014,TV-PG
Sadqay Tumhare,TV Show,TV Dramas,2014,TV-PG
Saeed Mirza: The Leftist Sufi,Movie,Documentaries,2016,TV-MA
Saeed Mirza: The Leftist Sufi,Movie,International Movies,2016,TV-MA
Safety Not Guaranteed,Movie,Comedies,2012,R
Safety Not Guaranteed,Movie,Independent Movies,2012,R
Safety Not Guaranteed,Movie,Romantic Movies,2012,R
Saheb Bibi Golaam,Movie,Dramas,2016,TV-MA
Saheb Bibi Golaam,Movie,International Movies,2016,TV-MA
Sairat,Movie,Dramas,2016,TV-14
Sairat,Movie,International Movies,2016,TV-14
Sairat,Movie,Romantic Movies,2016,TV-14
Sakhi,Movie,Dramas,2007,TV-PG
Sakhi,Movie,International Movies,2007,TV-PG
Sakhi,Movie,Music & Musicals,2007,TV-PG
Salem: His Sister's Father,Movie,Dramas,2014,TV-14
Salem: His Sister's Father,Movie,International Movies,2014,TV-14
Samantaral,Movie,Dramas,2017,TV-MA
Samantaral,Movie,International Movies,2017,TV-MA
Samarppanam,Movie,Dramas,2017,TV-PG
Samarppanam,Movie,International Movies,2017,TV-PG
Sameer Abu Alneel,Movie,Comedies,2013,TV-14
Sameer Abu Alneel,Movie,International Movies,2013,TV-14
Samson,Movie,Action & Adventure,2018,PG-13
Samson,Movie,Dramas,2018,PG-13
Samson,Movie,Faith & Spirituality,2018,PG-13
Samudri Lootere,Movie,Children & Family Movies,2018,TV-Y
San Pietro,Movie,Classic Movies,1945,TV-14
San Pietro,Movie,Documentaries,1945,TV-14
Sanai Choughade,Movie,Comedies,2008,TV-14
Sanai Choughade,Movie,Dramas,2008,TV-14
Sanai Choughade,Movie,International Movies,2008,TV-14
Sangam,Movie,Classic Movies,1964,TV-14
Sangam,Movie,Dramas,1964,TV-14
Sangam,Movie,International Movies,1964,TV-14
Santa Claws,Movie,Children & Family Movies,2014,TV-PG
Santa Claws,Movie,Comedies,2014,TV-PG
Santa's Apprentice,Movie,Children & Family Movies,2010,TV-G
Sarah's Key,Movie,Dramas,2010,PG-13
Sarah's Key,Movie,International Movies,2010,PG-13
Sardaar ji,Movie,Comedies,2015,TV-14
Sardaar ji,Movie,International Movies,2015,TV-14
Sardaar ji,Movie,Music & Musicals,2015,TV-14
Sardaarji 2,Movie,Action & Adventure,2016,TV-PG
Sardaarji 2,Movie,Comedies,2016,TV-PG
Sardaarji 2,Movie,International Movies,2016,TV-PG
Sarivar Sari,Movie,Dramas,2005,TV-14
Sarivar Sari,Movie,International Movies,2005,TV-14
Sarvopari Palakkaran,Movie,Dramas,2017,TV-14
Sarvopari Palakkaran,Movie,International Movies,2017,TV-14
Sat Sri Akal,Movie,Dramas,2008,TV-14
Sat Sri Akal,Movie,Faith & Spirituality,2008,TV-14
Sat Sri Akal,Movie,International Movies,2008,TV-14
Satan & Adam,Movie,Documentaries,2018,TV-MA
Satan & Adam,Movie,Music & Musicals,2018,TV-MA
Satrangi,TV Show,Docuseries,2014,TV-PG
Satrangi,TV Show,International TV Shows,2014,TV-PG
Satrangi Re,Movie,Dramas,2012,TV-14
Satrangi Re,Movie,International Movies,2012,TV-14
Satrangi Re,Movie,Music & Musicals,2012,TV-14
Satte Pe Satta,Movie,Comedies,1982,TV-14
Satte Pe Satta,Movie,Cult Movies,1982,TV-14
Satte Pe Satta,Movie,Dramas,1982,TV-14
Saturday Church,Movie,Dramas,2017,TV-MA
Saturday Church,Movie,LGBTQ Movies,2017,TV-MA
Savage Dog,Movie,Action & Adventure,2017,TV-MA
Savage Dog,Movie,Independent Movies,2017,TV-MA
Savage Raghda,Movie,Comedies,2018,TV-MA
Savage Raghda,Movie,International Movies,2018,TV-MA
Savage Raghda,Movie,Romantic Movies,2018,TV-MA
Save Our Shelter,TV Show,Reality TV,2015,TV-G
Saving Mr. Banks,Movie,Comedies,2013,PG-13
Saving Mr. Banks,Movie,Dramas,2013,PG-13
Saving Zoë,Movie,Dramas,2019,R
Say When,Movie,Comedies,2014,R
Say When,Movie,Dramas,2014,R
Say When,Movie,Independent Movies,2014,R
Scales: Mermaids Are Real,Movie,Children & Family Movies,2017,PG
Scandal,TV Show,Crime TV Shows,2018,TV-14
Scandal,TV Show,TV Dramas,2018,TV-14
Scandal in Sorrento,Movie,Classic Movies,1955,TV-PG
Scandal in Sorrento,Movie,Comedies,1955,TV-PG
Scandal in Sorrento,Movie,Independent Movies,1955,TV-PG
Scary Movie,Movie,Comedies,2000,R
Scary Movie,Movie,Horror Movies,2000,R
Scary Movie 5,Movie,Comedies,2013,PG-13
Scary Movie 5,Movie,Horror Movies,2013,PG-13
Schindler's List,Movie,Classic Movies,1993,R
Schindler's List,Movie,Dramas,1993,R
School Daze,Movie,Comedies,1988,R
School Daze,Movie,Dramas,1988,R
Scooby-Doo on Zombie Island,Movie,Children & Family Movies,1998,TV-PG
Scott Pilgrim vs. the World,Movie,Action & Adventure,2010,PG-13
Scott Pilgrim vs. the World,Movie,Comedies,2010,PG-13
Scott Pilgrim vs. the World,Movie,Cult Movies,2010,PG-13
Scream 2,Movie,Horror Movies,1997,R
Scream 3,Movie,Horror Movies,2000,R
Seal Team Six: The Raid on Osama Bin Laden,Movie,Action & Adventure,2012,TV-MA
Searching for Bobby Fischer,Movie,Children & Family Movies,1993,PG
Searching for Bobby Fischer,Movie,Classic Movies,1993,PG
Searching for Bobby Fischer,Movie,Dramas,1993,PG
Searching for Sugar Man,Movie,Documentaries,2012,PG-13
Searching for Sugar Man,Movie,International Movies,2012,PG-13
Searching for Sugar Man,Movie,Music & Musicals,2012,PG-13
Season of the Witch,Movie,Action & Adventure,2011,PG-13
Season of the Witch,Movie,Sci-Fi & Fantasy,2011,PG-13
Secret,Movie,Dramas,2007,TV-PG
Secret,Movie,International Movies,2007,TV-PG
Secret,Movie,Music & Musicals,2007,TV-PG
Secret Affair,TV Show,International TV Shows,2014,TV-14
Secret Affair,TV Show,Korean TV Shows,2014,TV-14
Secret Affair,TV Show,Romantic TV Shows,2014,TV-14
Secret in Their Eyes,Movie,Dramas,2015,PG-13
Secret in Their Eyes,Movie,Thrillers,2015,PG-13
Secrets of Althorp - The Spencers,Movie,Documentaries,2013,TV-PG
Secrets of Althorp - The Spencers,Movie,International Movies,2013,TV-PG
Secrets of Chatsworth,Movie,Documentaries,2013,TV-PG
Secrets of Chatsworth,Movie,International Movies,2013,TV-PG
Secrets of Henry VIII's Palace: Hampton Court,Movie,Documentaries,2013,TV-PG
Secrets of Henry VIII's Palace: Hampton Court,Movie,International Movies,2013,TV-PG
Secrets of Her Majesty's Secret Service,Movie,Documentaries,2014,TV-PG
Secrets of Her Majesty's Secret Service,Movie,International Movies,2014,TV-PG
Secrets of Highclere Castle,Movie,Documentaries,2013,TV-PG
Secrets of Highclere Castle,Movie,International Movies,2013,TV-PG
Secrets of Scotland Yard,Movie,Documentaries,2013,TV-14
Secrets of Selfridges,Movie,Documentaries,2014,TV-PG
Secrets of the Tower of London,Movie,Documentaries,2013,TV-PG
Secrets of Underground London,Movie,Documentaries,2014,TV-PG
Secrets of Underground London,Movie,International Movies,2014,TV-PG
Secrets of Westminster,Movie,Documentaries,2014,TV-PG
Secrets of Westminster,Movie,International Movies,2014,TV-PG
Sen Kimsin?,Movie,Comedies,2012,TV-14
Sen Kimsin?,Movie,International Movies,2012,TV-14
Senna,Movie,Documentaries,2010,PG-13
Senna,Movie,International Movies,2010,PG-13
Senna,Movie,Sports Movies,2010,PG-13
Sensitive Skin,TV Show,TV Comedies,2016,TV-MA
"Septiembre, un llanto en silencio",Movie,Dramas,2017,TV-MA
"Septiembre, un llanto en silencio",Movie,Independent Movies,2017,TV-MA
"Septiembre, un llanto en silencio",Movie,International Movies,2017,TV-MA
Servant of the People,TV Show,International TV Shows,2015,TV-14
Servant of the People,TV Show,TV Comedies,2015,TV-14
Set Up,Movie,Action & Adventure,2011,R
Sex and the City 2,Movie,Comedies,2010,R
Sex and the City 2,Movie,Dramas,2010,R
Sex and the City 2,Movie,Romantic Movies,2010,R
Sex and the City: The Movie,Movie,Comedies,2008,R
Sex and the City: The Movie,Movie,Dramas,2008,R
Sex and the City: The Movie,Movie,Romantic Movies,2008,R
Sex Doll,Movie,Dramas,2016,UR
Sex Doll,Movie,International Movies,2016,UR
Sex Doll,Movie,Romantic Movies,2016,UR
"Sexo, Pudor y Lagrimas",Movie,Comedies,1999,R
"Sexo, Pudor y Lagrimas",Movie,Dramas,1999,R
"Sexo, Pudor y Lagrimas",Movie,International Movies,1999,R
SGT. Will Gardner,Movie,Dramas,2019,TV-MA
Shadow of Truth,TV Show,Crime TV Shows,2016,TV-MA
Shadow of Truth,TV Show,Docuseries,2016,TV-MA
Shadow of Truth,TV Show,International TV Shows,2016,TV-MA
Shahanpan Dega Deva,Movie,Comedies,2011,TV-14
Shahanpan Dega Deva,Movie,International Movies,2011,TV-14
Shaka Zulu,TV Show,TV Dramas,1986,TV-14
Shakti: The Power,Movie,Dramas,2002,TV-MA
Shakti: The Power,Movie,International Movies,2002,TV-MA
Shakti: The Power,Movie,Thrillers,2002,TV-MA
Shanghai,Movie,Dramas,2012,TV-14
Shanghai,Movie,Independent Movies,2012,TV-14
Shanghai,Movie,International Movies,2012,TV-14
Shararat,Movie,Comedies,2002,TV-PG
Shararat,Movie,International Movies,2002,TV-PG
Shararat,Movie,Music & Musicals,2002,TV-PG
Shark Busters,Movie,Dramas,2002,TV-14
Shark Busters,Movie,International Movies,2002,TV-14
Shark Night,Movie,Horror Movies,2011,PG-13
Shaurya: It Takes Courage to Make Right... Right,Movie,Dramas,2008,TV-14
Shaurya: It Takes Courage to Make Right... Right,Movie,International Movies,2008,TV-14
She Did That,Movie,Documentaries,2019,TV-PG
Shelter,Movie,Horror Movies,2010,R
Shelter,Movie,Thrillers,2010,R
Sherlock,TV Show,British TV Shows,2017,TV-14
Sherlock,TV Show,Crime TV Shows,2017,TV-14
Sherlock,TV Show,International TV Shows,2017,TV-14
Sherlock Holmes,Movie,Action & Adventure,2009,PG-13
Sherlock Holmes,Movie,Comedies,2009,PG-13
Shiva,Movie,Action & Adventure,1990,TV-MA
Shiva,Movie,Dramas,1990,TV-MA
Shiva,Movie,International Movies,1990,TV-MA
Shopkins: Chef Club,Movie,Movies,2016,TV-Y
Shopkins: Wild,Movie,Movies,2018,TV-Y
Shopkins: World Vacation,Movie,Movies,2017,TV-Y
Shorgul,Movie,Dramas,2016,TV-14
Shorgul,Movie,International Movies,2016,TV-14
Short Term 12,Movie,Dramas,2013,R
Short Term 12,Movie,Independent Movies,2013,R
Shorts,Movie,Children & Family Movies,2009,PG
Shorts,Movie,Comedies,2009,PG
SHOT! The Psycho-Spiritual Mantra of Rock,Movie,Documentaries,2016,TV-MA
SHOT! The Psycho-Spiritual Mantra of Rock,Movie,Music & Musicals,2016,TV-MA
Shuddhi,Movie,Dramas,2017,TV-14
Shuddhi,Movie,International Movies,2017,TV-14
Shuddhi,Movie,Thrillers,2017,TV-14
Shutter,Movie,Horror Movies,2004,TV-MA
Shutter,Movie,International Movies,2004,TV-MA
Sicilian Ghost Story,Movie,Dramas,2017,TV-MA
Sicilian Ghost Story,Movie,International Movies,2017,TV-MA
Sicilian Ghost Story,Movie,Thrillers,2017,TV-MA
Sid the Science Kid,TV Show,Kids' TV,2008,TV-Y
Siddhant,Movie,Dramas,2014,TV-G
Siddhant,Movie,Independent Movies,2014,TV-G
Siddhant,Movie,International Movies,2014,TV-G
Silencer,Movie,Action & Adventure,2018,TV-MA
Silencer,Movie,Independent Movies,2018,TV-MA
Silent Hill: Revelation,Movie,Horror Movies,2012,R
Silicon Cowboys,Movie,Documentaries,2016,TV-PG
Silver Spoon,TV Show,Crime TV Shows,2015,TV-MA
Silver Spoon,TV Show,International TV Shows,2015,TV-MA
Silver Spoon,TV Show,TV Action & Adventure,2015,TV-MA
Sin senos no hay paraíso,TV Show,International TV Shows,2008,TV-14
Sin senos no hay paraíso,TV Show,Spanish-Language TV Shows,2008,TV-14
Sin senos no hay paraíso,TV Show,TV Dramas,2008,TV-14
Sin Senos sí Hay Paraíso,TV Show,International TV Shows,2018,TV-MA
Sin Senos sí Hay Paraíso,TV Show,Spanish-Language TV Shows,2018,TV-MA
Sin Senos sí Hay Paraíso,TV Show,TV Dramas,2018,TV-MA
Singh Saab the Great,Movie,Action & Adventure,2013,TV-14
Singh Saab the Great,Movie,Dramas,2013,TV-14
Singh Saab the Great,Movie,International Movies,2013,TV-14
Single,Movie,Comedies,2015,TV-PG
Single,Movie,International Movies,2015,TV-PG
Single,Movie,Romantic Movies,2015,TV-PG
Singularity,Movie,Action & Adventure,2017,PG-13
Singularity,Movie,Dramas,2017,PG-13
Singularity,Movie,Sci-Fi & Fantasy,2017,PG-13
Sinister Circle,Movie,Horror Movies,2017,TV-MA
Sinister Circle,Movie,International Movies,2017,TV-MA
Siren,Movie,Horror Movies,2016,TV-MA
Sister Code,Movie,Comedies,2015,R
Sister Code,Movie,Dramas,2015,R
Sister Code,Movie,Romantic Movies,2015,R
Skin Trade,Movie,Action & Adventure,2014,R
Skin Wars,TV Show,Reality TV,2016,TV-14
Skin Wars: Fresh Paint,TV Show,Reality TV,2016,TV-14
Skiptrace,Movie,Action & Adventure,2016,PG-13
Skiptrace,Movie,Comedies,2016,PG-13
Sky on Fire,Movie,Action & Adventure,2016,TV-MA
Sky on Fire,Movie,International Movies,2016,TV-MA
Skydancers,Movie,Documentaries,2014,TV-G
Skydancers,Movie,Sports Movies,2014,TV-G
Skyline,Movie,Action & Adventure,2010,PG-13
Skyline,Movie,Sci-Fi & Fantasy,2010,PG-13
Sleeping with Other People,Movie,Comedies,2015,R
Sleeping with Other People,Movie,Dramas,2015,R
Sleeping with Other People,Movie,Independent Movies,2015,R
Sleepover,Movie,Comedies,2004,PG
Sleepover,Movie,Romantic Movies,2004,PG
Sling Blade,Movie,Dramas,1996,R
Sling Blade,Movie,Independent Movies,1996,R
Sliver,Movie,Thrillers,1993,R
Slobby's World,TV Show,Reality TV,2018,TV-MA
Slow West,Movie,Action & Adventure,2015,R
Slow West,Movie,Dramas,2015,R
Slow West,Movie,International Movies,2015,R
Small Soldiers,Movie,Action & Adventure,1998,PG-13
Small Soldiers,Movie,Comedies,1998,PG-13
Small Soldiers,Movie,Sci-Fi & Fantasy,1998,PG-13
Smart People,Movie,Comedies,2008,R
Smart People,Movie,Dramas,2008,R
Smart People,Movie,Independent Movies,2008,R
Smash: Motorized Mayhem,Movie,Documentaries,2017,TV-MA
Smash: Motorized Mayhem,Movie,Sports Movies,2017,TV-MA
SMOSH: The Movie,Movie,Comedies,2015,PG-13
Sniper: Special Ops,Movie,Action & Adventure,2016,R
Sniper: Special Ops,Movie,Dramas,2016,R
Socha Na Tha,Movie,Comedies,2005,TV-14
Socha Na Tha,Movie,International Movies,2005,TV-14
Socha Na Tha,Movie,Romantic Movies,2005,TV-14
Social Animals,Movie,Documentaries,2018,TV-MA
Soekarno,Movie,Dramas,2013,TV-MA
Soekarno,Movie,International Movies,2013,TV-MA
Solo Con Tu Pareja,Movie,Comedies,1991,NR
Solo Con Tu Pareja,Movie,Independent Movies,1991,NR
Solo Con Tu Pareja,Movie,International Movies,1991,NR
Solo: A Star Wars Story,Movie,Action & Adventure,2018,PG-13
Solo: A Star Wars Story,Movie,Children & Family Movies,2018,PG-13
Solo: A Star Wars Story,Movie,Sci-Fi & Fantasy,2018,PG-13
Solo: A Star Wars Story (Spanish Version),Movie,Action & Adventure,2018,PG-13
Solo: A Star Wars Story (Spanish Version),Movie,Children & Family Movies,2018,PG-13
Solo: A Star Wars Story (Spanish Version),Movie,Sci-Fi & Fantasy,2018,PG-13
Solomon Kane,Movie,Action & Adventure,2009,R
Solomon Kane,Movie,International Movies,2009,R
Solomon Kane,Movie,Sci-Fi & Fantasy,2009,R
Some Freaks,Movie,Dramas,2017,TV-MA
Some Freaks,Movie,Romantic Movies,2017,TV-MA
Something's Gotta Give,Movie,Comedies,2003,PG-13
Something's Gotta Give,Movie,Romantic Movies,2003,PG-13
Son of a Gun,Movie,Action & Adventure,2014,R
Son of a Gun,Movie,Dramas,2014,R
Son of a Gun,Movie,Independent Movies,2014,R
Sons of Ben,Movie,Documentaries,2016,NR
Sons of Ben,Movie,Sports Movies,2016,NR
Sotus The Series,TV Show,International TV Shows,2016,TV-MA
Sotus The Series,TV Show,Romantic TV Shows,2016,TV-MA
Sotus The Series,TV Show,TV Dramas,2016,TV-MA
Soul Surfer,Movie,Dramas,2011,PG
Soul Surfer,Movie,Faith & Spirituality,2011,PG
Soul Surfer,Movie,Sports Movies,2011,PG
Soul to Keep,Movie,Horror Movies,2019,TV-MA
Soul to Keep,Movie,Independent Movies,2019,TV-MA
Sour Grapes,Movie,Documentaries,2016,NR
Space Racers,TV Show,Kids' TV,2014,TV-Y
Sparkle,Movie,Dramas,1976,PG
Sparkle,Movie,Music & Musicals,1976,PG
Spartacus,TV Show,TV Action & Adventure,2013,TV-MA
Spartacus,TV Show,TV Dramas,2013,TV-MA
Speech & Debate,Movie,Comedies,2017,PG-13
Speech & Debate,Movie,Dramas,2017,PG-13
Speech & Debate,Movie,Independent Movies,2017,PG-13
Speed Is My Need,Movie,Documentaries,2019,TV-14
Speed Is My Need,Movie,Sports Movies,2019,TV-14
Spider-Man 3,Movie,Action & Adventure,2007,PG-13
Spider-Man 3,Movie,Sci-Fi & Fantasy,2007,PG-13
Spider-Man: Into the Spider-Verse,Movie,Action & Adventure,2018,PG
Spider-Man: Into the Spider-Verse,Movie,Comedies,2018,PG
Spitfire: The Plane that Saved the World,Movie,Documentaries,2018,TV-14
Splash and Bubbles,TV Show,Kids' TV,2018,TV-Y
Spotlight,Movie,Dramas,2015,R
Spotlight,Movie,Independent Movies,2015,R
Spring Breakers,Movie,Comedies,2012,R
Spring Breakers,Movie,Cult Movies,2012,R
Spring Breakers,Movie,Dramas,2012,R
Sprinter,Movie,Dramas,2018,TV-MA
Sprinter,Movie,International Movies,2018,TV-MA
Sprinter,Movie,Sports Movies,2018,TV-MA
Spy Kids,Movie,Children & Family Movies,2001,PG
Spy Kids,Movie,Comedies,2001,PG
Spy Kids 2: The Island of Lost Dreams,Movie,Children & Family Movies,2002,PG
Spy Kids 2: The Island of Lost Dreams,Movie,Comedies,2002,PG
Spy Kids 3: Game Over,Movie,Children & Family Movies,2003,PG
Spy Kids 3: Game Over,Movie,Comedies,2003,PG
Spy Time,Movie,Action & Adventure,2015,TV-MA
Spy Time,Movie,Comedies,2015,TV-MA
Spy Time,Movie,International Movies,2015,TV-MA
St. Agatha,Movie,Horror Movies,2018,TV-MA
St. Agatha,Movie,Independent Movies,2018,TV-MA
Staged Killer,Movie,Thrillers,2019,TV-14
Standoff,Movie,Action & Adventure,2015,R
Star Men,Movie,Documentaries,2015,TV-14
Star Wars: Episode VIII: The Last Jedi,Movie,Action & Adventure,2017,PG-13
Star Wars: Episode VIII: The Last Jedi,Movie,Children & Family Movies,2017,PG-13
Star Wars: Episode VIII: The Last Jedi,Movie,Sci-Fi & Fantasy,2017,PG-13
Star-Crossed,TV Show,Romantic TV Shows,2014,TV-14
Star-Crossed,TV Show,TV Dramas,2014,TV-14
Star-Crossed,TV Show,TV Sci-Fi & Fantasy,2014,TV-14
Starred Up,Movie,Dramas,2013,TV-MA
Starred Up,Movie,Independent Movies,2013,TV-MA
Starred Up,Movie,International Movies,2013,TV-MA
Station Horizon,TV Show,International TV Shows,2015,TV-MA
Station Horizon,TV Show,TV Comedies,2015,TV-MA
Station Horizon,TV Show,TV Dramas,2015,TV-MA
Stealing History,Movie,Documentaries,2006,TV-PG
Stealing History,Movie,International Movies,2006,TV-PG
Step Brothers,Movie,Comedies,2008,R
Step Outside,Movie,Comedies,2018,TV-14
Step Outside,Movie,International Movies,2018,TV-14
Stephanie,Movie,Horror Movies,2017,R
Sthaniya Sambaad,Movie,Dramas,2010,TV-14
Sthaniya Sambaad,Movie,International Movies,2010,TV-14
Still,Movie,Horror Movies,2010,TV-MA
Still,Movie,International Movies,2010,TV-MA
Stink!,Movie,Documentaries,2015,TV-PG
Stoked,TV Show,Kids' TV,2010,TV-PG
Stone Age,TV Show,Kids' TV,2017,TV-Y7
Stone Age,TV Show,Korean TV Shows,2017,TV-Y7
Stonehearst Asylum,Movie,Horror Movies,2014,PG-13
Stonehearst Asylum,Movie,Thrillers,2014,PG-13
Stop at Nothing: The Lance Armstrong Story,Movie,Documentaries,2014,NR
Stop at Nothing: The Lance Armstrong Story,Movie,International Movies,2014,NR
Stop at Nothing: The Lance Armstrong Story,Movie,Sports Movies,2014,NR
Storage Wars: Northern Treasures,TV Show,International TV Shows,2015,TV-MA
Storage Wars: Northern Treasures,TV Show,Reality TV,2015,TV-MA
Story of an Egg,Movie,Comedies,2017,TV-PG
Story of an Egg,Movie,International Movies,2017,TV-PG
Story of an Egg,Movie,Romantic Movies,2017,TV-PG
Straight Up,Movie,Comedies,2020,TV-MA
Straight Up,Movie,Independent Movies,2020,TV-MA
Straight Up,Movie,LGBTQ Movies,2020,TV-MA
Strange but True,Movie,Dramas,2019,PG-13
Strange but True,Movie,Thrillers,2019,PG-13
Stranger than Fiction,Movie,Comedies,2006,PG-13
Stranger than Fiction,Movie,Romantic Movies,2006,PG-13
Strawberry Shortcake: Berry Bitty Adventures,TV Show,Kids' TV,2015,TV-Y
Strictly Ballroom,Movie,Classic Movies,1992,PG
Strictly Ballroom,Movie,Comedies,1992,PG
Strictly Ballroom,Movie,Romantic Movies,1992,PG
Strike a Pose,Movie,Documentaries,2016,TV-MA
Strike a Pose,Movie,International Movies,2016,TV-MA
Strike a Pose,Movie,LGBTQ Movies,2016,TV-MA
Stripes,Movie,Classic Movies,1981,R
Stripes,Movie,Comedies,1981,R
Stripes,Movie,Cult Movies,1981,R
Striptease,Movie,Comedies,1996,R
Striptease,Movie,Dramas,1996,R
Strong Girl Bong-soon,TV Show,Crime TV Shows,2017,TV-14
Strong Girl Bong-soon,TV Show,International TV Shows,2017,TV-14
Strong Girl Bong-soon,TV Show,Korean TV Shows,2017,TV-14
Stronger Than the World,Movie,Action & Adventure,2016,NR
Stronger Than the World,Movie,Dramas,2016,NR
Stronger Than the World,Movie,International Movies,2016,NR
Strongland,TV Show,Docuseries,2018,TV-PG
Strongland,TV Show,International TV Shows,2018,TV-PG
Stuart Little 2,Movie,Children & Family Movies,2002,PG
Stuart Little 2,Movie,Comedies,2002,PG
Submission,Movie,Action & Adventure,2019,TV-MA
Submission,Movie,Dramas,2019,TV-MA
Suburra,Movie,Dramas,2015,NR
Suburra,Movie,International Movies,2015,NR
Suburra,Movie,Thrillers,2015,NR
Suckseed,Movie,Comedies,2011,TV-MA
Suckseed,Movie,International Movies,2011,TV-MA
Suckseed,Movie,Music & Musicals,2011,TV-MA
Sudani from Nigeria,Movie,Comedies,2018,TV-14
Sudani from Nigeria,Movie,Dramas,2018,TV-14
Sudani from Nigeria,Movie,International Movies,2018,TV-14
Suicide (Hitabdut),Movie,International Movies,2014,TV-MA
Suicide (Hitabdut),Movie,Thrillers,2014,TV-MA
Suite Française,Movie,Dramas,2014,TV-MA
Suite Française,Movie,International Movies,2014,TV-MA
Suite Française,Movie,Romantic Movies,2014,TV-MA
Suits,TV Show,International TV Shows,2018,TV-MA
Suits,TV Show,Korean TV Shows,2018,TV-MA
Suits,TV Show,TV Comedies,2018,TV-MA
Summer Night,Movie,Comedies,2019,TV-MA
Summer Night,Movie,Dramas,2019,TV-MA
Summer Night,Movie,Romantic Movies,2019,TV-MA
Summer of '92,Movie,Dramas,2015,TV-MA
Summer of '92,Movie,International Movies,2015,TV-MA
Summer of '92,Movie,Sports Movies,2015,TV-MA
Sunrise,Movie,Dramas,2014,TV-MA
Sunrise,Movie,Independent Movies,2014,TV-MA
Sunrise,Movie,International Movies,2014,TV-MA
Super Bheem,TV Show,Kids' TV,2019,TV-Y
Super Bheem Bana Vajraveer,Movie,Children & Family Movies,2018,TV-Y7
Super Dark Times,Movie,Dramas,2017,TV-MA
Super Dark Times,Movie,Independent Movies,2017,TV-MA
Super Dark Times,Movie,Thrillers,2017,TV-MA
Super Nani,Movie,Comedies,2014,TV-PG
Super Nani,Movie,Dramas,2014,TV-PG
Super Nani,Movie,International Movies,2014,TV-PG
Super Wings,TV Show,Kids' TV,2020,TV-Y
Super Wings,TV Show,Korean TV Shows,2020,TV-Y
Superbad,Movie,Comedies,2007,R
Superbad,Movie,Cult Movies,2007,R
Superfly,Movie,Action & Adventure,1972,R
Superfly,Movie,Classic Movies,1972,R
Superfly,Movie,Dramas,1972,R
Superman Returns,Movie,Action & Adventure,2006,PG-13
Superman Returns,Movie,Sci-Fi & Fantasy,2006,PG-13
SuperNature: Wild Flyers,TV Show,British TV Shows,2016,TV-PG
SuperNature: Wild Flyers,TV Show,Docuseries,2016,TV-PG
SuperNature: Wild Flyers,TV Show,Science & Nature TV,2016,TV-PG
Superstar,Movie,Comedies,1999,PG-13
Surat Dari Praha,Movie,Dramas,2016,TV-14
Surat Dari Praha,Movie,International Movies,2016,TV-14
Surat Dari Praha,Movie,Romantic Movies,2016,TV-14
Surviving R. Kelly Part II: The Reckoning,TV Show,Crime TV Shows,2020,TV-MA
Surviving R. Kelly Part II: The Reckoning,TV Show,Docuseries,2020,TV-MA
Survivors Guide to Prison,Movie,Documentaries,2017,TV-MA
Susanne Bartsch: On Top,Movie,Documentaries,2017,TV-MA
Susanne Bartsch: On Top,Movie,LGBTQ Movies,2017,TV-MA
Sustainable,Movie,Documentaries,2016,TV-G
Swami,Movie,Dramas,1977,TV-PG
Swami,Movie,Independent Movies,1977,TV-PG
Swami,Movie,International Movies,1977,TV-PG
Swami Baba Ramdev: The Untold Story,TV Show,International TV Shows,2018,TV-14
Swami Baba Ramdev: The Untold Story,TV Show,TV Dramas,2018,TV-14
Sweeney Todd: The Demon Barber of Fleet Street,Movie,Dramas,2007,R
Sweeney Todd: The Demon Barber of Fleet Street,Movie,Horror Movies,2007,R
Sweeney Todd: The Demon Barber of Fleet Street,Movie,Music & Musicals,2007,R
Sweet Virginia,Movie,Dramas,2017,R
Sweet Virginia,Movie,Independent Movies,2017,R
Sweet Virginia,Movie,Thrillers,2017,R
Swiss Army Man,Movie,Comedies,2016,R
Swiss Army Man,Movie,Dramas,2016,R
Swiss Army Man,Movie,Independent Movies,2016,R
Sword Master,Movie,Action & Adventure,2016,TV-MA
Sword Master,Movie,Dramas,2016,TV-MA
Sword Master,Movie,International Movies,2016,TV-MA
Sword Masters: Two Champions of Shaolin,Movie,Action & Adventure,1980,R
Sword Masters: Two Champions of Shaolin,Movie,International Movies,1980,R
Sym-Bionic Titan,TV Show,Kids' TV,2010,TV-PG
Taal,Movie,Dramas,1999,TV-PG
Taal,Movie,International Movies,1999,TV-PG
Taal,Movie,Music & Musicals,1999,TV-PG
Tahaan,Movie,Dramas,2008,TV-14
Tahaan,Movie,International Movies,2008,TV-14
Take Me Home Tonight,Movie,Comedies,2011,R
Take Me Home Tonight,Movie,Romantic Movies,2011,R
Taken,TV Show,Crime TV Shows,2018,TV-14
Taken,TV Show,TV Action & Adventure,2018,TV-14
Taken,TV Show,TV Thrillers,2018,TV-14
Tales of the City (1993),TV Show,TV Dramas,1993,TV-MA
Tamanchey,Movie,Action & Adventure,2014,TV-MA
Tamanchey,Movie,International Movies,2014,TV-MA
Tamanchey,Movie,Romantic Movies,2014,TV-MA
Tarif de nuit,Movie,International Movies,2015,TV-MA
Tarif de nuit,Movie,Thrillers,2015,TV-MA
Tarzan,Movie,Children & Family Movies,1999,G
Tarzan 2,Movie,Children & Family Movies,2005,G
Tattah,Movie,Comedies,2013,TV-14
Tattah,Movie,International Movies,2013,TV-14
Tayo the Little Bus Movie: Mission Ace,Movie,Children & Family Movies,2016,TV-Y7
Teach Us All,Movie,Documentaries,2017,TV-14
Teen Patti,Movie,Dramas,2010,TV-PG
Teen Patti,Movie,International Movies,2010,TV-PG
Teen Patti,Movie,Thrillers,2010,TV-PG
Teenage Cocktail,Movie,Dramas,2016,TV-MA
Teenage Cocktail,Movie,Independent Movies,2016,TV-MA
Teenage Cocktail,Movie,LGBTQ Movies,2016,TV-MA
Teenage Mutant Ninja Turtles,Movie,Children & Family Movies,2007,PG
Teenage Mutant Ninja Turtles,Movie,Comedies,2007,PG
Teenage Mutant Ninja Turtles II: The Secret of the Ooze,Movie,Children & Family Movies,1991,PG
Teenage Mutant Ninja Turtles II: The Secret of the Ooze,Movie,Comedies,1991,PG
Teenage Mutant Ninja Turtles: The Movie,Movie,Action & Adventure,1990,PG
Teenage Mutant Ninja Turtles: The Movie,Movie,Comedies,1990,PG
Tees Maar Khan,Movie,Comedies,2010,TV-PG
Tees Maar Khan,Movie,International Movies,2010,TV-PG
Tees Maar Khan,Movie,Music & Musicals,2010,TV-PG
Tellur Aliens,Movie,Children & Family Movies,2016,TV-Y7
Temporada de Caza,Movie,Dramas,2017,TV-MA
Temporada de Caza,Movie,International Movies,2017,TV-MA
Ten Years,Movie,Dramas,2015,TV-MA
Ten Years,Movie,Independent Movies,2015,TV-MA
Ten Years,Movie,International Movies,2015,TV-MA
Teresa,TV Show,International TV Shows,2010,TV-PG
Teresa,TV Show,Romantic TV Shows,2010,TV-PG
Teresa,TV Show,Spanish-Language TV Shows,2010,TV-PG
Terminator 3: Rise of the Machines,Movie,Action & Adventure,2003,R
Terminator 3: Rise of the Machines,Movie,Sci-Fi & Fantasy,2003,R
Terminator Salvation,Movie,Action & Adventure,2009,PG-13
Terminator Salvation,Movie,Sci-Fi & Fantasy,2009,PG-13
Terra,Movie,Documentaries,2015,TV-PG
Terra,Movie,International Movies,2015,TV-PG
Terrifier,Movie,Horror Movies,2017,TV-MA
Terrifier,Movie,Independent Movies,2017,TV-MA
Terrifier,Movie,Thrillers,2017,TV-MA
Teshan,Movie,Comedies,2016,TV-PG
Teshan,Movie,International Movies,2016,TV-PG
Teshan,Movie,Romantic Movies,2016,TV-PG
Tezz,Movie,Action & Adventure,2012,TV-MA
Tezz,Movie,International Movies,2012,TV-MA
Tezz,Movie,Music & Musicals,2012,TV-MA
Th Eena Meena Deeka Chase Comedy Show,TV Show,Kids' TV,2015,TV-Y7
Th Eena Meena Deeka Chase Comedy Show,TV Show,TV Comedies,2015,TV-Y7
Thackeray,TV Show,TV Shows,2019,TV-MA
That '70s Show,TV Show,TV Comedies,2005,TV-14
The 2000s,TV Show,Docuseries,2018,TV-MA
The 24 Hour War,Movie,Documentaries,2016,TV-MA
The 24 Hour War,Movie,Sports Movies,2016,TV-MA
The 4th Company,Movie,Action & Adventure,2016,TV-MA
The 4th Company,Movie,Dramas,2016,TV-MA
The 4th Company,Movie,International Movies,2016,TV-MA
The Accountant of Auschwitz,Movie,Documentaries,2018,TV-14
The Accountant of Auschwitz,Movie,International Movies,2018,TV-14
The Adderall Diaries,Movie,Dramas,2015,R
The Adderall Diaries,Movie,Thrillers,2015,R
The Adjusters,TV Show,International TV Shows,2010,TV-PG
The Adjusters,TV Show,TV Dramas,2010,TV-PG
The Adventure Club,Movie,Children & Family Movies,2016,TV-Y7
The Adventures of Figaro Pho,TV Show,Kids' TV,2015,TV-Y7
The Adventures of Figaro Pho,TV Show,TV Comedies,2015,TV-Y7
The Adventures of Sharkboy and Lavagirl,Movie,Children & Family Movies,2005,PG
The Adventures of Tintin,Movie,Children & Family Movies,2011,PG
The Aerial,Movie,Dramas,2007,TV-MA
The Aerial,Movie,International Movies,2007,TV-MA
The Aerial,Movie,Sci-Fi & Fantasy,2007,TV-MA
The Age of Shadows,Movie,Action & Adventure,2016,TV-MA
The Age of Shadows,Movie,Dramas,2016,TV-MA
The Age of Shadows,Movie,International Movies,2016,TV-MA
The American President,Movie,Comedies,1995,PG-13
The American President,Movie,Dramas,1995,PG-13
The American President,Movie,Romantic Movies,1995,PG-13
The Amityville Horror,Movie,Horror Movies,2005,R
The Andy Griffith Show,TV Show,Classic & Cult TV,1967,TV-G
The Andy Griffith Show,TV Show,TV Comedies,1967,TV-G
The Angry Birds Movie 2,Movie,Children & Family Movies,2019,PG
The Angry Birds Movie 2,Movie,Comedies,2019,PG
The Animal People,Movie,Documentaries,2019,TV-MA
The Ant's Scream,Movie,Comedies,2010,TV-14
The Ant's Scream,Movie,Dramas,2010,TV-14
The Ant's Scream,Movie,International Movies,2010,TV-14
The Apartment,TV Show,International TV Shows,2014,TV-PG
The Apartment,TV Show,Reality TV,2014,TV-PG
The Apostate,Movie,Comedies,2015,TV-MA
The Apostate,Movie,Dramas,2015,TV-MA
The Apostate,Movie,International Movies,2015,TV-MA
The Art of the Steal,Movie,Action & Adventure,2013,R
The Art of the Steal,Movie,Comedies,2013,R
The Art of the Steal,Movie,Independent Movies,2013,R
The Art of War,Movie,Action & Adventure,2000,R
The Assignment,Movie,Action & Adventure,2016,R
The Autopsy of Jane Doe,Movie,Horror Movies,2016,R
The Autopsy of Jane Doe,Movie,Independent Movies,2016,R
The Autopsy of Jane Doe,Movie,Thrillers,2016,R
The Bachelor,TV Show,Reality TV,2009,TV-14
The Bachelor,TV Show,Romantic TV Shows,2009,TV-14
The Bachelors,Movie,Dramas,2017,TV-14
The Bad Education Movie,Movie,Comedies,2015,TV-MA
The Bad Kids,Movie,Documentaries,2016,TV-MA
The Bare-Footed Kid,Movie,Action & Adventure,1993,TV-14
The Bare-Footed Kid,Movie,International Movies,1993,TV-14
The Basement,Movie,Horror Movies,2018,TV-MA
The Basement,Movie,Thrillers,2018,TV-MA
The Battle of Midway,Movie,Classic Movies,1942,TV-14
The Battle of Midway,Movie,Documentaries,1942,TV-14
The Beat,TV Show,International TV Shows,2012,TV-MA
The Beat,TV Show,TV Dramas,2012,TV-MA
The Beginning of Life: The Series,TV Show,Docuseries,2016,TV-PG
The Beginning of Life: The Series,TV Show,International TV Shows,2016,TV-PG
The Beginning of Life: The Series,TV Show,Science & Nature TV,2016,TV-PG
The Bible's Buried Secrets,TV Show,British TV Shows,2011,TV-14
The Bible's Buried Secrets,TV Show,Docuseries,2011,TV-14
The Bible's Buried Secrets,TV Show,Science & Nature TV,2011,TV-14
The Big Catch,TV Show,British TV Shows,2015,TV-PG
The Big Catch,TV Show,Reality TV,2015,TV-PG
The Bill Murray Stories: Life Lessons Learned From a Mythical Man,Movie,Documentaries,2018,TV-MA
The Black Room,Movie,Horror Movies,2016,TV-MA
The Blackcoat's Daughter,Movie,Horror Movies,2015,R
The Blackcoat's Daughter,Movie,Independent Movies,2015,R
The Blackcoat's Daughter,Movie,Thrillers,2015,R
The Bleeder,Movie,Dramas,2016,R
The Bleeder,Movie,Sports Movies,2016,R
The Blue Planet: A Natural History of the Oceans,TV Show,British TV Shows,2001,TV-G
The Blue Planet: A Natural History of the Oceans,TV Show,Docuseries,2001,TV-G
The Blue Planet: A Natural History of the Oceans,TV Show,International TV Shows,2001,TV-G
The Bomb,Movie,Documentaries,2016,TV-14
The Bomb Squad,TV Show,British TV Shows,2011,TV-MA
The Bomb Squad,TV Show,Docuseries,2011,TV-MA
The Book of Eli,Movie,Action & Adventure,2010,R
The Book of Eli,Movie,Sci-Fi & Fantasy,2010,R
The Boss's Daughter,Movie,Dramas,2015,TV-MA
The Boss's Daughter,Movie,International Movies,2015,TV-MA
The Boss's Daughter,Movie,Romantic Movies,2015,TV-MA
The Bounty Hunter,Movie,Action & Adventure,2010,PG-13
The Bounty Hunter,Movie,Comedies,2010,PG-13
The Bounty Hunter,Movie,Romantic Movies,2010,PG-13
The Box,Movie,Sci-Fi & Fantasy,2009,PG-13
The Box,Movie,Thrillers,2009,PG-13
The Boy,Movie,Horror Movies,2016,PG-13
The Boy,Movie,Independent Movies,2016,PG-13
The Boy,Movie,Thrillers,2016,PG-13
The Boy in the Striped Pajamas,Movie,Dramas,2008,PG-13
The Boy in the Striped Pajamas,Movie,Independent Movies,2008,PG-13
The Boy in the Striped Pajamas,Movie,International Movies,2008,PG-13
The Brave One,Movie,Dramas,2007,R
The Brave One,Movie,Thrillers,2007,R
The Brawler,Movie,Dramas,2019,TV-MA
The Brawler,Movie,Independent Movies,2019,TV-MA
The Brawler,Movie,Sports Movies,2019,TV-MA
The Breadwinner,Movie,Children & Family Movies,2017,PG-13
The Breadwinner,Movie,Dramas,2017,PG-13
The Breadwinner,Movie,International Movies,2017,PG-13
The Break-Up,Movie,Comedies,2006,PG-13
The Break-Up,Movie,Dramas,2006,PG-13
The Break-Up,Movie,Romantic Movies,2006,PG-13
The Bridge,Movie,Dramas,2017,TV-14
The Bridge,Movie,International Movies,2017,TV-14
The Bridge,Movie,Romantic Movies,2017,TV-14
The Brothers Grimm,Movie,Action & Adventure,2005,PG-13
The Brothers Grimm,Movie,Sci-Fi & Fantasy,2005,PG-13
The Bucket List,Movie,Comedies,2007,PG-13
The Bucket List,Movie,Dramas,2007,PG-13
The Bulbul's Nest,Movie,Comedies,2013,TV-MA
The Bulbul's Nest,Movie,International Movies,2013,TV-MA
The Bund,Movie,Action & Adventure,1983,TV-14
The Bund,Movie,Dramas,1983,TV-14
The Bund,Movie,International Movies,1983,TV-14
The Bye Bye Man,Movie,Horror Movies,2017,PG-13
The Bye Bye Man,Movie,Thrillers,2017,PG-13
The Bygone,Movie,Independent Movies,2019,TV-MA
The Bygone,Movie,Thrillers,2019,TV-MA
The Cakemaker,Movie,Dramas,2017,TV-14
The Cakemaker,Movie,Independent Movies,2017,TV-14
The Cakemaker,Movie,International Movies,2017,TV-14
The Calling,TV Show,International TV Shows,2018,TV-MA
The Calling,TV Show,Reality TV,2018,TV-MA
The Captive,Movie,Dramas,2014,R
The Captive,Movie,Thrillers,2014,R
The Car,Movie,Cult Movies,1977,PG
The Car,Movie,Horror Movies,1977,PG
The Carter Effect,Movie,Documentaries,2017,TV-MA
The Carter Effect,Movie,Sports Movies,2017,TV-MA
The Case for Christ,Movie,Dramas,2017,TV-PG
The Case for Christ,Movie,Faith & Spirituality,2017,TV-PG
The Cell,Movie,Action & Adventure,2017,TV-MA
The Cell,Movie,Dramas,2017,TV-MA
The Cell,Movie,International Movies,2017,TV-MA
The CEO,Movie,Dramas,2016,TV-14
The CEO,Movie,International Movies,2016,TV-14
The CEO,Movie,Thrillers,2016,TV-14
The Charnel House,Movie,Horror Movies,2016,R
The Charnel House,Movie,Thrillers,2016,R
The Chefs' Line,TV Show,International TV Shows,2017,TV-14
The Chefs' Line,TV Show,Reality TV,2017,TV-14
The Chord,Movie,Dramas,2010,TV-MA
The Chord,Movie,International Movies,2010,TV-MA
The Chord,Movie,Music & Musicals,2010,TV-MA
The Chosen,Movie,Dramas,2016,TV-14
The Chosen,Movie,International Movies,2016,TV-14
The Chosen,Movie,Thrillers,2016,TV-14
The Chosen Ones,Movie,Dramas,2015,TV-MA
The Chosen Ones,Movie,Independent Movies,2015,TV-MA
The Chosen Ones,Movie,International Movies,2015,TV-MA
The Christmas Candle,Movie,Dramas,2013,PG
The Christmas Candle,Movie,Faith & Spirituality,2013,PG
The Christmas Project,Movie,Children & Family Movies,2016,TV-PG
The Christmas Project,Movie,Comedies,2016,TV-PG
The Cincinnati Kid,Movie,Classic Movies,1965,TV-14
The Cincinnati Kid,Movie,Dramas,1965,TV-14
The Code,TV Show,British TV Shows,2011,TV-PG
The Code,TV Show,Docuseries,2011,TV-PG
The Code,TV Show,International TV Shows,2011,TV-PG
The Company Men,Movie,Dramas,2010,R
The Company Men,Movie,Independent Movies,2010,R
The Competition,Movie,Comedies,2018,TV-14
The Competition,Movie,Romantic Movies,2018,TV-14
The Confirmation,Movie,Comedies,2016,PG-13
The Confirmation,Movie,Dramas,2016,PG-13
The Confirmation,Movie,Independent Movies,2016,PG-13
The Congress,Movie,Dramas,2013,TV-MA
The Congress,Movie,International Movies,2013,TV-MA
The Congress,Movie,Sci-Fi & Fantasy,2013,TV-MA
The Consul's Son,Movie,Comedies,2011,TV-14
The Consul's Son,Movie,International Movies,2011,TV-14
The Consul's Son,Movie,Thrillers,2011,TV-14
The Craft,Movie,Horror Movies,1996,R
The Craft,Movie,Thrillers,1996,R
The Cravings,TV Show,International TV Shows,2016,TV-14
The Cravings,TV Show,Korean TV Shows,2016,TV-14
The Cravings,TV Show,TV Comedies,2016,TV-14
The Croods,Movie,Children & Family Movies,2013,PG
The Croods,Movie,Comedies,2013,PG
The Crow,Movie,Action & Adventure,1994,R
The Crow,Movie,Cult Movies,1994,R
The Crow,Movie,Sci-Fi & Fantasy,1994,R
The Cruise,Movie,Comedies,1970,TV-PG
The Cruise,Movie,Cult Movies,1970,TV-PG
The Cruise,Movie,International Movies,1970,TV-PG
The Crying Game,Movie,Classic Movies,1992,R
The Crying Game,Movie,Independent Movies,1992,R
The Crying Game,Movie,Thrillers,1992,R
The Curse of Oak Island,TV Show,Docuseries,2016,TV-PG
The Curse of Oak Island,TV Show,Science & Nature TV,2016,TV-PG
The D Train,Movie,Comedies,2015,R
The Damned Rain,Movie,Dramas,2009,TV-14
The Damned Rain,Movie,International Movies,2009,TV-14
The Dancer,Movie,Dramas,2011,TV-MA
The Dancer,Movie,International Movies,2011,TV-MA
The Dancer,Movie,Romantic Movies,2011,TV-MA
The Dark Crystal,Movie,Children & Family Movies,1982,PG
The Dark Side of Life: Mumbai City,Movie,Dramas,2018,TV-MA
The Dark Side of Life: Mumbai City,Movie,International Movies,2018,TV-MA
The Darkest Dawn,Movie,Action & Adventure,2016,TV-MA
The Darkest Dawn,Movie,Independent Movies,2016,TV-MA
The Darkest Dawn,Movie,International Movies,2016,TV-MA
The Daughter,Movie,Dramas,2015,TV-MA
The Dawn Wall,Movie,Documentaries,2017,TV-MA
The Dawn Wall,Movie,Sports Movies,2017,TV-MA
The Day My Butt Went Psycho!,TV Show,Kids' TV,2015,TV-Y7
The Day My Butt Went Psycho!,TV Show,TV Comedies,2015,TV-Y7
The Departed,Movie,Dramas,2006,R
The Departed,Movie,Thrillers,2006,R
The Desert Bride,Movie,Dramas,2017,TV-14
The Desert Bride,Movie,International Movies,2017,TV-14
The Detained,Movie,Horror Movies,2017,TV-14
The Detained,Movie,Thrillers,2017,TV-14
The Devil and Father Amorth,Movie,Documentaries,2017,TV-PG
The Devil and Father Amorth,Movie,Horror Movies,2017,TV-PG
The Devil Inside,Movie,Horror Movies,2012,R
The Devil Inside,Movie,Thrillers,2012,R
The Devil Is a Part-Timer!,TV Show,Anime Series,2013,TV-14
The Devil We Know,Movie,Documentaries,2018,TV-14
The Diabolical,Movie,Horror Movies,2015,TV-MA
The Diabolical,Movie,Sci-Fi & Fantasy,2015,TV-MA
The Diabolical,Movie,Thrillers,2015,TV-MA
The Dreamer,Movie,Dramas,2009,TV-PG
The Dreamer,Movie,International Movies,2009,TV-PG
The Drowning,Movie,Thrillers,2016,TV-MA
The Drunk and on Drugs Happy Funtime Hour,TV Show,International TV Shows,2011,TV-MA
The Drunk and on Drugs Happy Funtime Hour,TV Show,TV Comedies,2011,TV-MA
The Duel,Movie,Dramas,2016,R
The Dukes of Hazzard,Movie,Action & Adventure,2005,PG-13
The Dukes of Hazzard,Movie,Comedies,2005,PG-13
The Dukes of Hazzard: The Beginning,Movie,Action & Adventure,2007,R
The Dukes of Hazzard: The Beginning,Movie,Comedies,2007,R
The Eichmann Show,Movie,Dramas,2015,TV-MA
The Eichmann Show,Movie,International Movies,2015,TV-MA
The Eighties,TV Show,Docuseries,2016,TV-PG
The End of the Tour,Movie,Dramas,2015,R
The End of the Tour,Movie,Independent Movies,2015,R
The Endless,Movie,Independent Movies,2017,TV-MA
The Endless,Movie,Sci-Fi & Fantasy,2017,TV-MA
The Endless,Movie,Thrillers,2017,TV-MA
The Evil Dead,Movie,Classic Movies,1981,TV-MA
The Evil Dead,Movie,Cult Movies,1981,TV-MA
The Evil Dead,Movie,Horror Movies,1981,TV-MA
The Exception,Movie,Dramas,2016,R
The Exception,Movie,Romantic Movies,2016,R
The Eyes of My Mother,Movie,Horror Movies,2016,R
The Eyes of My Mother,Movie,Independent Movies,2016,R
The Fear,TV Show,British TV Shows,2012,TV-MA
The Fear,TV Show,Crime TV Shows,2012,TV-MA
The Fear,TV Show,TV Dramas,2012,TV-MA
The Fear of 13,Movie,Documentaries,2015,TV-MA
The Fear of 13,Movie,International Movies,2015,TV-MA
The Feels,Movie,Comedies,2018,TV-MA
The Feels,Movie,Independent Movies,2018,TV-MA
The Feels,Movie,LGBTQ Movies,2018,TV-MA
The Fighter,Movie,Dramas,2010,R
The Fighter,Movie,Sports Movies,2010,R
The Figurine (Araromire),Movie,Horror Movies,2009,TV-14
The Figurine (Araromire),Movie,International Movies,2009,TV-14
The Figurine (Araromire),Movie,Thrillers,2009,TV-14
The Final Destination,Movie,Horror Movies,2009,R
The First Line,Movie,Dramas,2014,TV-14
The First Line,Movie,Independent Movies,2014,TV-14
The First Temptation of Christ,Movie,Comedies,2019,TV-MA
The First Temptation of Christ,Movie,International Movies,2019,TV-MA
The First Wives Club,Movie,Comedies,1996,PG
The Five,TV Show,British TV Shows,2016,TV-MA
The Five,TV Show,Crime TV Shows,2016,TV-MA
The Five,TV Show,TV Dramas,2016,TV-MA
The Five Venoms,Movie,Action & Adventure,1978,R
The Five Venoms,Movie,Cult Movies,1978,R
The Five Venoms,Movie,International Movies,1978,R
The Flintstones,Movie,Children & Family Movies,1994,PG
The Flintstones,Movie,Comedies,1994,PG
The Flintstones in Viva Rock Vegas,Movie,Children & Family Movies,2000,PG
The Flintstones in Viva Rock Vegas,Movie,Comedies,2000,PG
The Flintstones in Viva Rock Vegas,Movie,Romantic Movies,2000,PG
The Flying Guillotine,Movie,Action & Adventure,1975,TV-MA
The Flying Guillotine,Movie,Dramas,1975,TV-MA
The Flying Guillotine,Movie,International Movies,1975,TV-MA
The Forbidden Kingdom,Movie,Action & Adventure,2008,PG-13
The Forbidden Kingdom,Movie,Sci-Fi & Fantasy,2008,PG-13
The Force,Movie,Documentaries,2017,TV-MA
The Foreigner,Movie,Action & Adventure,2017,R
The Foreigner,Movie,International Movies,2017,R
The Forgotten,Movie,Horror Movies,2014,TV-MA
The Fosters,TV Show,TV Dramas,2017,TV-14
The Founder,Movie,Dramas,2016,PG-13
The Free Man,Movie,Documentaries,2016,TV-PG
The Free Man,Movie,Sports Movies,2016,TV-PG
The Frozen Ground,Movie,Dramas,2013,R
The Frozen Ground,Movie,Thrillers,2013,R
The Furchester Hotel,TV Show,British TV Shows,2015,TV-Y
The Furchester Hotel,TV Show,Kids' TV,2015,TV-Y
The Future of Water,TV Show,Docuseries,2007,TV-PG
The Future of Water,TV Show,International TV Shows,2007,TV-PG
The Future of Water,TV Show,Science & Nature TV,2007,TV-PG
The Gathering,Movie,Comedies,2003,TV-14
The Gathering,Movie,Dramas,2003,TV-14
The Gathering,Movie,International Movies,2003,TV-14
The Gentleman Driver,Movie,Documentaries,2018,TV-MA
The Gentleman Driver,Movie,Sports Movies,2018,TV-MA
The Ghost Who Walks,Movie,Dramas,2019,TV-MA
The Ghost Who Walks,Movie,Independent Movies,2019,TV-MA
The Ghost Who Walks,Movie,Thrillers,2019,TV-MA
The Girl with the Dragon Tattoo,Movie,Dramas,2011,R
The Girl with the Dragon Tattoo,Movie,Thrillers,2011,R
The Golden Years with Javed Akhtar,TV Show,Docuseries,2016,TV-G
The Golden Years with Javed Akhtar,TV Show,International TV Shows,2016,TV-G
The Golem,Movie,Horror Movies,2018,TV-MA
The Golem,Movie,Independent Movies,2018,TV-MA
The Golem,Movie,International Movies,2018,TV-MA
The Good Catholic,Movie,Comedies,2017,PG-13
The Good Catholic,Movie,Dramas,2017,PG-13
The Good Catholic,Movie,Romantic Movies,2017,PG-13
The Good Neighbor,Movie,Dramas,2016,TV-MA
The Good Neighbor,Movie,Independent Movies,2016,TV-MA
The Good Neighbor,Movie,Thrillers,2016,TV-MA
"The Goods: Live Hard, Sell Hard",Movie,Comedies,2009,R
The Gospel of John,Movie,Dramas,2014,TV-14
The Gospel of John,Movie,Faith & Spirituality,2014,TV-14
The Gospel of Luke,Movie,Dramas,2015,TV-14
The Gospel of Luke,Movie,Faith & Spirituality,2015,TV-14
The Gospel of Mark,Movie,Dramas,2015,TV-14
The Gospel of Mark,Movie,Faith & Spirituality,2015,TV-14
The Gospel of Matthew,Movie,Dramas,2014,TV-14
The Gospel of Matthew,Movie,Faith & Spirituality,2014,TV-14
The Great Battle,Movie,Action & Adventure,2018,TV-MA
The Great Battle,Movie,Dramas,2018,TV-MA
The Great Battle,Movie,International Movies,2018,TV-MA
The Great British Baking Show: Masterclass,TV Show,British TV Shows,2018,TV-PG
The Great British Baking Show: Masterclass,TV Show,Reality TV,2018,TV-PG
The Great Gambler,Movie,Action & Adventure,1979,TV-14
The Great Gambler,Movie,Classic Movies,1979,TV-14
The Great Gambler,Movie,Cult Movies,1979,TV-14
The Great Raid,Movie,Action & Adventure,2005,R
The Great Raid,Movie,Dramas,2005,R
The Great Train Robbery,TV Show,British TV Shows,2013,NR
The Great Train Robbery,TV Show,Crime TV Shows,2013,NR
The Great Train Robbery,TV Show,International TV Shows,2013,NR
The Green Hornet,Movie,Action & Adventure,2011,PG-13
The Green Hornet,Movie,Comedies,2011,PG-13
The Guild,TV Show,TV Comedies,2013,TV-MA
The Hatred,Movie,Horror Movies,2017,R
The Haunting of Molly Hartley,Movie,Horror Movies,2008,PG-13
The Haunting of Molly Hartley,Movie,Thrillers,2008,PG-13
The Healer,Movie,Children & Family Movies,2017,TV-14
The Healer,Movie,Dramas,2017,TV-14
The Healer,Movie,Faith & Spirituality,2017,TV-14
The Heat: A Kitchen (R)evolution,Movie,Documentaries,2018,TV-MA
The Help,Movie,Dramas,2011,PG-13
The Heretics,Movie,Horror Movies,2017,TV-MA
The Heroes of Evil,Movie,Dramas,2015,TV-MA
The Heroes of Evil,Movie,International Movies,2015,TV-MA
The Heyday of the Insensitive Bastards,Movie,Dramas,2017,TV-MA
The Heyday of the Insensitive Bastards,Movie,Independent Movies,2017,TV-MA
The Hollow Point,Movie,Action & Adventure,2016,R
The Holy Man,Movie,Comedies,2005,TV-14
The Holy Man,Movie,Faith & Spirituality,2005,TV-14
The Holy Man,Movie,International Movies,2005,TV-14
The Homecoming,TV Show,International TV Shows,2015,TV-PG
The Homecoming,TV Show,Korean TV Shows,2015,TV-PG
The Homecoming,TV Show,Reality TV,2015,TV-PG
The House on Coco Road,Movie,Documentaries,2016,TV-14
The House That Made Me,TV Show,International TV Shows,2015,TV-PG
The House That Made Me,TV Show,Reality TV,2015,TV-PG
The Human Factor: The Untold Story of the Bombay Film Orchestras,Movie,Documentaries,2013,TV-PG
The Human Factor: The Untold Story of the Bombay Film Orchestras,Movie,International Movies,2013,TV-PG
The Human Factor: The Untold Story of the Bombay Film Orchestras,Movie,Music & Musicals,2013,TV-PG
The Humanity Bureau,Movie,Action & Adventure,2017,R
The Humanity Bureau,Movie,Sci-Fi & Fantasy,2017,R
The Hundred-Foot Journey,Movie,Comedies,2014,PG
The Hundred-Foot Journey,Movie,Dramas,2014,PG
The Hunt,TV Show,British TV Shows,2015,TV-PG
The Hunt,TV Show,Docuseries,2015,TV-PG
The Hunt,TV Show,Science & Nature TV,2015,TV-PG
The Hurricane Heist,Movie,Action & Adventure,2018,PG-13
The Hurt Business,Movie,Documentaries,2016,PG-13
The Hurt Business,Movie,Sports Movies,2016,PG-13
The Imaginarium of Doctor Parnassus,Movie,Action & Adventure,2009,PG-13
The Imaginarium of Doctor Parnassus,Movie,Sci-Fi & Fantasy,2009,PG-13
The Inbetweeners,TV Show,British TV Shows,2010,TV-MA
The Inbetweeners,TV Show,TV Comedies,2010,TV-MA
The Incident,Movie,International Movies,2014,TV-MA
The Incident,Movie,Sci-Fi & Fantasy,2014,TV-MA
The Incident,Movie,Thrillers,2014,TV-MA
The Incredible Story of the Giant Pear,Movie,Children & Family Movies,2018,TV-G
The Incredibles 2,Movie,Children & Family Movies,2018,PG
The Incredibles 2,Movie,Comedies,2018,PG
The Indian in the Cupboard,Movie,Children & Family Movies,1995,PG
The Indian in the Cupboard,Movie,Dramas,1995,PG
The Informant!,Movie,Comedies,2009,R
The Informant!,Movie,Dramas,2009,R
The Intent,Movie,Dramas,2016,TV-MA
The Intent,Movie,International Movies,2016,TV-MA
The Intent,Movie,Thrillers,2016,TV-MA
The Intent 2: The Come Up,Movie,Dramas,2018,TV-MA
The Intent 2: The Come Up,Movie,International Movies,2018,TV-MA
The Invention of Lying,Movie,Comedies,2009,PG-13
The Invention of Lying,Movie,Romantic Movies,2009,PG-13
The Investigator: A British Crime Story,TV Show,British TV Shows,2018,TV-MA
The Investigator: A British Crime Story,TV Show,Crime TV Shows,2018,TV-MA
The Investigator: A British Crime Story,TV Show,Docuseries,2018,TV-MA
The Invitation,Movie,Horror Movies,2015,TV-MA
The Invitation,Movie,Independent Movies,2015,TV-MA
The Invitation,Movie,Thrillers,2015,TV-MA
The Irish Mob,TV Show,Crime TV Shows,2008,TV-MA
The Irish Mob,TV Show,Docuseries,2008,TV-MA
The Iron Lady,Movie,Dramas,2011,PG-13
The Iron Lady,Movie,International Movies,2011,PG-13
The Jack King Affair,Movie,Documentaries,2015,TV-14
The Jack King Affair,Movie,International Movies,2015,TV-14
The Jaime Maussan Show,TV Show,Docuseries,2010,TV-PG
The Jaime Maussan Show,TV Show,International TV Shows,2010,TV-PG
The Jaime Maussan Show,TV Show,Spanish-Language TV Shows,2010,TV-PG
The Jane Austen Book Club,Movie,Comedies,2007,PG-13
The Jane Austen Book Club,Movie,Dramas,2007,PG-13
The Jane Austen Book Club,Movie,Romantic Movies,2007,PG-13
The Jungle Book,TV Show,Kids' TV,2010,TV-Y7
The Jungle School,Movie,Dramas,2013,TV-PG
The Jungle School,Movie,International Movies,2013,TV-PG
The Keeping Hours,Movie,Dramas,2017,PG-13
The Keeping Hours,Movie,Thrillers,2017,PG-13
The Kindness Diaries,TV Show,Reality TV,2019,TV-PG
The King's Speech,Movie,Dramas,2010,R
The King's Speech,Movie,International Movies,2010,R
The L Word,TV Show,Romantic TV Shows,2009,TV-MA
The L Word,TV Show,TV Dramas,2009,TV-MA
The Lady in Dignity,TV Show,International TV Shows,2017,TV-MA
The Lady in Dignity,TV Show,Korean TV Shows,2017,TV-MA
The Lady in Dignity,TV Show,TV Dramas,2017,TV-MA
The Lake House,Movie,Dramas,2006,PG
The Lake House,Movie,Romantic Movies,2006,PG
The Lake House,Movie,Sci-Fi & Fantasy,2006,PG
The Lamb,Movie,Children & Family Movies,2017,PG
The Lamb,Movie,Faith & Spirituality,2017,PG
The Land of the Enlightened,Movie,Documentaries,2016,TV-MA
The Land of the Enlightened,Movie,International Movies,2016,TV-MA
The Last Days of Chez Nous,Movie,Classic Movies,1992,R
The Last Days of Chez Nous,Movie,Dramas,1992,R
The Last Exorcism,Movie,Horror Movies,2010,PG-13
The Last Exorcism,Movie,Independent Movies,2010,PG-13
The Last Exorcism,Movie,Thrillers,2010,PG-13
The Last Face,Movie,Dramas,2016,R
The Last Hangover,Movie,Comedies,2018,TV-MA
The Last Hangover,Movie,International Movies,2018,TV-MA
The Last Man on the Moon,Movie,Documentaries,2014,TV-PG
The Last Resort,Movie,Documentaries,2018,TV-14
The Last Whistle,Movie,Dramas,2019,PG
The Last Whistle,Movie,Sports Movies,2019,PG
The Legend of 420,Movie,Documentaries,2017,TV-MA
The Legend of Michael Mishra,Movie,Comedies,2016,TV-14
The Legend of Michael Mishra,Movie,Dramas,2016,TV-14
The Legend of Michael Mishra,Movie,International Movies,2016,TV-14
The Liar,TV Show,Crime TV Shows,2013,TV-14
The Liar,TV Show,International TV Shows,2013,TV-14
The Liar,TV Show,TV Dramas,2013,TV-14
The Little Hours,Movie,Comedies,2017,R
The Little Hours,Movie,Independent Movies,2017,R
The Little Mermaid,Movie,Children & Family Movies,2018,PG
The Little Mermaid,Movie,Dramas,2018,PG
The Little Prince,Movie,Children & Family Movies,2015,PG
The Lives of Others,Movie,Dramas,2006,R
The Lives of Others,Movie,International Movies,2006,R
The Lives of Others,Movie,Thrillers,2006,R
The Lizzie Borden Chronicles,TV Show,Crime TV Shows,2015,TV-14
The Lizzie Borden Chronicles,TV Show,TV Dramas,2015,TV-14
The Lizzie Borden Chronicles,TV Show,TV Thrillers,2015,TV-14
The Lobster,Movie,Comedies,2015,R
The Lobster,Movie,International Movies,2015,R
The Lobster,Movie,Romantic Movies,2015,R
The Lodgers,Movie,Horror Movies,2017,R
The Lodgers,Movie,International Movies,2017,R
The Long Goodbye: The Kara Tippetts Story,Movie,Documentaries,2019,TV-PG
The Long Goodbye: The Kara Tippetts Story,Movie,Faith & Spirituality,2019,TV-PG
The Longest Yard,Movie,Classic Movies,1974,R
The Longest Yard,Movie,Comedies,1974,R
The Longest Yard,Movie,Sports Movies,1974,R
The Longshots,Movie,Comedies,2008,PG
The Longshots,Movie,Dramas,2008,PG
The Longshots,Movie,Sports Movies,2008,PG
The Look of Silence,Movie,Documentaries,2014,PG-13
The Look of Silence,Movie,International Movies,2014,PG-13
The Lord of the Rings: The Return of the King,Movie,Action & Adventure,2003,PG-13
The Lord of the Rings: The Return of the King,Movie,Sci-Fi & Fantasy,2003,PG-13
The Lord of the Rings: The Two Towers,Movie,Action & Adventure,2002,PG-13
The Lord of the Rings: The Two Towers,Movie,Sci-Fi & Fantasy,2002,PG-13
The Love Guru,Movie,Comedies,2008,PG-13
The Love Guru,Movie,Sports Movies,2008,PG-13
The Lovers and the Despot,Movie,Documentaries,2016,TV-14
The Lovers and the Despot,Movie,International Movies,2016,TV-14
The lynx,Movie,Dramas,1982,TV-14
The lynx,Movie,International Movies,1982,TV-14
The Mad Monk,Movie,Comedies,1993,TV-14
The Mad Monk,Movie,International Movies,1993,TV-14
The Mad Monk,Movie,Sci-Fi & Fantasy,1993,TV-14
The Magic Pill,Movie,Documentaries,2017,TV-PG
The Making of Frozen Planet,TV Show,British TV Shows,2012,TV-PG
The Making of Frozen Planet,TV Show,Docuseries,2012,TV-PG
The Making of Frozen Planet,TV Show,Science & Nature TV,2012,TV-PG
The Man Who Would Be Polka King,Movie,Documentaries,2009,TV-14
The Man Who Would Be Polka King,Movie,Music & Musicals,2009,TV-14
The Mask of Zorro,Movie,Action & Adventure,1998,PG-13
The Mask of Zorro,Movie,Romantic Movies,1998,PG-13
The Matrix,Movie,Action & Adventure,1999,R
The Matrix,Movie,Sci-Fi & Fantasy,1999,R
The Matrix Reloaded,Movie,Action & Adventure,2003,R
The Matrix Reloaded,Movie,Sci-Fi & Fantasy,2003,R
The Matrix Revolutions,Movie,Action & Adventure,2003,R
The Matrix Revolutions,Movie,Sci-Fi & Fantasy,2003,R
The Mayo Clinic,Movie,Documentaries,2018,TV-14
The Mayor,Movie,Dramas,2017,TV-MA
The Mayor,Movie,International Movies,2017,TV-MA
"The Memphis Belle: A Story of a
Flying Fortress",Movie,Classic Movies,1944,TV-PG
"The Memphis Belle: A Story of a
Flying Fortress",Movie,Documentaries,1944,TV-PG
The Men Who Stare at Goats,Movie,Comedies,2009,R
The Messengers,TV Show,TV Dramas,2015,TV-14
The Messengers,TV Show,TV Mysteries,2015,TV-14
The Messengers,TV Show,TV Sci-Fi & Fantasy,2015,TV-14
The Mind of a Chef,TV Show,Docuseries,2016,TV-PG
The Minimighty Kids,TV Show,Kids' TV,2012,TV-G
The Minimighty Kids,TV Show,TV Comedies,2012,TV-G
The Ministry of Time,TV Show,International TV Shows,2017,TV-MA
The Ministry of Time,TV Show,Spanish-Language TV Shows,2017,TV-MA
The Ministry of Time,TV Show,TV Action & Adventure,2017,TV-MA
The Model,Movie,Dramas,2016,TV-MA
The Model,Movie,Independent Movies,2016,TV-MA
The Model,Movie,International Movies,2016,TV-MA
The Monster,Movie,Horror Movies,2016,R
The Monster,Movie,Independent Movies,2016,R
The Monster of Mangatiti,Movie,Dramas,2015,TV-MA
The Mortified Guide,TV Show,Docuseries,2018,TV-MA
The Most Beautiful Hands of Delhi,TV Show,International TV Shows,2017,TV-MA
The Most Beautiful Hands of Delhi,TV Show,TV Comedies,2017,TV-MA
The Most Beautiful Hands of Delhi,TV Show,TV Dramas,2017,TV-MA
The Muppets,Movie,Children & Family Movies,2011,PG
The Muppets,Movie,Comedies,2011,PG
The Murder Detectives,TV Show,British TV Shows,2015,TV-MA
The Murder Detectives,TV Show,Crime TV Shows,2015,TV-MA
The Murder Detectives,TV Show,Docuseries,2015,TV-MA
The Music of Silence,Movie,Dramas,2017,TV-PG
The Music of Silence,Movie,International Movies,2017,TV-PG
The Music of Silence,Movie,Music & Musicals,2017,TV-PG
The Naked Gun 2 1/2: The Smell of Fear,Movie,Comedies,1991,PG-13
The Naked Gun: From the Files of Police Squad!,Movie,Comedies,1988,PG-13
The Naked Gun: From the Files of Police Squad!,Movie,Cult Movies,1988,PG-13
The Natural,Movie,Classic Movies,1984,PG
The Natural,Movie,Dramas,1984,PG
The Natural,Movie,Sports Movies,1984,PG
The Negro Soldier,Movie,Classic Movies,1944,TV-14
The Negro Soldier,Movie,Documentaries,1944,TV-14
The Netflix Afterparty,TV Show,Stand-Up Comedy & Talk Shows,2021,TV-MA
The Netflix Afterparty,TV Show,TV Comedies,2021,TV-MA
The New Romantic,Movie,Comedies,2018,TV-MA
The New Romantic,Movie,Independent Movies,2018,TV-MA
The New Romantic,Movie,Romantic Movies,2018,TV-MA
The Nineties,TV Show,Docuseries,2017,TV-14
The NSU-Complex,Movie,Documentaries,2016,TV-14
The NSU-Complex,Movie,International Movies,2016,TV-14
The Nutcracker and the Four Realms,Movie,Children & Family Movies,2018,PG
The Office (U.S.),TV Show,TV Comedies,2012,TV-14
The One I Love,Movie,Comedies,2014,R
The One I Love,Movie,Dramas,2014,R
The One I Love,Movie,Independent Movies,2014,R
The Only Mother To You All,Movie,Comedies,2008,TV-PG
The Only Mother To You All,Movie,International Movies,2008,TV-PG
The Other Guys,Movie,Action & Adventure,2010,PG-13
The Other Guys,Movie,Comedies,2010,PG-13
The Parole Officer,Movie,Action & Adventure,2001,R
The Parole Officer,Movie,Comedies,2001,R
The Pass,Movie,Dramas,2016,NR
The Pass,Movie,Independent Movies,2016,NR
The Pass,Movie,LGBTQ Movies,2016,NR
The Peacemaker,Movie,Action & Adventure,1997,R
The Pelican Brief,Movie,Dramas,1993,PG-13
The Pelican Brief,Movie,Thrillers,1993,PG-13
The Perfect Day,Movie,Documentaries,2018,TV-14
The Perfect Day,Movie,International Movies,2018,TV-14
The Perfect Day,Movie,Sports Movies,2018,TV-14
The Perks of Being a Wallflower,Movie,Comedies,2012,PG-13
The Perks of Being a Wallflower,Movie,Dramas,2012,PG-13
The Phantom of the Opera,Movie,Dramas,2004,PG-13
The Phantom of the Opera,Movie,Music & Musicals,2004,PG-13
The Phantom of the Opera,Movie,Romantic Movies,2004,PG-13
The Physician,Movie,Action & Adventure,2013,R
The Physician,Movie,Dramas,2013,R
The Physician,Movie,International Movies,2013,R
The Pink Panther,Movie,Children & Family Movies,2006,PG
The Pink Panther,Movie,Comedies,2006,PG
The Pirate Fairy,Movie,Children & Family Movies,2014,G
The Pirates of Somalia,Movie,Dramas,2017,R
The Pirates! Band of Misfits,Movie,Children & Family Movies,2012,PG
The Pirates! Band of Misfits,Movie,Comedies,2012,PG
The Place Beyond the Pines,Movie,Dramas,2012,R
The Place Beyond the Pines,Movie,Independent Movies,2012,R
The Plan,Movie,Dramas,2015,TV-MA
The Plan,Movie,International Movies,2015,TV-MA
The Plan,Movie,Thrillers,2015,TV-MA
The Player,Movie,Comedies,2012,TV-MA
The Player,Movie,International Movies,2012,TV-MA
The Polar Express,Movie,Children & Family Movies,2004,G
The Power of Grayskull: The Definitive History of He-Man and the Masters of the Universe,Movie,Documentaries,2017,TV-14
The President's Barber,Movie,Comedies,2004,TV-MA
The President's Barber,Movie,Dramas,2004,TV-MA
The President's Barber,Movie,International Movies,2004,TV-MA
The Prince,Movie,Action & Adventure,2014,R
The Prince & Me,Movie,Comedies,2004,PG
The Prince & Me,Movie,Romantic Movies,2004,PG
The Princess and the Frog,Movie,Children & Family Movies,2009,G
The Prison,Movie,Action & Adventure,2017,TV-MA
The Prison,Movie,Dramas,2017,TV-MA
The Prison,Movie,International Movies,2017,TV-MA
The Pursuit,Movie,Documentaries,2019,TV-14
The Pursuit of Happyness,Movie,Dramas,2006,PG-13
The Push,Movie,Documentaries,2018,TV-MA
The Push,Movie,Sports Movies,2018,TV-MA
The Pyramid Code,TV Show,Docuseries,2009,TV-PG
The Pyramid Code,TV Show,Science & Nature TV,2009,TV-PG
The Rainbow Troops,Movie,Children & Family Movies,2008,TV-PG
The Rainbow Troops,Movie,Dramas,2008,TV-PG
The Rainbow Troops,Movie,International Movies,2008,TV-PG
The Rainmaker,Movie,Dramas,1997,PG-13
The Rainmaker,Movie,Thrillers,1997,PG-13
The Rap Game,TV Show,Reality TV,2016,TV-14
The Rat Race,Movie,Documentaries,2010,TV-PG
The Rat Race,Movie,International Movies,2010,TV-PG
The Real Football Factories,TV Show,British TV Shows,2006,TV-MA
The Real Football Factories,TV Show,Docuseries,2006,TV-MA
The Real Football Factories,TV Show,International TV Shows,2006,TV-MA
The Real Miyagi,Movie,Documentaries,2015,TV-PG
The Real Miyagi,Movie,Sports Movies,2015,TV-PG
The Rebound,Movie,Documentaries,2016,TV-MA
The Rebound,Movie,Sports Movies,2016,TV-MA
The Redeemed and the Dominant: Fittest on Earth,Movie,Documentaries,2017,TV-14
The Redeemed and the Dominant: Fittest on Earth,Movie,Sports Movies,2017,TV-14
The Rehearsal,Movie,Dramas,2016,TV-MA
The Rehearsal,Movie,Independent Movies,2016,TV-MA
The Rehearsal,Movie,International Movies,2016,TV-MA
The Republic of Imbaba,Movie,Dramas,2015,TV-14
The Republic of Imbaba,Movie,International Movies,2015,TV-14
The Returned,TV Show,International TV Shows,2015,TV-MA
The Returned,TV Show,TV Dramas,2015,TV-MA
The Returned,TV Show,TV Horror,2015,TV-MA
The Rezort,Movie,Horror Movies,2016,TV-MA
The Rezort,Movie,International Movies,2016,TV-MA
The Rift: The Dark Side of the Moon,Movie,Horror Movies,2016,TV-MA
The Rift: The Dark Side of the Moon,Movie,Independent Movies,2016,TV-MA
The Rift: The Dark Side of the Moon,Movie,Sci-Fi & Fantasy,2016,TV-MA
The Right One,Movie,Dramas,2011,TV-14
The Right One,Movie,International Movies,2011,TV-14
The Right One,Movie,Romantic Movies,2011,TV-14
The Ring,Movie,Horror Movies,2002,PG-13
The Ring,Movie,Thrillers,2002,PG-13
The Riot Club,Movie,Dramas,2014,R
The Riot Club,Movie,International Movies,2014,R
The River Thief,Movie,Dramas,2016,NR
The River Thief,Movie,Independent Movies,2016,NR
The River Wild,Movie,Action & Adventure,1994,PG-13
The Road to Calvary,TV Show,International TV Shows,2017,TV-14
The Road to Calvary,TV Show,TV Dramas,2017,TV-14
The Rolling Stones: Olé Olé Olé! A Trip Across Latin America,Movie,Documentaries,2016,TV-MA
The Rolling Stones: Olé Olé Olé! A Trip Across Latin America,Movie,International Movies,2016,TV-MA
The Rolling Stones: Olé Olé Olé! A Trip Across Latin America,Movie,Music & Musicals,2016,TV-MA
The Roommate,Movie,Thrillers,2011,PG-13
The Rover,Movie,International Movies,2014,R
The Rover,Movie,Thrillers,2014,R
THE RUM DIARY,Movie,Comedies,2011,R
THE RUM DIARY,Movie,Dramas,2011,R
The Runner,Movie,Dramas,2015,R
The Runner,Movie,Independent Movies,2015,R
The Salvation,Movie,Dramas,2014,R
The Salvation,Movie,Independent Movies,2014,R
The Salvation,Movie,International Movies,2014,R
The Sapphires,Movie,Comedies,2012,PG-13
The Sapphires,Movie,Dramas,2012,PG-13
The Sapphires,Movie,Independent Movies,2012,PG-13
The Score,Movie,Dramas,2001,R
The Score,Movie,Thrillers,2001,R
The Sea of Trees,Movie,Dramas,2015,PG-13
The Search for Life in Space,Movie,Documentaries,2016,TV-G
The Secret Life of Pets 2,Movie,Children & Family Movies,2019,PG
The Secret Life of Pets 2,Movie,Comedies,2019,PG
The Seven Five,Movie,Documentaries,2014,R
The Seventies,TV Show,Docuseries,2015,TV-PG
The Shaukeens,Movie,Comedies,2014,TV-MA
The Shaukeens,Movie,International Movies,2014,TV-MA
The Shaukeens,Movie,Music & Musicals,2014,TV-MA
The Show,Movie,Dramas,2017,TV-MA
The Sign of Venus,Movie,Classic Movies,1955,TV-14
The Sign of Venus,Movie,Comedies,1955,TV-14
The Sign of Venus,Movie,Independent Movies,1955,TV-14
The Signal,Movie,Sci-Fi & Fantasy,2014,PG-13
The Signal,Movie,Thrillers,2014,PG-13
The Similars,Movie,Horror Movies,2015,NR
The Similars,Movie,Independent Movies,2015,NR
The Similars,Movie,International Movies,2015,NR
The Sinking Of Van Der Wijck,Movie,Dramas,2013,TV-14
The Sinking Of Van Der Wijck,Movie,International Movies,2013,TV-14
The Sinking Of Van Der Wijck,Movie,Romantic Movies,2013,TV-14
The Sniffer,TV Show,Crime TV Shows,2017,TV-MA
The Sniffer,TV Show,International TV Shows,2017,TV-MA
The Sniffer,TV Show,TV Dramas,2017,TV-MA
The Social Network,Movie,Dramas,2010,PG-13
The Space Between Us,Movie,Action & Adventure,2016,PG-13
The Space Between Us,Movie,Romantic Movies,2016,PG-13
The Space Between Us,Movie,Sci-Fi & Fantasy,2016,PG-13
The Spectacular Now,Movie,Dramas,2013,R
The Spectacular Now,Movie,Independent Movies,2013,R
The Spectacular Now,Movie,Romantic Movies,2013,R
The spiral,Movie,Dramas,1978,TV-MA
The spiral,Movie,Independent Movies,1978,TV-MA
The spiral,Movie,International Movies,1978,TV-MA
The Spy Next Door,Movie,Action & Adventure,2010,PG
The Spy Next Door,Movie,Children & Family Movies,2010,PG
The Spy Next Door,Movie,Comedies,2010,PG
The Spy Who Fell to Earth,Movie,Documentaries,2019,TV-MA
The Spy Who Fell to Earth,Movie,International Movies,2019,TV-MA
The Stanford Prison Experiment,Movie,Dramas,2015,R
The Stanford Prison Experiment,Movie,Independent Movies,2015,R
The Stanford Prison Experiment,Movie,Thrillers,2015,R
The Story of God with Morgan Freeman,TV Show,Docuseries,2017,TV-14
The Story of Us with Morgan Freeman,TV Show,Docuseries,2017,TV-14
The Student,Movie,Thrillers,2017,TV-14
The Sunshine Makers,Movie,Documentaries,2015,TV-MA
The Sunshine Makers,Movie,International Movies,2015,TV-MA
The Super,Movie,Horror Movies,2017,R
The Super Mario Bros. Super Show!,TV Show,Kids' TV,1989,TV-Y7
The Surrounding Game,Movie,Documentaries,2018,TV-14
The Taking of Pelham 123,Movie,Action & Adventure,2009,R
The Talented Mr. Ripley,Movie,Dramas,1999,R
The Talented Mr. Ripley,Movie,Thrillers,1999,R
The Texas Chainsaw Massacre,Movie,Cult Movies,1974,R
The Texas Chainsaw Massacre,Movie,Horror Movies,1974,R
The Texas Chainsaw Massacre,Movie,Independent Movies,1974,R
The Thief and the Imbecile,Movie,Dramas,2013,TV-14
The Thief and the Imbecile,Movie,International Movies,2013,TV-14
The Tiger Hunter,Movie,Comedies,2016,TV-14
The Tiger Hunter,Movie,Dramas,2016,TV-14
The Tiger Hunter,Movie,Independent Movies,2016,TV-14
The Tigers of Scotland,Movie,Documentaries,2017,TV-G
The Time Machine,Movie,Action & Adventure,2002,PG-13
The Time Machine,Movie,Sci-Fi & Fantasy,2002,PG-13
The Time Traveler's Wife,Movie,Dramas,2009,PG-13
The Time Traveler's Wife,Movie,Romantic Movies,2009,PG-13
The Time Traveler's Wife,Movie,Sci-Fi & Fantasy,2009,PG-13
The Traffickers,TV Show,Crime TV Shows,2016,TV-MA
The Traffickers,TV Show,Docuseries,2016,TV-MA
The Tribes of Palos Verdes,Movie,Dramas,2017,R
The Tribes of Palos Verdes,Movie,Independent Movies,2017,R
The Tribes of Palos Verdes,Movie,Sports Movies,2017,R
The Trigger Effect,Movie,Thrillers,1996,R
The Trip to Spain,Movie,Comedies,2016,TV-MA
The Trust,Movie,Thrillers,2015,R
The Truth About Alcohol,Movie,Documentaries,2016,TV-14
The Truth About Alcohol,Movie,International Movies,2016,TV-14
The Tudors,TV Show,TV Dramas,2010,TV-MA
The Tuxedo,Movie,Action & Adventure,2002,PG-13
The Tuxedo,Movie,Comedies,2002,PG-13
The Twilight Zone (Original Series),TV Show,Classic & Cult TV,1963,TV-14
The Twilight Zone (Original Series),TV Show,TV Sci-Fi & Fantasy,1963,TV-14
The Ugly Truth,Movie,Comedies,2009,R
The Ugly Truth,Movie,Romantic Movies,2009,R
The Unborn Child,Movie,Horror Movies,2011,TV-MA
The Unborn Child,Movie,International Movies,2011,TV-MA
The Underwear,TV Show,International TV Shows,2017,TV-MA
The Underwear,TV Show,TV Dramas,2017,TV-MA
The Underwear,TV Show,Teen TV Shows,2017,TV-MA
The Universe,TV Show,Docuseries,2009,TV-14
The Universe,TV Show,Science & Nature TV,2009,TV-14
The Unknown Girl,Movie,Dramas,2016,TV-MA
The Unknown Girl,Movie,International Movies,2016,TV-MA
The Unknown Known,Movie,Documentaries,2013,PG-13
The Vatican Tapes,Movie,Horror Movies,2015,PG-13
The Vatican Tapes,Movie,Thrillers,2015,PG-13
The Vietnam War: A Film by Ken Burns and Lynn Novick,TV Show,Docuseries,2017,TV-MA
The Walls of the Moon,Movie,Action & Adventure,2015,TV-14
The Walls of the Moon,Movie,Dramas,2015,TV-14
The Walls of the Moon,Movie,International Movies,2015,TV-14
The War: A Film by Ken Burns and Lynn Novick,TV Show,Docuseries,2007,TV-14
The Water Diviner,Movie,Dramas,2014,R
The Water Diviner,Movie,International Movies,2014,R
The Water Horse: Legend of the Deep,Movie,Children & Family Movies,2007,PG
The Waterboy,Movie,Comedies,1998,PG-13
The Waterboy,Movie,Sports Movies,1998,PG-13
The Wedding Curse,Movie,Horror Movies,2006,TV-PG
The Wedding Curse,Movie,International Movies,2006,TV-PG
The Wedding Party 2: Destination Dubai,Movie,Comedies,2017,TV-14
The Wedding Party 2: Destination Dubai,Movie,International Movies,2017,TV-14
The Wedding Party 2: Destination Dubai,Movie,Romantic Movies,2017,TV-14
The West Wing,TV Show,TV Dramas,2005,TV-14
The Witch,Movie,Horror Movies,2015,R
The Witch,Movie,Independent Movies,2015,R
The Witch Files,Movie,Horror Movies,2018,TV-14
The Witch Files,Movie,Thrillers,2018,TV-14
The Womanizer,TV Show,International TV Shows,2010,TV-MA
The Womanizer,TV Show,Romantic TV Shows,2010,TV-MA
The Womanizer,TV Show,TV Comedies,2010,TV-MA
The Women Who Kill Lions,Movie,Documentaries,2016,TV-MA
The Women Who Kill Lions,Movie,International Movies,2016,TV-MA
The Women's Balcony,Movie,Comedies,2016,TV-PG
The Women's Balcony,Movie,Dramas,2016,TV-PG
The Women's Balcony,Movie,Faith & Spirituality,2016,TV-PG
The Workshop,Movie,Dramas,2017,TV-MA
The Workshop,Movie,International Movies,2017,TV-MA
The World Is Not Enough,Movie,Action & Adventure,1999,PG-13
The World's Most Wanted Animal,Movie,Documentaries,2018,TV-PG
The Wrong Babysitter,Movie,Thrillers,2017,TV-14
The Year of Happiness and Love,TV Show,International TV Shows,2009,TV-PG
The Year of Happiness and Love,TV Show,Romantic TV Shows,2009,TV-PG
The Year of Happiness and Love,TV Show,TV Comedies,2009,TV-PG
The Young Offenders,Movie,Comedies,2016,TV-MA
The Young Offenders,Movie,International Movies,2016,TV-MA
The Young Vagabond,Movie,Action & Adventure,1985,TV-14
The Young Vagabond,Movie,Comedies,1985,TV-14
The Young Vagabond,Movie,International Movies,1985,TV-14
Theater of Life,Movie,Documentaries,2016,TV-PG
Theeram,Movie,Dramas,2017,TV-14
Theeram,Movie,International Movies,2017,TV-14
Theeram,Movie,Romantic Movies,2017,TV-14
"Thelonious Monk: Straight, No Chaser",Movie,Documentaries,1988,PG-13
"Thelonious Monk: Straight, No Chaser",Movie,Music & Musicals,1988,PG-13
Theo Who Lived,Movie,Documentaries,2016,TV-14
ThirTEEN Terrors,TV Show,International TV Shows,2014,TV-14
ThirTEEN Terrors,TV Show,TV Horror,2014,TV-14
ThirTEEN Terrors,TV Show,TV Mysteries,2014,TV-14
This Is My Love,TV Show,International TV Shows,2015,TV-14
This Is My Love,TV Show,Korean TV Shows,2015,TV-14
This Is My Love,TV Show,Romantic TV Shows,2015,TV-14
This Is Not What I Expected,Movie,Comedies,2017,TV-PG
This Is Not What I Expected,Movie,International Movies,2017,TV-PG
This Is Not What I Expected,Movie,Romantic Movies,2017,TV-PG
This Was Tomorrow,Movie,Documentaries,2015,NR
This Was Tomorrow,Movie,International Movies,2015,NR
This Was Tomorrow,Movie,Music & Musicals,2015,NR
Thithi,Movie,Dramas,2015,TV-MA
Thithi,Movie,Independent Movies,2015,TV-MA
Thithi,Movie,International Movies,2015,TV-MA
Thong Dee Fun Khao,Movie,Action & Adventure,2017,TV-MA
Thong Dee Fun Khao,Movie,International Movies,2017,TV-MA
Thong Dee Fun Khao,Movie,Sports Movies,2017,TV-MA
Thor: Ragnarok,Movie,Action & Adventure,2017,PG-13
Thor: Ragnarok,Movie,Comedies,2017,PG-13
Thor: Ragnarok,Movie,Sci-Fi & Fantasy,2017,PG-13
Thor: Tales of Asgard,Movie,Children & Family Movies,2011,TV-Y7
Thorne: Scaredy Cat,Movie,Dramas,2010,NR
Thorne: Scaredy Cat,Movie,International Movies,2010,NR
Thorne: Sleepyhead,Movie,Dramas,2010,NR
Thorne: Sleepyhead,Movie,International Movies,2010,NR
Three,Movie,Action & Adventure,2016,TV-MA
Three,Movie,International Movies,2016,TV-MA
Three-Quarters Decent,Movie,Comedies,2010,TV-14
Three-Quarters Decent,Movie,Dramas,2010,TV-14
Three-Quarters Decent,Movie,International Movies,2010,TV-14
Thumper,Movie,Dramas,2017,TV-MA
Thumper,Movie,Thrillers,2017,TV-MA
Thunderbolt,Movie,Classic Movies,1947,TV-PG
Thunderbolt,Movie,Documentaries,1947,TV-PG
Tientsin Mystic,TV Show,Crime TV Shows,2017,TV-14
Tientsin Mystic,TV Show,International TV Shows,2017,TV-14
Tientsin Mystic,TV Show,TV Dramas,2017,TV-14
Tik Tok,Movie,Dramas,2016,TV-14
Tik Tok,Movie,International Movies,2016,TV-14
Tik Tok,Movie,Thrillers,2016,TV-14
Tikli and Laxmi Bomb,Movie,Dramas,2017,TV-MA
Tikli and Laxmi Bomb,Movie,International Movies,2017,TV-MA
Time Please,Movie,Comedies,2013,TV-14
Time Please,Movie,Dramas,2013,TV-14
Time Please,Movie,International Movies,2013,TV-14
Timeless Season,TV Show,International TV Shows,2009,TV-14
Timeless Season,TV Show,TV Dramas,2009,TV-14
Timeline,TV Show,Crime TV Shows,2014,TV-14
Timeline,TV Show,Docuseries,2014,TV-14
Timeline,TV Show,International TV Shows,2014,TV-14
Tinker Bell and the Legend of the NeverBeast,Movie,Children & Family Movies,2014,G
Tinker',Movie,Dramas,2018,TV-14
Tinker',Movie,Independent Movies,2018,TV-14
Tinker',Movie,Sci-Fi & Fantasy,2018,TV-14
Tip the Mouse,TV Show,Kids' TV,2014,TV-Y
To Be a Miss,Movie,Documentaries,2016,TV-14
"To Wong Foo, Thanks for Everything! Julie Newmar",Movie,Comedies,1995,PG-13
"To Wong Foo, Thanks for Everything! Julie Newmar",Movie,Cult Movies,1995,PG-13
"To Wong Foo, Thanks for Everything! Julie Newmar",Movie,LGBTQ Movies,1995,PG-13
Toast of London,TV Show,British TV Shows,2015,TV-MA
Toast of London,TV Show,Classic & Cult TV,2015,TV-MA
Toast of London,TV Show,TV Comedies,2015,TV-MA
Tobot,TV Show,Kids' TV,2018,TV-Y7
Tobot,TV Show,Korean TV Shows,2018,TV-Y7
Tokyo Idols,Movie,Documentaries,2017,TV-14
Tokyo Idols,Movie,International Movies,2017,TV-14
Tokyo Idols,Movie,Music & Musicals,2017,TV-14
Tom and Jerry: The Magic Ring,Movie,Children & Family Movies,2001,TV-Y7
Tom and Jerry: The Magic Ring,Movie,Comedies,2001,TV-Y7
Tomorrow Never Dies,Movie,Action & Adventure,1997,PG-13
Top 10 Secrets and Mysteries,TV Show,British TV Shows,2018,TV-14
Top 10 Secrets and Mysteries,TV Show,Docuseries,2018,TV-14
Top 10 Secrets and Mysteries,TV Show,Science & Nature TV,2018,TV-14
Top Grier,TV Show,Reality TV,2018,TV-MA
Tope: The Bait,Movie,Dramas,2016,TV-14
Tope: The Bait,Movie,Independent Movies,2016,TV-14
Tope: The Bait,Movie,International Movies,2016,TV-14
Tortilla Soup,Movie,Comedies,2001,PG-13
Tortilla Soup,Movie,Dramas,2001,PG-13
Tortilla Soup,Movie,Romantic Movies,2001,PG-13
Total Frat Movie,Movie,Comedies,2016,NR
Towies,TV Show,International TV Shows,2016,TV-MA
Towies,TV Show,Reality TV,2016,TV-MA
Tracers,Movie,Action & Adventure,2015,PG-13
Traffic Signal,Movie,Dramas,2007,TV-MA
Traffic Signal,Movie,Independent Movies,2007,TV-MA
Traffic Signal,Movie,International Movies,2007,TV-MA
Train of the Dead,Movie,Horror Movies,2007,TV-MA
Train of the Dead,Movie,International Movies,2007,TV-MA
Train to Busan,Movie,Action & Adventure,2016,TV-MA
Train to Busan,Movie,Horror Movies,2016,TV-MA
Train to Busan,Movie,International Movies,2016,TV-MA
Trainspotting,Movie,Comedies,1996,R
Trainspotting,Movie,Cult Movies,1996,R
Trainspotting,Movie,Dramas,1996,R
Traitor,Movie,Dramas,2008,PG-13
Traitor,Movie,Thrillers,2008,PG-13
Transcendence,Movie,Sci-Fi & Fantasy,2014,PG-13
Transcendence,Movie,Thrillers,2014,PG-13
Trash,Movie,Dramas,2014,R
Trash,Movie,Independent Movies,2014,R
Trash,Movie,Thrillers,2014,R
Trash Fire,Movie,Comedies,2016,R
Trash Fire,Movie,Dramas,2016,R
Trash Fire,Movie,Independent Movies,2016,R
Treasures from the Wreck of the Unbelievable,Movie,Documentaries,2017,TV-G
Treasures from the Wreck of the Unbelievable,Movie,Dramas,2017,TV-G
Treasures from the Wreck of the Unbelievable,Movie,International Movies,2017,TV-G
Tree Man,Movie,Documentaries,2015,TV-PG
Tremors,Movie,Comedies,1990,PG-13
Tremors,Movie,Cult Movies,1990,PG-13
Tremors,Movie,Horror Movies,1990,PG-13
Tremors 2: Aftershocks,Movie,Comedies,1995,PG-13
Tremors 2: Aftershocks,Movie,Horror Movies,1995,PG-13
Tremors 2: Aftershocks,Movie,Sci-Fi & Fantasy,1995,PG-13
Tremors 3: Back to Perfection,Movie,Comedies,2001,PG
Tremors 3: Back to Perfection,Movie,Horror Movies,2001,PG
Tremors 3: Back to Perfection,Movie,Sci-Fi & Fantasy,2001,PG
Tremors 4: The Legend Begins,Movie,Comedies,2004,PG-13
Tremors 4: The Legend Begins,Movie,Horror Movies,2004,PG-13
Tremors 4: The Legend Begins,Movie,Sci-Fi & Fantasy,2004,PG-13
Tremors 5:  Bloodline,Movie,Comedies,2015,PG-13
Tremors 5:  Bloodline,Movie,Horror Movies,2015,PG-13
Tremors 5:  Bloodline,Movie,Sci-Fi & Fantasy,2015,PG-13
Tremors 6: A Cold Day in Hell,Movie,Action & Adventure,2018,PG-13
Tremors 6: A Cold Day in Hell,Movie,Comedies,2018,PG-13
Tremors 6: A Cold Day in Hell,Movie,Horror Movies,2018,PG-13
Trespass Against Us,Movie,Dramas,2016,R
"Trikal (Past, Present, Future)",Movie,Comedies,1985,TV-14
"Trikal (Past, Present, Future)",Movie,Dramas,1985,TV-14
"Trikal (Past, Present, Future)",Movie,Independent Movies,1985,TV-14
Trimurti,Movie,Action & Adventure,1995,TV-PG
Trimurti,Movie,Dramas,1995,TV-PG
Trimurti,Movie,International Movies,1995,TV-PG
Trip to Bhangarh: Asia's Most Haunted Place,Movie,International Movies,2014,TV-MA
Trip to Bhangarh: Asia's Most Haunted Place,Movie,Thrillers,2014,TV-MA
Trixie Mattel: Moving Parts,Movie,Documentaries,2019,TV-MA
Trixie Mattel: Moving Parts,Movie,Music & Musicals,2019,TV-MA
Trophy,Movie,Documentaries,2017,TV-MA
Trophy,Movie,International Movies,2017,TV-MA
Trotsky,TV Show,International TV Shows,2017,TV-MA
Trotsky,TV Show,TV Dramas,2017,TV-MA
Troy: The Odyssey,Movie,Action & Adventure,2017,TV-MA
True Grit,Movie,Classic Movies,1969,G
True Grit,Movie,Dramas,1969,G
True to the Game,Movie,Dramas,2017,R
Trumbo,Movie,Dramas,2015,R
Trumbo,Movie,Independent Movies,2015,R
Tucker and Dale vs. Evil,Movie,Comedies,2010,R
Tucker and Dale vs. Evil,Movie,Horror Movies,2010,R
Tucker and Dale vs. Evil,Movie,Independent Movies,2010,R
Tukaram,Movie,Dramas,2012,TV-PG
Tukaram,Movie,Faith & Spirituality,2012,TV-PG
Tukaram,Movie,International Movies,2012,TV-PG
Tunisian Victory,Movie,Classic Movies,1944,TV-14
Tunisian Victory,Movie,Documentaries,1944,TV-14
Turbo,Movie,Children & Family Movies,2013,PG
Turbo,Movie,Comedies,2013,PG
Tusk,Movie,Horror Movies,2014,R
Twice,Movie,Documentaries,2010,TV-14
Twice,Movie,International Movies,2010,TV-14
Twin Peaks,TV Show,Classic & Cult TV,1990,TV-14
Twin Peaks,TV Show,Crime TV Shows,1990,TV-14
Twin Peaks,TV Show,TV Dramas,1990,TV-14
Twinsanity,Movie,Horror Movies,2018,TV-MA
Twinsanity,Movie,Independent Movies,2018,TV-MA
Twinsanity,Movie,Thrillers,2018,TV-MA
Twirlywoos,TV Show,British TV Shows,2018,TV-Y
Twirlywoos,TV Show,Kids' TV,2018,TV-Y
"Twisted Trunk, Big Fat Body",Movie,Dramas,2015,TV-14
"Twisted Trunk, Big Fat Body",Movie,International Movies,2015,TV-14
Two Graves,Movie,Thrillers,2018,TV-MA
Two Lovers and a Bear,Movie,Dramas,2016,R
Two Lovers and a Bear,Movie,Independent Movies,2016,R
Two Lovers and a Bear,Movie,Romantic Movies,2016,R
Tyke Elephant Outlaw,Movie,Documentaries,2015,TV-14
Tyke Elephant Outlaw,Movie,International Movies,2015,TV-14
Tyson,Movie,Documentaries,2008,R
Tyson,Movie,Sports Movies,2008,R
Ugly,Movie,Dramas,2013,NR
Ugly,Movie,International Movies,2013,NR
Ugly,Movie,Thrillers,2013,NR
Ugly Duckling,TV Show,International TV Shows,2015,TV-14
Ugly Duckling,TV Show,Romantic TV Shows,2015,TV-14
Ugly Duckling,TV Show,TV Dramas,2015,TV-14
Una,Movie,Dramas,2016,R
Una,Movie,International Movies,2016,R
Unaccompanied Minors,Movie,Children & Family Movies,2006,PG
Unaccompanied Minors,Movie,Comedies,2006,PG
Unacknowledged,Movie,Documentaries,2017,TV-MA
Under an Arctic Sky,Movie,Action & Adventure,2017,TV-14
Under an Arctic Sky,Movie,Documentaries,2017,TV-14
Under an Arctic Sky,Movie,Sports Movies,2017,TV-14
Under The Skin,Movie,Dramas,2013,R
Under The Skin,Movie,Independent Movies,2013,R
Under The Skin,Movie,International Movies,2013,R
Undercover Grandpa,Movie,Action & Adventure,2016,PG-13
Undercover Grandpa,Movie,Children & Family Movies,2016,PG-13
Undercover Grandpa,Movie,Comedies,2016,PG-13
Undercover: How to Operate Behind Enemy Lines,Movie,Classic Movies,1943,TV-PG
Undercover: How to Operate Behind Enemy Lines,Movie,Documentaries,1943,TV-PG
Unfinished Song,Movie,Comedies,2012,PG-13
Unfinished Song,Movie,Dramas,2012,PG-13
Unfinished Song,Movie,Independent Movies,2012,PG-13
Union Leader,Movie,Dramas,2017,TV-14
Union Leader,Movie,Independent Movies,2017,TV-14
Union Leader,Movie,International Movies,2017,TV-14
Unruly Friends,Movie,International Movies,2011,TV-14
Unruly Friends,Movie,Thrillers,2011,TV-14
Up in the Air,Movie,Comedies,2009,R
Up in the Air,Movie,Dramas,2009,R
Up in the Air,Movie,Romantic Movies,2009,R
Urvi,Movie,Dramas,2017,TV-MA
Urvi,Movie,Independent Movies,2017,TV-MA
Urvi,Movie,International Movies,2017,TV-MA
Used Goods,Movie,Action & Adventure,2018,TV-14
Used Goods,Movie,Comedies,2018,TV-14
Used Goods,Movie,International Movies,2018,TV-14
USS Indianapolis: Men of Courage,Movie,Action & Adventure,2016,R
V for Vendetta,Movie,Action & Adventure,2005,R
V for Vendetta,Movie,Dramas,2005,R
V for Vendetta,Movie,Sci-Fi & Fantasy,2005,R
V.R. Troopers,TV Show,Kids' TV,1995,TV-G
Vantage Point,Movie,Action & Adventure,2008,PG-13
Veerappan,Movie,Action & Adventure,2016,TV-14
Veerappan,Movie,Dramas,2016,TV-14
Veerappan,Movie,International Movies,2016,TV-14
Veerey Ki Wedding,Movie,Comedies,2018,TV-14
Veerey Ki Wedding,Movie,Dramas,2018,TV-14
Veerey Ki Wedding,Movie,International Movies,2018,TV-14
Vegas Baby,Movie,Documentaries,2016,TV-14
Viceroy's House,Movie,Dramas,2017,NR
Victor,Movie,Dramas,2015,PG-13
Viking Destiny,Movie,Action & Adventure,2018,R
Viking Destiny,Movie,Sci-Fi & Fantasy,2018,R
Vikings Unearthed,Movie,Documentaries,2016,TV-PG
Vincent N Roxxy,Movie,Dramas,2016,R
Vincent N Roxxy,Movie,Thrillers,2016,R
ViR: The Robot Boy,TV Show,Kids' TV,2013,TV-Y7
Viswasapoorvam Mansoor,Movie,Dramas,2017,TV-14
Viswasapoorvam Mansoor,Movie,International Movies,2017,TV-14
Vitti Dandu,Movie,Dramas,2014,TV-14
Vitti Dandu,Movie,International Movies,2014,TV-14
Vizontele Tuuba,Movie,Comedies,2004,NR
Vizontele Tuuba,Movie,Dramas,2004,NR
Vizontele Tuuba,Movie,International Movies,2004,NR
Vodka Diaries,Movie,Dramas,2018,TV-14
Vodka Diaries,Movie,International Movies,2018,TV-14
Vodka Diaries,Movie,Thrillers,2018,TV-14
Vroomiz,TV Show,Kids' TV,2016,TV-Y
Vroomiz,TV Show,Korean TV Shows,2016,TV-Y
VS.,Movie,Dramas,2018,TV-MA
Waar,Movie,Action & Adventure,2013,TV-MA
Waar,Movie,International Movies,2013,TV-MA
Waarrior Savitri,Movie,Action & Adventure,2016,TV-14
Waarrior Savitri,Movie,International Movies,2016,TV-14
Waarrior Savitri,Movie,Sci-Fi & Fantasy,2016,TV-14
Waiting,Movie,Dramas,2015,TV-MA
Waiting,Movie,International Movies,2015,TV-MA
Waiting...,Movie,Comedies,2005,R
Waiting...,Movie,Independent Movies,2005,R
Wake Up,TV Show,International TV Shows,2017,TV-14
Wake Up,TV Show,TV Dramas,2017,TV-14
Wakefield,Movie,Dramas,2016,R
Walk with Me,Movie,Documentaries,2017,TV-PG
Walking Out,Movie,Dramas,2017,PG-13
Walking Out,Movie,Independent Movies,2017,PG-13
Walking Out,Movie,Thrillers,2017,PG-13
War,Movie,Action & Adventure,2007,R
War Chhod Na Yaar,Movie,Comedies,2013,TV-14
War Chhod Na Yaar,Movie,Dramas,2013,TV-14
War Chhod Na Yaar,Movie,International Movies,2013,TV-14
War Horse,Movie,Dramas,2011,PG-13
War on Everyone,Movie,Action & Adventure,2016,R
War on Everyone,Movie,Comedies,2016,R
Warda,Movie,Horror Movies,2014,TV-14
Warda,Movie,Independent Movies,2014,TV-14
Warda,Movie,International Movies,2014,TV-14
Warehoused,Movie,Comedies,2015,TV-14
Warehoused,Movie,Dramas,2015,TV-14
Warehoused,Movie,International Movies,2015,TV-14
Wartime Portraits,TV Show,Docuseries,2014,TV-MA
Wartime Portraits,TV Show,International TV Shows,2014,TV-MA
Water & Power: A California Heist,Movie,Documentaries,2017,PG
Waterschool,Movie,Documentaries,2018,TV-G
We Are Your Friends,Movie,Dramas,2015,R
We Are Your Friends,Movie,Independent Movies,2015,R
We Are Your Friends,Movie,Music & Musicals,2015,R
We Belong Together,Movie,Thrillers,2018,TV-14
We Need to Talk,Movie,Comedies,2016,TV-MA
We Need to Talk,Movie,International Movies,2016,TV-MA
We Need to Talk,Movie,Romantic Movies,2016,TV-MA
We the Animals,Movie,Dramas,2018,R
We the Animals,Movie,Independent Movies,2018,R
"We, the Marines",Movie,Documentaries,2017,TV-PG
"We, the Marines",Movie,International Movies,2017,TV-PG
We're No Animals,Movie,Comedies,2015,TV-MA
We're No Animals,Movie,Dramas,2015,TV-MA
We're No Animals,Movie,Independent Movies,2015,TV-MA
Weather forecast,Movie,Dramas,1983,TV-MA
Weather forecast,Movie,International Movies,1983,TV-MA
Weeds,TV Show,TV Comedies,2012,TV-MA
Weeds,TV Show,TV Dramas,2012,TV-MA
Weeds on Fire,Movie,Dramas,2016,TV-MA
Weeds on Fire,Movie,Independent Movies,2016,TV-MA
Weeds on Fire,Movie,International Movies,2016,TV-MA
Weird Wonders of the World,TV Show,British TV Shows,2016,TV-PG
Weird Wonders of the World,TV Show,Docuseries,2016,TV-PG
Weird Wonders of the World,TV Show,Science & Nature TV,2016,TV-PG
Welcome 2 Karachi,Movie,Comedies,2015,TV-MA
Welcome 2 Karachi,Movie,International Movies,2015,TV-MA
Welcome to Monster High: The Origin Story,Movie,Children & Family Movies,2016,TV-Y7
Welcome to New York,Movie,Dramas,2014,R
Welcome to New York,Movie,Independent Movies,2014,R
Welcome to Willits,Movie,Comedies,2017,TV-MA
Welcome to Willits,Movie,Horror Movies,2017,TV-MA
Welcome to Willits,Movie,Independent Movies,2017,TV-MA
Westerplatte Resists,Movie,Classic Movies,1967,TV-MA
Westerplatte Resists,Movie,Dramas,1967,TV-MA
Westerplatte Resists,Movie,International Movies,1967,TV-MA
Westside vs. the World,Movie,Documentaries,2019,TV-MA
Westside vs. the World,Movie,Sports Movies,2019,TV-MA
What a Wonderful Family!,Movie,Comedies,2017,TV-14
What a Wonderful Family!,Movie,Dramas,2017,TV-14
What a Wonderful Family!,Movie,International Movies,2017,TV-14
What Happens to My Family,TV Show,International TV Shows,2016,TV-14
What Happens to My Family,TV Show,TV Comedies,2016,TV-14
What Happens to My Family,TV Show,TV Dramas,2016,TV-14
What Is Love?,TV Show,International TV Shows,2012,TV-14
What Is Love?,TV Show,Romantic TV Shows,2012,TV-14
What Is Love?,TV Show,TV Comedies,2012,TV-14
What Lies Beneath,Movie,Horror Movies,2000,PG-13
What Lies Beneath,Movie,Thrillers,2000,PG-13
What Makes a Psychopath?,Movie,Documentaries,2017,TV-14
What Still Remains,Movie,Dramas,2018,TV-14
What Still Remains,Movie,Thrillers,2018,TV-14
What's Up With Love?,Movie,Dramas,2002,R
What's Up With Love?,Movie,International Movies,2002,R
What's Up With Love?,Movie,Romantic Movies,2002,R
When Calls the Heart,TV Show,TV Dramas,2017,TV-PG
When Hari Got Married,Movie,Documentaries,2013,NR
When Hari Got Married,Movie,International Movies,2013,NR
When Two Worlds Collide,Movie,Documentaries,2016,TV-14
When Two Worlds Collide,Movie,International Movies,2016,TV-14
Where the Money Is,Movie,Action & Adventure,2000,PG-13
Where the Money Is,Movie,Comedies,2000,PG-13
Where the Money Is,Movie,Dramas,2000,PG-13
Where's the Money,Movie,Comedies,2017,R
While We're Young,Movie,Comedies,2015,R
While We're Young,Movie,Dramas,2015,R
While We're Young,Movie,Independent Movies,2015,R
White Chamber,Movie,Sci-Fi & Fantasy,2018,TV-MA
White Chamber,Movie,Thrillers,2018,TV-MA
White Island,Movie,Comedies,2016,TV-MA
White Island,Movie,Independent Movies,2016,TV-MA
White Island,Movie,Thrillers,2016,TV-MA
Who the F**k Is That Guy?,Movie,Documentaries,2017,TV-MA
Who the F**k Is That Guy?,Movie,LGBTQ Movies,2017,TV-MA
Who the F**k Is That Guy?,Movie,Music & Musicals,2017,TV-MA
Who's That Knocking at My Door?,Movie,Classic Movies,1967,R
Who's That Knocking at My Door?,Movie,Dramas,1967,R
Who's That Knocking at My Door?,Movie,Independent Movies,1967,R
Who's the One,TV Show,International TV Shows,2011,TV-14
Who's the One,TV Show,Romantic TV Shows,2011,TV-14
Who's the One,TV Show,TV Comedies,2011,TV-14
Why Are We Getting So Fat?,Movie,Documentaries,2016,TV-14
Why Knot,Movie,Documentaries,2016,TV-MA
Why We Fight: The Battle of Russia,Movie,Documentaries,1943,TV-PG
Wild Alaska,TV Show,British TV Shows,2015,TV-PG
Wild Alaska,TV Show,Docuseries,2015,TV-PG
Wild Alaska,TV Show,Science & Nature TV,2015,TV-PG
Wild Arabia,TV Show,British TV Shows,2013,TV-PG
Wild Arabia,TV Show,Docuseries,2013,TV-PG
Wild Arabia,TV Show,Science & Nature TV,2013,TV-PG
Wild Wild West,Movie,Action & Adventure,1999,PG-13
Wild Wild West,Movie,Comedies,1999,PG-13
Wild Wild West,Movie,Sci-Fi & Fantasy,1999,PG-13
Wildlife,Movie,Dramas,2018,PG-13
Wildlife,Movie,Independent Movies,2018,PG-13
Williams,Movie,Documentaries,2017,TV-MA
Williams,Movie,International Movies,2017,TV-MA
Williams,Movie,Sports Movies,2017,TV-MA
Willy Wonka & the Chocolate Factory,Movie,Children & Family Movies,1971,G
Willy Wonka & the Chocolate Factory,Movie,Classic Movies,1971,G
Willy Wonka & the Chocolate Factory,Movie,Comedies,1971,G
Winnie,Movie,Documentaries,2017,TV-14
Winnie,Movie,International Movies,2017,TV-14
Winsanity,TV Show,Reality TV,2016,TV-G
Winter of Our Dreams,Movie,Classic Movies,1981,NR
Winter of Our Dreams,Movie,Dramas,1981,NR
Winter Sun,TV Show,International TV Shows,2014,TV-MA
Winter Sun,TV Show,TV Dramas,2014,TV-MA
Winter Sun,TV Show,TV Thrillers,2014,TV-MA
Winter's Bone,Movie,Dramas,2010,R
Winter's Bone,Movie,Independent Movies,2010,R
Wish I Was Here,Movie,Comedies,2014,R
Wish I Was Here,Movie,Dramas,2014,R
Wish I Was Here,Movie,Independent Movies,2014,R
Wish Man,Movie,Children & Family Movies,2019,TV-14
Wish Man,Movie,Dramas,2019,TV-14
Withdrawn,Movie,Dramas,2017,TV-MA
Withdrawn,Movie,Independent Movies,2017,TV-MA
Wolves,Movie,Dramas,2016,R
Wolves,Movie,Independent Movies,2016,R
Wolves,Movie,Sports Movies,2016,R
Women Behind Bars,TV Show,Crime TV Shows,2010,TV-14
Women Behind Bars,TV Show,Docuseries,2010,TV-14
Woodstock,Movie,Documentaries,2019,TV-MA
Woodstock,Movie,Music & Musicals,2019,TV-MA
World Trade Center,Movie,Action & Adventure,2006,PG-13
World Trade Center,Movie,Dramas,2006,PG-13
World's Busiest Cities,TV Show,British TV Shows,2017,TV-PG
World's Busiest Cities,TV Show,Docuseries,2017,TV-PG
World's Weirdest Homes,Movie,Movies,2015,TV-PG
Would You Rather,Movie,Horror Movies,2013,TV-MA
Would You Rather,Movie,Independent Movies,2013,TV-MA
Would You Rather,Movie,Thrillers,2013,TV-MA
Wrong No.,Movie,Comedies,2015,TV-14
Wrong No.,Movie,International Movies,2015,TV-14
Wrong No.,Movie,Romantic Movies,2015,TV-14
Wrong Side Raju,Movie,Dramas,2016,TV-MA
Wrong Side Raju,Movie,International Movies,2016,TV-MA
WWII: Report from the Aleutians,Movie,Documentaries,1943,TV-PG
Wyatt Earp,Movie,Action & Adventure,1994,PG-13
XX,Movie,Horror Movies,2017,R
XXx,Movie,Action & Adventure,2002,PG-13
XXx,Movie,Sports Movies,2002,PG-13
XXX: State of the Union,Movie,Action & Adventure,2005,PG-13
Y Tu Mamá También,Movie,Dramas,2001,R
Y Tu Mamá También,Movie,Independent Movies,2001,R
Y Tu Mamá También,Movie,International Movies,2001,R
Y.M.I.: Yeh Mera India,Movie,Dramas,2008,TV-MA
Y.M.I.: Yeh Mera India,Movie,Independent Movies,2008,TV-MA
Y.M.I.: Yeh Mera India,Movie,International Movies,2008,TV-MA
Yaadein,Movie,Dramas,2001,TV-14
Yaadein,Movie,International Movies,2001,TV-14
Yaadein,Movie,Romantic Movies,2001,TV-14
Yaara O Dildaara,Movie,Dramas,2011,TV-14
Yaara O Dildaara,Movie,International Movies,2011,TV-14
Yaara O Dildaara,Movie,Music & Musicals,2011,TV-14
Yamla Pagla Deewana 2,Movie,Action & Adventure,2013,TV-14
Yamla Pagla Deewana 2,Movie,Comedies,2013,TV-14
Yamla Pagla Deewana 2,Movie,International Movies,2013,TV-14
Yanda Kartavya Aahe,Movie,Comedies,2006,TV-PG
Yanda Kartavya Aahe,Movie,Dramas,2006,TV-PG
Yanda Kartavya Aahe,Movie,International Movies,2006,TV-PG
يوم الدين,Movie,Dramas,2018,TV-14
يوم الدين,Movie,Independent Movies,2018,TV-14
يوم الدين,Movie,International Movies,2018,TV-14
Yeh Meri Family,TV Show,International TV Shows,2018,TV-PG
Yeh Meri Family,TV Show,TV Comedies,2018,TV-PG
Yellowbird,Movie,Children & Family Movies,2014,PG
Yellowbird,Movie,Comedies,2014,PG
Yes or No,Movie,International Movies,2010,TV-PG
Yes or No,Movie,LGBTQ Movies,2010,TV-PG
Yes or No,Movie,Romantic Movies,2010,TV-PG
Yes or No 2,Movie,International Movies,2012,TV-PG
Yes or No 2,Movie,LGBTQ Movies,2012,TV-PG
Yes or No 2,Movie,Romantic Movies,2012,TV-PG
Yes or No 2.5,Movie,International Movies,2015,TV-PG
Yes or No 2.5,Movie,LGBTQ Movies,2015,TV-PG
Yes or No 2.5,Movie,Romantic Movies,2015,TV-PG
Yo-Kai Watch,TV Show,Anime Series,2015,TV-Y7
Yo-Kai Watch,TV Show,Kids' TV,2015,TV-Y7
Yo-Kai Watch: The Movie,Movie,Anime Features,2016,TV-Y7
Yo-Kai Watch: The Movie,Movie,Children & Family Movies,2016,TV-Y7
Yoga Hosers,Movie,Comedies,2016,PG-13
Yoga Hosers,Movie,Horror Movies,2016,PG-13
Yoga Hosers,Movie,Independent Movies,2016,PG-13
Yoko,TV Show,Kids' TV,2016,TV-Y
Yoko and His Friends,Movie,Children & Family Movies,2015,TV-Y
YOM,TV Show,Kids' TV,2016,TV-Y7
You Can Tutu,Movie,Children & Family Movies,2017,TV-G
You Can’t Fight Christmas,Movie,Comedies,2017,TV-PG
You Can’t Fight Christmas,Movie,Romantic Movies,2017,TV-PG
You Carry Me,Movie,Dramas,2015,TV-MA
You Carry Me,Movie,International Movies,2015,TV-MA
You Changed My Life,Movie,Comedies,2009,TV-PG
You Changed My Life,Movie,Dramas,2009,TV-PG
You Changed My Life,Movie,International Movies,2009,TV-PG
You Don't Mess with the Zohan,Movie,Action & Adventure,2008,UR
You Don't Mess with the Zohan,Movie,Comedies,2008,UR
Young Adult,Movie,Comedies,2011,R
Young Adult,Movie,Dramas,2011,R
Young Adult,Movie,Independent Movies,2011,R
Young Tiger,Movie,Action & Adventure,1973,NR
Young Tiger,Movie,International Movies,1973,NR
"Yours, Mine and Ours",Movie,Children & Family Movies,2005,PG
"Yours, Mine and Ours",Movie,Comedies,2005,PG
اشتباك,Movie,Dramas,2016,TV-14
اشتباك,Movie,Independent Movies,2016,TV-14
اشتباك,Movie,International Movies,2016,TV-14
Yu-Gi-Oh! Arc-V,TV Show,Anime Series,2015,TV-Y7
Yu-Gi-Oh! Arc-V,TV Show,Kids' TV,2015,TV-Y7
Yunus Emre,TV Show,International TV Shows,2016,TV-PG
Yunus Emre,TV Show,TV Dramas,2016,TV-PG
Zak Storm,TV Show,Kids' TV,2016,TV-Y7
Zed Plus,Movie,Comedies,2014,TV-MA
Zed Plus,Movie,Dramas,2014,TV-MA
Zed Plus,Movie,International Movies,2014,TV-MA
Zenda,Movie,Dramas,2009,TV-14
Zenda,Movie,International Movies,2009,TV-14
Zindagi Gulzar Hai,TV Show,International TV Shows,2012,TV-PG
Zindagi Gulzar Hai,TV Show,Romantic TV Shows,2012,TV-PG
Zindagi Gulzar Hai,TV Show,TV Dramas,2012,TV-PG
Zinzana,Movie,Dramas,2015,TV-MA
Zinzana,Movie,International Movies,2015,TV-MA
Zinzana,Movie,Thrillers,2015,TV-MA
Zodiac,Movie,Cult Movies,2007,R
Zodiac,Movie,Dramas,2007,R
Zodiac,Movie,Thrillers,2007,R
Zombie Dumb,TV Show,Kids' TV,2018,TV-Y7
Zombie Dumb,TV Show,Korean TV Shows,2018,TV-Y7
Zombie Dumb,TV Show,TV Comedies,2018,TV-Y7
Zombieland,Movie,Comedies,2009,R
Zombieland,Movie,Horror Movies,2009,R
Zoom,Movie,Children & Family Movies,2006,PG
Zoom,Movie,Comedies,2006,PG
Zubaan,Movie,Dramas,2015,TV-14
Zubaan,Movie,International Movies,2015,TV-14
Zubaan,Movie,Music & Musicals,2015,TV-14
