show_id,title,type,rating,release_year,date_added
s1,Dick Johnson Is Dead,Movie,PG-13,2020,2021-09-25
s2,Blood & Water,TV Show,TV-MA,2021,2021-09-24
s3,Ganglands,TV Show,TV-MA,2021,2021-09-24
s4,Jailbirds New Orleans,TV Show,TV-MA,2021,2021-09-24
s5,Kota Factory,TV Show,TV-MA,2021,2021-09-24
s6,Midnight Mass,TV Show,TV-MA,2021,2021-09-24
s7,My Little Pony: A New Generation,Movie,PG,2021,2021-09-24
s8,Sankofa,Movie,TV-MA,1993,2021-09-24
s9,The Great British Baking Show,TV Show,TV-14,2021,2021-09-24
s10,The Starling,Movie,PG-13,2021,2021-09-24
s11,"Vendetta: Truth, Lies and The Mafia",TV Show,TV-MA,2021,2021-09-24
s12,Bangkok Breaking,TV Show,TV-MA,2021,2021-09-23
s13,Je Suis Karl,Movie,TV-MA,2021,2021-09-23
s14,Confessions of an Invisible Girl,Movie,TV-PG,2021,2021-09-22
s15,Crime Stories: India Detectives,TV Show,TV-MA,2021,2021-09-22
s16,Dear White People,TV Show,TV-MA,2021,2021-09-22
s17,Europe's Most Dangerous Man: Otto Skorzeny in Spain,Movie,TV-MA,2020,2021-09-22
s18,Falsa identidad,TV Show,TV-MA,2020,2021-09-22
s19,Intrusion,Movie,TV-14,2021,2021-09-22
s20,Jaguar,TV Show,TV-MA,2021,2021-09-22
s21,Monsters Inside: The 24 Faces of Billy Milligan,TV Show,TV-14,2021,2021-09-22
s22,Resurrection: Ertugrul,TV Show,TV-14,2018,2021-09-22
s23,Avvai Shanmughi,Movie,TV-PG,1996,2021-09-21
s24,Go! Go! Cory Carson: Chrissy Takes the Wheel,Movie,TV-Y,2021,2021-09-21
s25,Jeans,Movie,TV-14,1998,2021-09-21
s26,Love on the Spectrum,TV Show,TV-14,2021,2021-09-21
s27,Minsara Kanavu,Movie,TV-PG,1997,2021-09-21
s28,Grown Ups,Movie,PG-13,2010,2021-09-20
s29,Dark Skies,Movie,PG-13,2013,2021-09-19
s30,Paranoia,Movie,PG-13,2013,2021-09-19
s31,Ankahi Kahaniya,Movie,TV-14,2021,2021-09-17
s32,Chicago Party Aunt,TV Show,TV-MA,2021,2021-09-17
s33,Sex Education,TV Show,TV-MA,2020,2021-09-17
s34,Squid Game,TV Show,TV-MA,2021,2021-09-17
s35,Tayo and Little Wizards,TV Show,TV-Y7,2020,2021-09-17
s36,The Father Who Moves Mountains,Movie,TV-MA,2021,2021-09-17
s37,The Stronghold,Movie,TV-MA,2021,2021-09-17
s38,Angry Birds,TV Show,TV-Y7,2018,2021-09-16
s39,Birth of the Dragon,Movie,PG-13,2017,2021-09-16
s40,Chhota Bheem,TV Show,TV-Y7,2021,2021-09-16
s41,He-Man and the Masters of the Universe,TV Show,TV-Y7,2021,2021-09-16
s42,Jaws,Movie,PG,1975,2021-09-16
s43,Jaws 2,Movie,PG,1978,2021-09-16
s44,Jaws 3,Movie,PG,1983,2021-09-16
s45,Jaws: The Revenge,Movie,PG-13,1987,2021-09-16
s46,My Heroes Were Cowboys,Movie,PG,2021,2021-09-16
s47,Safe House,Movie,R,2012,2021-09-16
s48,The Smart Money Woman,TV Show,TV-MA,2020,2021-09-16
s49,Training Day,Movie,R,2001,2021-09-16
s50,Castle and Castle,TV Show,TV-MA,2021,2021-09-15
s51,Dharmakshetra,TV Show,TV-PG,2014,2021-09-15
s52,InuYasha the Movie 2: The Castle Beyond the Looking Glass,Movie,TV-14,2002,2021-09-15
s53,InuYasha the Movie 3: Swords of an Honorable Ruler,Movie,TV-14,2003,2021-09-15
s54,InuYasha the Movie 4: Fire on the Mystic Island,Movie,TV-PG,2004,2021-09-15
s55,InuYasha the Movie: Affections Touching Across Time,Movie,TV-PG,2001,2021-09-15
s56,Nailed It,TV Show,TV-PG,2021,2021-09-15
s57,Naruto Shippuden the Movie: Blood Prison,Movie,TV-14,2011,2021-09-15
s58,Naruto Shippûden the Movie: Bonds,Movie,TV-PG,2008,2021-09-15
s59,Naruto Shippûden the Movie: The Will of Fire,Movie,TV-PG,2009,2021-09-15
s60,Naruto Shippuden: The Movie,Movie,TV-PG,2007,2021-09-15
s61,Naruto Shippuden: The Movie: The Lost Tower,Movie,TV-14,2010,2021-09-15
s62,Naruto the Movie 2: Legend of the Stone of Gelel,Movie,TV-PG,2005,2021-09-15
s63,Naruto the Movie 3: Guardians of the Crescent Moon Kingdom,Movie,TV-PG,2006,2021-09-15
s64,Naruto the Movie: Ninja Clash in the Land of Snow,Movie,TV-PG,2004,2021-09-15
s65,Nightbooks,Movie,TV-PG,2021,2021-09-15
s66,Numberblocks,TV Show,TV-Y,2021,2021-09-15
s67,Raja Rasoi Aur Anya Kahaniyan,TV Show,TV-G,2014,2021-09-15
s68,Saved by the Bell,TV Show,TV-PG,1994,2021-09-15
s69,Schumacher,Movie,TV-14,2021,2021-09-15
s70,Stories by Rabindranath Tagore,TV Show,TV-PG,2015,2021-09-15
s71,Too Hot To Handle: Latino,TV Show,TV-MA,2021,2021-09-15
s72,A StoryBots Space Adventure,Movie,TV-Y,2021,2021-09-14
s73,Jack Whitehall: Travels with My Father,TV Show,TV-MA,2021,2021-09-14
s74,King of Boys,Movie,TV-MA,2018,2021-09-14
s75,The World's Most Amazing Vacation Rentals,TV Show,TV-PG,2021,2021-09-14
s76,You vs. Wild: Out Cold,Movie,TV-G,2021,2021-09-14
s77,Yowamushi Pedal,TV Show,TV-14,2013,2021-09-14
s78,Little Singham - Black Shadow,Movie,TV-Y7,2021,2021-09-11
s79,Tughlaq Durbar,Movie,TV-14,2020,2021-09-11
s80,Tughlaq Durbar (Telugu),Movie,TV-14,2021,2021-09-11
s81,Firedrake the Silver Dragon,Movie,TV-Y7,2021,2021-09-10
s82,Kate,Movie,R,2021,2021-09-10
s83,Lucifer,TV Show,TV-14,2021,2021-09-10
s84,Metal Shop Masters,TV Show,TV-MA,2021,2021-09-10
s85,Omo Ghetto: the Saga,Movie,TV-MA,2020,2021-09-10
s86,Pokémon Master Journeys: The Series,TV Show,TV-Y7,2021,2021-09-10
s87,Prey,Movie,TV-MA,2021,2021-09-10
s88,Titipo Titipo,TV Show,TV-Y,2019,2021-09-10
s89,Blood Brothers: Malcolm X & Muhammad Ali,Movie,PG-13,2021,2021-09-09
s90,Mighty Raju,TV Show,TV-Y7,2017,2021-09-09
s91,Paradise Hills,Movie,TV-MA,2019,2021-09-09
s92,The Women and the Murderer,Movie,TV-14,2021,2021-09-09
s93,Into the Night,TV Show,TV-MA,2021,2021-09-08
s94,JJ+E,Movie,TV-MA,2021,2021-09-08
s95,Show Dogs,Movie,PG,2018,2021-09-08
s96,The Circle,TV Show,TV-MA,2021,2021-09-08
s97,If I Leave Here Tomorrow: A Film About Lynyrd Skynyrd,Movie,TV-MA,2018,2021-09-07
s98,Kid Cosmic,TV Show,TV-Y7,2021,2021-09-07
s99,Octonauts: Above & Beyond,TV Show,TV-Y,2021,2021-09-07
s100,On the Verge,TV Show,TV-MA,2021,2021-09-07
s101,Tobot Galaxy Detectives,TV Show,TV-Y7,2019,2021-09-07
s102,Untold: Breaking Point,Movie,TV-MA,2021,2021-09-07
s103,Countdown: Inspiration4 Mission to Space,TV Show,TV-14,2021,2021-09-06
s104,Shadow Parties,Movie,TV-MA,2020,2021-09-06
s105,Tayo the Little Bus,TV Show,TV-Y,2016,2021-09-06
s106,Angamaly Diaries,Movie,TV-14,2017,2021-09-05
s107,Bunk'd,TV Show,TV-G,2021,2021-09-05
s108,A Champion Heart,Movie,G,2018,2021-09-04
s109,Dive Club,TV Show,TV-G,2021,2021-09-03
s110,La casa de papel,TV Show,TV-MA,2021,2021-09-03
s111,Money Heist: From Tokyo to Berlin,TV Show,TV-MA,2021,2021-09-03
s112,Sharkdog,TV Show,TV-Y,2021,2021-09-03
s113,Worth,Movie,PG-13,2021,2021-09-03
s114,Afterlife of the Party,Movie,TV-PG,2021,2021-09-02
s115,Anjaam,Movie,TV-14,1994,2021-09-02
s116,Bright Star,Movie,PG,2009,2021-09-02
s117,Dhanak,Movie,TV-PG,2015,2021-09-02
s118,Final Account,Movie,PG-13,2021,2021-09-02
s119,Gurgaon,Movie,TV-14,2017,2021-09-02
s120,Here and There,Movie,TV-MA,2020,2021-09-02
s121,Heroes of Goo Jit Zu,TV Show,TV-Y7,2021,2021-09-02
s122,Hotel Del Luna,TV Show,TV-14,2019,2021-09-02
s123,In the Cut,Movie,R,2003,2021-09-02
s124,Luv Kushh,TV Show,TV-Y7,2012,2021-09-02
s125,Pororo - The Little Penguin,TV Show,TV-Y7,2013,2021-09-02
s126,Q-Force,TV Show,TV-MA,2021,2021-09-02
s127,Shikara,Movie,TV-14,2020,2021-09-02
s128,A Cinderella Story,Movie,PG,2004,2021-09-01
s129,Agatha Christie's Crooked House,Movie,PG-13,2017,2021-09-01
s130,An Unfinished Life,Movie,PG-13,2005,2021-09-01
s131,Barbie Big City Big Dreams,Movie,TV-Y,2021,2021-09-01
s132,Blade Runner: The Final Cut,Movie,R,1982,2021-09-01
s133,Brave Animated Series,TV Show,TV-MA,2021,2021-09-01
s134,Chappie,Movie,R,2015,2021-09-01
s135,Clear and Present Danger,Movie,PG-13,1994,2021-09-01
s136,Cliffhanger,Movie,R,1993,2021-09-01
s137,Cold Mountain,Movie,R,2003,2021-09-01
s138,Crocodile Dundee in Los Angeles,Movie,PG,2001,2021-09-01
s139,Dear John,Movie,PG-13,2010,2021-09-01
s140,Do the Right Thing,Movie,R,1989,2021-09-01
s141,"El patrón, radiografía de un crimen",Movie,TV-MA,2014,2021-09-01
s142,Extraction,Movie,R,2015,2021-09-01
s143,Freedom Writers,Movie,PG-13,2007,2021-09-01
s144,Green Lantern,Movie,PG-13,2011,2021-09-01
s145,House Party,Movie,R,1990,2021-09-01
s146,House Party 2,Movie,R,1991,2021-09-01
s147,House Party 3,Movie,R,1994,2021-09-01
s148,How to Be a Cowboy,TV Show,TV-PG,2021,2021-09-01
s149,HQ Barbers,TV Show,TV-14,2020,2021-09-01
s150,I Got the Hook Up,Movie,R,1998,2021-09-01
s151,In Too Deep,Movie,R,1999,2021-09-01
s152,Initial D,Movie,TV-14,2005,2021-09-01
s153,Janoskians: Untold and Untrue,Movie,TV-MA,2016,2021-09-01
s154,Kid-E-Cats,TV Show,TV-Y,2016,2021-09-01
s155,Kuroko's Basketball,TV Show,TV-MA,2015,2021-09-01
s156,Labyrinth,Movie,PG,1986,2021-09-01
s157,Letters to Juliet,Movie,PG,2010,2021-09-01
s158,Level 16,Movie,TV-14,2018,2021-09-01
s159,Love Don't Cost a Thing,Movie,PG-13,2003,2021-09-01
s160,Love in a Puff,Movie,TV-MA,2010,2021-09-01
s161,Major Dad,TV Show,TV-PG,1992,2021-09-01
s162,Mars Attacks!,Movie,PG-13,1996,2021-09-01
s163,Marshall,Movie,PG-13,2017,2021-09-01
s164,My Boss's Daughter,Movie,R,2003,2021-09-01
s165,Mystery Men,Movie,PG-13,1999,2021-09-01
s166,Oldsters,TV Show,TV-MA,2019,2021-09-01
s167,Once Upon a Time in America,Movie,R,1984,2021-09-01
s168,Open Season 2,Movie,PG,2008,2021-09-01
s169,Osmosis Jones,Movie,PG,2001,2021-09-01
s170,Poseidon,Movie,PG-13,2006,2021-09-01
s171,Rhyme & Reason,Movie,R,1997,2021-09-01
s172,Same Kind of Different as Me,Movie,PG-13,2017,2021-09-01
s173,School of Rock,Movie,PG-13,2003,2021-09-01
s174,Snervous Tyler Oakley,Movie,PG-13,2015,2021-09-01
s175,Tears of the Sun,Movie,R,2003,2021-09-01
s176,The Blue Lagoon,Movie,R,1980,2021-09-01
s177,The Golden Child,Movie,PG-13,1986,2021-09-01
s178,The Guns of Navarone,Movie,TV-14,1961,2021-09-01
s179,The Interview,Movie,R,2014,2021-09-01
s180,The Nutty Professor,Movie,PG-13,1996,2021-09-01
s181,The Nutty Professor II: The Klumps,Movie,PG-13,2000,2021-09-01
s182,Turning Point: 9/11 and the War on Terror,TV Show,TV-14,2021,2021-09-01
s183,Welcome Home Roscoe Jenkins,Movie,PG-13,2008,2021-09-01
s184,In the Line of Fire,Movie,R,1993,2021-08-31
s185,Sparking Joy,TV Show,TV-PG,2021,2021-08-31
s186,Untold: Crime & Penalties,Movie,TV-MA,2021,2021-08-31
s187,Hometown Cha-Cha-Cha,TV Show,TV-14,2021,2021-08-29
s188,The Ingenuity of the Househusband,TV Show,TV-G,2021,2021-08-29
s189,2 Alone in Paris,Movie,TV-MA,2008,2021-08-28
s190,Bread Barbershop,TV Show,TV-Y,2020,2021-08-28
s191,Thimmarusu,Movie,TV-14,2021,2021-08-28
s192,Wind River,Movie,R,2017,2021-08-28
s193,C Kkompany,Movie,TV-14,2008,2021-08-27
s194,D.P.,TV Show,TV-MA,2021,2021-08-27
s195,Deadly Sins,TV Show,TV-MA,2002,2021-08-27
s196,EMI: Liya Hai To Chukana Padega,Movie,TV-14,2008,2021-08-27
s197,He's All That,Movie,TV-14,2021,2021-08-27
s198,I Heart Arlo,TV Show,TV-Y7,2021,2021-08-27
s199,King of Boys: The Return of the King,TV Show,TV-MA,2021,2021-08-27
s200,Koi Aap Sa,Movie,TV-14,2006,2021-08-27
s201,Krishna Cottage,Movie,TV-14,2004,2021-08-27
s202,Kucch To Hai,Movie,TV-14,2003,2021-08-27
s203,Kyaa Kool Hai Hum,Movie,TV-MA,2005,2021-08-27
s204,Kyaa Kool Hain Hum 3,Movie,TV-MA,2016,2021-08-27
s205,Kyaa Super Kool Hain Hum,Movie,TV-MA,2012,2021-08-27
s206,Kyo Kii... Main Jhuth Nahin Bolta,Movie,TV-14,2001,2021-08-27
s207,"LSD: Love, Sex Aur Dhokha",Movie,TV-MA,2010,2021-08-27
s208,Mission Istaanbul: Darr Ke Aagey Jeet Hai,Movie,TV-14,2008,2021-08-27
s209,Once Upon a Time in Mumbaai,Movie,TV-14,2010,2021-08-27
s210,Once Upon a Time in Mumbai Dobaara!,Movie,TV-14,2013,2021-08-27
s211,Ragini MMS,Movie,TV-MA,2011,2021-08-27
s212,Ragini MMS 2,Movie,TV-MA,2014,2021-08-27
s213,Rebellion,TV Show,TV-MA,2016,2021-08-27
s214,RIDE ON TIME,TV Show,TV-PG,2021,2021-08-27
s215,SAS: Rise of the Black Swan,Movie,R,2021,2021-08-27
s216,Shootout at Lokhandwala,Movie,TV-MA,2007,2021-08-27
s217,Shor In the City,Movie,TV-14,2011,2021-08-27
s218,The Dirty Picture,Movie,TV-14,2011,2021-08-27
s219,Titletown High,TV Show,TV-14,2021,2021-08-27
s220,EDENS ZERO,TV Show,TV-14,2021,2021-08-26
s221,Family Reunion,TV Show,TV-PG,2021,2021-08-26
s222,"Bob Ross: Happy Accidents, Betrayal & Greed",Movie,TV-14,2021,2021-08-25
s223,Clickbait,TV Show,TV-MA,2021,2021-08-25
s224,John of God: The Crimes of a Spiritual Healer,TV Show,TV-MA,2021,2021-08-25
s225,Motel Makeover,TV Show,TV-14,2021,2021-08-25
s226,Open Your Eyes,TV Show,TV-MA,2021,2021-08-25
s227,Post Mortem: No One Dies in Skarnes,TV Show,TV-MA,2021,2021-08-25
s228,Really Love,Movie,TV-MA,2020,2021-08-25
s229,The November Man,Movie,R,2014,2021-08-25
s230,The Old Ways,Movie,TV-MA,2020,2021-08-25
s231,The River Runner,Movie,TV-MA,2021,2021-08-25
s232,The Water Man,Movie,PG,2021,2021-08-25
s233,Wheel of Fortune,TV Show,TV-G,2019,2021-08-25
s234,Count Me In,Movie,TV-MA,2021,2021-08-24
s235,Oggy Oggy,TV Show,TV-Y,2021,2021-08-24
s236,Untold: Caitlyn Jenner,Movie,TV-PG,2021,2021-08-24
s237,Boomika,Movie,TV-14,2021,2021-08-23
s238,Boomika (Hindi),Movie,TV-14,2021,2021-08-23
s239,Boomika (Malayalam),Movie,TV-14,2021,2021-08-23
s240,Boomika (Telugu),Movie,TV-14,2021,2021-08-23
s241,The Witcher: Nightmare of the Wolf,Movie,TV-MA,2021,2021-08-23
s242,Manifest,TV Show,TV-14,2021,2021-08-21
s243,Comedy Premium League,TV Show,TV-MA,2021,2021-08-20
s244,Everything Will Be Fine,TV Show,TV-MA,2021,2021-08-20
s245,Gunshot,Movie,TV-14,2018,2021-08-20
s246,Korean Cold Noodle Rhapsody,TV Show,TV-PG,2021,2021-08-20
s247,Man in Love,Movie,TV-MA,2021,2021-08-20
s248,Sweet Girl,Movie,R,2021,2021-08-20
s249,The Chair,TV Show,TV-MA,2021,2021-08-20
s250,The Loud House Movie,Movie,TV-Y7,2021,2021-08-20
s251,A Faraway Land,Movie,TV-PG,2020,2021-08-19
s252,Like Crazy,Movie,PG-13,2011,2021-08-19
s253,Black Island,Movie,TV-MA,2021,2021-08-18
s254,Bombay,Movie,TV-14,1995,2021-08-18
s255,Go! Go! Cory Carson,TV Show,TV-Y,2021,2021-08-18
s256,Memories of a Murderer: The Nilsen Tapes,Movie,TV-MA,2021,2021-08-18
s257,Nneka The Pretty Serpent,Movie,TV-14,2020,2021-08-18
s258,O Kadhal Kanmani,Movie,TV-14,2015,2021-08-18
s259,Out of my league,Movie,TV-MA,2020,2021-08-18
s260,Pahuna,Movie,TV-PG,2018,2021-08-18
s261,The Defeated,TV Show,TV-MA,2020,2021-08-18
s262,The Secret Diary of an Exchange Student,Movie,TV-14,2021,2021-08-18
s263,Untold: Deal With the Devil,Movie,TV-MA,2021,2021-08-18
s264,Mother Goose Club,TV Show,TV-Y,2016,2021-08-16
s265,Walk of Shame,Movie,R,2014,2021-08-16
s266,Rascal Does Not Dream of Bunny Girl Senpai,TV Show,TV-14,2018,2021-08-15
s267,The Creative Indians,TV Show,TV-MA,2020,2021-08-15
s268,The Piano,Movie,R,1993,2021-08-15
s269,Unroyal,Movie,TV-MA,2020,2021-08-15
s270,Winx Club,TV Show,TV-Y7,2015,2021-08-15
s271,Beckett,Movie,TV-MA,2021,2021-08-13
s272,Brand New Cherry Flavor,TV Show,TV-MA,2021,2021-08-13
s273,Fast & Furious Spy Racers,TV Show,TV-Y7,2021,2021-08-13
s274,Gone for Good,TV Show,TV-MA,2021,2021-08-13
s275,Grace and Frankie,TV Show,TV-MA,2021,2021-08-13
s276,The Kingdom,TV Show,TV-MA,2021,2021-08-13
s277,Valeria,TV Show,TV-MA,2021,2021-08-13
s278,AlRawabi School for Girls,TV Show,TV-14,2021,2021-08-12
s279,Lokillo: Nothing's the Same,Movie,TV-MA,2021,2021-08-12
s280,Monster Hunter: Legends of the Guild,Movie,TV-PG,2021,2021-08-12
s281,Bake Squad,TV Show,TV-PG,2021,2021-08-11
s282,Brother Jekwu,Movie,TV-14,2016,2021-08-11
s283,La diosa del asfalto,Movie,TV-MA,2020,2021-08-11
s284,Misha and the Wolves,Movie,PG-13,2021,2021-08-11
s285,The Kissing Booth 3,Movie,TV-14,2021,2021-08-11
s286,The Railway Man,Movie,R,2013,2021-08-11
s287,Gabby's Dollhouse,TV Show,TV-Y,2021,2021-08-10
s288,I Need Romance,TV Show,TV-14,2021,2021-08-10
s289,Las muñecas de la mafia,TV Show,TV-MA,2018,2021-08-10
s290,The Crowned Clown,TV Show,TV-14,2019,2021-08-10
s291,Untold: Malice at the Palace,Movie,TV-MA,2021,2021-08-10
s292,SHAMAN KING,TV Show,TV-14,2021,2021-08-09
s293,Quartet,Movie,PG-13,2012,2021-08-08
s294,Slay,Movie,TV-MA,2021,2021-08-08
s295,Takizawa Kabuki ZERO 2020 The Movie,Movie,TV-PG,2020,2021-08-07
s296,The Paper Tigers,Movie,PG-13,2021,2021-08-07
s297,Hit & Run,TV Show,TV-MA,2021,2021-08-06
s298,Navarasa,TV Show,TV-MA,2021,2021-08-06
s299,Quam's Money,Movie,TV-MA,2020,2021-08-06
s300,The Swarm,Movie,TV-14,2021,2021-08-06
s301,Vivo,Movie,PG,2021,2021-08-06
s302,Chennai Express,Movie,TV-14,2013,2021-08-05
s303,City of God: 10 Years Later,Movie,TV-MA,2013,2021-08-05
s304,Esperando la carroza,Movie,TV-MA,1985,2021-08-05
s305,Lady Boss: The Jackie Collins Story,Movie,TV-14,2021,2021-08-05
s306,Tango Feroz,Movie,TV-MA,1993,2021-08-05
s307,'76,Movie,TV-PG,2016,2021-08-04
s308,Aftermath,Movie,TV-MA,2021,2021-08-04
s309,American Masters: Inventing David Geffen,Movie,TV-MA,2012,2021-08-04
s310,Car Masters: Rust to Riches,TV Show,TV-PG,2021,2021-08-04
s311,Cocaine Cowboys: The Kings of Miami,TV Show,TV-MA,2021,2021-08-04
s312,Control Z,TV Show,TV-MA,2021,2021-08-04
s313,Cooking With Paris,TV Show,TV-MA,2021,2021-08-04
s314,Autumn's Concerto,TV Show,TV-14,2009,2021-08-03
s315,Heavy,Movie,R,1995,2021-08-03
s316,Ije: The Journey,Movie,TV-MA,2010,2021-08-03
s317,Office Girls,TV Show,TV-14,2011,2021-08-03
s318,Pray Away,Movie,PG-13,2021,2021-08-03
s319,Shiny_Flakes: The Teenage Drug Lord,Movie,TV-MA,2021,2021-08-03
s320,The Prince Who Turns into a Frog,TV Show,TV-14,2005,2021-08-03
s321,Top Secret UFO Projects: Declassified,TV Show,TV-PG,2021,2021-08-03
s322,Two Fathers,TV Show,TV-14,2013,2021-08-03
s323,You're My Destiny,TV Show,TV-MA,2008,2021-08-03
s324,30 Rock,TV Show,TV-14,2012,2021-08-01
s325,44 Cats,TV Show,TV-Y7,2020,2021-08-01
s326,Beethoven,Movie,PG,1992,2021-08-01
s327,Beethoven's 2nd,Movie,PG,1993,2021-08-01
s328,Beowulf,Movie,PG-13,2007,2021-08-01
s329,Boyka: Undisputed,Movie,R,2016,2021-08-01
s330,Catch Me If You Can,Movie,PG-13,2002,2021-08-01
s331,Cloudy with a Chance of Meatballs,Movie,PG,2009,2021-08-01
s332,Darwin’s Game,TV Show,TV-MA,2020,2021-08-01
s333,Deep Blue Sea,Movie,R,1999,2021-08-01
s334,Ferris Bueller's Day Off,Movie,PG-13,1986,2021-08-01
s335,Five Feet Apart,Movie,PG-13,2019,2021-08-01
s336,Freedomland,Movie,R,2006,2021-08-01
s337,Friday Night Lights,TV Show,TV-14,2010,2021-08-01
s338,Good Luck Chuck,Movie,R,2007,2021-08-01
s339,Hunter X Hunter (2011),TV Show,TV-14,2014,2021-08-01
s340,I missed you: Director's Cut,Movie,TV-14,2021,2021-08-01
s341,Inception,Movie,PG-13,2010,2021-08-01
s342,Magnolia,Movie,R,1999,2021-08-01
s343,Major Payne,Movie,PG-13,1995,2021-08-01
s344,My Girl,Movie,PG-13,1991,2021-08-01
s345,My Girl 2,Movie,PG,1994,2021-08-01
s346,Open Season: Scared Silly,Movie,PG,2015,2021-08-01
s347,Pineapple Express,Movie,R,2008,2021-08-01
s348,Planet 51,Movie,PG,2009,2021-08-01
s349,Poms,Movie,PG-13,2019,2021-08-01
s350,Seabiscuit,Movie,PG-13,2003,2021-08-01
s351,Space Cowboys,Movie,PG-13,2000,2021-08-01
s352,Team America: World Police,Movie,R,2004,2021-08-01
s353,The Edge of Seventeen,Movie,R,2016,2021-08-01
s354,The Haunting in Connecticut 2: Ghosts of Georgia,Movie,R,2013,2021-08-01
s355,The Last Boy Scout,Movie,R,1991,2021-08-01
s356,The Lincoln Lawyer,Movie,R,2011,2021-08-01
s357,The Losers,Movie,PG-13,2010,2021-08-01
s358,The Machinist,Movie,R,2004,2021-08-01
s359,The Net,Movie,PG-13,1995,2021-08-01
s360,The Original Kings of Comedy,Movie,R,2000,2021-08-01
s361,Valentine's Day,Movie,PG-13,2010,2021-08-01
s362,Charmed,TV Show,TV-14,2021,2021-07-31
s363,The Lost Café,Movie,TV-14,2018,2021-07-31
s364,The Vault,Movie,R,2021,2021-07-31
s365,Centaurworld,TV Show,TV-Y7,2021,2021-07-30
s366,Eyes of a Thief,Movie,TV-14,2014,2021-07-30
s367,Glow Up,TV Show,TV-14,2021,2021-07-30
s368,I'm Glad I Did,Movie,TV-14,2020,2021-07-30
s369,Khawatir,TV Show,TV-14,2009,2021-07-30
s370,Myth & Mogul: John DeLorean,TV Show,TV-14,2021,2021-07-30
s371,Outer Banks,TV Show,TV-MA,2021,2021-07-30
s372,Pomegranates and Myrrh,Movie,TV-14,2009,2021-07-30
s373,Rurouni Kenshin: The Beginning,Movie,TV-MA,2021,2021-07-30
s374,The Last Mercenary,Movie,TV-MA,2021,2021-07-30
s375,Flower Girl,Movie,TV-PG,2013,2021-07-29
s376,Resort to Love,Movie,TV-14,2021,2021-07-29
s377,Transformers: War for Cybertron: Kingdom,TV Show,TV-Y7,2021,2021-07-29
s378,Bartkowiak,Movie,TV-MA,2021,2021-07-28
s379,Fantastic Fungi,Movie,TV-14,2019,2021-07-28
s380,Tattoo Redo,TV Show,TV-MA,2021,2021-07-28
s381,The Flash,TV Show,TV-14,2021,2021-07-28
s382,The Snitch Cartel: Origins,TV Show,TV-MA,2021,2021-07-28
s383,All American,TV Show,TV-14,2021,2021-07-27
s384,Department,Movie,TV-MA,2012,2021-07-27
s385,Hostage House,Movie,TV-14,2021,2021-07-27
s386,How to Sell Drugs Online (Fast),TV Show,TV-MA,2021,2021-07-27
s387,Mighty Express,TV Show,TV-Y,2021,2021-07-27
s388,Mimi,Movie,TV-14,2021,2021-07-27
s389,Plastic Cup Boyz: Laughing My Mask Off!,TV Show,TV-MA,2021,2021-07-27
s390,The Operative,Movie,TV-MA,2019,2021-07-27
s391,The Walking Dead,TV Show,TV-MA,2019,2021-07-26
s392,Wynonna Earp,TV Show,TV-MA,2020,2021-07-26
s393,Django Unchained,Movie,R,2012,2021-07-24
s394,A Second Chance:  Rivals!,Movie,PG,2021,2021-07-23
s395,African America,Movie,TV-MA,2021,2021-07-23
s396,Bankrolled,Movie,TV-MA,2021,2021-07-23
s397,Blood Red Sky,Movie,TV-MA,2021,2021-07-23
s398,Feels Like Ishq,TV Show,TV-MA,2021,2021-07-23
s399,Kingdom: Ashin of the North,Movie,TV-MA,2021,2021-07-23
s400,Masters of the Universe: Revelation,TV Show,TV-PG,2021,2021-07-23
s401,Revelations: The Masters of the Universe: Revelation Aftershow,TV Show,TV-PG,2021,2021-07-23
s402,Sky Rojo,TV Show,TV-MA,2021,2021-07-23
s403,The Last Letter From Your Lover,Movie,TV-MA,2021,2021-07-23
s404,The Movies That Made Us,TV Show,TV-MA,2021,2021-07-23
s405,9to5: The Story of a Movement,Movie,TV-MA,2021,2021-07-22
s406,Chhota Bheem - Dinosaur World,Movie,TV-Y,2015,2021-07-22
s407,Chhota Bheem - Neeli Pahaadi,Movie,TV-Y7,2013,2021-07-22
s408,Chhota Bheem & Ganesh,Movie,TV-Y7,2009,2021-07-22
s409,Chhota Bheem & Krishna: Mayanagari,Movie,TV-Y7,2011,2021-07-22
s410,Chhota Bheem & Krishna: Pataliputra- City of the Dead,Movie,TV-Y7,2010,2021-07-22
s411,Chhota Bheem And The Broken Amulet,Movie,TV-Y7,2013,2021-07-22
s412,Chhota Bheem And The Crown of Valhalla,Movie,TV-Y7,2013,2021-07-22
s413,Chhota Bheem and the Incan Adventure,Movie,TV-Y7,2013,2021-07-22
s414,Chhota Bheem and The ShiNobi Secret,Movie,TV-Y7,2013,2021-07-22
s415,Chhota Bheem Aur Hanuman,Movie,TV-Y7,2012,2021-07-22
s416,Chhota Bheem aur Krishna,Movie,TV-Y7,2009,2021-07-22
s417,Chhota Bheem aur Krishna vs Zimbara,Movie,TV-Y7,2013,2021-07-22
s418,Chhota Bheem in African Safari,Movie,TV-Y7,2015,2021-07-22
s419,Chhota Bheem Ka Roosi Romanch,Movie,TV-Y,2019,2021-07-22
s420,Chhota Bheem: Bheem vs Aliens,Movie,TV-Y7,2010,2021-07-22
s421,Chhota Bheem: Dholakpur to Kathmandu,Movie,TV-Y7,2012,2021-07-22
s422,Chhota Bheem: Dus Pe Dus,Movie,TV-Y7,2014,2021-07-22
s423,Chhota Bheem: Journey to Petra,Movie,TV-Y7,2011,2021-07-22
s424,Chhota Bheem: Master of Shaolin,Movie,TV-Y7,2011,2021-07-22
s425,Chhota Bheem: The Rise of Kirmada,Movie,TV-Y7,2012,2021-07-22
s426,Chicago Med,TV Show,TV-14,2019,2021-07-22
s427,Cousins,Movie,TV-MA,2021,2021-07-22
s428,Wannabe Courageous,Movie,TV-14,2019,2021-07-22
s429,Words Bubble Up Like Soda Pop,Movie,TV-G,2021,2021-07-22
s430,Sanitation Day,Movie,TV-14,2020,2021-07-21
s431,Sexy Beasts,TV Show,TV-14,2021,2021-07-21
s432,Too Hot to Handle: Brazil,TV Show,TV-MA,2021,2021-07-21
s433,Trollhunters: Rise of the Titans,Movie,TV-Y7,2021,2021-07-21
s434,Milkwater,Movie,TV-MA,2020,2021-07-20
s435,Okupas,TV Show,TV-MA,2020,2021-07-20
s436,Touch Your Heart,TV Show,TV-MA,2019,2021-07-20
s437,The Tambour of Retribution,Movie,TV-14,2021,2021-07-19
s438,Cosmic Sin,Movie,R,2021,2021-07-17
s439,2 Weeks in Lagos,Movie,TV-PG,2020,2021-07-16
s440,Deep,Movie,TV-MA,2021,2021-07-16
s441,Explained,TV Show,TV-MA,2021,2021-07-16
s442,Fear Street Part 3: 1666,Movie,R,2021,2021-07-16
s443,Johnny Test,TV Show,TV-Y7,2021,2021-07-16
s444,La ley de Herodes,Movie,R,1999,2021-07-16
s445,Naomi Osaka,TV Show,TV-14,2021,2021-07-16
s446,The Beguiled,Movie,R,2017,2021-07-16
s447,The Book of Henry,Movie,PG-13,2017,2021-07-16
s448,The Twilight Saga: Breaking Dawn: Part 1,Movie,PG-13,2011,2021-07-16
s449,The Twilight Saga: Breaking Dawn: Part 2,Movie,PG-13,2012,2021-07-16
s450,The Twilight Saga: Eclipse,Movie,PG-13,2010,2021-07-16
s451,The Twilight Saga: New Moon,Movie,PG-13,2009,2021-07-16
s452,Twilight,Movie,PG-13,2008,2021-07-16
s453,A Perfect Fit,Movie,TV-PG,2021,2021-07-15
s454,BEASTARS,TV Show,TV-MA,2021,2021-07-15
s455,Cheech & Chong's Still Smokin,Movie,TV-MA,1983,2021-07-15
s456,Emicida: AmarElo - Live in São Paulo,Movie,TV-MA,2021,2021-07-15
s457,Her Private Life,TV Show,TV-14,2019,2021-07-15
s458,Lift Like a Girl,Movie,TV-PG,2021,2021-07-15
s459,My Amanda,Movie,TV-14,2021,2021-07-15
s460,Never Have I Ever,TV Show,TV-14,2021,2021-07-15
s461,Surf's Up,Movie,PG,2007,2021-07-15
s462,The Unknown Saint,Movie,TV-14,2019,2021-07-15
s463,This Changes Everything,Movie,TV-MA,2019,2021-07-15
s464,A Classic Horror Story,Movie,TV-MA,2021,2021-07-14
s465,Gunpowder Milkshake,Movie,R,2021,2021-07-14
s466,Heist,TV Show,TV-MA,2021,2021-07-14
s467,My Unorthodox Life,TV Show,TV-MA,2021,2021-07-14
s468,Private Network: Who Killed Manuel Buendía?,Movie,TV-MA,2021,2021-07-14
s469,The Guide to the Perfect Family,Movie,TV-MA,2021,2021-07-14
s470,American Woman,Movie,TV-MA,2019,2021-07-13
s471,Bridgerton - The Afterparty,Movie,TV-14,2021,2021-07-13
s472,Day of Destiny,Movie,TV-PG,2021,2021-07-13
s473,Ridley Jones,TV Show,TV-Y,2021,2021-07-13
s474,Born to Play,Movie,TV-MA,2020,2021-07-12
s475,American Ultra,Movie,R,2015,2021-07-10
s476,The Stand-Up,Movie,TV-MA,2019,2021-07-10
s477,The Tour,Movie,TV-MA,2016,2021-07-10
s478,Atypical,TV Show,TV-14,2021,2021-07-09
s479,Biohackers,TV Show,TV-MA,2021,2021-07-09
s480,Fear Street Part 2: 1978,Movie,R,2021,2021-07-09
s481,Finding Hubby,Movie,TV-14,2020,2021-07-09
s482,How I Became a Superhero,Movie,TV-MA,2021,2021-07-09
s483,How to Become a Tyrant,TV Show,TV-MA,2021,2021-07-09
s484,Last Summer,Movie,TV-MA,2021,2021-07-09
s485,Lee Su-geun: The Sense Coach,Movie,TV-G,2021,2021-07-09
s486,Lethal Love,Movie,TV-14,2021,2021-07-09
s487,Ratchet and Clank,Movie,PG,2016,2021-07-09
s488,The Cook of Castamar,TV Show,TV-MA,2021,2021-07-09
s489,Virgin River,TV Show,TV-14,2021,2021-07-09
s490,Back to Q82,Movie,TV-14,2017,2021-07-08
s491,Elize Matsunaga: Once Upon a Crime,TV Show,TV-MA,2021,2021-07-08
s492,Home Again,Movie,PG-13,2017,2021-07-08
s493,Midnight Sun,Movie,PG-13,2018,2021-07-08
s494,RESIDENT EVIL: Infinite Darkness,TV Show,TV-MA,2021,2021-07-08
s495,Rock the Kasbah,Movie,R,2015,2021-07-08
s496,Awon Boyz,Movie,TV-MA,2019,2021-07-07
s497,Brick Mansions,Movie,PG-13,2014,2021-07-07
s498,Cat People,TV Show,TV-14,2021,2021-07-07
s499,Clash,Movie,TV-MA,2020,2021-07-07
s500,Dogs,TV Show,TV-PG,2021,2021-07-07
s501,Major Grom: Plague Doctor,Movie,TV-MA,2021,2021-07-07
s502,Mama Drama,Movie,TV-MA,2020,2021-07-07
s503,Tango With Me,Movie,TV-14,2010,2021-07-07
s504,The Mire,TV Show,TV-MA,2021,2021-07-07
s505,The War Next-door,TV Show,TV-MA,2021,2021-07-07
s506,Therapy,Movie,TV-PG,2020,2021-07-07
s507,This Little Love Of Mine,Movie,TV-G,2021,2021-07-07
s508,Three Thieves,Movie,TV-14,2019,2021-07-07
s509,A Land Imagined,Movie,TV-MA,2019,2021-07-06
s510,Ask the StoryBots,TV Show,TV-Y,2019,2021-07-06
s511,Between,TV Show,TV-14,2016,2021-07-06
s512,Chelsea,TV Show,TV-MA,2017,2021-07-06
s513,Code Lyoko,TV Show,TV-Y7,2007,2021-07-06
s514,Colony,TV Show,TV-14,2018,2021-07-06
s515,Cuckoo,TV Show,TV-MA,2019,2021-07-06
s516,Derry Girls,TV Show,TV-MA,2019,2021-07-06
s517,Girl from Nowhere,TV Show,TV-MA,2021,2021-07-06
s518,Good Morning Call,TV Show,TV-14,2017,2021-07-06
s519,Har Kisse Ke Hisse: Kaamyaab,Movie,TV-14,2020,2021-07-06
s520,I AM A KILLER,TV Show,TV-MA,2020,2021-07-06
s521,I Think You Should Leave with Tim Robinson,TV Show,TV-MA,2021,2021-07-06
s522,Kim's Convenience,TV Show,TV-MA,2021,2021-07-06
s523,Larva,TV Show,TV-Y7,2015,2021-07-06
s524,Marcella,TV Show,TV-MA,2019,2021-07-06
s525,Midnight Diner: Tokyo Stories,TV Show,TV-MA,2019,2021-07-06
s526,My Little Pony: Friendship Is Magic,TV Show,TV-Y,2018,2021-07-06
s527,Orange Is the New Black,TV Show,TV-MA,2019,2021-07-06
s528,Puffin Rock,TV Show,TV-Y,2016,2021-07-06
s529,Rehmataan,Movie,TV-14,2012,2021-07-06
s530,Return of the Prodigal Son,Movie,TV-MA,1976,2021-07-06
s531,Richie Rich,TV Show,TV-G,2015,2021-07-06
s532,Rise: Ini Kalilah,Movie,TV-PG,2018,2021-07-06
s533,Scream,TV Show,TV-MA,2019,2021-07-06
s534,Shtisel,TV Show,TV-14,2021,2021-07-06
s535,Si Doel the Movie 2,Movie,TV-G,2019,2021-07-06
s536,Some Assembly Required,TV Show,TV-Y,2015,2021-07-06
s537,Tales by Light,TV Show,TV-14,2018,2021-07-06
s538,Terrace House: Opening New Doors,TV Show,TV-14,2018,2021-07-06
s539,The A List,TV Show,TV-PG,2021,2021-07-06
s540,The New Legends of Monkey,TV Show,TV-PG,2020,2021-07-06
s541,The Worst Witch,TV Show,TV-G,2020,2021-07-06
s542,Truckbhar Swapna,Movie,TV-14,2018,2021-07-06
s543,Ujala,Movie,TV-14,1959,2021-07-06
s544,Undercover,TV Show,TV-MA,2020,2021-07-06
s545,Workin' Moms,TV Show,TV-MA,2021,2021-07-06
s546,YooHoo to the Rescue,TV Show,TV-Y,2020,2021-07-06
s547,You Are My Spring,TV Show,TV-14,2021,2021-07-06
s548,We the People,TV Show,TV-Y7,2021,2021-07-04
s549,Grey's Anatomy,TV Show,TV-14,2020,2021-07-03
s550,Big Timber,TV Show,TV-14,2020,2021-07-02
s551,Fear Street Part 1: 1994,Movie,R,2021,2021-07-02
s552,Haseen Dillruba,Movie,TV-MA,2021,2021-07-02
s553,Holiday on Mars,Movie,TV-MA,2020,2021-07-02
s554,Mortel,TV Show,TV-MA,2019,2021-07-02
s555,RattleSnake - The Ahanna Story,Movie,TV-MA,2020,2021-07-02
s556,Snowpiercer,Movie,R,2013,2021-07-02
s557,The 8th Night,Movie,TV-14,2021,2021-07-02
s558,Winchester,Movie,PG-13,2018,2021-07-02
s559,6 Bullets,Movie,R,2012,2021-07-01
s560,Air Force One,Movie,R,1997,2021-07-01
s561,Audible,Movie,PG-13,2021,2021-07-01
s562,Austin Powers in Goldmember,Movie,PG-13,2002,2021-07-01
s563,Austin Powers: International Man of Mystery,Movie,PG-13,1997,2021-07-01
s564,Austin Powers: The Spy Who Shagged Me,Movie,PG-13,1999,2021-07-01
s565,Boogie Nights,Movie,R,1997,2021-07-01
s566,Bureau of Magical Things,TV Show,TV-G,2020,2021-07-01
s567,Charlie's Angels,Movie,PG-13,2000,2021-07-01
s568,Congo,Movie,PG-13,1995,2021-07-01
s569,Dennis the Menace,Movie,PG,1993,2021-07-01
s570,Dreamy Eyes,Movie,TV-14,2019,2021-07-01
s571,Dynasty Warriors,Movie,TV-14,2021,2021-07-01
s572,Generation 56k,TV Show,TV-MA,2021,2021-07-01
s573,Hampstead,Movie,PG-13,2019,2021-07-01
s574,Kung Fu Panda,Movie,PG,2008,2021-07-01
s575,Kung Fu Panda 2,Movie,PG,2011,2021-07-01
s576,Life as We Know It,Movie,PG-13,2010,2021-07-01
s577,Mary Magdalene,Movie,R,2019,2021-07-01
s578,Masameer County,TV Show,TV-MA,2021,2021-07-01
s579,Memoirs of a Geisha,Movie,PG-13,2005,2021-07-01
s580,Midnight Run,Movie,R,1988,2021-07-01
s581,Mobile Suit Gundam Hathaway,Movie,TV-14,2021,2021-07-01
s582,Mortal Kombat,Movie,PG-13,1995,2021-07-01
s583,Mother's Day,Movie,PG-13,2016,2021-07-01
s584,No Strings Attached,Movie,R,2011,2021-07-01
s585,Not Another Teen Movie,Movie,R,2001,2021-07-01
s586,Ophelia,Movie,PG-13,2018,2021-07-01
s587,Pet Sematary 2,Movie,R,1992,2021-07-01
s588,Quarantine Tales,TV Show,TV-MA,2020,2021-07-01
s589,Rainbow Rangers,TV Show,TV-Y,2018,2021-07-01
s590,Red Joan,Movie,R,2019,2021-07-01
s591,Sailor Moon Crystal,TV Show,TV-Y7,2016,2021-07-01
s592,Seven Pounds,Movie,PG-13,2008,2021-07-01
s593,She's Out of My League,Movie,R,2010,2021-07-01
s594,Snow Day,Movie,PG,2000,2021-07-01
s595,Star Trek,Movie,PG-13,2009,2021-07-01
s596,Stuart Little,Movie,PG,1999,2021-07-01
s597,Sword of Trust,Movie,R,2019,2021-07-01
s598,Talladega Nights: The Ballad of Ricky Bobby,Movie,PG-13,2006,2021-07-01
s599,The American,Movie,R,2010,2021-07-01
s600,The Best of Enemies,Movie,PG-13,2019,2021-07-01
s601,The Game,Movie,R,1997,2021-07-01
s602,The Karate Kid,Movie,PG,1984,2021-07-01
s603,The Karate Kid Part II,Movie,PG,1986,2021-07-01
s604,The Karate Kid Part III,Movie,PG,1989,2021-07-01
s605,The Life of David Gale,Movie,R,2003,2021-07-01
s606,The Long Riders,Movie,R,1980,2021-07-01
s607,The Queen,Movie,PG-13,2006,2021-07-01
s608,The Strangers,Movie,R,2008,2021-07-01
s609,The Sum of All Fears,Movie,PG-13,2002,2021-07-01
s610,The Tourist,Movie,PG-13,2010,2021-07-01
s611,Underworld,Movie,R,2003,2021-07-01
s612,Underworld: Awakening,Movie,R,2012,2021-07-01
s613,Underworld: Rise of the Lycans,Movie,R,2009,2021-07-01
s614,Voiceless,Movie,TV-MA,2020,2021-07-01
s615,What Dreams May Come,Movie,PG-13,1998,2021-07-01
s616,Why Do Fools Fall in Love,Movie,R,1998,2021-07-01
s617,Working Title,Movie,R,2019,2021-07-01
s618,Young Royals,TV Show,TV-MA,2021,2021-07-01
s619,America: The Motion Picture,Movie,TV-MA,2021,2021-06-30
s620,Deranged,Movie,TV-14,2020,2021-06-30
s621,Droppin' Cash: Los Angeles,TV Show,TV-MA,2019,2021-06-30
s622,Legend of Exorcism,TV Show,TV-14,2020,2021-06-30
s623,Lying and Stealing,Movie,R,2019,2021-06-30
s624,Mommy Issues,Movie,TV-MA,2021,2021-06-30
s625,Prime Time,Movie,TV-MA,2021,2021-06-30
s626,Somos.,TV Show,TV-MA,2021,2021-06-30
s627,Sophie: A Murder in West Cork,TV Show,TV-MA,2021,2021-06-30
s628,The Daily Life of the Immortal King,TV Show,TV-14,2020,2021-06-30
s629,StarBeam,TV Show,TV-Y,2021,2021-06-29
s630,A Way Back Home,Movie,TV-14,2020,2021-06-28
s631,Killing Them Softly,Movie,R,2012,2021-06-28
s632,The Seven Deadly Sins,TV Show,TV-14,2021,2021-06-28
s633,Wanted,Movie,TV-14,2019,2021-06-28
s634,Into the Wind,Movie,TV-MA,2018,2021-06-26
s635,Wonder Boy,Movie,TV-14,2019,2021-06-26
s636,Here Comes the Rain,Movie,TV-MA,2010,2021-06-25
s637,The Ice Road,Movie,PG-13,2021,2021-06-25
s638,Ray,TV Show,TV-MA,2021,2021-06-25
s639,Sex/Life,TV Show,TV-MA,2021,2021-06-25
s640,Godzilla Singular Point,TV Show,TV-14,2021,2021-06-24
s641,Jiva!,TV Show,TV-MA,2021,2021-06-24
s642,Sisters on Track,Movie,PG,2021,2021-06-24
s643,The Naked Director,TV Show,TV-MA,2021,2021-06-24
s644,The Seventh Day,Movie,R,2021,2021-06-24
s645,Good on Paper,Movie,TV-MA,2021,2021-06-23
s646,Murder by the Coast,Movie,TV-14,2021,2021-06-23
s647,The House of Flowers: The Movie,Movie,TV-MA,2021,2021-06-23
s648,The Parisian Agency: Exclusive Properties,TV Show,TV-G,2021,2021-06-23
s649,Too Hot to Handle,TV Show,TV-MA,2021,2021-06-23
s650,Broken,Movie,TV-14,2019,2021-06-22
s651,O Vendedor de Sonhos,Movie,TV-14,2016,2021-06-22
s652,Osuofia in London,Movie,TV-MA,2003,2021-06-22
s653,Osuofia in London II,Movie,TV-14,2004,2021-06-22
s654,This Is Pop,TV Show,TV-MA,2021,2021-06-22
s655,#Selfie,Movie,TV-MA,2014,2021-06-21
s656,#Selfie 69,Movie,TV-MA,2016,2021-06-21
s657,Love Is a Story,Movie,TV-MA,2015,2021-06-21
s658,The Mole,TV Show,TV-14,2001,2021-06-21
s659,"Nevertheless,",TV Show,TV-14,2021,2021-06-20
s660,Bangkok Love Stories: Innocence,TV Show,TV-14,2018,2021-06-19
s661,Black Lightning,TV Show,TV-14,2021,2021-06-19
s662,Call My Agent!,TV Show,TV-MA,2018,2021-06-19
s663,Champions,TV Show,TV-14,2018,2021-06-19
s664,Charité at War,TV Show,TV-MA,2019,2021-06-19
s665,Cleo & Cuquin,TV Show,TV-Y,2020,2021-06-19
s666,Deadwind,TV Show,TV-MA,2020,2021-06-19
s667,Gameboys Level-Up Edition,TV Show,TV-14,2020,2021-06-19
s668,Glee,TV Show,TV-14,2015,2021-06-19
s669,Hap and Leonard,TV Show,TV-MA,2018,2021-06-19
s670,Locked Up,TV Show,TV-MA,2020,2021-06-19
s671,Mobile Suit Gundam II: Soldiers of Sorrow,Movie,TV-14,1981,2021-06-19
s672,Mobile Suit Gundam III: Encounters in Space,Movie,TV-MA,1982,2021-06-19
s673,Mobile Suit Gundam: Char's Counterattack,Movie,TV-14,1988,2021-06-19
s674,No Time for Shame,TV Show,TV-MA,2019,2021-06-19
s675,Pose,TV Show,TV-MA,2019,2021-06-19
s676,REA(L)OVE,TV Show,TV-MA,2018,2021-06-19
s677,Riverdale,TV Show,TV-14,2019,2021-06-19
s678,Schitt's Creek,TV Show,TV-MA,2020,2021-06-19
s679,The Assassination of Gianni Versace,TV Show,TV-MA,2018,2021-06-19
s680,The Judgement,TV Show,TV-MA,2018,2021-06-19
s681,The Last Dance,TV Show,TV-MA,2020,2021-06-19
s682,They've Gotta Have Us,TV Show,TV-MA,2018,2021-06-19
s683,Why Are You Like This,TV Show,TV-MA,2021,2021-06-19
s684,A Family,Movie,TV-MA,2021,2021-06-18
s685,Elite,TV Show,TV-MA,2021,2021-06-18
s686,Fatherhood,Movie,PG-13,2021,2021-06-18
s687,Hospital Playlist,TV Show,TV-14,2021,2021-06-18
s688,Jagame Thandhiram,Movie,TV-MA,2021,2021-06-18
s689,Kambili: The Whole 30 Yards,Movie,TV-14,2020,2021-06-18
s690,Mobile Suit Gundam I,Movie,TV-14,1981,2021-06-18
s691,Rurouni Kenshin: The Final,Movie,TV-14,2021,2021-06-18
s692,So Not Worth It,TV Show,TV-14,2021,2021-06-18
s693,The Rational Life,TV Show,TV-14,2021,2021-06-18
s694,Ali & Ratu Ratu Queens,Movie,TV-14,2021,2021-06-17
s695,Aziza,Movie,TV-PG,2019,2021-06-17
s696,Besieged Bread,Movie,TV-14,2015,2021-06-17
s697,Black Summer,TV Show,TV-MA,2021,2021-06-17
s698,Elite Short Stories: Carla Samuel,TV Show,TV-MA,2021,2021-06-17
s699,Fan Girl,Movie,TV-MA,2020,2021-06-17
s700,Katla,TV Show,TV-MA,2021,2021-06-17
s701,Record of Ragnarok,TV Show,TV-MA,2021,2021-06-17
s702,Red Snow,Movie,TV-MA,2019,2021-06-17
s703,Silver Linings Playbook,Movie,R,2012,2021-06-17
s704,The Gift,TV Show,TV-MA,2021,2021-06-17
s705,A Man For The Week End,Movie,TV-14,2018,2021-06-16
s706,Biking Borders,Movie,TV-14,2019,2021-06-16
s707,Elite Short Stories: Omar Ander Alexis,TV Show,TV-MA,2021,2021-06-16
s708,Let's Eat,TV Show,TV-14,2021,2021-06-16
s709,Lowriders,Movie,PG-13,2016,2021-06-16
s710,Millennials,TV Show,TV-MA,2020,2021-06-16
s711,Penguin Town,TV Show,TV-PG,2021,2021-06-16
s712,Security,Movie,TV-MA,2021,2021-06-16
s713,Silver Skates,Movie,TV-MA,2020,2021-06-16
s714,Avengers Climate Conundrum,TV Show,TV-Y7,2020,2021-06-15
s715,Beyond Evil,TV Show,TV-MA,2021,2021-06-15
s716,Elite Short Stories: Nadia Guzmán,TV Show,TV-MA,2021,2021-06-15
s717,FTA,Movie,TV-MA,1972,2021-06-15
s718,Headspace: Unwind Your Mind,Movie,TV-G,2021,2021-06-15
s719,Life of Crime,Movie,R,2013,2021-06-15
s720,Power Rangers Dino Fury,TV Show,TV-G,2021,2021-06-15
s721,Rhyme Time Town,TV Show,TV-Y,2021,2021-06-15
s722,Rogue Warfare: Death of a Nation,Movie,R,2020,2021-06-15
s723,Sir! No Sir!,Movie,TV-MA,2005,2021-06-15
s724,The American Bible Challenge,TV Show,TV-G,2014,2021-06-15
s725,The Reason I Jump,Movie,TV-14,2021,2021-06-15
s726,Elite Short Stories: Guzmán Caye Rebe,TV Show,TV-MA,2021,2021-06-14
s727,Metallica: Some Kind of Monster,TV Show,TV-MA,2014,2021-06-13
s728,Picture a Scientist,Movie,TV-MA,2020,2021-06-13
s729,The Devil Below,Movie,TV-MA,2021,2021-06-13
s730,Bling Empire - The Afterparty,Movie,TV-MA,2021,2021-06-12
s731,Cobra Kai - The Afterparty,Movie,TV-MA,2021,2021-06-12
s732,Love (ft. Marriage and Divorce),TV Show,TV-14,2021,2021-06-12
s733,To All the Boys: Always and Forever - The Afterparty,Movie,TV-MA,2021,2021-06-12
s734,LEGO Friends: The Power of Friendship,TV Show,TV-Y7,2016,2021-06-11
s735,Lupin,TV Show,TV-MA,2021,2021-06-11
s736,Sarbath,Movie,TV-PG,2021,2021-06-11
s737,Skater Girl,Movie,PG,2021,2021-06-11
s738,Trese,TV Show,TV-MA,2021,2021-06-11
s739,Trese After Dark,Movie,TV-14,2021,2021-06-11
s740,Wish Dragon,Movie,PG,2021,2021-06-11
s741,A Haunted House 2,Movie,R,2014,2021-06-10
s742,Blind Intersections,Movie,TV-MA,2012,2021-06-10
s743,Camellia Sisters,Movie,TV-MA,2021,2021-06-10
s744,Copenhagen,Movie,TV-MA,2014,2021-06-10
s745,Locombianos,TV Show,TV-MA,2021,2021-06-10
s746,Until Midnight,Movie,TV-14,2019,2021-06-10
s747,Awake,Movie,TV-MA,2021,2021-06-09
s748,Confusion Na Wa,Movie,TV-MA,2013,2021-06-09
s749,"Fresh, Fried & Crispy",TV Show,TV-PG,2021,2021-06-09
s750,L.A.’s Finest,TV Show,TV-MA,2021,2021-06-09
s751,Tragic Jungle,Movie,TV-MA,2021,2021-06-09
s752,Guru Aur Bhole,TV Show,TV-Y7,2018,2021-06-08
s753,Vampire Academy,Movie,PG-13,2014,2021-06-07
s754,"Newly Rich, Newly Poor",TV Show,TV-MA,2007,2021-06-06
s755,A Private War,Movie,R,2018,2021-06-05
s756,Kitty Love: An Homage to Cats,Movie,TV-G,2021,2021-06-05
s757,Small Chops,Movie,TV-MA,2020,2021-06-05
s758,Breaking Boundaries: The Science Of Our Planet,Movie,TV-PG,2021,2021-06-04
s759,Feel Good,TV Show,TV-MA,2021,2021-06-04
s760,Fireplace 4K: Classic Crackling Fireplace from Fireplace for Your Home,Movie,TV-G,2015,2021-06-04
s761,Fireplace 4K: Crackling Birchwood from Fireplace for Your Home,Movie,TV-G,2015,2021-06-04
s762,Human: The World Within,TV Show,TV-PG,2021,2021-06-04
s763,Sweet & Sour,Movie,TV-14,2021,2021-06-04
s764,Sweet Tooth,TV Show,TV-14,2021,2021-06-04
s765,Trippin' with the Kandasamys,Movie,TV-14,2021,2021-06-04
s766,Xtreme,Movie,TV-MA,2021,2021-06-04
s767,Alan Saldaña: Locked Up,Movie,TV-MA,2021,2021-06-03
s768,Creator's File: GOLD,TV Show,TV-14,2021,2021-06-03
s769,Dancing Queens,Movie,TV-MA,2021,2021-06-03
s770,From Stress to Happiness,Movie,TV-G,2020,2021-06-03
s771,Myriam Fares: The Journey,Movie,TV-14,2021,2021-06-03
s772,Pretty Guardian Sailor Moon Eternal The Movie,TV Show,TV-14,2021,2021-06-03
s773,Summertime,TV Show,TV-MA,2021,2021-06-03
s774,The Girl and the Gun,Movie,TV-MA,2019,2021-06-03
s775,2 Hearts,Movie,PG-13,2020,2021-06-02
s776,A Perfect Ending,Movie,TV-MA,2012,2021-06-02
s777,American Outlaws,Movie,PG-13,2001,2021-06-02
s778,And Then Came Lola,Movie,TV-MA,2009,2021-06-02
s779,Attack on Titan,TV Show,TV-MA,2013,2021-06-02
s780,Battlefield Earth,Movie,PG-13,2000,2021-06-02
s781,Ben & Holly's Little Kingdom,TV Show,TV-Y,2019,2021-06-02
s782,Black Holes | The Edge of All We Know,Movie,TV-14,2021,2021-06-02
s783,Bliss,Movie,R,1997,2021-06-02
s784,Carnaval,Movie,TV-MA,2021,2021-06-02
s785,Cloudburst,Movie,TV-MA,2011,2021-06-02
s786,Cocomelon,TV Show,TV-Y,2021,2021-06-02
s787,Company of Heroes,Movie,R,2013,2021-06-02
s788,Cradle 2 the Grave,Movie,R,2003,2021-06-02
s789,Domestic Disturbance,Movie,PG-13,2001,2021-06-02
s790,Downton Abbey,TV Show,TV-14,2015,2021-06-02
s791,Dream/Killer,Movie,TV-MA,2015,2021-06-02
s792,Felon,Movie,R,2008,2021-06-02
s793,Flipped,Movie,PG,2010,2021-06-02
s794,Fools Rush In,Movie,PG-13,1997,2021-06-02
s795,Gold Statue,Movie,TV-14,2019,2021-06-02
s796,Happy Endings,TV Show,TV-14,2012,2021-06-02
s797,Hostel: Part III,Movie,R,2011,2021-06-02
s798,I Am Sam,Movie,PG-13,2001,2021-06-02
s799,Love Jones,Movie,R,1997,2021-06-02
s800,Million Dollar Baby,Movie,PG-13,2004,2021-06-02
s801,Mosquita y Mari,Movie,TV-14,2012,2021-06-02
s802,Never Back Down 2: The Beatdown,Movie,R,2011,2021-06-02
s803,Ninja Assassin,Movie,R,2009,2021-06-02
s804,Ouran High School Host Club,TV Show,TV-PG,2006,2021-06-02
s805,Population 436,Movie,R,2006,2021-06-02
s806,Racket Boys,TV Show,TV-14,2021,2021-06-02
s807,Seven Souls in the Skull Castle: Season Moon Jogen,Movie,TV-14,2017,2021-06-02
s808,Seven Souls in the Skull Castle: Season Moon Kagen,Movie,TV-PG,2017,2021-06-02
s809,Sniper: Legacy,Movie,R,2014,2021-06-02
s810,Starsky & Hutch,Movie,PG-13,2004,2021-06-02
s811,Streets of Fire,Movie,PG,1984,2021-06-02
s812,Super Monsters: Once Upon a Rhyme,Movie,TV-Y,2021,2021-06-02
s813,Swordfish,Movie,R,2001,2021-06-02
s814,The Adventures of Sonic the Hedgehog,TV Show,TV-Y7,1993,2021-06-02
s815,The Four Seasons,Movie,PG,1981,2021-06-02
s816,The Girl King,Movie,TV-MA,2015,2021-06-02
s817,The Interpreter,Movie,PG-13,2005,2021-06-02
s818,The Meddler,Movie,PG-13,2015,2021-06-02
s819,The Mirror Has Two Faces,Movie,PG-13,1996,2021-06-02
s820,The Outlaw Josey Wales,Movie,PG,1976,2021-06-02
s821,The Platform,TV Show,TV-14,2021,2021-06-02
s822,The Wedding Guest,Movie,R,2018,2021-06-02
s823,The Wind,Movie,R,2019,2021-06-02
s824,Then Came You,Movie,TV-MA,2019,2021-06-02
s825,Welcome Home,Movie,R,2018,2021-06-02
s826,Dirty John,TV Show,TV-MA,2020,2021-05-31
s827,Bo Burnham: Inside,Movie,TV-MA,2021,2021-05-30
s828,One Lagos Night,Movie,TV-14,2021,2021-05-29
s829,Collateral Beauty,Movie,PG-13,2016,2021-05-28
s830,Dog Gone Trouble,Movie,TV-Y7,2021,2021-05-28
s831,The Kominsky Method,TV Show,TV-MA,2021,2021-05-28
s832,The Least Expected Day: Inside the Movistar Team 2019,TV Show,TV-MA,2021,2021-05-28
s833,Word of Honor,TV Show,TV-14,2021,2021-05-28
s834,Black Space,TV Show,TV-MA,2021,2021-05-27
s835,Blue Miracle,Movie,TV-PG,2021,2021-05-27
s836,Eden,TV Show,TV-PG,2021,2021-05-27
s837,Ghost Lab,Movie,TV-MA,2021,2021-05-27
s838,Ragnarok,TV Show,TV-MA,2021,2021-05-27
s839,Soy Rada: Serendipity,Movie,TV-MA,2021,2021-05-27
s840,The Day I lost My Shadow,Movie,TV-MA,2018,2021-05-27
s841,Baggio: The Divine Ponytail,Movie,TV-MA,2021,2021-05-26
s842,Gatao - The Last Stray,Movie,TV-MA,2021,2021-05-26
s843,High on the Hog: How African American Cuisine Transformed America,TV Show,TV-14,2021,2021-05-26
s844,JoJo's Bizarre Adventure,TV Show,TV-MA,2016,2021-05-26
s845,Nail Bomber: Manhunt,Movie,TV-MA,2021,2021-05-26
s846,A Place in the Stars,Movie,TV-14,2014,2021-05-25
s847,Home,Movie,PG,2015,2021-05-25
s848,Mad for Each Other,TV Show,TV-MA,2021,2021-05-24
s849,Master of None,TV Show,TV-MA,2021,2021-05-23
s850,Sam Smith: Love Goes - Live at Abbey Road Studios,Movie,TV-G,2020,2021-05-22
s851,99 Songs,Movie,TV-14,2021,2021-05-21
s852,99 Songs (Tamil),Movie,TV-14,2021,2021-05-21
s853,99 Songs (Telugu),Movie,TV-14,2021,2021-05-21
s854,Army of the Dead,Movie,R,2021,2021-05-21
s855,Creating an Army of the Dead,Movie,TV-MA,2021,2021-05-21
s856,Jurassic World Camp Cretaceous,TV Show,TV-Y7,2021,2021-05-21
s857,Strain,Movie,TV-MA,2020,2021-05-21
s858,The Neighbor,TV Show,TV-MA,2021,2021-05-21
s859,678,Movie,TV-14,2009,2021-05-20
s860,Asmaa,Movie,TV-14,2011,2021-05-20
s861,Hating Peter Tatchell,Movie,TV-MA,2020,2021-05-20
s862,Little Singham Future mein Satakli,Movie,TV-Y7,2021,2021-05-20
s863,Special,TV Show,TV-MA,2021,2021-05-20
s864,Spy Kids: All the Time in the World,Movie,PG,2011,2021-05-20
s865,Taxi No. 9211,Movie,TV-14,2006,2021-05-20
s866,Sabotage,Movie,R,2014,2021-05-19
s867,Small Town Crime,Movie,R,2017,2021-05-19
s868,The Last Days,Movie,PG-13,1998,2021-05-19
s869,The Magic School Bus,TV Show,TV-Y,1997,2021-05-19
s870,Who Killed Sara?,TV Show,TV-MA,2021,2021-05-19
s871,Amy Tan: Unintended Memoir,Movie,TV-14,2021,2021-05-18
s872,Sardar Ka Grandson,Movie,TV-14,2021,2021-05-18
s873,Sleight,Movie,R,2016,2021-05-16
s874,Ahaan,Movie,TV-MA,2021,2021-05-15
s875,Booba: Food Puzzle,TV Show,TV-Y,2021,2021-05-15
s876,Love or Money,Movie,TV-MA,2020,2021-05-15
s877,Alma Matters,TV Show,TV-MA,2021,2021-05-14
s878,Cinema Bandi,Movie,TV-MA,2021,2021-05-14
s879,Ferry,Movie,TV-MA,2021,2021-05-14
s880,Halston,TV Show,TV-MA,2021,2021-05-14
s881,Haunted,TV Show,TV-MA,2021,2021-05-14
s882,I Am All Girls,Movie,TV-MA,2021,2021-05-14
s883,Jungle Beat: The Movie,Movie,TV-Y7,2021,2021-05-14
s884,"Love, Death & Robots",TV Show,TV-MA,2021,2021-05-14
s885,Move to Heaven,TV Show,TV-MA,2021,2021-05-14
s886,Table Manners,Movie,TV-MA,2018,2021-05-14
s887,The Mystic River,TV Show,TV-14,2020,2021-05-14
s888,The Strange House,Movie,TV-MA,2020,2021-05-14
s889,The Upshaws - The Afterparty,Movie,TV-14,2021,2021-05-14
s890,The Woman in the Window,Movie,R,2021,2021-05-14
s891,Castlevania,TV Show,TV-MA,2021,2021-05-13
s892,Layer Cake,Movie,R,2004,2021-05-13
s893,Tottaa Pataaka Item Maal,Movie,TV-MA,2018,2021-05-13
s894,Wave of Cinema: Filosofi Kopi,Movie,TV-14,2020,2021-05-13
s895,Dance of the Forty One,Movie,TV-MA,2021,2021-05-12
s896,Oxygen,Movie,TV-14,2021,2021-05-12
s897,The Upshaws,TV Show,TV-14,2021,2021-05-12
s898,Use For My Talent,TV Show,TV-14,2021,2021-05-12
s899,Dear Affy,Movie,TV-14,2020,2021-05-11
s900,Illegal Woman,Movie,TV-MA,2020,2021-05-11
s901,"Money, Explained",TV Show,TV-14,2021,2021-05-11
s902,Deadly Switch,Movie,TV-PG,2019,2021-05-10
s903,Mine,TV Show,TV-14,2021,2021-05-09
s904,Nayattu,Movie,TV-MA,2021,2021-05-09
s905,Sleepless,Movie,R,2017,2021-05-08
s906,Super Me,Movie,TV-14,2021,2021-05-08
s907,Have You Ever Seen Fireflies? - Theatre Play,Movie,TV-MA,1999,2021-05-07
s908,In Our Mothers' Gardens,Movie,TV-MA,2020,2021-05-07
s909,Jupiter's Legacy,TV Show,TV-MA,2021,2021-05-07
s910,Milestone,Movie,TV-14,2021,2021-05-07
s911,Monster,Movie,TV-MA,2021,2021-05-07
s912,Sab Jholmaal Hai,TV Show,TV-Y7,2017,2021-05-07
s913,The Circle - The Afterparty,Movie,TV-14,2021,2021-05-07
s914,Time to Dance,Movie,TV-PG,2020,2021-05-07
s915,Unrest,Movie,TV-MA,2017,2021-05-07
s916,And Tomorrow the Entire World,Movie,TV-MA,2020,2021-05-06
s917,Dead Man Down,Movie,R,2013,2021-05-06
s918,Framing John DeLorean,Movie,TV-MA,2019,2021-05-05
s919,Lava Ka Dhaava,TV Show,TV-PG,2021,2021-05-05
s920,The Sons of Sam: A Descent into Darkness,TV Show,TV-MA,2021,2021-05-05
s921,Selena: The Series,TV Show,TV-PG,2020,2021-05-04
s922,StartUp,TV Show,TV-MA,2018,2021-05-04
s923,The Clovehitch Killer,Movie,TV-MA,2018,2021-05-04
s924,Trash Truck,TV Show,TV-Y,2021,2021-05-04
s925,Aliens Stole My Body,Movie,PG,2020,2021-05-01
s926,Angelina Ballerina,TV Show,TV-Y,2010,2021-05-01
s927,Au coeur des gangs,Movie,R,2006,2021-05-01
s928,Barney and Friends,TV Show,TV-Y,2010,2021-05-01
s929,Best of the Best,Movie,PG-13,1989,2021-05-01
s930,Dead Again in Tombstone,Movie,R,2017,2021-05-01
s931,Due Date,Movie,R,2010,2021-05-01
s932,Fun with Dick & Jane,Movie,PG-13,2005,2021-05-01
s933,Green Zone,Movie,R,2010,2021-05-01
s934,Hachi: A Dog's Tale,Movie,G,2009,2021-05-01
s935,JT LeRoy,Movie,R,2018,2021-05-01
s936,Madagascar 3: Europe's Most Wanted,Movie,PG,2012,2021-05-01
s937,Miniforce: Super Dino Power,TV Show,TV-Y7,2020,2021-05-01
s938,Motu Patlu in Dragon's World,Movie,TV-Y7,2017,2021-05-01
s939,Motu Patlu in the Game of Zones,Movie,TV-Y7,2019,2021-05-01
s940,Motu Patlu in Wonderland,Movie,TV-Y7,2013,2021-05-01
s941,Motu Patlu: Deep Sea Adventure,Movie,TV-Y7,2014,2021-05-01
s942,Motu Patlu: Mission Moon,Movie,TV-Y7,2013,2021-05-01
s943,Mystic River,Movie,R,2003,2021-05-01
s944,Never Back Down,Movie,PG-13,2008,2021-05-01
s945,S.M.A.R.T Chase,Movie,TV-MA,2018,2021-05-01
s946,Sitting in Limbo,Movie,TV-MA,2020,2021-05-01
s947,Stargate,Movie,PG-13,1994,2021-05-01
s948,State of Play,Movie,PG-13,2009,2021-05-01
s949,Swiped,Movie,TV-14,2018,2021-05-01
s950,The Darkest Hour,Movie,PG-13,2011,2021-05-01
s951,The Lovely Bones,Movie,PG-13,2009,2021-05-01
s952,The Sweetest Thing,Movie,R,2002,2021-05-01
s953,The Whole Nine Yards,Movie,R,2000,2021-05-01
s954,The Whole Truth,Movie,R,2016,2021-05-01
s955,The Yeti Adventures,Movie,TV-PG,2018,2021-05-01
s956,Under Siege,Movie,R,1992,2021-05-01
s957,Zack and Miri Make a Porno,Movie,R,2008,2021-05-01
s958,Pet Stars,TV Show,TV-PG,2021,2021-04-30
s959,Seven,Movie,TV-14,2019,2021-04-30
s960,The Disciple,Movie,TV-MA,2021,2021-04-30
s961,The Innocent,TV Show,TV-MA,2021,2021-04-30
s962,The Mitchells vs. The Machines,Movie,PG,2021,2021-04-30
s963,The Strangers: Prey at Night,Movie,R,2018,2021-04-30
s964,The Unremarkable Juanquini,TV Show,TV-MA,2021,2021-04-30
s965,Things Heard & Seen,Movie,TV-MA,2021,2021-04-29
s966,Yasuke,TV Show,TV-MA,2021,2021-04-29
s967,Get the Grift,Movie,TV-MA,2021,2021-04-28
s968,Headspace Guide to Sleep,TV Show,TV-G,2021,2021-04-28
s969,Sexify,TV Show,TV-MA,2021,2021-04-28
s970,August: Osage County,Movie,R,2014,2021-04-27
s971,Battle: Los Angeles,Movie,PG-13,2011,2021-04-27
s972,Between Worlds,Movie,R,2018,2021-04-27
s973,Fatma,TV Show,TV-MA,2021,2021-04-27
s974,One,Movie,TV-PG,2020,2021-04-27
s975,Ram Prasad Ki Tehrvi,Movie,TV-14,2019,2021-04-24
s976,Shadow and Bone - The Afterparty,Movie,TV-14,2021,2021-04-24
s977,Among Family,Movie,TV-14,2017,2021-04-23
s978,Dedemin Fisi,Movie,TV-14,2016,2021-04-23
s979,Deliha,Movie,TV-MA,2014,2021-04-23
s980,Düğün Dernek,Movie,TV-MA,2013,2021-04-23
s981,Dügün Dernek 2: Sünnet,Movie,TV-MA,2015,2021-04-23
s982,G.O.R.A,Movie,TV-MA,2004,2021-04-23
s983,Hayat Öpücügü,Movie,TV-14,2015,2021-04-23
s984,Heroes: Silence and Rock & Roll,Movie,TV-MA,2021,2021-04-23
s985,Kara Bela,Movie,TV-MA,2015,2021-04-23
s986,Kocan Kadar Konus,Movie,TV-MA,2015,2021-04-23
s987,Kocan Kadar Konus 2: Dirilis,Movie,TV-14,2016,2021-04-23
s988,Legal Hash,Movie,TV-MA,2019,2021-04-23
s989,Let's Fight Ghost,TV Show,TV-14,2021,2021-04-23
s990,My Travel Buddy,Movie,TV-MA,2017,2021-04-23
s991,Niyazi Gül Dörtnala,Movie,TV-MA,2015,2021-04-23
s992,One Like It,Movie,TV-G,2020,2021-04-23
s993,Perfume Imaginary Museum “Time Warp”,Movie,TV-G,2020,2021-04-23
s994,Shadow and Bone,TV Show,TV-14,2021,2021-04-23
s995,This Lady Called Life,Movie,TV-14,2020,2021-04-23
s996,Vizontele,Movie,TV-MA,2001,2021-04-23
s997,HOMUNCULUS,Movie,TV-MA,2021,2021-04-22
s998,Life in Color with David Attenborough,TV Show,TV-PG,2021,2021-04-22
s999,Searching For Sheela,Movie,TV-14,2021,2021-04-22
s1000,Stowaway,Movie,TV-MA,2021,2021-04-22
s1001,Wild Dog,Movie,TV-MA,2020,2021-04-22
s1002,Oloibiri,Movie,TV-14,2015,2021-04-21
s1003,Tell Me When,Movie,TV-MA,2021,2021-04-21
s1004,Zero,TV Show,TV-MA,2021,2021-04-21
s1005,Izzy's Koala World,TV Show,TV-Y,2021,2021-04-20
s1006,Keymon and Nani in Space Adventure,Movie,TV-Y,2013,2021-04-20
s1007,Motu Patlu Dino Invasion,Movie,TV-Y7,2018,2021-04-20
s1008,Motu Patlu in Octupus World,Movie,TV-Y,2017,2021-04-20
s1009,Motu Patlu VS Robo Kids,Movie,TV-Y,2019,2021-04-20
s1010,Rudra: Secret of the Black Moon,Movie,TV-Y7,2020,2021-04-20
s1011,Rudra: The Rise of King Pharaoh,Movie,TV-Y7,2019,2021-04-20
s1012,Free to Play,Movie,TV-14,2014,2021-04-19
s1013,Luis Miguel - The Series,TV Show,TV-MA,2021,2021-04-19
s1014,Miss Sloane,Movie,R,2016,2021-04-19
s1015,PJ Masks,TV Show,TV-Y,2019,2021-04-19
s1016,American Me,Movie,R,1992,2021-04-17
s1017,Delhi Belly,Movie,TV-MA,2011,2021-04-17
s1018,Dhobi Ghat (Mumbai Diaries),Movie,TV-MA,2010,2021-04-17
s1019,Jaane Tu... Ya Jaane Na,Movie,TV-14,2008,2021-04-17
s1020,Lagaan,Movie,PG,2001,2021-04-17
s1021,Madness in the Desert,Movie,TV-14,2004,2021-04-17
s1022,Peepli Live,Movie,TV-MA,2010,2021-04-17
s1023,Taare Zameen Par,Movie,PG,2007,2021-04-17
s1024,Ajeeb Daastaans,Movie,TV-MA,2021,2021-04-16
s1025,Arlo the Alligator Boy,Movie,TV-Y7,2021,2021-04-16
s1026,Bakugan: Geogan Rising,TV Show,TV-Y7,2021,2021-04-16
s1027,Barbie & Chelsea: The Lost Birthday,Movie,TV-Y,2021,2021-04-16
s1028,Crimson Peak,Movie,R,2015,2021-04-16
s1029,Dad Stop Embarrassing Me - The Afterparty,Movie,TV-14,2021,2021-04-16
s1030,Doctor Bello,Movie,TV-MA,2013,2021-04-16
s1031,Four Sisters Before the Wedding,Movie,TV-MA,2020,2021-04-16
s1032,Into the Beat,Movie,TV-14,2020,2021-04-16
s1033,Love Naggers,TV Show,TV-14,2021,2021-04-16
s1034,Rush,Movie,R,2013,2021-04-16
s1035,Synchronic,Movie,R,2020,2021-04-16
s1036,The Zookeeper's Wife,Movie,PG-13,2017,2021-04-16
s1037,Time Trap,Movie,TV-14,2017,2021-04-16
s1038,Tuesdays & Fridays,Movie,TV-14,2021,2021-04-16
s1039,Dancing Angels,TV Show,TV-PG,2016,2021-04-15
s1040,Dark City Beneath the Beat,Movie,TV-MA,2020,2021-04-15
s1041,Durarara!!,TV Show,TV-MA,2016,2021-04-15
s1042,GANTZ:O,Movie,TV-MA,2016,2021-04-15
s1043,Garth Brooks: The Road I’m On,TV Show,TV-PG,2019,2021-04-15
s1044,Gilmore Girls,TV Show,TV-14,2006,2021-04-15
s1045,High-Rise Invasion,TV Show,TV-MA,2021,2021-04-15
s1046,Next in Fashion,TV Show,TV-14,2020,2021-04-15
s1047,Only Mine,Movie,TV-14,2019,2021-04-15
s1048,Peasants Rebellion,TV Show,TV-14,2018,2021-04-15
s1049,Power Players,TV Show,TV-Y,2020,2021-04-15
s1050,Ricky Zoom,TV Show,TV-Y,2019,2021-04-15
s1051,Ride or Die,Movie,TV-MA,2021,2021-04-15
s1052,Sonic X,TV Show,TV-Y7,2003,2021-04-15
s1053,The Master,Movie,R,2012,2021-04-15
s1054,Time Is Illmatic,Movie,TV-MA,2014,2021-04-15
s1055,Wave of Cinema: One Day We'll Talk About Today,Movie,TV-14,2020,2021-04-15
s1056,Zoot Suit,Movie,R,1981,2021-04-15
s1057,Ajaibnya Cinta,TV Show,TV-PG,2015,2021-04-14
s1058,Dad Stop Embarrassing Me!,TV Show,TV-14,2021,2021-04-14
s1059,Fate: The Winx Saga,TV Show,TV-MA,2021,2021-04-14
s1060,House of Cards,TV Show,TV-MA,2018,2021-04-14
s1061,Indian Matchmaking,TV Show,TV-14,2020,2021-04-14
s1062,Jeffrey Epstein: Filthy Rich,TV Show,TV-MA,2020,2021-04-14
s1063,Law School,TV Show,TV-14,2021,2021-04-14
s1064,Living with Yourself,TV Show,TV-MA,2019,2021-04-14
s1065,Signal,TV Show,TV-MA,2016,2021-04-14
s1066,Slasher,TV Show,TV-MA,2019,2021-04-14
s1067,The Soul,Movie,TV-MA,2021,2021-04-14
s1068,The Underclass,TV Show,TV-MA,2020,2021-04-14
s1069,Unnatural Selection,TV Show,TV-MA,2019,2021-04-14
s1070,Uppena,Movie,TV-14,2020,2021-04-14
s1071,Why Did You Kill Me?,Movie,TV-MA,2021,2021-04-14
s1072,Motu Patlu in Hong Kong: Kung Fu Kings 3,Movie,TV-Y7,2017,2021-04-13
s1073,Motu Patlu in the City of Gold,Movie,TV-Y7,2018,2021-04-13
s1074,Motu Patlu Kung Fu Kings 4 The Challenge of Kung Fu Brothers,Movie,TV-Y7,2018,2021-04-13
s1075,Motu Patlu the Superheroes – Super Villains from Mars,Movie,TV-Y7,2019,2021-04-13
s1076,My Love: Six Stories of True Love,TV Show,TV-PG,2021,2021-04-13
s1077,Shiva VS Autobots,Movie,TV-Y7,2018,2021-04-13
s1078,Shiva: Journey to Plunotaria,Movie,TV-Y7,2019,2021-04-13
s1079,Shiva: The Secret World Of Vedas City,Movie,TV-Y,2017,2021-04-13
s1080,The Baker and the Beauty,TV Show,TV-PG,2020,2021-04-13
s1081,New Gods: Nezha Reborn,Movie,TV-14,2021,2021-04-12
s1082,"Nicky, Ricky, Dicky & Dawn",TV Show,TV-G,2018,2021-04-12
s1083,Don't be the First one,TV Show,TV-14,2021,2021-04-11
s1084,The Stand-In,Movie,R,2020,2021-04-10
s1085,Heaven Official's Blessing,TV Show,TV-14,2020,2021-04-09
s1086,Night in Paradise,Movie,TV-MA,2021,2021-04-09
s1087,Ojukokoro: Greed,Movie,TV-MA,2016,2021-04-09
s1088,Roohi,Movie,TV-14,2021,2021-04-09
s1089,Thunder Force,Movie,PG-13,2021,2021-04-09
s1090,Two Distant Strangers,Movie,TV-MA,2021,2021-04-09
s1091,Story of Kale: When Someone's in Love,Movie,TV-PG,2020,2021-04-08
s1092,The Way of the Househusband,TV Show,TV-MA,2021,2021-04-08
s1093,Dolly Parton: A MusiCares Tribute,Movie,TV-PG,2021,2021-04-07
s1094,The Big Day,TV Show,TV-14,2021,2021-04-07
s1095,The Wedding Coach,TV Show,TV-MA,2021,2021-04-07
s1096,This Is a Robbery: The World's Biggest Art Heist,TV Show,TV-MA,2021,2021-04-07
s1097,The Last Kids on Earth: Happy Apocalypse to You,Movie,TV-Y7,2021,2021-04-06
s1098,Coded Bias,Movie,TV-MA,2020,2021-04-05
s1099,Mandela,Movie,TV-14,2021,2021-04-05
s1100,The Fisherman's Diary,Movie,TV-MA,2020,2021-04-04
s1101,What Lies Below,Movie,TV-MA,2020,2021-04-04
s1102,Escape from Planet Earth,Movie,PG,2013,2021-04-03
s1103,Accepted,Movie,PG-13,2006,2021-04-02
s1104,Air Strike,Movie,R,2018,2021-04-02
s1105,An American Girl: McKenna Shoots for the Stars,Movie,TV-Y,2012,2021-04-02
s1106,Concrete Cowboy,Movie,R,2021,2021-04-02
s1107,Cross: Rise of the Villains,Movie,R,2019,2021-04-02
s1108,God Calling,Movie,TV-MA,2018,2021-04-02
s1109,Irul,Movie,TV-MA,2021,2021-04-02
s1110,Just Say Yes,Movie,TV-MA,2021,2021-04-02
s1111,Madame Claude,Movie,TV-MA,2021,2021-04-02
s1112,Wild Child,Movie,PG-13,2008,2021-04-02
s1113,Woody Woodpecker,Movie,PG,2017,2021-04-02
s1114,2012,Movie,PG-13,2009,2021-04-01
s1115,3 Idiots,Movie,PG-13,2009,2021-04-01
s1116,Ferrari Ki Sawaari,Movie,TV-PG,2012,2021-04-01
s1117,Glimpses of a Future,TV Show,TV-PG,2020,2021-04-01
s1118,Ibrahim a Fate to Define,Movie,TV-PG,2019,2021-04-01
s1119,Insidious,Movie,PG-13,2010,2021-04-01
s1120,Into the Grizzly Maze,Movie,R,2015,2021-04-01
s1121,Kingsglaive: Final Fantasy XV,Movie,PG-13,2016,2021-04-01
s1122,Legally Blonde,Movie,PG-13,2001,2021-04-01
s1123,Madam Chief Minister,Movie,TV-14,2020,2021-04-01
s1124,Magical Andes,TV Show,TV-G,2021,2021-04-01
s1125,Maximum Risk,Movie,R,1996,2021-04-01
s1126,Murder Maps,TV Show,TV-MA,2017,2021-04-01
s1127,My Fair Lady,Movie,G,1964,2021-04-01
s1128,Prank Encounters,TV Show,TV-MA,2021,2021-04-01
s1129,S.W.A.T.: Under Siege,Movie,R,2017,2021-04-01
s1130,Secrets of Great British Castles,TV Show,TV-PG,2016,2021-04-01
s1131,Seven Souls in the Skull Castle: Season Bird,Movie,TV-14,2017,2021-04-01
s1132,Seven Souls in the Skull Castle: Season Flower,Movie,TV-14,2017,2021-04-01
s1133,Seven Souls in the Skull Castle: Season Wind,Movie,TV-14,2017,2021-04-01
s1134,Sniper: Ghost Shooter,Movie,R,2016,2021-04-01
s1135,Starship Troopers: Traitor of Mars,Movie,R,2017,2021-04-01
s1136,Takers,Movie,PG-13,2010,2021-04-01
s1137,Tersanjung the Movie,Movie,TV-14,2021,2021-04-01
s1138,The Knight and the Princess,Movie,TV-PG,2019,2021-04-01
s1139,The Pianist,Movie,R,2002,2021-04-01
s1140,The Stepfather,Movie,PG-13,2009,2021-04-01
s1141,Universal Soldier: The Return,Movie,R,1999,2021-04-01
s1142,Wazir,Movie,TV-14,2016,2021-04-01
s1143,White Boy,Movie,TV-MA,2017,2021-04-01
s1144,Worn Stories,TV Show,TV-MA,2021,2021-04-01
s1145,Yes Man,Movie,PG-13,2008,2021-04-01
s1146,At Eternity's Gate,Movie,PG-13,2018,2021-03-31
s1147,Haunted: Latin America,TV Show,TV-14,2021,2021-03-31
s1148,Not a Game,Movie,TV-MA,2020,2021-03-31
s1149,Robocar Poli,TV Show,TV-Y,2015,2021-03-31
s1150,Yu-Gi-Oh!,TV Show,TV-Y7,2005,2021-03-31
s1151,7 Yards: The Chris Norton Story,Movie,TV-PG,2021,2021-03-30
s1152,Octonauts & the Ring of Fire,Movie,TV-Y,2021,2021-03-30
s1153,Rainbow High,TV Show,TV-Y,2020,2021-03-30
s1154,Mandela: Long Walk to Freedom,Movie,PG-13,2013,2021-03-29
s1155,Lawless,Movie,R,2012,2021-03-28
s1156,Marked,Movie,TV-PG,2021,2021-03-28
s1157,A Week Away,Movie,TV-PG,2021,2021-03-26
s1158,Bad Trip,Movie,TV-MA,2021,2021-03-26
s1159,Big Time Rush,TV Show,TV-G,2013,2021-03-26
s1160,Black Is Beltza,Movie,TV-MA,2018,2021-03-26
s1161,Croupier,Movie,TV-MA,1998,2021-03-26
s1162,Elizabeth and Margaret: Love and Loyalty,Movie,TV-PG,2020,2021-03-26
s1163,Keeping the Bees,Movie,TV-14,2020,2021-03-26
s1164,Magic for Humans Spain,TV Show,TV-MA,2021,2021-03-26
s1165,Ni de coña,Movie,TV-MA,2020,2021-03-26
s1166,Pagglait,Movie,TV-PG,2021,2021-03-26
s1167,The Irregulars,TV Show,TV-14,2021,2021-03-26
s1168,Caught by a Wave,Movie,TV-14,2021,2021-03-25
s1169,DOTA: Dragon's Blood,TV Show,TV-MA,2021,2021-03-25
s1170,Pui Pui Molcar,TV Show,TV-Y7,2021,2021-03-25
s1171,Secret Magic Control Agency,Movie,TV-Y7,2021,2021-03-25
s1172,Seaspiracy,Movie,TV-14,2021,2021-03-24
s1173,Loyiso Gola: Unlearning,Movie,TV-MA,2021,2021-03-23
s1174,Men on a Mission,TV Show,TV-14,2021,2021-03-23
s1175,Navillera,TV Show,TV-14,2021,2021-03-23
s1176,Philomena,Movie,PG-13,2013,2021-03-22
s1177,Any Crybabies Around?,Movie,TV-MA,2020,2021-03-20
s1178,Hospital,Movie,TV-MA,2020,2021-03-20
s1179,Jiu Jitsu,Movie,R,2020,2021-03-20
s1180,Mighty Morphin Power Rangers,TV Show,TV-Y7,2010,2021-03-20
s1181,Alien TV,TV Show,TV-Y7,2021,2021-03-19
s1182,Country Comfort,TV Show,TV-PG,2021,2021-03-19
s1183,Formula 1: Drive to Survive,TV Show,TV-MA,2021,2021-03-19
s1184,Reframe THEATER EXPERIENCE with you,Movie,TV-G,2020,2021-03-19
s1185,The Yin Yang Master,Movie,TV-14,2021,2021-03-19
s1186,Who's the Boss,Movie,TV-MA,2020,2021-03-19
s1187,B: The Beginning,TV Show,TV-MA,2021,2021-03-18
s1188,Deadly Illusions,Movie,R,2021,2021-03-18
s1189,Get the Goat,Movie,TV-14,2021,2021-03-18
s1190,Nate Bargatze: The Greatest Average American,Movie,TV-G,2021,2021-03-18
s1191,Skylines,Movie,R,2020,2021-03-18
s1192,The Fluffy Movie,Movie,PG-13,2014,2021-03-18
s1193,The Present,Movie,TV-MA,2020,2021-03-18
s1194,Wave of Cinema: 90's Generation,Movie,TV-PG,2020,2021-03-18
s1195,Catch.er,Movie,TV-14,2017,2021-03-17
s1196,Operation Varsity Blues: The College Admissions Scandal,Movie,R,2021,2021-03-17
s1197,Under Suspicion: Uncovering the Wesphael Case,TV Show,TV-14,2021,2021-03-17
s1198,Get on Up,Movie,PG-13,2014,2021-03-16
s1199,RebellComedy: Straight Outta the Zoo,Movie,TV-MA,2021,2021-03-16
s1200,Savages,Movie,R,2012,2021-03-16
s1201,Waffles + Mochi,TV Show,TV-Y,2021,2021-03-16
s1202,Abla Fahita: Drama Queen,TV Show,TV-14,2021,2021-03-15
s1203,C/O Kaadhal,Movie,TV-14,2021,2021-03-15
s1204,The BFG,Movie,PG,2016,2021-03-15
s1205,The Last Blockbuster,Movie,TV-14,2020,2021-03-15
s1206,The Lost Pirate Kingdom,TV Show,TV-MA,2021,2021-03-15
s1207,Zero Chill,TV Show,TV-G,2021,2021-03-15
s1208,Audrey,Movie,TV-14,2020,2021-03-14
s1209,Çarsi Pazar,Movie,TV-MA,2015,2021-03-12
s1210,Just In Time,Movie,TV-G,2020,2021-03-12
s1211,Love Alarm,TV Show,TV-MA,2021,2021-03-12
s1212,Mucize,Movie,TV-14,2015,2021-03-12
s1213,Paper Lives,Movie,TV-MA,2021,2021-03-12
s1214,Paradise PD,TV Show,TV-MA,2021,2021-03-12
s1215,Quiet,Movie,TV-MA,2020,2021-03-12
s1216,Romantik Komedi,Movie,TV-MA,2010,2021-03-12
s1217,Romantik Komedi 2: Bekarlığa Veda,Movie,TV-MA,2013,2021-03-12
s1218,The One,TV Show,TV-MA,2021,2021-03-12
s1219,YES DAY,Movie,PG,2021,2021-03-12
s1220,You're Everything To Me,Movie,TV-PG,2016,2021-03-12
s1221,Coven of Sisters,Movie,TV-MA,2021,2021-03-11
s1222,Generasi 90an: Melankolia,Movie,TV-14,2020,2021-03-11
s1223,The Block Island Sound,Movie,TV-MA,2020,2021-03-11
s1224,Dealer,TV Show,TV-MA,2021,2021-03-10
s1225,Last Chance U: Basketball,TV Show,TV-MA,2021,2021-03-10
s1226,Marriage or Mortgage,TV Show,TV-G,2021,2021-03-10
s1227,The Houseboat,TV Show,TV-14,2021,2021-03-09
s1228,Bombay Begums,TV Show,TV-MA,2021,2021-03-08
s1229,Bombay Rose,Movie,PG-13,2021,2021-03-08
s1230,My Way,TV Show,TV-14,2015,2021-03-06
s1231,Aelay,Movie,TV-14,2021,2021-03-05
s1232,City of Ghosts,TV Show,TV-Y7,2021,2021-03-05
s1233,Dogwashers,Movie,TV-MA,2021,2021-03-05
s1234,Fate of Alakada,Movie,TV-14,2020,2021-03-05
s1235,Nevenka: Breaking the Silence,TV Show,TV-MA,2021,2021-03-05
s1236,Pokémon Journeys: The Series,TV Show,TV-Y7,2021,2021-03-05
s1237,Sentinelle,Movie,TV-MA,2021,2021-03-05
s1238,Mariposa,Movie,TV-14,2020,2021-03-04
s1239,Pacific Rim: The Black,TV Show,TV-14,2021,2021-03-04
s1240,Parker,Movie,R,2013,2021-03-04
s1241,Safe Haven,Movie,PG-13,2013,2021-03-04
s1242,Moxie,Movie,PG-13,2021,2021-03-03
s1243,Murder Among the Mormons,TV Show,TV-14,2021,2021-03-03
s1244,Black or White,Movie,PG-13,2014,2021-03-02
s1245,Indoo Ki Jawani,Movie,TV-14,2020,2021-03-02
s1246,Word Party,TV Show,TV-Y,2021,2021-03-02
s1247,A Perfect Day For Arsenide,TV Show,TV-MA,2019,2021-03-01
s1248,Banyuki,Movie,TV-PG,2009,2021-03-01
s1249,Biggie: I Got a Story to Tell,Movie,R,2021,2021-03-01
s1250,Blanche Gardin: The All-Nighter,Movie,TV-MA,2021,2021-03-01
s1251,Connected,Movie,TV-G,2021,2021-03-01
s1252,Dances with Wolves,Movie,PG-13,1990,2021-03-01
s1253,How to Be Really Bad,Movie,TV-14,2018,2021-03-01
s1254,LEGO Marvel Spider-Man: Vexed by Venom,Movie,TV-Y,2019,2021-03-01
s1255,Rain Man,Movie,R,1988,2021-03-01
s1256,Seven Souls in the Skull Castle 2011,Movie,TV-14,2011,2021-03-01
s1257,Tenacious D in The Pick of Destiny,Movie,R,2006,2021-03-01
s1258,TIGER & BUNNY,TV Show,TV-14,2011,2021-02-28
s1259,Bigfoot Family,Movie,TV-Y7,2021,2021-02-26
s1260,Captain Fantastic,Movie,R,2016,2021-02-26
s1261,Crazy About Her,Movie,TV-MA,2021,2021-02-26
s1262,Fuga,Movie,TV-MA,2006,2021-02-26
s1263,Ginny & Georgia - The Afterparty,Movie,TV-MA,2021,2021-02-26
s1264,No Escape,Movie,R,2015,2021-02-26
s1265,Our Idiot Brother,Movie,R,2011,2021-02-26
s1266,The Girl on the Train,Movie,TV-MA,2021,2021-02-26
s1267,Tony Manero,Movie,TV-MA,2008,2021-02-26
s1268,Who Am I,Movie,TV-MA,2014,2021-02-26
s1269,El final del paraíso,TV Show,TV-MA,2019,2021-02-25
s1270,Geez & Ann,Movie,TV-PG,2021,2021-02-25
s1271,Sin senos sí hay paraíso,TV Show,TV-MA,2018,2021-02-25
s1272,The Last Bastion,TV Show,TV-MA,2018,2021-02-25
s1273,Age of Samurai: Battle for Japan,TV Show,TV-MA,2021,2021-02-24
s1274,"Blue, Painful, Fragile",Movie,TV-14,2020,2021-02-24
s1275,Canine Intervention,TV Show,TV-PG,2021,2021-02-24
s1276,Ginny & Georgia,TV Show,TV-14,2021,2021-02-24
s1277,M8 - When Death Rescues Life,Movie,TV-MA,2019,2021-02-24
s1278,Two Sentence Horror Stories,TV Show,TV-14,2021,2021-02-24
s1279,Brian Regan: On the Rocks,Movie,TV-G,2021,2021-02-23
s1280,Made You Look: A True Story About Fake Art,Movie,TV-14,2020,2021-02-23
s1281,Pelé,Movie,TV-14,2021,2021-02-23
s1282,Red,Movie,TV-14,2021,2021-02-23
s1283,Zindagi in Short,TV Show,TV-MA,2020,2021-02-22
s1284,The Conjuring,Movie,R,2013,2021-02-21
s1285,The Conjuring 2,Movie,R,2016,2021-02-21
s1286,Vincenzo,TV Show,TV-14,2021,2021-02-21
s1287,Classmates Minus,Movie,TV-MA,2020,2021-02-20
s1288,Fate: The Winx Saga - The Afterparty,Movie,TV-14,2021,2021-02-20
s1289,Operation Finale,Movie,PG-13,2018,2021-02-20
s1290,Wave of Cinema: Surat dari Timur,Movie,TV-G,2020,2021-02-20
s1291,I Care a Lot,Movie,R,2021,2021-02-19
s1292,Love,Movie,TV-14,2020,2021-02-19
s1293,Perú: Tesoro escondido,Movie,TV-PG,2017,2021-02-19
s1294,Pitta Kathalu,TV Show,TV-MA,2021,2021-02-19
s1295,Tribes of Europa,TV Show,TV-MA,2021,2021-02-19
s1296,Eeb Allay Ooo!,Movie,TV-MA,2019,2021-02-18
s1297,"Hello, Me!",TV Show,TV-14,2021,2021-02-18
s1298,No Escape Room,Movie,TV-14,2018,2021-02-18
s1299,Sisyphus,TV Show,TV-14,2021,2021-02-18
s1300,Thus Spoke Kishibe Rohan,TV Show,TV-MA,2021,2021-02-18
s1301,Amend: The Fight for America,TV Show,TV-MA,2021,2021-02-17
s1302,Behind Her Eyes,TV Show,TV-MA,2021,2021-02-17
s1303,MeatEater,TV Show,TV-14,2021,2021-02-17
s1304,The Most Unknown,Movie,TV-PG,2018,2021-02-17
s1305,Animals on the Loose: A You vs. Wild Movie,Movie,TV-PG,2021,2021-02-16
s1306,Awara Paagal Deewana,Movie,TV-14,2002,2021-02-16
s1307,Good Girls,TV Show,TV-MA,2020,2021-02-16
s1308,The Resurrection of Gavin Stone,Movie,PG,2017,2021-02-16
s1309,Booba,TV Show,TV-Y7,2021,2021-02-15
s1310,"My Teacher, My Obsession",Movie,TV-14,2018,2021-02-15
s1311,The Crew,TV Show,TV-14,2021,2021-02-15
s1312,Namaste Wahala,Movie,TV-14,2021,2021-02-14
s1313,Monsoon,Movie,TV-MA,2020,2021-02-13
s1314,Buried by the Bernards,TV Show,TV-14,2021,2021-02-12
s1315,Chappelle's Show,TV Show,TV-MA,2005,2021-02-12
s1316,Hate by Dani Rovira,Movie,TV-MA,2021,2021-02-12
s1317,Mundina Nildana,Movie,TV-MA,2019,2021-02-12
s1318,Nadiya Bakes,TV Show,TV-G,2021,2021-02-12
s1319,To All The Boys: Always And Forever,Movie,TV-14,2021,2021-02-12
s1320,Xico's Journey,Movie,TV-Y7,2021,2021-02-12
s1321,Capitani,TV Show,TV-MA,2019,2021-02-11
s1322,El Chema,TV Show,TV-MA,2016,2021-02-11
s1323,Growing up and other problems,Movie,TV-14,2018,2021-02-11
s1324,Layla Majnun,Movie,TV-14,2020,2021-02-11
s1325,Middle of Nowhere,Movie,R,2012,2021-02-11
s1326,Red Dot,Movie,TV-MA,2021,2021-02-11
s1327,Squared Love,Movie,TV-14,2021,2021-02-11
s1328,This Is the Life,Movie,TV-MA,2008,2021-02-11
s1329,Crime Scene: The Vanishing at the Cecil Hotel,TV Show,TV-MA,2021,2021-02-10
s1330,The Misadventures of Hedi and Cokeman,Movie,TV-MA,2021,2021-02-10
s1331,The World We Make,Movie,PG,2019,2021-02-10
s1332,Five Came Back: The Reference Films,TV Show,TV-MA,1945,2021-02-09
s1333,ICarly,TV Show,TV-G,2008,2021-02-08
s1334,War Dogs,Movie,R,2016,2021-02-08
s1335,Monster Run,Movie,TV-14,2020,2021-02-07
s1336,The Sinner,TV Show,TV-MA,2020,2021-02-06
s1337,Blanche Gardin: I talk to myself,Movie,TV-MA,2017,2021-02-05
s1338,Doob: No Bed of Roses,Movie,TV-PG,2017,2021-02-05
s1339,Hache,TV Show,TV-MA,2021,2021-02-05
s1340,Invisible City,TV Show,TV-MA,2021,2021-02-05
s1341,Little Big Women,Movie,TV-14,2020,2021-02-05
s1342,Malcolm & Marie,Movie,R,2021,2021-02-05
s1343,Space Sweepers,Movie,TV-MA,2021,2021-02-05
s1344,"Strip Down, Rise Up",Movie,R,2021,2021-02-05
s1345,The Last Paradiso,Movie,TV-MA,2020,2021-02-05
s1346,The Yin-Yang Master: Dream Of Eternity,Movie,TV-14,2021,2021-02-05
s1347,All My Friends Are Dead,Movie,TV-MA,2020,2021-02-03
s1348,Black Beach,Movie,TV-MA,2020,2021-02-03
s1349,Firefly Lane,TV Show,TV-MA,2021,2021-02-03
s1350,"Pablo Escobar, el patrón del mal",TV Show,TV-MA,2012,2021-02-03
s1351,Power Rangers Ninja Steel,TV Show,TV-Y7,2018,2021-02-03
s1352,"Our Lady of San Juan, Four Centuries of Miracles",Movie,TV-PG,2020,2021-02-02
s1353,Tiffany Haddish Presents: They Ready,TV Show,TV-MA,2021,2021-02-02
s1354,Beverly Hills Ninja,Movie,PG-13,1997,2021-02-01
s1355,Heartland,TV Show,TV-14,2019,2021-02-01
s1356,Love Daily,TV Show,TV-14,2018,2021-02-01
s1357,My Dead Ex,TV Show,TV-14,2018,2021-02-01
s1358,Rocks,Movie,TV-MA,2019,2021-02-01
s1359,Shutter Island,Movie,R,2010,2021-02-01
s1360,The Bank Job,Movie,R,2008,2021-02-01
s1361,The House Arrest of Us,TV Show,TV-MA,2020,2021-02-01
s1362,The Unsettling,TV Show,TV-14,2019,2021-02-01
s1363,Total Drama,TV Show,TV-PG,2015,2021-02-01
s1364,Zac and Mia,TV Show,TV-14,2019,2021-02-01
s1365,Zathura,Movie,PG,2005,2021-02-01
s1366,Zig & Sharko,TV Show,TV-Y7,2019,2021-02-01
s1367,Fatima,Movie,PG-13,2020,2021-01-31
s1368,Hell Fest,Movie,R,2018,2021-01-31
s1369,Below Zero,Movie,TV-MA,2021,2021-01-29
s1370,Finding ‘Ohana,Movie,PG,2021,2021-01-29
s1371,The Dig,Movie,PG-13,2021,2021-01-29
s1372,We Are: The Brooklyn Saints,TV Show,TV-14,2021,2021-01-29
s1373,June & Kopi,Movie,TV-PG,2021,2021-01-28
s1374,50M2,TV Show,TV-MA,2021,2021-01-27
s1375,Accomplice,Movie,TV-14,2021,2021-01-27
s1376,BONDING,TV Show,TV-MA,2021,2021-01-27
s1377,Kilometers and Kilometers,Movie,TV-MA,2020,2021-01-27
s1378,Outlander,TV Show,TV-MA,2018,2021-01-27
s1379,Penguin Bloom,Movie,TV-14,2021,2021-01-27
s1380,Black Rose,Movie,TV-14,2018,2021-01-26
s1381,Go Dog Go,TV Show,TV-Y,2021,2021-01-26
s1382,Hire a Woman,Movie,TV-14,2019,2021-01-26
s1383,She Is,Movie,TV-PG,2019,2021-01-26
s1384,Blown Away,TV Show,TV-14,2021,2021-01-22
s1385,Busted!,TV Show,TV-14,2021,2021-01-22
s1386,Demon Slayer: Kimetsu no Yaiba,TV Show,TV-14,2019,2021-01-22
s1387,So My Grandma’s a Lesbian!,Movie,TV-MA,2020,2021-01-22
s1388,The Next Three Days,Movie,PG-13,2010,2021-01-22
s1389,The White Tiger,Movie,R,2021,2021-01-22
s1390,Friendsgiving,Movie,R,2020,2021-01-21
s1391,The Shadow of Violence,Movie,R,2020,2021-01-21
s1392,Cut Throat City,Movie,R,2020,2021-01-20
s1393,Daughter From Another Mother,TV Show,TV-MA,2021,2021-01-20
s1394,Sightless,Movie,TV-14,2020,2021-01-20
s1395,Spycraft,TV Show,TV-MA,2021,2021-01-20
s1396,Hello Ninja,TV Show,TV-Y,2021,2021-01-19
s1397,Homefront,Movie,R,2013,2021-01-18
s1398,A Monster Calls,Movie,PG-13,2016,2021-01-16
s1399,Death of Me,Movie,R,2020,2021-01-16
s1400,Radium Girls,Movie,TV-14,2018,2021-01-16
s1401,Bling Empire,TV Show,TV-MA,2021,2021-01-15
s1402,Carmen Sandiego,TV Show,TV-Y7,2021,2021-01-15
s1403,Disenchantment,TV Show,TV-14,2021,2021-01-15
s1404,Double Dad,Movie,TV-G,2020,2021-01-15
s1405,Henry Danger,TV Show,TV-G,2016,2021-01-15
s1406,Outside the Wire,Movie,R,2021,2021-01-15
s1407,Penguins of Madagascar: The Movie,Movie,PG,2014,2021-01-15
s1408,Pinkfong & Baby Shark's Space Adventure,Movie,TV-Y,2019,2021-01-15
s1409,The Magicians,TV Show,TV-MA,2020,2021-01-15
s1410,The Vanished,Movie,R,2020,2021-01-15
s1411,Tribhanga - Tedhi Medhi Crazy,Movie,TV-MA,2021,2021-01-15
s1412,What Would Sophia Loren Do?,Movie,TV-14,2021,2021-01-15
s1413,Wish You,Movie,TV-PG,2021,2021-01-15
s1414,Tanda Tanya,Movie,TV-MA,2011,2021-01-14
s1415,The Heartbreak Club,Movie,TV-14,2020,2021-01-14
s1416,An Imperfect Murder,Movie,R,2017,2021-01-13
s1417,Night Stalker: The Hunt for a Serial Killer,TV Show,TV-MA,2021,2021-01-13
s1418,Al acecho,Movie,TV-MA,2019,2021-01-12
s1419,Chris Rock Total Blackout: The Tamborine Extended Cut,Movie,TV-MA,2021,2021-01-12
s1420,Last Tango in Halifax,TV Show,TV-MA,2020,2021-01-12
s1421,"Crack: Cocaine, Corruption & Conspiracy",Movie,TV-MA,2021,2021-01-11
s1422,The Intouchables,Movie,R,2011,2021-01-11
s1423,Apaharan,Movie,TV-14,2005,2021-01-08
s1424,BluffMaster!,Movie,TV-14,2005,2021-01-08
s1425,Charming,Movie,TV-Y7,2021,2021-01-08
s1426,Creating The Queen's Gambit,Movie,TV-14,2021,2021-01-08
s1427,Gangaajal,Movie,TV-MA,2003,2021-01-08
s1428,Inside the World’s Toughest Prisons,TV Show,TV-MA,2021,2021-01-08
s1429,Is Love Enough? Sir,Movie,TV-MA,2018,2021-01-08
s1430,Mighty Little Bheem: Kite Festival,TV Show,TV-Y,2021,2021-01-08
s1431,Pretend It’s a City,TV Show,TV-14,2021,2021-01-08
s1432,Stuck Apart,Movie,TV-MA,2021,2021-01-08
s1433,The Idhun Chronicles,TV Show,TV-14,2021,2021-01-08
s1434,100% Halal,Movie,TV-14,2020,2021-01-07
s1435,Leap!,Movie,PG,2016,2021-01-07
s1436,Pieces of a Woman,Movie,R,2020,2021-01-07
s1437,Ratones Paranoicos: The Band that Rocked Argentina,Movie,TV-MA,2021,2021-01-06
s1438,Surviving Death,TV Show,TV-MA,2021,2021-01-06
s1439,Tony Parker: The Final Shot,Movie,TV-14,2020,2021-01-06
s1440,History of Swear Words,TV Show,TV-MA,2021,2021-01-05
s1441,Nailed It! Mexico,TV Show,TV-PG,2021,2021-01-05
s1442,Hello Brother,Movie,TV-14,1999,2021-01-04
s1443,Korean Pork Belly Rhapsody,TV Show,TV-G,2020,2021-01-04
s1444,QB1: Beyond the Lights,TV Show,TV-14,2019,2021-01-04
s1445,Playing for Keeps,Movie,PG-13,2012,2021-01-03
s1446,Asphalt Burning,Movie,TV-14,2020,2021-01-02
s1447,Bad Grandpa .5,Movie,TV-MA,2014,2021-01-01
s1448,Case 39,Movie,R,2009,2021-01-01
s1449,Cobra Kai,TV Show,TV-14,2021,2021-01-01
s1450,Dream Home Makeover,TV Show,TV-G,2021,2021-01-01
s1451,Eddie Murphy: Raw,Movie,R,1987,2021-01-01
s1452,Full Out 2: You Got This!,Movie,TV-Y,2020,2021-01-01
s1453,Gimme Shelter,Movie,PG-13,2013,2021-01-01
s1454,Good Burger,Movie,PG,1997,2021-01-01
s1455,Good Hair,Movie,PG-13,2009,2021-01-01
s1456,Headspace Guide to Meditation,TV Show,TV-G,2021,2021-01-01
s1457,Into the Wild,Movie,R,2007,2021-01-01
s1458,Jenni Rivera: Mariposa de Barrio,TV Show,TV-MA,2017,2021-01-01
s1459,London Heist,Movie,R,2017,2021-01-01
s1460,Mean Girls 2,Movie,PG-13,2011,2021-01-01
s1461,Monarca,TV Show,TV-MA,2021,2021-01-01
s1462,Mystic Pizza,Movie,R,1988,2021-01-01
s1463,Running Man,TV Show,TV-Y7,2020,2021-01-01
s1464,The Cat in the Hat Knows a Lot About That!,TV Show,TV-Y,2014,2021-01-01
s1465,The Creative Brain,Movie,TV-14,2019,2021-01-01
s1466,The Haunted Hathaways,TV Show,TV-G,2013,2021-01-01
s1467,The Minimalists: Less Is Now,Movie,TV-14,2021,2021-01-01
s1468,Unknown,Movie,PG-13,2011,2021-01-01
s1469,What Happened to Mr. Cha?,Movie,TV-MA,2021,2021-01-01
s1470,What's Eating Gilbert Grape,Movie,PG-13,1993,2021-01-01
s1471,Alaska Is a Drag,Movie,TV-MA,2017,2020-12-31
s1472,Best of Stand-Up 2020,Movie,TV-MA,2020,2020-12-31
s1473,Bobby Jasoos,Movie,TV-14,2014,2020-12-31
s1474,Chilling Adventures of Sabrina,TV Show,TV-14,2020,2020-12-31
s1475,Tarung Sarung,Movie,TV-PG,2020,2020-12-31
s1476,Too Handsome to Handle,Movie,TV-14,2019,2020-12-31
s1477,Best Leftovers Ever!,TV Show,TV-G,2020,2020-12-30
s1478,Dare Me,TV Show,TV-MA,2019,2020-12-30
s1479,Equinox,TV Show,TV-MA,2020,2020-12-30
s1480,SanPa: Sins of the Savior,TV Show,TV-MA,2020,2020-12-30
s1481,Still Game,TV Show,TV-14,2018,2020-12-30
s1482,The Rope Curse 2,Movie,TV-MA,2020,2020-12-30
s1483,Transformers: War for Cybertron: Earthrise,TV Show,TV-Y7,2020,2020-12-30
s1484,A Love So Beautiful,TV Show,TV-PG,2020,2020-12-28
s1485,Cops and Robbers,Movie,PG-13,2020,2020-12-28
s1486,Rango,Movie,PG,2011,2020-12-28
s1487,Death to 2020,Movie,TV-MA,2020,2020-12-27
s1488,Sakho & Mangane,TV Show,TV-MA,2019,2020-12-27
s1489,DNA,Movie,TV-MA,2020,2020-12-26
s1490,Regiment Diaries,TV Show,TV-PG,2020,2020-12-26
s1491,The Magic School Bus Rides Again In the Zone,Movie,TV-Y,2020,2020-12-26
s1492,AK vs AK,Movie,TV-MA,2020,2020-12-25
s1493,Bridgerton,TV Show,TV-MA,2020,2020-12-25
s1494,Isa Pa with Feelings,Movie,TV-G,2019,2020-12-25
s1495,We Can Be Heroes,Movie,PG,2020,2020-12-25
s1496,Bridezilla,Movie,TV-MA,2019,2020-12-24
s1497,Cemara's Family,Movie,TV-G,2018,2020-12-24
s1498,"Hello, Love, Goodbye",Movie,TV-14,2019,2020-12-24
s1499,The History of Future Folk,Movie,TV-14,2012,2020-12-23
s1500,The Midnight Sky,Movie,PG-13,2020,2020-12-23
s1501,Your Name Engraved Herein,Movie,TV-MA,2020,2020-12-23
s1502,After We Collided,Movie,R,2020,2020-12-22
s1503,London Hughes: To Catch a D*ck,Movie,TV-MA,2020,2020-12-22
s1504,Lovestruck in the City,TV Show,TV-14,2020,2020-12-22
s1505,QLIMAX THE SOURCE,Movie,TV-14,2020,2020-12-22
s1506,Rhyme Time Town Singalongs,TV Show,TV-Y,2020,2020-12-22
s1507,Shaun the Sheep,TV Show,TV-Y,2016,2020-12-22
s1508,Shaun the Sheep: The Farmer’s Llamas,Movie,TV-Y,2020,2020-12-22
s1509,Timmy Time,TV Show,TV-Y,2010,2020-12-22
s1510,"Ariana grande: excuse me, i love you",Movie,TV-MA,2020,2020-12-21
s1511,The Con Is On,Movie,R,2018,2020-12-21
s1512,Mohamed Hussein,Movie,TV-14,2019,2020-12-20
s1513,Rhys Nicholson Live at the Athenaeum,Movie,TV-MA,2020,2020-12-20
s1514,Atlas Shrugged: Part II,Movie,PG-13,2012,2020-12-19
s1515,Diamond City,TV Show,TV-MA,2019,2020-12-18
s1516,Guest House,Movie,R,2020,2020-12-18
s1517,Home for Christmas,TV Show,TV-MA,2020,2020-12-18
s1518,Ma Rainey's Black Bottom,Movie,R,2020,2020-12-18
s1519,Ma Rainey's Black Bottom: A Legacy Brought to Screen,Movie,TV-PG,2020,2020-12-18
s1520,Mukhsin,Movie,TV-PG,2006,2020-12-18
s1521,Paava Kadhaigal,TV Show,TV-MA,2020,2020-12-18
s1522,Rabun,Movie,TV-PG,2004,2020-12-18
s1523,Talentime,Movie,TV-14,2009,2020-12-18
s1524,An Unremarkable Christmas,Movie,TV-14,2020,2020-12-17
s1525,Braven,Movie,R,2018,2020-12-17
s1526,Eggnoid: Love & Time Portal,Movie,TV-14,2019,2020-12-17
s1527,Love You to the Stars and Back,Movie,TV-14,2017,2020-12-17
s1528,Morphle,TV Show,TV-Y,2020,2020-12-17
s1529,Run On,TV Show,TV-MA,2020,2020-12-17
s1530,Sakaling Maging Tayo,Movie,TV-14,2019,2020-12-17
s1531,Schulz Saves America,TV Show,TV-MA,2020,2020-12-17
s1532,The Wedding Shaman,Movie,TV-PG,2019,2020-12-17
s1533,Anitta: Made In Honório,TV Show,TV-MA,2020,2020-12-16
s1534,BREAK IT ALL: The History of Rock in Latin America,TV Show,TV-MA,2020,2020-12-16
s1535,Bwakaw,Movie,TV-MA,2012,2020-12-16
s1536,How To Ruin Christmas,TV Show,TV-MA,2020,2020-12-16
s1537,Incarnate,Movie,PG-13,2016,2020-12-16
s1538,Lee Daniels' The Butler,Movie,PG-13,2013,2020-12-16
s1539,Marvel Anime: Wolverine,TV Show,TV-14,2011,2020-12-16
s1540,Marvel Anime: X-Men,TV Show,TV-14,2011,2020-12-16
s1541,Nocturnal Animals,Movie,R,2016,2020-12-16
s1542,The Ripper,TV Show,TV-MA,2020,2020-12-16
s1543,Vir Das: Outside In - The Lockdown Special,Movie,TV-MA,2020,2020-12-16
s1544,Black Ink Crew New York,TV Show,TV-14,2014,2020-12-15
s1545,Grizzlies,Movie,R,2018,2020-12-15
s1546,Pup Academy,TV Show,TV-Y,2020,2020-12-15
s1547,Song Exploder,TV Show,TV-MA,2020,2020-12-15
s1548,Teen Mom 2,TV Show,TV-14,2011,2020-12-15
s1549,The Challenge,TV Show,TV-14,2006,2020-12-15
s1550,The Professor and the Madman,Movie,TV-14,2019,2020-12-15
s1551,A California Christmas,Movie,PG-13,2020,2020-12-14
s1552,Hilda,TV Show,TV-Y7,2021,2020-12-14
s1553,Tiny Pretty Things,TV Show,TV-MA,2020,2020-12-14
s1554,The Netflix Afterparty: The Best Shows of The Worst Year,Movie,TV-MA,2020,2020-12-13
s1555,Children of Adam,TV Show,TV-14,2020,2020-12-12
s1556,Grizzy et les Lemmings,TV Show,TV-Y,2018,2020-12-12
s1557,A Trash Truck Christmas,Movie,TV-Y,2020,2020-12-11
s1558,Canvas,Movie,G,2020,2020-12-11
s1559,Giving Voice,Movie,PG-13,2020,2020-12-11
s1560,The Mess You Leave Behind,TV Show,TV-MA,2020,2020-12-11
s1561,The Prom,Movie,PG-13,2020,2020-12-11
s1562,Torbaaz,Movie,TV-MA,2020,2020-12-11
s1563,Alice in Borderland,TV Show,TV-MA,2020,2020-12-10
s1564,Funny Boy,Movie,TV-MA,2020,2020-12-10
s1565,Futmalls.com,TV Show,TV-14,2020,2020-12-10
s1566,Just The Way You Are,Movie,TV-G,2016,2020-12-10
s1567,She's the One,Movie,TV-14,2013,2020-12-10
s1568,The Panti Sisters,Movie,TV-MA,2019,2020-12-10
s1569,"Kalel, 15",Movie,TV-MA,2019,2020-12-09
s1570,Masameer Classics,TV Show,TV-14,2013,2020-12-09
s1571,Once Upon a Time,TV Show,TV-14,2019,2020-12-09
s1572,Rose Island,Movie,TV-14,2020,2020-12-09
s1573,The Big Show Show,TV Show,TV-G,2020,2020-12-09
s1574,The Expanding Universe of Ashley Garcia,TV Show,TV-PG,2020,2020-12-09
s1575,The Surgeon's Cut,TV Show,TV-14,2020,2020-12-09
s1576,André & his olive tree,Movie,TV-PG,2020,2020-12-08
s1577,Bobbleheads The Movie,Movie,PG,2020,2020-12-08
s1578,Emicida: AmarElo - It’s All For Yesterday,Movie,TV-MA,2020,2020-12-08
s1579,Juman,TV Show,TV-PG,2019,2020-12-08
s1580,Mr. Iglesias,TV Show,TV-14,2020,2020-12-08
s1581,Spirit Riding Free: Ride Along Adventure,Movie,TV-Y7,2020,2020-12-08
s1582,Super Monsters: Santa’s Super Monster Helpers,Movie,TV-Y,2020,2020-12-08
s1583,Triple 9,Movie,R,2016,2020-12-08
s1584,100 Days My Prince,TV Show,TV-14,2018,2020-12-07
s1585,Ava,Movie,R,2020,2020-12-07
s1586,Manhunt: Deadly Games,TV Show,TV-14,2020,2020-12-07
s1587,Room 2806: The Accusation,TV Show,TV-MA,2020,2020-12-07
s1588,Detention,TV Show,TV-MA,2020,2020-12-05
s1589,Mighty Express: A Mighty Christmas,Movie,TV-Y,2020,2020-12-05
s1590,Bhaag Beanie Bhaag,TV Show,TV-MA,2020,2020-12-04
s1591,Big Mouth,TV Show,TV-MA,2020,2020-12-04
s1592,Captain Underpants Mega Blissmas,Movie,TV-Y7,2020,2020-12-04
s1593,Christmas Crossfire,Movie,TV-MA,2020,2020-12-04
s1594,Kings of Jo'Burg,TV Show,TV-MA,2020,2020-12-04
s1595,Leyla Everlasting,Movie,TV-MA,2020,2020-12-04
s1596,MANK,Movie,R,2020,2020-12-04
s1597,The Great British Baking Show: Holidays,TV Show,TV-MA,2020,2020-12-04
s1598,You Are My Home,Movie,TV-PG,2020,2020-12-04
s1599,Between Maybes,Movie,TV-14,2019,2020-12-03
s1600,Break,Movie,TV-MA,2018,2020-12-03
s1601,Chico Bon Bon and the Very Berry Holiday,Movie,TV-Y,2020,2020-12-03
s1602,Just Another Christmas,Movie,TV-MA,2020,2020-12-03
s1603,Must Be... Love,Movie,TV-14,2013,2020-12-03
s1604,Alien Worlds,TV Show,TV-PG,2020,2020-12-02
s1605,Ari Eldjárn: Pardon My Icelandic,Movie,TV-MA,2020,2020-12-02
s1606,Check The Store Next Door: The Next Chapter,TV Show,TV-14,2020,2020-12-02
s1607,Fierce,Movie,TV-MA,2020,2020-12-02
s1608,Hazel Brugger: Tropical,Movie,TV-MA,2020,2020-12-02
s1609,3 Days to Kill,Movie,PG-13,2014,2020-12-01
s1610,Angela's Christmas Wish,Movie,TV-Y,2020,2020-12-01
s1611,Angels & Demons,Movie,PG-13,2009,2020-12-01
s1612,Are You The One,TV Show,TV-14,2014,2020-12-01
s1613,Chef,Movie,R,2014,2020-12-01
s1614,Effie Gray,Movie,PG-13,2014,2020-12-01
s1615,Gormiti,TV Show,TV-Y,2018,2020-12-01
s1616,Ink Master,TV Show,TV-14,2012,2020-12-01
s1617,Monster House,Movie,PG,2006,2020-12-01
s1618,Natalie Palamides: Nate - A One Man Show,Movie,TV-MA,2020,2020-12-01
s1619,Octonauts,TV Show,TV-Y,2015,2020-12-01
s1620,Oddbods,TV Show,TV-Y,2017,2020-12-01
s1621,Peppermint,Movie,R,2018,2020-12-01
s1622,Quigley Down Under,Movie,PG-13,1990,2020-12-01
s1623,Stargate SG-1,TV Show,TV-MA,2006,2020-12-01
s1624,The Bachelorette,TV Show,TV-14,2010,2020-12-01
s1625,The Da Vinci Code,Movie,PG-13,2006,2020-12-01
s1626,The Guest,TV Show,TV-14,2018,2020-12-01
s1627,The Happytime Murders,Movie,R,2018,2020-12-01
s1628,The Holiday Movies That Made Us,TV Show,TV-PG,2020,2020-12-01
s1629,The Repair Shop,TV Show,TV-PG,2018,2020-12-01
s1630,U-Turn,Movie,TV-MA,2020,2020-12-01
s1631,Finding Agnes,Movie,TV-PG,2020,2020-11-30
s1632,Rust Creek,Movie,R,2018,2020-11-30
s1633,Spookley and the Christmas Kittens,Movie,TV-Y,2019,2020-11-30
s1634,The 2nd,Movie,TV-MA,2020,2020-11-30
s1635,The Uncanny Counter,TV Show,TV-14,2020,2020-11-29
s1636,A Go! Go! Cory Carson Christmas,Movie,TV-Y,2020,2020-11-27
s1637,Dance Dreams: Hot Chocolate Nutcracker,Movie,TV-PG,2020,2020-11-27
s1638,Don’t Listen,Movie,TV-MA,2020,2020-11-27
s1639,Fabulous Lives of Bollywood Wives,TV Show,TV-MA,2020,2020-11-27
s1640,Heartbreak High,TV Show,TV-14,1999,2020-11-27
s1641,Over Christmas,TV Show,TV-MA,2020,2020-11-27
s1642,Sugar Rush Christmas,TV Show,TV-14,2020,2020-11-27
s1643,The Beast,Movie,TV-MA,2020,2020-11-27
s1644,The Call,Movie,TV-MA,2020,2020-11-27
s1645,Fantastica,Movie,TV-PG,2018,2020-11-26
s1646,Larry the Cable Guy: Remain Seated,Movie,TV-14,2020,2020-11-26
s1647,Mosul,Movie,TV-MA,2020,2020-11-26
s1648,Unexpectedly Yours,Movie,TV-14,2017,2020-11-26
s1649,Ghosts of War,Movie,R,2020,2020-11-25
s1650,Great Pretender,TV Show,TV-MA,2020,2020-11-25
s1651,Shawn Mendes: Live in Concert,Movie,TV-PG,2020,2020-11-25
s1652,The Christmas Chronicles: Part Two,Movie,PG,2020,2020-11-25
s1653,Andhaghaaram,Movie,TV-14,2020,2020-11-24
s1654,Andhakaaram,Movie,TV-14,2020,2020-11-24
s1655,Before 30,TV Show,TV-MA,2015,2020-11-24
s1656,Dragons: Rescue Riders: Huttsgalor Holiday,Movie,TV-Y,2020,2020-11-24
s1657,Hillbilly Elegy,Movie,R,2020,2020-11-24
s1658,Notes for My Son,Movie,TV-MA,2020,2020-11-24
s1659,Valentino,TV Show,TV-14,2020,2020-11-24
s1660,Hard Kill,Movie,R,2020,2020-11-23
s1661,Shawn Mendes: In Wonder,Movie,TV-MA,2020,2020-11-23
s1662,Strongest Deliveryman,TV Show,TV-MA,2017,2020-11-23
s1663,The Suit,Movie,TV-14,2018,2020-11-23
s1664,Dolly Parton’s Christmas on the Square,Movie,TV-PG,2020,2020-11-22
s1665,Machete Kills,Movie,R,2013,2020-11-22
s1666,40 Sticks,Movie,TV-14,2019,2020-11-20
s1667,Alien Xmas,Movie,TV-Y,2020,2020-11-20
s1668,Flavorful Origins,TV Show,TV-G,2020,2020-11-20
s1669,Heart & Soul,TV Show,TV-14,2019,2020-11-20
s1670,If Anything Happens I Love You,Movie,PG,2020,2020-11-20
s1671,Mismatched,TV Show,TV-MA,2020,2020-11-20
s1672,The App That Stole Christmas,Movie,TV-PG,2020,2020-11-20
s1673,Voices of Fire,TV Show,TV-PG,2020,2020-11-20
s1674,Black Friday,Movie,TV-MA,2004,2020-11-19
s1675,Bodyguard,Movie,TV-14,2011,2020-11-19
s1676,Break Ke Baad,Movie,TV-14,2010,2020-11-19
s1677,Hawaizaada,Movie,TV-14,2015,2020-11-19
s1678,My Amnesia Girl,Movie,TV-14,2010,2020-11-19
s1679,Raman Raghav 2.0,Movie,TV-MA,2016,2020-11-19
s1680,Singham,Movie,TV-14,2011,2020-11-19
s1681,TE3N,Movie,TV-14,2016,2020-11-19
s1682,The Princess Switch: Switched Again,Movie,TV-G,2020,2020-11-19
s1683,Three Words to Forever,Movie,TV-G,2018,2020-11-19
s1684,Well Done Abba,Movie,TV-14,2009,2020-11-19
s1685,Holiday Home Makeover with Mr. Christmas,TV Show,TV-G,2020,2020-11-18
s1686,Ainu Mosir,Movie,TV-PG,2020,2020-11-17
s1687,Kevin Hart: Zero F**ks Given,Movie,TV-MA,2020,2020-11-17
s1688,The Boss Baby: Back in Business,TV Show,TV-Y7,2020,2020-11-17
s1689,We Are the Champions,TV Show,TV-MA,2020,2020-11-17
s1690,Loving,Movie,PG-13,2016,2020-11-16
s1691,Whose Streets?,Movie,R,2017,2020-11-16
s1692,A Very Country Christmas,Movie,TV-G,2017,2020-11-15
s1693,America's Next Top Model,TV Show,TV-14,2013,2020-11-15
s1694,Beyblade Burst Rise,TV Show,TV-Y,2019,2020-11-15
s1695,Cloudy with a Chance of Meatballs 2,Movie,PG,2013,2020-11-15
s1696,Hometown Holiday,Movie,TV-G,2018,2020-11-15
s1697,Polly Pocket,TV Show,TV-Y,2021,2020-11-15
s1698,Survivor,TV Show,TV-14,2014,2020-11-15
s1699,The Crown,TV Show,TV-MA,2020,2020-11-15
s1700,White Christmas,Movie,TV-G,1954,2020-11-15
s1701,Killer Cove,Movie,TV-14,2019,2020-11-14
s1702,American Horror Story,TV Show,TV-MA,2019,2020-11-13
s1703,Fukrey Boyzzz: Space Mein Fukrapanti,Movie,TV-Y7,2020,2020-11-13
s1704,Jingle Jangle: A Christmas Journey,Movie,PG,2020,2020-11-13
s1705,The Beginning of Life 2: Outside,Movie,TV-PG,2020,2020-11-13
s1706,The Life Ahead,Movie,PG-13,2020,2020-11-13
s1707,The Minions of Midas,TV Show,TV-MA,2020,2020-11-13
s1708,A Very Special Love,Movie,TV-G,2008,2020-11-12
s1709,Ethos,TV Show,TV-MA,2020,2020-11-12
s1710,First Love,Movie,TV-MA,2018,2020-11-12
s1711,Fruitvale Station,Movie,R,2013,2020-11-12
s1712,Graceful Friends,TV Show,TV-MA,2020,2020-11-12
s1713,Ludo,Movie,TV-MA,2020,2020-11-12
s1714,Memories of a Teenager,Movie,TV-MA,2019,2020-11-12
s1715,Prom Night,Movie,PG-13,2008,2020-11-12
s1716,A Queen Is Born,TV Show,TV-14,2020,2020-11-11
s1717,Aunty Donna's Big Ol' House of Fun,TV Show,TV-MA,2020,2020-11-11
s1718,The Liberator,TV Show,TV-MA,2020,2020-11-11
s1719,Trial 4,TV Show,TV-MA,2020,2020-11-11
s1720,We Are All For The Fatherland,Movie,TV-14,1979,2020-11-11
s1721,What We Wanted,Movie,TV-MA,2020,2020-11-11
s1722,A Lion in the House,TV Show,TV-14,2006,2020-11-10
s1723,DASH & LILY,TV Show,TV-14,2020,2020-11-10
s1724,Bakugan: Armored Alliance,TV Show,TV-Y7,2020,2020-11-06
s1725,Bakugan: Battle Planet,TV Show,TV-PG,2018,2020-11-06
s1726,Citation,Movie,TV-MA,2020,2020-11-06
s1727,Country Ever After,TV Show,TV-PG,2020,2020-11-06
s1728,Girl's Revenge,Movie,TV-MA,2020,2020-11-06
s1729,The Endless Trench,Movie,TV-MA,2019,2020-11-06
s1730,The Late Bloomer,Movie,R,2016,2020-11-06
s1731,Wrong Kind of Black,TV Show,TV-MA,2018,2020-11-06
s1732,A New York Christmas Wedding,Movie,TV-MA,2020,2020-11-05
s1733,Alone/Together,Movie,TV-14,2019,2020-11-05
s1734,Carmel: Who Killed Maria Marta?,TV Show,TV-14,2020,2020-11-05
s1735,Midnight at the Magnolia,Movie,TV-G,2020,2020-11-05
s1736,One More Try,Movie,TV-14,2012,2020-11-05
s1737,Operation Christmas Drop,Movie,TV-G,2020,2020-11-05
s1738,Paranormal,TV Show,TV-14,2020,2020-11-05
s1739,A Christmas Catch,Movie,TV-G,2018,2020-11-04
s1740,Christmas with a Prince,Movie,TV-PG,2018,2020-11-04
s1741,Love & Anarchy,TV Show,TV-MA,2020,2020-11-04
s1742,Miss India,Movie,TV-PG,2020,2020-11-04
s1743,Felix Lobrecht: Hype,Movie,TV-MA,2020,2020-11-03
s1744,MOTHER,Movie,TV-14,2020,2020-11-03
s1745,The Beginning of Life,Movie,TV-PG,2016,2020-11-03
s1746,Ya no estoy aquí: Una conversación entre Guillermo del Toro y Alfonso Cuarón,Movie,TV-PG,2020,2020-11-03
s1747,Can You Hear Me?,TV Show,TV-MA,2020,2020-11-02
s1748,Prospect,Movie,R,2018,2020-11-02
s1749,60 Days In,TV Show,TV-MA,2019,2020-11-01
s1750,Christmas Break-In,Movie,TV-PG,2019,2020-11-01
s1751,Dawson's Creek,TV Show,TV-14,2002,2020-11-01
s1752,Elf Pets: A Fox Cub’s Christmas Tale,Movie,TV-Y,2020,2020-11-01
s1753,Elf Pets: Santa’s Reindeer Rescue,Movie,TV-Y,2020,2020-11-01
s1754,Elliot the Littlest Reindeer,Movie,PG,2018,2020-11-01
s1755,Forged in Fire,TV Show,TV-14,2019,2020-11-01
s1756,Leah Remini: Scientology and the Aftermath,TV Show,TV-14,2018,2020-11-01
s1757,LEGO Jurassic World: Legend of Isla Nublar,TV Show,TV-Y,2019,2020-11-01
s1758,LEGO Jurassic World: Secret Exhibit,TV Show,TV-Y,2018,2020-11-01
s1759,LEGO Ninjago,TV Show,TV-Y7,2020,2020-11-01
s1760,LEGO Ninjago: Masters of Spinjitzu,TV Show,TV-Y7,2019,2020-11-01
s1761,LEGO: CITY Adventures,TV Show,TV-Y,2019,2020-11-01
s1762,Little Monsters,Movie,PG,1989,2020-11-01
s1763,Mile 22,Movie,R,2018,2020-11-01
s1764,Piercing,Movie,R,2018,2020-11-01
s1765,Snowden,Movie,R,2016,2020-11-01
s1766,The Garfield Show,TV Show,TV-Y,2018,2020-11-01
s1767,The Good Detective,TV Show,TV-MA,2020,2020-11-01
s1768,The Impossible,Movie,PG-13,2012,2020-11-01
s1769,The Next Karate Kid,Movie,PG,1994,2020-11-01
s1770,Voice,TV Show,TV-14,2018,2020-11-01
s1771,Wheels of Fortune,Movie,R,2020,2020-11-01
s1772,Afronta! Facing It!,TV Show,TV-PG,2017,2020-10-31
s1773,The 12th Man,Movie,TV-MA,2018,2020-10-31
s1774,Zumbo's Just Desserts,TV Show,TV-PG,2019,2020-10-31
s1775,Hidden in Plain Sight,Movie,TV-14,2019,2020-10-30
s1776,His House,Movie,TV-14,2020,2020-10-30
s1777,In Line,Movie,TV-14,2017,2020-10-30
s1778,Kaali Khuhi,Movie,TV-14,2020,2020-10-30
s1779,Kongsuni and Friends,TV Show,TV-Y,2020,2020-10-30
s1780,Marvel's Agents of S.H.I.E.L.D.,TV Show,TV-14,2020,2020-10-30
s1781,Rogue City,Movie,TV-MA,2020,2020-10-30
s1782,Somebody Feed Phil,TV Show,TV-14,2020,2020-10-30
s1783,Suburra: Blood on Rome,TV Show,TV-MA,2020,2020-10-30
s1784,The Day of the Lord,Movie,TV-MA,2020,2020-10-30
s1785,Pagpag: Nine Lives,Movie,TV-14,2013,2020-10-29
s1786,Holidate,Movie,TV-MA,2020,2020-10-28
s1787,La Gran Ilusión,Movie,TV-14,2016,2020-10-28
s1788,Metallica Through The Never,Movie,R,2013,2020-10-28
s1789,Nobody Sleeps in the Woods Tonight,Movie,TV-MA,2020,2020-10-28
s1790,Secrets of the Saqqara Tomb,Movie,TV-PG,2020,2020-10-28
s1791,Blood of Zeus,TV Show,TV-MA,2020,2020-10-27
s1792,Chico Bon Bon: Monkey with a Tool Belt,TV Show,TV-Y,2020,2020-10-27
s1793,Guillermo Vilas: Settling the Score,Movie,TV-14,2020,2020-10-27
s1794,Sarah Cooper: Everything's Fine,Movie,TV-MA,2020,2020-10-27
s1795,The Devil Punisher,TV Show,TV-14,2020,2020-10-26
s1796,Ajab Prem Ki Ghazab Kahani,Movie,TV-14,2009,2020-10-25
s1797,Black '47,Movie,R,2018,2020-10-24
s1798,I Am Woman,Movie,TV-MA,2019,2020-10-24
s1799,Alice Junior,Movie,TV-MA,2019,2020-10-23
s1800,Barbarians,TV Show,TV-MA,2020,2020-10-23
s1801,Move,TV Show,TV-MA,2020,2020-10-23
s1802,Over the Moon,Movie,PG,2020,2020-10-23
s1803,Shattered Memories,Movie,TV-14,2018,2020-10-23
s1804,Stolen Away,TV Show,TV-MA,2020,2020-10-23
s1805,The Queen's Gambit,TV Show,TV-MA,2020,2020-10-23
s1806,Bending the Arc,Movie,TV-MA,2017,2020-10-22
s1807,Cadaver,Movie,TV-MA,2020,2020-10-22
s1808,Exes Baggage,Movie,TV-MA,2018,2020-10-22
s1809,Fisherman's Friends,Movie,PG-13,2019,2020-10-22
s1810,The Hows of Us,Movie,TV-14,2018,2020-10-22
s1811,The Hummingbird Project,Movie,R,2018,2020-10-22
s1812,"Yes, God, Yes",Movie,R,2020,2020-10-22
s1813,Brave Blue World: Racing to Solve Our Water Crisis,Movie,TV-PG,2020,2020-10-21
s1814,My Next Guest Needs No Introduction With David Letterman,TV Show,TV-MA,2020,2020-10-21
s1815,Rebecca,Movie,PG-13,2020,2020-10-21
s1816,The Magic School Bus Rides Again The Frizz Connection,Movie,TV-Y,2020,2020-10-20
s1817,Tremors: Shrieker Island,Movie,PG-13,2020,2020-10-20
s1818,Beirut Oh Beirut,Movie,TV-14,1975,2020-10-19
s1819,Bosta,Movie,TV-14,2005,2020-10-19
s1820,Ghadi,Movie,TV-MA,2013,2020-10-19
s1821,Heritages,Movie,TV-14,2014,2020-10-19
s1822,Listen,Movie,TV-MA,2017,2020-10-19
s1823,Out of Life,Movie,TV-MA,1991,2020-10-19
s1824,Panoptic,Movie,TV-MA,2017,2020-10-19
s1825,Taxi Ballad,Movie,TV-MA,2012,2020-10-19
s1826,The Kite,Movie,TV-MA,2003,2020-10-19
s1827,The Little Wars,Movie,TV-14,1982,2020-10-19
s1828,Under the Bombs,Movie,TV-MA,2007,2020-10-19
s1829,Unsolved Mysteries,TV Show,TV-MA,2020,2020-10-19
s1830,West Beirut,Movie,TV-MA,1999,2020-10-19
s1831,What Did I Mess,Movie,TV-14,2018,2020-10-19
s1832,Whispers,Movie,TV-14,1980,2020-10-19
s1833,Zozo,Movie,TV-MA,2005,2020-10-19
s1834,ParaNorman,Movie,PG,2012,2020-10-18
s1835,Start-Up,TV Show,TV-14,2020,2020-10-18
s1836,I Am Vengeance: Retaliation,Movie,R,2020,2020-10-17
s1837,Disconnect,Movie,TV-MA,2018,2020-10-16
s1838,Grand Army,TV Show,TV-MA,2020,2020-10-16
s1839,In a Valley of Violence,Movie,R,2016,2020-10-16
s1840,La Révolution,TV Show,TV-MA,2020,2020-10-16
s1841,Someone Has to Die,TV Show,TV-MA,2020,2020-10-16
s1842,The Last Kids on Earth,TV Show,TV-Y7,2020,2020-10-16
s1843,The Trial of the Chicago 7,Movie,R,2020,2020-10-16
s1844,Unfriended,Movie,R,2014,2020-10-16
s1845,A Babysitter's Guide to Monster Hunting,Movie,TV-PG,2020,2020-10-15
s1846,Batman: The Killing Joke,Movie,R,2016,2020-10-15
s1847,El-Khawaga's Dilemma,Movie,TV-14,2018,2020-10-15
s1848,Fireman Sam,TV Show,TV-Y,2018,2020-10-15
s1849,Half & Half,TV Show,TV-14,2005,2020-10-15
s1850,Kartini: Princess of Java,Movie,TV-PG,2017,2020-10-15
s1851,Love Like the Falling Rain,Movie,TV-14,2020,2020-10-15
s1852,One on One,TV Show,TV-14,2006,2020-10-15
s1853,Power Rangers Beast Morphers,TV Show,TV-Y7,2020,2020-10-15
s1854,Rooting for Roona,Movie,TV-PG,2020,2020-10-15
s1855,Social Distance,TV Show,TV-MA,2020,2020-10-15
s1856,A Choo,Movie,TV-14,2020,2020-10-14
s1857,BLACKPINK: Light Up the Sky,Movie,TV-14,2020,2020-10-14
s1858,The Three Deaths of Marisela Escobedo,Movie,TV-MA,2020,2020-10-14
s1859,Fida,Movie,TV-14,2004,2020-10-13
s1860,Octonauts & the Great Barrier Reef,Movie,TV-Y,2020,2020-10-13
s1861,The Cabin with Bert Kreischer,TV Show,TV-MA,2020,2020-10-13
s1862,Dil,Movie,TV-14,1990,2020-10-12
s1863,Disco Dancer,Movie,TV-14,1982,2020-10-12
s1864,Hunterrr,Movie,TV-MA,2015,2020-10-12
s1865,Kipo and the Age of Wonderbeasts,TV Show,TV-Y7,2020,2020-10-12
s1866,Phir Hera Pheri,Movie,TV-14,2006,2020-10-12
s1867,The Legend of Bhagat Singh,Movie,TV-14,2002,2020-10-12
s1868,House of the Witch,Movie,TV-MA,2017,2020-10-11
s1869,Deaf U,TV Show,TV-MA,2020,2020-10-09
s1870,Ginny Weds Sunny,Movie,TV-MA,2020,2020-10-09
s1871,My Step Dad: The Hippie,Movie,TV-MA,2018,2020-10-09
s1872,Super Monsters: Dia de los Monsters,Movie,TV-Y,2020,2020-10-09
s1873,The Forty-Year-Old Version,Movie,R,2020,2020-10-09
s1874,The Haunting of Bly Manor,TV Show,TV-MA,2020,2020-10-09
s1875,Bigflo & Oli: Hip Hop Frenzy,Movie,TV-MA,2020,2020-10-08
s1876,Do Do Sol Sol La La Sol,TV Show,TV-14,2020,2020-10-08
s1877,Palermo Hollywood,Movie,TV-MA,2004,2020-10-08
s1878,Private Lives,TV Show,TV-14,2020,2020-10-08
s1879,The 100,TV Show,TV-MA,2020,2020-10-08
s1880,Hubie Halloween,Movie,PG-13,2020,2020-10-07
s1881,To the Lake,TV Show,TV-MA,2020,2020-10-07
s1882,American Pie 9: Girls' Rules,Movie,R,2020,2020-10-06
s1883,Dolly Parton: Here I Am,Movie,TV-14,2019,2020-10-06
s1884,StarBeam: Halloween Hero,Movie,TV-Y,2020,2020-10-06
s1885,Walk Away from Love,Movie,TV-14,2017,2020-10-06
s1886,Bad Boy Billionaires: India,TV Show,TV-14,2020,2020-10-05
s1887,David Attenborough: A Life on Our Planet,Movie,PG,2020,2020-10-04
s1888,"Best Wishes, Warmest Regards: A Schitt's Creek Farewell",Movie,TV-MA,2020,2020-10-03
s1889,Good Game: The Beginning,Movie,TV-14,2018,2020-10-03
s1890,Pat a Pat Como,TV Show,TV-Y,2016,2020-10-03
s1891,Qurious Como,TV Show,TV-Y,2017,2020-10-03
s1892,A Chaster Marriage,Movie,TV-14,2016,2020-10-02
s1893,A Go! Go! Cory Carson Halloween,Movie,TV-Y,2020,2020-10-02
s1894,DreamWorks Happy Holidays from Madagascar,TV Show,TV-PG,2005,2020-10-02
s1895,Emily in Paris,TV Show,TV-MA,2020,2020-10-02
s1896,H2O: Just Add Water,TV Show,TV-PG,2009,2020-10-02
s1897,Òlòtūré,Movie,TV-MA,2020,2020-10-02
s1898,Serious Men,Movie,TV-MA,2020,2020-10-02
s1899,The Binding,Movie,TV-MA,2020,2020-10-02
s1900,Turkish Dance School,Movie,TV-MA,2017,2020-10-02
s1901,Vampires vs. the Bronx,Movie,PG-13,2020,2020-10-02
s1902,You've Got This,Movie,TV-MA,2020,2020-10-02
s1903,All Because of You,Movie,TV-PG,2020,2020-10-01
s1904,An Ordinary Man,Movie,R,2017,2020-10-01
s1905,Carlos Almaraz: Playing with Fire,Movie,TV-14,2019,2020-10-01
s1906,Cold Harbour,Movie,TV-MA,2013,2020-10-01
s1907,Evil,TV Show,TV-14,2019,2020-10-01
s1908,Familiar Wife,TV Show,TV-MA,2018,2020-10-01
s1909,Food Wars!: Shokugeki no Soma,TV Show,TV-MA,2016,2020-10-01
s1910,Free State of Jones,Movie,R,2016,2020-10-01
s1911,"Good Morning, Verônica",TV Show,TV-MA,2020,2020-10-01
s1912,Human Nature,Movie,TV-14,2019,2020-10-01
s1913,Hunt for the Wilderpeople,Movie,PG-13,2016,2020-10-01
s1914,I'm Leaving Now,Movie,TV-MA,2019,2020-10-01
s1915,Journey of an African Colony,TV Show,TV-MA,2018,2020-10-01
s1916,Oktoberfest: Beer & Blood,TV Show,TV-MA,2020,2020-10-01
s1917,Rize,Movie,PG-13,2005,2020-10-01
s1918,Secreto bien guardado,TV Show,TV-MA,2019,2020-10-01
s1919,Sword Art Online,TV Show,TV-MA,2018,2020-10-01
s1920,The American Game,Movie,TV-PG,2019,2020-10-01
s1921,The Book of Sun,Movie,TV-14,2020,2020-10-01
s1922,The Outpost,Movie,R,2020,2020-10-01
s1923,The Parkers,TV Show,TV-PG,2003,2020-10-01
s1924,The Unicorn,TV Show,TV-14,2019,2020-10-01
s1925,We Have Always Lived in the Castle,Movie,TV-14,2018,2020-10-01
s1926,You Cannot Hide,TV Show,TV-MA,2020,2020-10-01
s1927,American Murder: The Family Next Door,Movie,TV-MA,2020,2020-09-30
s1928,Baxu and the Giants,Movie,TV-PG,2019,2020-09-30
s1929,Black Butler,TV Show,TV-MA,2010,2020-09-30
s1930,Man with a Plan,TV Show,TV-PG,2020,2020-09-30
s1931,Poacher,Movie,TV-MA,2018,2020-09-30
s1932,The Boys in the Band,Movie,R,2020,2020-09-30
s1933,The Boys in the Band: Something Personal,Movie,TV-MA,2020,2020-09-30
s1934,Wentworth,TV Show,TV-MA,2020,2020-09-30
s1935,Bully,Movie,PG-13,2012,2020-09-29
s1936,Michelle Buteau: Welcome to Buteaupia,Movie,TV-MA,2020,2020-09-29
s1937,Welcome to Sudden Death,Movie,R,2020,2020-09-29
s1938,Amandla! A Revolution in Four Part Harmony,Movie,PG-13,2002,2020-09-28
s1939,Ankhon Dekhi,Movie,TV-PG,2013,2020-09-28
s1940,Dedh Ishqiya,Movie,TV-14,2014,2020-09-28
s1941,Golmaal Returns,Movie,TV-MA,2008,2020-09-28
s1942,Ishq Vishk,Movie,TV-PG,2003,2020-09-28
s1943,Ishqiya,Movie,TV-14,2009,2020-09-28
s1944,Jab We Met,Movie,TV-14,2007,2020-09-28
s1945,Mann,Movie,TV-14,1999,2020-09-28
s1946,Manorama Six Feet Under,Movie,TV-14,2007,2020-09-28
s1947,Welcome,Movie,TV-PG,2007,2020-09-28
s1948,"Whose Vote Counts, Explained",TV Show,TV-PG,2020,2020-09-28
s1949,Van Helsing,TV Show,TV-MA,2019,2020-09-27
s1950,The Good Place,TV Show,TV-14,2020,2020-09-26
s1951,Time Out,Movie,TV-14,2015,2020-09-26
s1952,A Perfect Crime,TV Show,TV-14,2020,2020-09-25
s1953,Mighty Little Bheem,TV Show,TV-Y,2020,2020-09-25
s1954,My Mother's Wound,Movie,TV-MA,2016,2020-09-25
s1955,Sneakerheads,TV Show,TV-MA,2020,2020-09-25
s1956,The School Nurse Files,TV Show,TV-MA,2020,2020-09-25
s1957,Zulu Man in Japan,Movie,TV-MA,2019,2020-09-25
s1958,Real Steel,Movie,PG-13,2011,2020-09-24
s1959,The Chef Show,TV Show,TV-MA,2020,2020-09-24
s1960,Enola Holmes,Movie,PG-13,2020,2020-09-23
s1961,Kiss the Ground,Movie,TV-G,2020,2020-09-22
s1962,The Playbook,TV Show,TV-MA,2020,2020-09-22
s1963,A Love Song for Latasha,Movie,TV-PG,2020,2020-09-21
s1964,DTC Yukemuri Junjo Hen From High & Low,Movie,TV-PG,2018,2020-09-20
s1965,High & Low The Movie,Movie,TV-MA,2016,2020-09-20
s1966,High & Low The Movie 2 / End of Sky,Movie,TV-MA,2017,2020-09-20
s1967,High & Low The Movie 3 / Final Mission,Movie,TV-MA,2017,2020-09-20
s1968,High & Low The Red Rain,Movie,TV-MA,2016,2020-09-20
s1969,High & Low The Worst,Movie,TV-MA,2019,2020-09-20
s1970,Road To High & Low,Movie,TV-MA,2016,2020-09-20
s1971,The Blue Elephant 2,Movie,TV-MA,2019,2020-09-20
s1972,Bhaji In Problem,Movie,TV-14,2013,2020-09-19
s1973,Black,Movie,TV-14,2015,2020-09-19
s1974,Fukrey Boyzzz,TV Show,TV-Y,2020,2020-09-19
s1975,Saheb Biwi Aur Gangster Returns,Movie,TV-MA,2013,2020-09-19
s1976,Santa Banta Pvt Ltd,Movie,TV-14,2016,2020-09-19
s1977,The Royal Bengal Tiger,Movie,TV-MA,2014,2020-09-19
s1978,Dolly Kitty Aur Woh Chamakte Sitare,Movie,TV-MA,2020,2020-09-18
s1979,Ratched,TV Show,TV-MA,2020,2020-09-18
s1980,The American Barbecue Showdown,TV Show,TV-G,2020,2020-09-18
s1981,The Blacklist,TV Show,TV-14,2019,2020-09-18
s1982,Whipped,Movie,TV-14,2020,2020-09-18
s1983,Anaamika,Movie,TV-14,2014,2020-09-17
s1984,Dragon's Dogma,TV Show,TV-MA,2020,2020-09-17
s1985,GIMS: On the Record,Movie,TV-MA,2020,2020-09-17
s1986,Horrid Henry's Gross Day Out,Movie,TV-Y,2020,2020-09-17
s1987,Nee Enge En Anbe,Movie,TV-14,2014,2020-09-17
s1988,Residue,Movie,TV-MA,2020,2020-09-17
s1989,The Last Word,TV Show,TV-MA,2020,2020-09-17
s1990,Baby,TV Show,TV-MA,2020,2020-09-16
s1991,Challenger,TV Show,TV-14,2020,2020-09-16
s1992,Criminal: UK,TV Show,TV-MA,2020,2020-09-16
s1993,Dr Jason Leong Hashtag Blessed,Movie,TV-MA,2018,2020-09-16
s1994,Signs,TV Show,TV-MA,2020,2020-09-16
s1995,Sing On!,TV Show,TV-PG,2020,2020-09-16
s1996,The Devil All The Time,Movie,R,2020,2020-09-16
s1997,The Paramedic,Movie,TV-MA,2020,2020-09-16
s1998,The Take,Movie,R,2016,2020-09-16
s1999,Call the Midwife,TV Show,TV-MA,2020,2020-09-15
s2000,Hope Frozen: A Quest to Live Twice,Movie,TV-PG,2020,2020-09-15
s2001,Michael McIntyre: Showman,Movie,TV-MA,2020,2020-09-15
s2002,Raising Victor Vargas,Movie,R,2002,2020-09-15
s2003,Taco Chronicles,TV Show,TV-MA,2020,2020-09-15
s2004,The Smurfs 2,Movie,PG,2013,2020-09-15
s2005,Wish Upon a Unicorn,Movie,PG,2020,2020-09-15
s2006,Lara and the Beat,Movie,TV-MA,2018,2020-09-14
s2007,Buddi,TV Show,TV-Y,2020,2020-09-11
s2008,Dad Wanted,Movie,TV-14,2020,2020-09-11
s2009,Family Business,TV Show,TV-MA,2020,2020-09-11
s2010,Girlfriends,TV Show,TV-14,2007,2020-09-11
s2011,How to Train Your Dragon 2,Movie,PG,2014,2020-09-11
s2012,Pets United,Movie,TV-Y7,2020,2020-09-11
s2013,The Barrier,TV Show,TV-MA,2020,2020-09-11
s2014,The Duchess,TV Show,TV-MA,2020,2020-09-11
s2015,Wonho Chung: Live in New York,Movie,TV-14,2014,2020-09-11
s2016,Aapla Manus,Movie,TV-14,2018,2020-09-10
s2017,Ani... Dr. Kashinath Ghanekar,Movie,TV-14,2018,2020-09-10
s2018,Bhai: Vyakti Ki Valli - Poorvardha,Movie,TV-14,2019,2020-09-10
s2019,Bhai: Vyakti Ki Valli - Uttarardh,Movie,TV-PG,2019,2020-09-10
s2020,Cycle,Movie,TV-PG,2018,2020-09-10
s2021,Dhh,Movie,TV-G,2017,2020-09-10
s2022,Greenleaf,TV Show,TV-14,2020,2020-09-10
s2023,Julie and the Phantoms,TV Show,TV-G,2020,2020-09-10
s2024,Kaagar,Movie,TV-MA,2019,2020-09-10
s2025,Night of Knots,Movie,TV-MA,2018,2020-09-10
s2026,PhotoCopy,Movie,TV-14,2016,2020-09-10
s2027,Poshter Girl,Movie,TV-14,2016,2020-09-10
s2028,Satria Heroes: Revenge of the Darkness,Movie,TV-G,2017,2020-09-10
s2029,Son Of Adam,Movie,TV-14,2018,2020-09-10
s2030,The Babysitter: Killer Queen,Movie,TV-MA,2020,2020-09-10
s2031,Cargo,Movie,TV-14,2020,2020-09-09
s2032,Cuties,Movie,TV-MA,2020,2020-09-09
s2033,Get Organized with The Home Edit,TV Show,TV-PG,2020,2020-09-09
s2034,La Línea: Shadow of Narco,TV Show,TV-MA,2020,2020-09-09
s2035,So Much Love to Give,Movie,TV-14,2020,2020-09-09
s2036,The Social Dilemma,Movie,PG-13,2020,2020-09-09
s2037,#Alive,Movie,TV-MA,2020,2020-09-08
s2038,Record of Youth,TV Show,TV-14,2020,2020-09-08
s2039,My Octopus Teacher,Movie,TV-G,2020,2020-09-07
s2040,Toll Booth,Movie,TV-MA,2010,2020-09-07
s2041,Transformers: Cyberverse,TV Show,TV-Y7,2020,2020-09-07
s2042,"Waiting for ""Superman""",Movie,PG,2010,2020-09-07
s2043,Cleverman,TV Show,TV-MA,2017,2020-09-05
s2044,Villain,Movie,R,2020,2020-09-05
s2045,Away,TV Show,TV-14,2020,2020-09-04
s2046,I'm Thinking of Ending Things,Movie,R,2020,2020-09-04
s2047,Kandasamys: The Wedding,Movie,TV-14,2019,2020-09-04
s2048,Spirit Riding Free: Riding Academy,TV Show,TV-Y7,2020,2020-09-04
s2049,The Lost Okoroshi,Movie,TV-MA,2019,2020-09-04
s2050,You're My Boss,Movie,TV-14,2015,2020-09-04
s2051,Afonso Padilha: Classless,Movie,TV-MA,2020,2020-09-03
s2052,Ave Maryam,Movie,TV-PG,2018,2020-09-03
s2053,"Love, Guaranteed",Movie,TV-PG,2020,2020-09-03
s2054,Young Wallander,TV Show,TV-MA,2020,2020-09-03
s2055,Chef's Table: BBQ,TV Show,TV-14,2020,2020-09-02
s2056,Freaks – You're One of Us,Movie,TV-MA,2020,2020-09-02
s2057,Hotel for Dogs,Movie,PG,2009,2020-09-02
s2058,Sky Tour: The Movie,Movie,TV-G,2020,2020-09-02
s2059,The Witcher: A Look Inside the Episodes,TV Show,TV-MA,2020,2020-09-02
s2060,Adrift,Movie,PG-13,2018,2020-09-01
s2061,Always Be My Maybe,Movie,TV-14,2016,2020-09-01
s2062,Barbie Princess Adventure,Movie,TV-Y,2020,2020-09-01
s2063,Blue Exorcist,TV Show,TV-MA,2017,2020-09-01
s2064,Bookmarks,TV Show,TV-Y,2020,2020-09-01
s2065,Borgen,TV Show,TV-MA,2012,2020-09-01
s2066,Children of the Sea,Movie,TV-PG,2019,2020-09-01
s2067,Erased,TV Show,TV-14,2016,2020-09-01
s2068,Fate/Grand Order -First Order-,Movie,TV-14,2016,2020-09-01
s2069,Felipe Esparza: Bad Decisions,TV Show,TV-MA,2020,2020-09-01
s2070,H,TV Show,TV-MA,2002,2020-09-01
s2071,Heidi,TV Show,TV-Y7,2020,2020-09-01
s2072,Puss in Boots,Movie,PG,2011,2020-09-01
s2073,Sex Drive,Movie,R,2008,2020-09-01
s2074,"Sister, Sister",TV Show,TV-PG,1998,2020-09-01
s2075,Soldier,Movie,TV-14,1998,2020-09-01
s2076,"Take the Ball, Pass the Ball",Movie,TV-MA,2018,2020-09-01
s2077,The Boss Baby: Get That Baby!,Movie,TV-Y7,2020,2020-09-01
s2078,The Match,Movie,TV-MA,2020,2020-09-01
s2079,The Promised Neverland,TV Show,TV-14,2019,2020-09-01
s2080,The Smurfs,Movie,PG,2011,2020-09-01
s2081,Thomas and Friends,TV Show,TV-Y,2020,2020-09-01
s2082,True: Friendship Day,Movie,TV-Y,2020,2020-09-01
s2083,Maniyarayile Ashokan,Movie,TV-14,2020,2020-08-31
s2084,The Debt Collector 2,Movie,TV-MA,2020,2020-08-31
s2085,All Together Now,Movie,PG,2020,2020-08-29
s2086,I AM A KILLER: RELEASED,TV Show,TV-MA,2020,2020-08-28
s2087,Masaba Masaba,TV Show,TV-MA,2020,2020-08-28
s2088,Santana,Movie,TV-MA,2020,2020-08-28
s2089,Unknown Origins,Movie,TV-MA,2020,2020-08-28
s2090,Aggretsuko,TV Show,TV-14,2020,2020-08-27
s2091,Edge of Seventeen,Movie,TV-MA,1998,2020-08-27
s2092,The Bridge Curse,Movie,TV-MA,2020,2020-08-27
s2093,The Young Messiah,Movie,PG-13,2016,2020-08-27
s2094,Her Mother's Killer,TV Show,TV-MA,2020,2020-08-26
s2095,Lingua Franca,Movie,TV-MA,2019,2020-08-26
s2096,Making The Witcher,Movie,TV-MA,2020,2020-08-26
s2097,Million Dollar Beach House,TV Show,TV-MA,2020,2020-08-26
s2098,Rising Phoenix,Movie,PG-13,2020,2020-08-26
s2099,Emily's Wonder Lab,TV Show,TV-Y,2020,2020-08-25
s2100,Trinkets,TV Show,TV-MA,2020,2020-08-25
s2101,Septembers of Shiraz,Movie,PG-13,2016,2020-08-24
s2102,Baewatch: Parental Guidance,TV Show,TV-MA,2019,2020-08-22
s2103,Ojos in d' House,TV Show,TV-G,2013,2020-08-22
s2104,Class of '83,Movie,TV-14,2020,2020-08-21
s2105,Dark Forces,Movie,TV-MA,2020,2020-08-21
s2106,Hoops,TV Show,TV-MA,2020,2020-08-21
s2107,Rust Valley Restorers,TV Show,TV-14,2020,2020-08-21
s2108,The Sleepover,Movie,TV-PG,2020,2020-08-21
s2109,Goedam,TV Show,TV-MA,2020,2020-08-20
s2110,John Was Trying to Contact Aliens,Movie,TV-PG,2020,2020-08-20
s2111,Scarecrow,Movie,TV-MA,2019,2020-08-20
s2112,The Crimes That Bind,Movie,TV-14,2020,2020-08-20
s2113,DeMarcus Family Rules,TV Show,TV-14,2020,2020-08-19
s2114,High Score,TV Show,TV-14,2020,2020-08-19
s2115,Little Singham: Kaal Ka Badla,Movie,TV-Y7,2020,2020-08-19
s2116,Drunk Parents,Movie,R,2019,2020-08-18
s2117,Meet the In-Laws,Movie,TV-PG,2017,2020-08-18
s2118,Crazy Awesome Teachers,Movie,TV-PG,2020,2020-08-17
s2119,Glitch Techs,TV Show,TV-Y7,2020,2020-08-17
s2120,Islands of Faith,Movie,TV-PG,2018,2020-08-17
s2121,Les Misérables,Movie,PG-13,2012,2020-08-16
s2122,Seventh Son,Movie,PG-13,2014,2020-08-16
s2123,Stranger,TV Show,TV-MA,2020,2020-08-16
s2124,Dérè: An African Tale,TV Show,TV-PG,2016,2020-08-15
s2125,Rita,TV Show,TV-MA,2020,2020-08-15
s2126,Takki,TV Show,TV-14,2014,2020-08-15
s2127,What's Your Raashee?,Movie,TV-PG,2009,2020-08-15
s2128,3%,TV Show,TV-MA,2020,2020-08-14
s2129,Beyond the Boundary: ICC Women's T20 World Cup Australia 2020,Movie,TV-G,2020,2020-08-14
s2130,Fearless,Movie,TV-Y7,2020,2020-08-14
s2131,Nigerian Prince,Movie,TV-MA,2018,2020-08-14
s2132,Octonauts & the Caves of Sac Actun,Movie,TV-Y,2020,2020-08-14
s2133,Project Power,Movie,R,2020,2020-08-14
s2134,Teenage Bounty Hunters,TV Show,TV-MA,2020,2020-08-14
s2135,The Great Heist,TV Show,TV-MA,2020,2020-08-14
s2136,The Legend of Korra,TV Show,TV-Y7,2014,2020-08-14
s2137,Zoids Wild,TV Show,TV-Y7,2018,2020-08-14
s2138,An Easy Girl,Movie,TV-MA,2019,2020-08-13
s2139,Christine,Movie,R,2016,2020-08-13
s2140,Simon Killer,Movie,TV-MA,2012,2020-08-13
s2141,(Un)Well,TV Show,TV-MA,2020,2020-08-12
s2142,Gunjan Saxena: The Kargil Girl,Movie,TV-14,2020,2020-08-12
s2143,Mr. Peabody & Sherman,Movie,PG,2014,2020-08-11
s2144,"Rob Schneider: Asian Momma, Mexican Kids",Movie,TV-MA,2020,2020-08-11
s2145,GAME ON: A Comedy Crossover Event,TV Show,TV-G,2020,2020-08-10
s2146,Terrace House: Tokyo 2019-2020,TV Show,TV-MA,2019,2020-08-10
s2147,The Lost Husband,Movie,PG-13,2020,2020-08-10
s2148,Diamonds in the Sky,Movie,TV-14,2018,2020-08-08
s2149,The Governor,TV Show,TV-14,2016,2020-08-08
s2150,We Summon the Darkness,Movie,R,2020,2020-08-08
s2151,"Berlin, Berlin: Lolle on the Run",Movie,TV-MA,2020,2020-08-07
s2152,High Seas,TV Show,TV-MA,2020,2020-08-07
s2153,Selling Sunset,TV Show,TV-MA,2020,2020-08-07
s2154,Sing On! Germany,TV Show,TV-PG,2020,2020-08-07
s2155,Stars in the Sky: A Hunting Story,Movie,TV-14,2018,2020-08-07
s2156,The Magic School Bus Rides Again Kids In Space,Movie,TV-Y,2020,2020-08-07
s2157,Tiny Creatures,TV Show,TV-PG,2020,2020-08-07
s2158,Wizards: Tales of Arcadia,TV Show,TV-Y7,2020,2020-08-07
s2159,Word Party Songs,TV Show,TV-Y,2020,2020-08-07
s2160,Work It,Movie,TV-14,2020,2020-08-07
s2161,Ever After High,TV Show,TV-Y7,2016,2020-08-06
s2162,Nasha Natasha,Movie,TV-PG,2020,2020-08-06
s2163,The Rain,TV Show,TV-MA,2020,2020-08-06
s2164,Anelka: Misunderstood,Movie,TV-14,2020,2020-08-05
s2165,Sin City,Movie,TV-14,2019,2020-08-05
s2166,World's Most Wanted,TV Show,TV-14,2020,2020-08-05
s2167,A Go! Go! Cory Carson Summer Camp,Movie,TV-Y,2020,2020-08-04
s2168,Malibu Rescue: The Next Wave,Movie,TV-G,2020,2020-08-04
s2169,Mystery Lab,TV Show,TV-PG,2020,2020-08-04
s2170,Sam Jay: 3 In The Morning,Movie,TV-MA,2020,2020-08-04
s2171,Immigration Nation,TV Show,TV-MA,2020,2020-08-03
s2172,Almost Love,Movie,TV-MA,2020,2020-08-02
s2173,Killing Hasselhoff,Movie,R,2017,2020-08-01
s2174,Moesha,TV Show,TV-PG,2000,2020-08-01
s2175,My Perfect Landing,TV Show,TV-G,2020,2020-08-01
s2176,Nagi-Asu: A Lull in the Sea,TV Show,TV-14,2014,2020-08-01
s2177,Rogue Warfare: The Hunt,Movie,R,2020,2020-08-01
s2178,Super Monsters: The New Class,Movie,TV-Y,2020,2020-08-01
s2179,The Next Step,TV Show,TV-G,2018,2020-08-01
s2180,The Ottoman Lieutenant,Movie,R,2017,2020-08-01
s2181,Toradora!,TV Show,TV-14,2008,2020-08-01
s2182,Transformers Rescue Bots Academy,TV Show,TV-Y,2020,2020-08-01
s2183,Tumi or not Tumi,Movie,TV-MA,2020,2020-08-01
s2184,What Keeps You Alive,Movie,R,2018,2020-08-01
s2185,Get Even,TV Show,TV-PG,2020,2020-07-31
s2186,Latte and the Magic Waterstone,Movie,TV-Y,2020,2020-07-31
s2187,Raat Akeli Hai,Movie,TV-MA,2020,2020-07-31
s2188,Seriously Single,Movie,TV-MA,2020,2020-07-31
s2189,Sugar High,Movie,TV-G,2020,2020-07-31
s2190,Sugar Rush,TV Show,TV-PG,2020,2020-07-31
s2191,The Umbrella Academy,TV Show,TV-14,2020,2020-07-31
s2192,Retablo,Movie,TV-MA,2017,2020-07-30
s2193,Transformers: War For Cybertron Trilogy,TV Show,TV-Y7,2020,2020-07-30
s2194,Uma Maheswara Ugra Roopasya,Movie,TV-MA,2020,2020-07-30
s2195,Unlucky Ploy,TV Show,TV-MA,2020,2020-07-30
s2196,It's Her Day,Movie,TV-MA,2016,2020-07-29
s2197,Redemption,Movie,TV-MA,2019,2020-07-29
s2198,Shine Your Eyes,Movie,TV-MA,2020,2020-07-29
s2199,The Hater,Movie,TV-MA,2020,2020-07-29
s2200,The Speed Cubers,Movie,TV-PG,2020,2020-07-29
s2201,Tread,Movie,TV-MA,2019,2020-07-29
s2202,Last Chance U,TV Show,TV-MA,2020,2020-07-28
s2203,Banana Split,Movie,TV-MA,2020,2020-07-26
s2204,Shameless (U.S.),TV Show,TV-MA,2019,2020-07-26
s2205,Door Ke Darshan,Movie,TV-14,2020,2020-07-25
s2206,Double World,Movie,TV-14,2020,2020-07-25
s2207,Project Marathwada,Movie,TV-MA,2016,2020-07-25
s2208,Animal Crackers,Movie,TV-Y7,2020,2020-07-24
s2209,Dragons: Rescue Riders: Secrets of the Songwing,Movie,TV-Y,2020,2020-07-24
s2210,Nimbe,Movie,TV-MA,2019,2020-07-24
s2211,Offering to the Storm,Movie,TV-MA,2020,2020-07-24
s2212,Romance Doll,Movie,TV-MA,2020,2020-07-24
s2213,Sing On! Spain,TV Show,TV-G,2020,2020-07-24
s2214,The Kissing Booth 2,Movie,TV-14,2020,2020-07-24
s2215,Sinatra: All or Nothing at All,TV Show,TV-14,2015,2020-07-23
s2216,The Larva Island Movie,Movie,TV-Y7,2020,2020-07-23
s2217,The Letter Reader,Movie,TV-PG,2019,2020-07-23
s2218,Fear City: New York vs The Mafia,TV Show,TV-MA,2020,2020-07-22
s2219,Norsemen,TV Show,TV-MA,2020,2020-07-22
s2220,The Remix: Hip Hop X Fashion,Movie,TV-MA,2019,2020-07-22
s2221,Ip Man 4: The Finale,Movie,TV-MA,2019,2020-07-21
s2222,Jack Whitehall: I'm Only Joking,Movie,TV-MA,2020,2020-07-21
s2223,Street Food: Latin America,TV Show,TV-PG,2020,2020-07-21
s2224,Killer Women with Piers Morgan,TV Show,TV-MA,2017,2020-07-19
s2225,Funan,Movie,TV-14,2018,2020-07-18
s2226,Gigantosaurus,TV Show,TV-Y,2019,2020-07-18
s2227,Single Wives,TV Show,TV-MA,2018,2020-07-18
s2228,Cursed,TV Show,TV-MA,2020,2020-07-17
s2229,Father Soldier Son,Movie,R,2020,2020-07-17
s2230,In The Dark,TV Show,TV-14,2020,2020-07-17
s2231,Kissing Game,TV Show,TV-MA,2020,2020-07-17
s2232,The Millions,Movie,TV-MA,2019,2020-07-17
s2233,Fatal Affair,Movie,TV-14,2020,2020-07-16
s2234,MILF,Movie,TV-MA,2018,2020-07-16
s2235,Cold Feet,Movie,TV-14,2019,2020-07-15
s2236,Dark Desire,TV Show,TV-MA,2020,2020-07-15
s2237,Little Singham: Legend of Dugabakka,Movie,TV-Y7,2020,2020-07-15
s2238,Skin Decision: Before and After,TV Show,TV-MA,2020,2020-07-15
s2239,Sunny Bunnies,TV Show,TV-Y,2016,2020-07-15
s2240,Sylvia,Movie,TV-14,2018,2020-07-15
s2241,The Players,Movie,TV-MA,2020,2020-07-15
s2242,The Business of Drugs,TV Show,TV-MA,2020,2020-07-14
s2243,Urzila Carlson: Overqualified Loser,Movie,TV-MA,2020,2020-07-14
s2244,We Are One,Movie,TV-MA,2020,2020-07-14
s2245,Hole in the Wall,Movie,TV-MA,2016,2020-07-11
s2246,Dating Around: Brazil,TV Show,TV-14,2020,2020-07-10
s2247,Down to Earth with Zac Efron,TV Show,TV-PG,2020,2020-07-10
s2248,Mama's Boy,Movie,TV-14,2018,2020-07-10
s2249,The Claudia Kishi Club,Movie,TV-14,2020,2020-07-10
s2250,The Epic Tales of Captain Underpants in Space,TV Show,TV-Y7,2020,2020-07-10
s2251,The Old Guard,Movie,R,2020,2020-07-10
s2252,The Twelve,TV Show,TV-MA,2019,2020-07-10
s2253,Your Excellency,Movie,TV-G,2019,2020-07-10
s2254,Japan Sinks: 2020,TV Show,TV-MA,2020,2020-07-09
s2255,The Protector,TV Show,TV-MA,2020,2020-07-09
s2256,Was It Love?,TV Show,TV-14,2020,2020-07-09
s2257,Born Racer,Movie,R,2018,2020-07-08
s2258,Mucho Mucho Amor: The Legend of Walter Mercado,Movie,TV-14,2020,2020-07-08
s2259,Stateless,TV Show,TV-MA,2020,2020-07-08
s2260,The Long Dumb Road,Movie,R,2018,2020-07-08
s2261,Dr. Seuss' The Lorax,Movie,PG,2012,2020-07-07
s2262,Jim Jefferies: Intolerant,Movie,TV-MA,2020,2020-07-07
s2263,A Kid from Coney Island,Movie,TV-MA,2019,2020-07-06
s2264,PNL - Dans la légende tour,Movie,TV-MA,2020,2020-07-06
s2265,Aiyyaa,Movie,TV-14,2012,2020-07-05
s2266,Bbuddah Hoga Terra Baap,Movie,TV-14,2011,2020-07-05
s2267,Blood Money,Movie,TV-14,2012,2020-07-05
s2268,Bombay Talkies,Movie,TV-MA,2013,2020-07-05
s2269,Boss,Movie,TV-14,2013,2020-07-05
s2270,Budhia Singh: Born to Run,Movie,TV-MA,2016,2020-07-05
s2271,Chashme Baddoor,Movie,TV-14,2013,2020-07-05
s2272,Dharam Sankat Mein,Movie,TV-PG,2015,2020-07-05
s2273,Drishyam,Movie,TV-14,2015,2020-07-05
s2274,Gabbar Is Back,Movie,TV-14,2015,2020-07-05
s2275,Gollu Aur Pappu,Movie,TV-14,2014,2020-07-05
s2276,Hook,TV Show,TV-MA,2020,2020-07-05
s2277,Inkaar,Movie,TV-MA,2013,2020-07-05
s2278,Madras Café,Movie,TV-14,2013,2020-07-05
s2279,Mary Kom,Movie,TV-PG,2014,2020-07-05
s2280,Michael,Movie,TV-MA,2011,2020-07-05
s2281,Mumbai Delhi Mumbai,Movie,TV-MA,2014,2020-07-05
s2282,Oh My God,Movie,TV-PG,2012,2020-07-05
s2283,One by Two,Movie,TV-14,2014,2020-07-05
s2284,Only,Movie,TV-MA,2019,2020-07-05
s2285,Penalty,Movie,TV-14,2019,2020-07-05
s2286,Players,Movie,TV-14,2012,2020-07-05
s2287,Pyaar Ka Punchnama 2,Movie,TV-MA,2015,2020-07-05
s2288,Queen,Movie,TV-MA,2014,2020-07-05
s2289,Shaitan,Movie,TV-MA,2011,2020-07-05
s2290,Special 26,Movie,TV-PG,2013,2020-07-05
s2291,Tanu Weds Manu,Movie,TV-14,2011,2020-07-05
s2292,What the Fish,Movie,TV-14,2013,2020-07-05
s2293,Little Singham,TV Show,TV-Y7,2020,2020-07-04
s2294,Cable Girls,TV Show,TV-MA,2019,2020-07-03
s2295,Desperados,Movie,TV-MA,2020,2020-07-03
s2296,Hunter in the Blue Side of Manchester,Movie,TV-MA,2020,2020-07-03
s2297,I Am Not Your Negro,Movie,PG-13,2017,2020-07-03
s2298,JU-ON: Origins,TV Show,TV-MA,2020,2020-07-03
s2299,Southern Survival,TV Show,TV-PG,2020,2020-07-03
s2300,The Baby-Sitters Club,TV Show,TV-G,2020,2020-07-03
s2301,The Perfect Picture: Ten Years Later,Movie,TV-MA,2019,2020-07-03
s2302,Supermarket Sweep,TV Show,TV-G,1993,2020-07-02
s2303,Thiago Ventura: POKAS,Movie,TV-MA,2020,2020-07-02
s2304,Warrior Nun,TV Show,TV-MA,2020,2020-07-02
s2305,#AnneFrank - Parallel Stories,Movie,TV-14,2019,2020-07-01
s2306,21 Again,TV Show,TV-MA,2019,2020-07-01
s2307,A Touch of Green,TV Show,TV-MA,2016,2020-07-01
s2308,Abby Hatcher,TV Show,TV-Y,2019,2020-07-01
s2309,Adú,Movie,TV-MA,2020,2020-07-01
s2310,Ali Baba ve 7 Cüceler,Movie,TV-MA,2015,2020-07-01
s2311,David Foster: Off the Record,Movie,TV-MA,2019,2020-07-01
s2312,Double Jeopardy,Movie,R,1999,2020-07-01
s2313,Pek Yakında,Movie,TV-MA,2014,2020-07-01
s2314,Say I Do,TV Show,TV-14,2020,2020-07-01
s2315,Stardust,Movie,PG-13,2007,2020-07-01
s2316,The F**k-It List,Movie,TV-MA,2019,2020-07-01
s2317,The Silence of Others,Movie,TV-14,2019,2020-07-01
s2318,Total Recall,Movie,R,1990,2020-07-01
s2319,Trotro,TV Show,TV-Y,2004,2020-07-01
s2320,Under the Riccione Sun,Movie,TV-MA,2020,2020-07-01
s2321,BNA,TV Show,TV-14,2020,2020-06-30
s2322,George Lopez: We'll Do It For Half,Movie,TV-MA,2020,2020-06-30
s2323,Homemade,TV Show,TV-MA,2020,2020-06-30
s2324,The Mirror Boy,Movie,TV-14,2011,2020-06-30
s2325,#FriendButMarried 2,Movie,TV-G,2020,2020-06-28
s2326,Skin,Movie,TV-MA,2019,2020-06-28
s2327,Thackeray (Marathi),Movie,TV-14,2019,2020-06-28
s2328,Dark,TV Show,TV-MA,2020,2020-06-27
s2329,Ride Like a Girl,Movie,PG,2020,2020-06-27
s2330,All For Love,TV Show,TV-MA,2020,2020-06-26
s2331,Eurovision Song Contest: The Story of Fire Saga,Movie,PG-13,2020,2020-06-26
s2332,Home Game,TV Show,TV-MA,2020,2020-06-26
s2333,Kasanova,Movie,TV-14,2019,2020-06-26
s2334,Ordinary People,Movie,TV-MA,2016,2020-06-26
s2335,Seven (Tamil),Movie,TV-MA,2019,2020-06-26
s2336,Seven (Telugu),Movie,TV-14,2019,2020-06-26
s2337,Thackeray (Hindi),Movie,TV-14,2019,2020-06-26
s2338,Twogether,TV Show,TV-G,2020,2020-06-26
s2339,Krishna and His Leela,Movie,TV-MA,2020,2020-06-25
s2340,Prem Ratan Dhan Payo,Movie,TV-14,2015,2020-06-25
s2341,Vivah,Movie,TV-14,2006,2020-06-25
s2342,Athlete A,Movie,PG-13,2020,2020-06-24
s2343,Bulbbul,Movie,TV-MA,2020,2020-06-24
s2344,Crazy Delicious,TV Show,TV-PG,2020,2020-06-24
s2345,Nobody Knows I'm Here,Movie,TV-MA,2020,2020-06-24
s2346,Eric Andre: Legalize Everything,Movie,TV-MA,2020,2020-06-23
s2347,"Roswell, New Mexico",TV Show,TV-14,2020,2020-06-23
s2348,Kappela,Movie,TV-14,2020,2020-06-22
s2349,The Royal Hibiscus Hotel,Movie,TV-PG,2017,2020-06-22
s2350,It's Okay to Not Be Okay,TV Show,TV-MA,2020,2020-06-21
s2351,Woodshock,Movie,R,2017,2020-06-21
s2352,Elevator Baby,Movie,TV-MA,2019,2020-06-20
s2353,Babies,TV Show,TV-14,2020,2020-06-19
s2354,Chaman Bahaar,Movie,TV-MA,2020,2020-06-19
s2355,Destiny,Movie,TV-14,1997,2020-06-19
s2356,Disclosure,Movie,TV-MA,2020,2020-06-19
s2357,Feel the Beat,Movie,TV-G,2020,2020-06-19
s2358,Floor Is Lava,TV Show,TV-PG,2020,2020-06-19
s2359,Lost Bullet,Movie,TV-MA,2020,2020-06-19
s2360,Most Beautiful Thing,TV Show,TV-MA,2020,2020-06-19
s2361,One-Way to Tomorrow,Movie,TV-MA,2020,2020-06-19
s2362,The Emigrant,Movie,TV-14,1994,2020-06-19
s2363,The Politician,TV Show,TV-MA,2020,2020-06-19
s2364,Wasp Network,Movie,TV-MA,2020,2020-06-19
s2365,A Whisker Away,Movie,TV-PG,2020,2020-06-18
s2366,Alexandria ... Why?,Movie,TV-MA,1979,2020-06-18
s2367,Alexandria: Again and Forever,Movie,TV-MA,1989,2020-06-18
s2368,An Egyptian Story,Movie,TV-MA,1982,2020-06-18
s2369,Cairo Station,Movie,TV-14,1958,2020-06-18
s2370,Dark Waters,Movie,TV-14,1956,2020-06-18
s2371,El límite infinito,Movie,TV-PG,2020,2020-06-18
s2372,Lola Igna,Movie,TV-14,2019,2020-06-18
s2373,One Take,Movie,TV-G,2020,2020-06-18
s2374,Saladin,Movie,TV-MA,1963,2020-06-18
s2375,Stray Bullet,Movie,TV-MA,2010,2020-06-18
s2376,The Blazing Sun,Movie,TV-14,1954,2020-06-18
s2377,The Land,Movie,TV-MA,1970,2020-06-18
s2378,The Nut Job,Movie,PG,2014,2020-06-18
s2379,The Order,TV Show,TV-MA,2020,2020-06-18
s2380,An Evening with Beverly Luff Linn,Movie,R,2018,2020-06-17
s2381,Riding Faith,Movie,TV-PG,2020,2020-06-17
s2382,Last Flight to Abuja,Movie,TV-14,2012,2020-06-16
s2383,The Darkness,Movie,PG-13,2016,2020-06-16
s2384,The Chase,TV Show,TV-PG,2015,2020-06-15
s2385,The Show Must Go On: The Queen + Adam Lambert Story,Movie,TV-MA,2019,2020-06-15
s2386,Underdogs,Movie,PG,2013,2020-06-15
s2387,Wira,Movie,TV-14,2019,2020-06-15
s2388,4th Republic,Movie,TV-MA,2019,2020-06-13
s2389,Alexa & Katie,TV Show,TV-G,2020,2020-06-13
s2390,Asura Guru,Movie,TV-14,2020,2020-06-13
s2391,How to Get Away with Murder,TV Show,TV-14,2020,2020-06-13
s2392,Milea,Movie,TV-14,2020,2020-06-13
s2393,Axone,Movie,TV-MA,2020,2020-06-12
s2394,Da 5 Bloods,Movie,R,2020,2020-06-12
s2395,Dating Around,TV Show,TV-MA,2020,2020-06-12
s2396,F is for Family,TV Show,TV-MA,2020,2020-06-12
s2397,Frank Elstner: Just One Last Question,TV Show,TV-MA,2020,2020-06-12
s2398,Jo Koy: In His Elements,Movie,TV-MA,2020,2020-06-12
s2399,Okko's Inn,Movie,PG,2018,2020-06-12
s2400,ONE PIECE,TV Show,TV-14,2002,2020-06-12
s2401,The Search,TV Show,TV-MA,2020,2020-06-12
s2402,The Woods,TV Show,TV-MA,2020,2020-06-12
s2403,From A to B,Movie,TV-MA,2014,2020-06-11
s2404,Menahi,Movie,TV-14,2008,2020-06-11
s2405,Curon,TV Show,TV-MA,2020,2020-06-10
s2406,DC's Legends of Tomorrow,TV Show,TV-14,2020,2020-06-10
s2407,Lenox Hill,TV Show,TV-MA,2020,2020-06-10
s2408,Middle Men,Movie,R,2009,2020-06-10
s2409,My Mister,TV Show,TV-MA,2018,2020-06-10
s2410,Reality Z,TV Show,TV-MA,2020,2020-06-10
s2411,The Witch: Part 1 - The Subversion,Movie,TV-MA,2018,2020-06-10
s2412,Before I Fall,Movie,PG-13,2017,2020-06-08
s2413,365 Days,Movie,TV-MA,2020,2020-06-07
s2414,Forensic,Movie,TV-14,2020,2020-06-07
s2415,Project Papa,Movie,TV-14,2018,2020-06-07
s2416,Queen of the South,TV Show,TV-MA,2018,2020-06-06
s2417,The Night Clerk,Movie,R,2020,2020-06-06
s2418,13 Reasons Why,TV Show,TV-MA,2020,2020-06-05
s2419,Before the Summer Crowds,Movie,TV-14,2016,2020-06-05
s2420,Big Stone Gap,Movie,PG-13,2014,2020-06-05
s2421,Choked: Paisa Bolta Hai,Movie,TV-14,2020,2020-06-05
s2422,Merry Men 2: Another Mission,Movie,TV-MA,2019,2020-06-05
s2423,Queer Eye,TV Show,TV-14,2020,2020-06-05
s2424,Supernatural,TV Show,TV-14,2019,2020-06-05
s2425,The Last Days of American Crime,Movie,TV-MA,2020,2020-06-05
s2426,The Light of My Eyes,Movie,TV-MA,2010,2020-06-05
s2427,BAKI,TV Show,TV-MA,2020,2020-06-04
s2428,Hot Sweet Sour,Movie,TV-14,2017,2020-06-04
s2429,Overnight Republic,Movie,TV-MA,2017,2020-06-04
s2430,Can’t Complain,Movie,TV-MA,2007,2020-06-03
s2431,Lady Bird,Movie,R,2017,2020-06-03
s2432,Spelling the Dream,Movie,TV-G,2020,2020-06-03
s2433,Alone,TV Show,TV-14,2019,2020-06-02
s2434,Andaleeb El Dokki,Movie,TV-14,2008,2020-06-02
s2435,Let's Dance,Movie,TV-14,2006,2020-06-02
s2436,Life's Speed Bump,Movie,TV-14,2006,2020-06-02
s2437,Mr. Romantic,Movie,TV-14,2009,2020-06-02
s2438,My Horrible Grandma,Movie,TV-MA,2012,2020-06-02
s2439,Sorry To Disturb,Movie,TV-14,2008,2020-06-02
s2440,The Student Cop,Movie,TV-14,2004,2020-06-02
s2441,True: Rainbow Rescue,Movie,TV-Y,2020,2020-06-02
s2442,What's Up?,Movie,TV-PG,2006,2020-06-02
s2443,X Large,Movie,TV-14,2011,2020-06-02
s2444,122,Movie,TV-MA,2019,2020-06-01
s2445,Cardcaptor Sakura,TV Show,TV-Y7,1999,2020-06-01
s2446,Chippa,Movie,TV-14,2020,2020-06-01
s2447,Cook Off,Movie,TV-G,2017,2020-06-01
s2448,Dear My Friends,TV Show,TV-MA,2016,2020-06-01
s2449,Kalek Shanab,Movie,TV-PG,2019,2020-06-01
s2450,Megalobox,TV Show,TV-MA,2018,2020-06-01
s2451,Midnight Diner,TV Show,TV-MA,2014,2020-06-01
s2452,Mirai,Movie,PG,2018,2020-06-01
s2453,My Shy Boss,TV Show,TV-MA,2017,2020-06-01
s2454,Revolutionary Love,TV Show,TV-MA,2017,2020-06-01
s2455,The Disaster Artist,Movie,R,2017,2020-06-01
s2456,The Stolen,Movie,TV-14,2016,2020-06-01
s2457,High Strung Free Dance,Movie,TV-14,2019,2020-05-31
s2458,Freej Al Taibeen,Movie,TV-PG,2018,2020-05-29
s2459,Kenny Sebastian: The Most Interesting Person in the Room,Movie,TV-MA,2020,2020-05-29
s2460,Space Force,TV Show,TV-MA,2020,2020-05-29
s2461,The Other,Movie,TV-MA,1999,2020-05-29
s2462,"Can't Cope, Won't Cope",TV Show,TV-MA,2018,2020-05-28
s2463,Dorohedoro,TV Show,TV-MA,2020,2020-05-28
s2464,Grandmother's Farm,Movie,TV-14,2014,2020-05-28
s2465,Grandmother's Farm Part 2,Movie,TV-14,2015,2020-05-28
s2466,Intuition,Movie,TV-MA,2020,2020-05-28
s2467,Mako Mermaids: An H2O Adventure,TV Show,TV-G,2016,2020-05-28
s2468,I'm No Longer Here,Movie,TV-MA,2019,2020-05-27
s2469,Hannah Gadsby: Douglas,Movie,TV-MA,2020,2020-05-26
s2470,Ne Zha,Movie,TV-14,2019,2020-05-25
s2471,Supergirl,TV Show,TV-14,2019,2020-05-25
s2472,Uncut Gems,Movie,R,2019,2020-05-25
s2473,Betaal,TV Show,TV-MA,2020,2020-05-24
s2474,Dynasty,TV Show,TV-14,2019,2020-05-23
s2475,One Day We'll Talk About Today,Movie,TV-G,2020,2020-05-23
s2476,Si Doel the Movie 3,Movie,TV-G,2020,2020-05-23
s2477,History 101,TV Show,TV-14,2020,2020-05-22
s2478,Living in Bondage: Breaking Free,Movie,TV-MA,2019,2020-05-22
s2479,Modest Heroes: Ponoc Short Films Theatre,Movie,PG,2018,2020-05-22
s2480,The Lovebirds,Movie,R,2020,2020-05-22
s2481,Trailer Park Boys: The Animated Series,TV Show,TV-MA,2020,2020-05-22
s2482,#FriendButMarried,Movie,TV-G,2018,2020-05-21
s2483,Bye Bye London,Movie,TV-14,1981,2020-05-21
s2484,Fifty Year Old Teenager,Movie,TV-14,1996,2020-05-21
s2485,Lock Your Girls In,Movie,TV-PG,1982,2020-05-21
s2486,Mujeres arriba,Movie,TV-14,2019,2020-05-21
s2487,Mystic Pop-up Bar,TV Show,TV-MA,2020,2020-05-21
s2488,No Longer kids,Movie,TV-14,1979,2020-05-21
s2489,Raya and Sakina,Movie,TV-14,1984,2020-05-21
s2490,Sayed the Servant,Movie,TV-14,1985,2020-05-21
s2491,The Married Couples,Movie,TV-14,1981,2020-05-21
s2492,The School of Mischief,Movie,TV-14,1973,2020-05-21
s2493,The Witness Who Didn't See Anything,Movie,TV-PG,1976,2020-05-21
s2494,Anchor Baby,Movie,TV-MA,2010,2020-05-20
s2495,Ben Platt Live from Radio City Music Hall,Movie,TV-PG,2020,2020-05-20
s2496,Especial 20 años Fútbol de Primera,TV Show,TV-14,2020,2020-05-20
s2497,Honeytrap,Movie,TV-MA,2014,2020-05-20
s2498,I Will Follow,Movie,TV-14,2010,2020-05-20
s2499,Mutiny of the Worker Bees,Movie,TV-MA,2020,2020-05-20
s2500,The Queen and the Conqueror,TV Show,TV-14,2020,2020-05-20
s2501,What Are the Odds?,Movie,TV-MA,2020,2020-05-20
s2502,Either Me Or My Auntie,Movie,TV-PG,2006,2020-05-19
s2503,Escaping Tel Aviv,Movie,TV-14,2009,2020-05-19
s2504,Game Over,Movie,TV-14,2012,2020-05-19
s2505,Karkar,Movie,TV-14,2007,2020-05-19
s2506,My Sleeping Lover,Movie,TV-PG,2008,2020-05-19
s2507,Omar & Salma 2,Movie,TV-14,2009,2020-05-19
s2508,Patton Oswalt: I Love Everything,TV Show,TV-MA,2020,2020-05-19
s2509,Sweet Magnolias,TV Show,TV-14,2020,2020-05-19
s2510,Tarek's Situation,Movie,TV-14,2006,2020-05-19
s2511,The Beach Loafer,Movie,TV-14,2004,2020-05-19
s2512,Wadjda,Movie,PG,2012,2020-05-19
s2513,Zaki Chan,Movie,TV-PG,2005,2020-05-19
s2514,Light in the Dark,Movie,TV-14,2019,2020-05-18
s2515,The Big Flower Fight,TV Show,TV-PG,2020,2020-05-18
s2516,Patriot Act with Hasan Minhaj,TV Show,TV-MA,2020,2020-05-17
s2517,The End,Movie,TV-MA,2019,2020-05-17
s2518,Boys Over Flowers,TV Show,TV-14,2009,2020-05-16
s2519,Iris,TV Show,TV-14,2009,2020-05-16
s2520,Avatar: The Last Airbender,TV Show,TV-Y7,2007,2020-05-15
s2521,Heaven Without People,Movie,TV-MA,2017,2020-05-15
s2522,"I love you, stupid",Movie,TV-MA,2019,2020-05-15
s2523,Inhuman Resources,TV Show,TV-MA,2020,2020-05-15
s2524,Madam Secretary,TV Show,TV-PG,2019,2020-05-15
s2525,Magic for Humans,TV Show,TV-14,2020,2020-05-15
s2526,Parasyte: The Maxim,TV Show,TV-MA,2014,2020-05-15
s2527,She-Ra and the Princesses of Power,TV Show,TV-Y7,2020,2020-05-15
s2528,Sleepless Society: Two Pillows & A Lost Soul,TV Show,TV-MA,2020,2020-05-15
s2529,Strangers from Hell,TV Show,TV-MA,2019,2020-05-15
s2530,The Wiggles,TV Show,TV-Y,2015,2020-05-15
s2531,White Lines,TV Show,TV-MA,2020,2020-05-15
s2532,Dilan 1990,Movie,TV-14,2018,2020-05-14
s2533,Dilan 1991,Movie,TV-14,2019,2020-05-14
s2534,Fan of Amoory,Movie,TV-G,2018,2020-05-14
s2535,Malang,Movie,TV-MA,2020,2020-05-14
s2536,Match,Movie,TV-14,2017,2020-05-14
s2537,Rencor tatuado,Movie,TV-MA,2018,2020-05-14
s2538,The Delivery Boy,Movie,TV-14,2018,2020-05-14
s2539,Wedy Atkalam,Movie,TV-PG,2018,2020-05-14
s2540,Fire in the Blood,Movie,TV-14,2012,2020-05-13
s2541,The Wrong Missy,Movie,TV-MA,2020,2020-05-13
s2542,Ali & Alia,Movie,TV-14,2019,2020-05-12
s2543,True: Terrific Tales,TV Show,TV-Y,2020,2020-05-12
s2544,Unbreakable Kimmy Schmidt: Kimmy vs. the Reverend,Movie,TV-14,2020,2020-05-12
s2545,Action Replayy,Movie,TV-PG,2010,2020-05-11
s2546,Andaz Apna Apna,Movie,TV-14,1994,2020-05-11
s2547,Bordertown,TV Show,TV-MA,2019,2020-05-11
s2548,Have a Good Trip: Adventures in Psychedelics,Movie,TV-MA,2020,2020-05-11
s2549,Trial By Media,TV Show,TV-MA,2020,2020-05-11
s2550,John Henry,Movie,R,2020,2020-05-09
s2551,18 Presents,Movie,TV-MA,2020,2020-05-08
s2552,Dead to Me,TV Show,TV-MA,2020,2020-05-08
s2553,Restaurants on the Edge,TV Show,TV-14,2020,2020-05-08
s2554,The Eddy,TV Show,TV-MA,2020,2020-05-08
s2555,The Hollow,TV Show,TV-Y7,2020,2020-05-08
s2556,Aerials,Movie,TV-14,2016,2020-05-07
s2557,In Paradox,Movie,TV-14,2019,2020-05-07
s2558,Scissor Seven,TV Show,TV-MA,2020,2020-05-07
s2559,Si Doel the Movie,Movie,TV-PG,2018,2020-05-07
s2560,Becoming,Movie,PG,2020,2020-05-06
s2561,"Sí, Mi Amor",Movie,TV-MA,2020,2020-05-06
s2562,Jerry Seinfeld: 23 Hours To Kill,Movie,TV-PG,2020,2020-05-05
s2563,Arctic Dogs,Movie,PG,2019,2020-05-04
s2564,Luccas Neto em: Acampamento de Férias 2,Movie,TV-G,2020,2020-05-04
s2565,One Day: Justice Delivered,Movie,TV-14,2019,2020-05-03
s2566,Almost Happy,TV Show,TV-MA,2020,2020-05-02
s2567,Bennett's War,Movie,PG-13,2019,2020-05-02
s2568,Death Can Wait,Movie,TV-14,2020,2020-05-02
s2569,Hangar 1: The UFO Files,TV Show,TV-PG,2015,2020-05-02
s2570,Hoarders,TV Show,TV-PG,2020,2020-05-02
s2571,Lady Driver,Movie,PG,2019,2020-05-02
s2572,Mike Birbiglia: My Girlfriend's Boyfriend,Movie,TV-14,2013,2020-05-02
s2573,Roped,Movie,PG,2020,2020-05-02
s2574,The Stand at Paxton County,Movie,R,2020,2020-05-02
s2575,The Universe: Ancient Mysteries Solved,TV Show,TV-PG,2015,2020-05-02
s2576,WWII in HD,TV Show,TV-14,2009,2020-05-02
s2577,All Day and a Night,Movie,R,2020,2020-05-01
s2578,Cracked Up: The Darrell Hammond Story,Movie,TV-MA,2018,2020-05-01
s2579,Get In,Movie,TV-MA,2019,2020-05-01
s2580,Go! Go! Cory Carson: The Chrissy,Movie,TV-Y,2020,2020-05-01
s2581,Hollywood,TV Show,TV-MA,2020,2020-05-01
s2582,I Am Divine,Movie,TV-MA,2013,2020-05-01
s2583,Madagascar: Escape 2 Africa,Movie,PG,2008,2020-05-01
s2584,Masha and the Bear,TV Show,TV-Y,2019,2020-05-01
s2585,Material,Movie,TV-14,2012,2020-05-01
s2586,Medici: Masters of Florence,TV Show,TV-MA,2019,2020-05-01
s2587,Monthly Girls' Nozaki Kun,TV Show,TV-PG,2014,2020-05-01
s2588,Mrs. Serial Killer,Movie,TV-MA,2020,2020-05-01
s2589,Oh Yuck,TV Show,TV-G,2020,2020-05-01
s2590,Psycho,Movie,TV-MA,2020,2020-05-01
s2591,Reckoning,TV Show,TV-MA,2019,2020-05-01
s2592,The Half Of It,Movie,PG-13,2020,2020-05-01
s2593,The Heartbreak Kid,Movie,R,2007,2020-05-01
s2594,Thomas & Friends: Marvelous Machinery: A New Arrival,Movie,TV-Y,2020,2020-05-01
s2595,Thomas & Friends: Marvelous Machinery: World of Tomorrow,Movie,TV-Y,2020,2020-05-01
s2596,Thomas & Friends: Thomas and the Royal Engine,Movie,TV-Y,2020,2020-05-01
s2597,What a Girl Wants,Movie,PG,2003,2020-05-01
s2598,Dangerous Lies,Movie,TV-14,2020,2020-04-30
s2599,DRIFTING DRAGONS,TV Show,TV-14,2020,2020-04-30
s2600,El señor de los Cielos,TV Show,TV-MA,2019,2020-04-30
s2601,Good Witch,TV Show,TV-PG,2019,2020-04-30
s2602,Rich in Love,Movie,TV-14,2020,2020-04-30
s2603,The Forest of Love: Deep Cut,TV Show,TV-MA,2020,2020-04-30
s2604,The Victims' Game,TV Show,TV-MA,2020,2020-04-30
s2605,A Secret Love,Movie,TV-14,2020,2020-04-29
s2606,Ekşi Elmalar,Movie,TV-PG,2016,2020-04-29
s2607,Extracurricular,TV Show,TV-MA,2020,2020-04-29
s2608,Love Is War,Movie,TV-14,2019,2020-04-29
s2609,Murder to Mercy: The Cyntoia Brown Story,Movie,TV-MA,2020,2020-04-29
s2610,Nadiya’s Time to Eat,TV Show,TV-G,2020,2020-04-29
s2611,R.K.Nagar,Movie,TV-14,2019,2020-04-29
s2612,Tjovitjo,TV Show,TV-MA,2017,2020-04-29
s2613,Beynelmilel,Movie,TV-MA,2006,2020-04-28
s2614,Bir Baba Hindu,Movie,TV-MA,2016,2020-04-28
s2615,Boushkash,Movie,TV-MA,2008,2020-04-28
s2616,Cinar Agaci,Movie,TV-14,2011,2020-04-28
s2617,Görümce,Movie,TV-MA,2016,2020-04-28
s2618,İstanbul Kırmızısı,Movie,TV-MA,2017,2020-04-28
s2619,Küçük Esnaf,Movie,TV-MA,2016,2020-04-28
s2620,Lembi 8 Giga,Movie,TV-MA,2010,2020-04-28
s2621,Neseli Hayat,Movie,TV-14,2009,2020-04-28
s2622,Organize Isler,Movie,TV-14,2005,2020-04-28
s2623,The Reliant,Movie,PG-13,2019,2020-04-28
s2624,We'll Be Right Back After The Break,Movie,TV-14,2012,2020-04-28
s2625,5Gang,Movie,TV-14,2019,2020-04-27
s2626,Love Aaj Kal,Movie,TV-MA,2020,2020-04-27
s2627,The Lift Boy,Movie,TV-MA,2020,2020-04-27
s2628,"Coronavirus, Explained",TV Show,TV-PG,2020,2020-04-26
s2629,The Last Kingdom,TV Show,TV-MA,2020,2020-04-26
s2630,Bheeshma,Movie,TV-14,2020,2020-04-25
s2631,Bittersweet,Movie,TV-MA,2010,2020-04-25
s2632,My Secret Romance,TV Show,TV-14,2017,2020-04-25
s2633,No Direction Home: Bob Dylan,Movie,TV-MA,2005,2020-04-25
s2634,She Made Me a Criminal,Movie,TV-14,2006,2020-04-25
s2635,The Artist,Movie,PG-13,2011,2020-04-25
s2636,The Dealer,Movie,TV-14,2010,2020-04-25
s2637,The International Player,Movie,TV-14,2009,2020-04-25
s2638,The Promise,Movie,TV-14,2008,2020-04-25
s2639,الف مبروك,Movie,TV-14,2009,2020-04-25
s2640,دفعة القاهرة,TV Show,TV-14,2019,2020-04-25
s2641,After Life,TV Show,TV-MA,2020,2020-04-24
s2642,DreamWorks Spooky Stories: Volume 2,TV Show,TV-PG,2011,2020-04-24
s2643,Kolaiyuthir Kaalam,Movie,TV-14,2019,2020-04-24
s2644,Love 101,TV Show,TV-MA,2020,2020-04-24
s2645,"Yours Sincerely, Kanan Gill",Movie,TV-MA,2020,2020-04-24
s2646,Ghost in the Shell: SAC_2045,TV Show,TV-14,2020,2020-04-23
s2647,My Stupid Boss,Movie,TV-G,2016,2020-04-23
s2648,My Stupid Boss 2,Movie,TV-14,2019,2020-04-23
s2649,The House of Flowers,TV Show,TV-MA,2020,2020-04-23
s2650,This Earth of Mankind,Movie,TV-14,2019,2020-04-23
s2651,Time to Hunt,Movie,TV-MA,2020,2020-04-23
s2652,Absurd Planet,TV Show,TV-PG,2020,2020-04-22
s2653,Circus of Books,Movie,TV-MA,2020,2020-04-22
s2654,The Plagues of Breslau,Movie,TV-MA,2018,2020-04-22
s2655,The Set Up,Movie,TV-MA,2019,2020-04-22
s2656,The Silence of the Marsh,Movie,TV-MA,2019,2020-04-22
s2657,The Willoughbys,Movie,PG,2020,2020-04-22
s2658,Win the Wilderness,TV Show,TV-14,2020,2020-04-22
s2659,Bleach,TV Show,TV-14,2006,2020-04-21
s2660,Middleditch & Schwartz,TV Show,TV-MA,2020,2020-04-21
s2661,Nicky Jam: El Ganador,TV Show,TV-MA,2018,2020-04-21
s2662,Cooked with Cannabis,TV Show,TV-MA,2020,2020-04-20
s2663,The Midnight Gospel,TV Show,TV-MA,2020,2020-04-20
s2664,Varane Avashyamund,Movie,TV-14,2020,2020-04-20
s2665,ChuChu TV Nursery Rhymes & Kids Songs (Hindi),TV Show,TV-Y,2019,2020-04-18
s2666,The King: Eternal Monarch,TV Show,TV-14,2020,2020-04-18
s2667,#blackAF,TV Show,TV-MA,2020,2020-04-17
s2668,Babamın Ceketi,Movie,TV-MA,2018,2020-04-17
s2669,Earth and Blood,Movie,TV-MA,2020,2020-04-17
s2670,El Dragón: Return of a Warrior,TV Show,TV-MA,2020,2020-04-17
s2671,Hasmukh,TV Show,TV-MA,2020,2020-04-17
s2672,Rising High,Movie,TV-MA,2020,2020-04-17
s2673,Sergio,Movie,R,2020,2020-04-17
s2674,The Legacy of the Bones,Movie,TV-MA,2019,2020-04-17
s2675,Alelí,Movie,TV-MA,2019,2020-04-16
s2676,Fary : Hexagone,TV Show,TV-MA,2020,2020-04-16
s2677,Fauda,TV Show,TV-MA,2020,2020-04-16
s2678,"Hail, Caesar!",Movie,PG-13,2016,2020-04-16
s2679,Jem and the Holograms,Movie,PG,2015,2020-04-16
s2680,Maurício Meirelles: Generating Chaos,Movie,TV-MA,2020,2020-04-16
s2681,Puerto Ricans in Paris,Movie,R,2015,2020-04-16
s2682,Stunt School,Movie,TV-G,2019,2020-04-16
s2683,For the Broken Hearted,Movie,TV-14,2018,2020-04-15
s2684,Mischief,Movie,TV-PG,2019,2020-04-15
s2685,The Innocence Files,TV Show,TV-MA,2020,2020-04-15
s2686,World Famous Lover,Movie,TV-MA,2020,2020-04-15
s2687,Chris D'Elia: No Pain,Movie,TV-MA,2020,2020-04-14
s2688,New Money,Movie,TV-14,2018,2020-04-14
s2689,Moms at War,Movie,TV-14,2018,2020-04-13
s2690,Surviving R. Kelly: The Impact,Movie,TV-14,2019,2020-04-13
s2691,Code 8,Movie,TV-MA,2019,2020-04-11
s2692,Brews Brothers,TV Show,TV-MA,2020,2020-04-10
s2693,LA Originals,Movie,TV-MA,2020,2020-04-10
s2694,Love Wedding Repeat,Movie,TV-MA,2020,2020-04-10
s2695,School Life,Movie,TV-MA,2019,2020-04-10
s2696,The Main Event,Movie,TV-G,2020,2020-04-10
s2697,The Trial,TV Show,TV-MA,2019,2020-04-10
s2698,Tigertail,Movie,PG,2020,2020-04-10
s2699,Hi Score Girl,TV Show,TV-14,2019,2020-04-09
s2700,The Circle France,TV Show,TV-MA,2020,2020-04-09
s2701,Born Beautiful,Movie,TV-MA,2019,2020-04-08
s2702,The Last Airbender,Movie,PG,2010,2020-04-08
s2703,Tiffany Haddish: She Ready! From the Hood To Hollywood!,Movie,TV-MA,2017,2020-04-07
s2704,Mine 9,Movie,TV-MA,2019,2020-04-06
s2705,The Florida Project,Movie,R,2017,2020-04-06
s2706,Dark Light,Movie,TV-MA,2019,2020-04-05
s2707,The Killing of a Sacred Deer,Movie,R,2017,2020-04-05
s2708,Angel Has Fallen,Movie,R,2019,2020-04-04
s2709,El Reemplazante,TV Show,TV-MA,2013,2020-04-04
s2710,Coffee & Kareem,Movie,TV-MA,2020,2020-04-03
s2711,Legacies,TV Show,TV-14,2019,2020-04-03
s2712,Money Heist: The Phenomenon,Movie,TV-MA,2020,2020-04-03
s2713,The Death of Stalin,Movie,R,2017,2020-04-03
s2714,Sol Levante,Movie,TV-14,2020,2020-04-02
s2715,Violet Evergarden: Eternity and the Auto Memory Doll,Movie,TV-PG,2019,2020-04-02
s2716,Agneepath,Movie,TV-14,1990,2020-04-01
s2717,Brothers,Movie,TV-14,2015,2020-04-01
s2718,Chhota Bheem and the Curse of Damyaan,Movie,TV-Y7,2012,2020-04-01
s2719,Community,TV Show,TV-14,2015,2020-04-01
s2720,David Batra: Elefanten i rummet,Movie,TV-MA,2020,2020-04-01
s2721,Dostana,Movie,TV-14,2008,2020-04-01
s2722,Duniya,Movie,TV-14,1984,2020-04-01
s2723,Duplicate,Movie,TV-14,1998,2020-04-01
s2724,Friendship,Movie,TV-14,1980,2020-04-01
s2725,Gori Tere Pyaar Mein,Movie,TV-14,2013,2020-04-01
s2726,Gumrah,Movie,TV-14,1993,2020-04-01
s2727,Hasee Toh Phasee,Movie,TV-14,2014,2020-04-01
s2728,How to Fix a Drug Scandal,TV Show,TV-MA,2020,2020-04-01
s2729,Humpty Sharma Ki Dulhania,Movie,TV-14,2014,2020-04-01
s2730,Kaal,Movie,TV-14,2005,2020-04-01
s2731,Kabhi Alvida Naa Kehna,Movie,TV-14,2006,2020-04-01
s2732,Kabhi Khushi Kabhie Gham,Movie,TV-14,2001,2020-04-01
s2733,Kal Ho Naa Ho,Movie,TV-14,2003,2020-04-01
s2734,Kapoor & Sons,Movie,TV-14,2016,2020-04-01
s2735,Kuch Kuch Hota Hai,Movie,TV-14,1998,2020-04-01
s2736,Magnificent,Movie,TV-14,2015,2020-04-01
s2737,Man Like Mobeen,TV Show,TV-MA,2020,2020-04-01
s2738,Mighty Raju Rio Calling,Movie,TV-Y7,2014,2020-04-01
s2739,Muqaddar ka Faisla,Movie,TV-14,1987,2020-04-01
s2740,Pokémon the Series,TV Show,TV-Y7,2019,2020-04-01
s2741,Saint Seiya,TV Show,TV-14,1986,2020-04-01
s2742,SETHUM AAYIRAM PON,Movie,TV-MA,2020,2020-04-01
s2743,Sunderland 'Til I Die,TV Show,TV-MA,2020,2020-04-01
s2744,The Iliza Shlesinger Sketch Show,TV Show,TV-MA,2020,2020-04-01
s2745,The Little Vampire,Movie,TV-G,2017,2020-04-01
s2746,The Runaways,Movie,R,2010,2020-04-01
s2747,The Windsors,TV Show,TV-MA,2020,2020-04-01
s2748,Ungli,Movie,TV-14,2014,2020-04-01
s2749,Well-Intended Love,TV Show,TV-14,2020,2020-04-01
s2750,Wildling,Movie,R,2018,2020-04-01
s2751,A truthful Mother,Movie,TV-Y7,2020,2020-03-31
s2752,Akbar Birbal,TV Show,TV-G,2019,2020-03-31
s2753,Bal Ganesh,TV Show,TV-Y7,2019,2020-03-31
s2754,Dave Chappelle: The Kennedy Center Mark Twain Prize for American Humor,Movie,TV-MA,2020,2020-03-31
s2755,Greater,Movie,PG,2016,2020-03-31
s2756,Indian Horse,Movie,TV-MA,2017,2020-03-31
s2757,Paharganj,Movie,TV-MA,2019,2020-03-31
s2758,Pretty Little Stalker,Movie,TV-14,2018,2020-03-31
s2759,Through My Father's Eyes: The Ronda Rousey Story,Movie,R,2019,2020-03-31
s2760,Tree House Tales,TV Show,TV-Y,2019,2020-03-31
s2761,Kannum Kannum Kollaiyadithaal,Movie,TV-14,2020,2020-03-29
s2762,Rugal,TV Show,TV-MA,2020,2020-03-29
s2763,Rogue Warfare,Movie,R,2019,2020-03-28
s2764,Dragons: Rescue Riders: Hunt for the Golden Dragon,Movie,TV-Y,2020,2020-03-27
s2765,Happy!,TV Show,TV-MA,2019,2020-03-27
s2766,Ladies Up,TV Show,TV-MA,2019,2020-03-27
s2767,Maska,Movie,TV-MA,2020,2020-03-27
s2768,Ozark,TV Show,TV-MA,2020,2020-03-27
s2769,The Decline,Movie,TV-MA,2020,2020-03-27
s2770,There's Something in the Water,Movie,TV-14,2019,2020-03-27
s2771,True: Wuzzle Wegg Day,Movie,TV-Y,2020,2020-03-27
s2772,Uncorked,Movie,TV-MA,2020,2020-03-27
s2773,Wassup Man GO!,TV Show,TV-MA,2020,2020-03-27
s2774,Willy and the Guardians of the Lake: Tales from the Lakeside Winter Adventure,Movie,TV-Y,2019,2020-03-27
s2775,7SEEDS,TV Show,TV-MA,2020,2020-03-26
s2776,Happy Old Year,Movie,TV-MA,2019,2020-03-26
s2777,Making Unorthodox,Movie,TV-G,2020,2020-03-26
s2778,Unorthodox,TV Show,TV-MA,2020,2020-03-26
s2779,Bethany Hamilton: Unstoppable,Movie,PG,2019,2020-03-25
s2780,Crip Camp: A Disability Revolution,Movie,R,2020,2020-03-25
s2781,Curtiz,Movie,TV-MA,2018,2020-03-25
s2782,The Occupant,Movie,TV-MA,2020,2020-03-25
s2783,Tom Segura: Ball Hog,Movie,TV-MA,2020,2020-03-24
s2784,Freud,TV Show,TV-MA,2020,2020-03-23
s2785,J-Style Trip,TV Show,TV-14,2020,2020-03-22
s2786,Barbie Dreamhouse Adventures: Go Team Roberts,TV Show,TV-Y,2020,2020-03-21
s2787,A Life of Speed: The Juan Manuel Fangio Story,Movie,TV-14,2020,2020-03-20
s2788,Archibald's Next Big Thing,TV Show,TV-Y7,2020,2020-03-20
s2789,Dino Girl Gauko,TV Show,TV-Y7,2020,2020-03-20
s2790,El silencio es bienvenido,Movie,TV-14,2017,2020-03-20
s2791,Greenhouse Academy,TV Show,TV-PG,2020,2020-03-20
s2792,Self Made: Inspired by the Life of Madam C.J. Walker,TV Show,TV-MA,2020,2020-03-20
s2793,She,TV Show,TV-MA,2020,2020-03-20
s2794,The English Game,TV Show,TV-14,2020,2020-03-20
s2795,The Letter for the King,TV Show,TV-PG,2020,2020-03-20
s2796,"Tiger King: Murder, Mayhem and Madness",TV Show,TV-MA,2020,2020-03-20
s2797,Ultras,Movie,TV-MA,2020,2020-03-20
s2798,Vampires,TV Show,TV-MA,2020,2020-03-20
s2799,3022,Movie,R,2019,2020-03-19
s2800,Altered Carbon: Resleeved,Movie,TV-MA,2020,2020-03-19
s2801,Masameer - The Movie,Movie,TV-14,2020,2020-03-19
s2802,AllI Wish,Movie,R,2017,2020-03-18
s2803,Caliphate,TV Show,TV-MA,2020,2020-03-18
s2804,Lu Over the Wall,Movie,PG,2017,2020-03-18
s2805,Women Of The Night,TV Show,TV-MA,2019,2020-03-18
s2806,XV: Beyond the Tryline,Movie,TV-14,2016,2020-03-18
s2807,Bert Kreischer: Hey Big Boy,Movie,TV-MA,2020,2020-03-17
s2808,Shaun the Sheep: Adventures from Mossy Bottom,TV Show,TV-Y7,2020,2020-03-17
s2809,We Speak Dance,TV Show,TV-MA,2018,2020-03-17
s2810,Search Party,Movie,R,2014,2020-03-16
s2811,Bypass Road,Movie,TV-14,2019,2020-03-15
s2812,Digs & Discoveries: All Track's Lead to Rome,Movie,TV-Y,2019,2020-03-15
s2813,Digs & Discoveries: Mines of Mystery,Movie,TV-Y,2019,2020-03-15
s2814,Ken Burns Presents: College Behind Bars: A Film by Lynn Novick and Produced by Sarah Botstein,TV Show,TV-MA,2019,2020-03-15
s2815,Steam Team to the Rescue,Movie,TV-Y,2019,2020-03-15
s2816,Jai Mummy Di,Movie,TV-MA,2020,2020-03-14
s2817,100 Humans,TV Show,TV-14,2020,2020-03-13
s2818,Baby Mamas,Movie,TV-14,2018,2020-03-13
s2819,Bloodride,TV Show,TV-MA,2020,2020-03-13
s2820,Go Karts,Movie,TV-PG,2020,2020-03-13
s2821,Justine,Movie,TV-MA,2019,2020-03-13
s2822,Kingdom,TV Show,TV-MA,2020,2020-03-13
s2823,Lost Girls,Movie,R,2020,2020-03-13
s2824,Miracle in Cell No. 7,Movie,TV-14,2019,2020-03-13
s2825,The Valhalla Murders,TV Show,TV-MA,2020,2020-03-13
s2826,Dirty Money,TV Show,TV-MA,2020,2020-03-11
s2827,On My Block,TV Show,TV-14,2020,2020-03-11
s2828,The Circle Brazil,TV Show,TV-MA,2020,2020-03-11
s2829,Carmen Sandiego: To Steal or Not to Steal,Movie,TV-Y7,2020,2020-03-10
s2830,Marc Maron: End Times Fun,Movie,TV-MA,2020,2020-03-10
s2831,Sitara: Let Girls Dream,Movie,TV-PG,2020,2020-03-08
s2832,Alakada Reloaded,Movie,TV-MA,2017,2020-03-06
s2833,All About Love,Movie,TV-MA,2017,2020-03-06
s2834,Guilty,Movie,TV-MA,2020,2020-03-06
s2835,I am Jonas,Movie,TV-MA,2019,2020-03-06
s2836,Miles Davis: Birth of the Cool,Movie,TV-MA,2019,2020-03-06
s2837,Spenser Confidential,Movie,R,2020,2020-03-06
s2838,Twin Murders: the Silence of the White City,Movie,TV-MA,2020,2020-03-06
s2839,Ugly Delicious,TV Show,TV-MA,2020,2020-03-06
s2840,93 Days,Movie,TV-PG,2016,2020-03-05
s2841,Angu Vaikuntapurathu (Malayalam),Movie,TV-14,2020,2020-03-05
s2842,Mighty Little Bheem: Festival of Colors,TV Show,TV-Y,2020,2020-03-05
s2843,Tootsies & The Fake,Movie,TV-MA,2019,2020-03-05
s2844,Aurora,Movie,TV-MA,2010,2020-03-04
s2845,Lil Peep: Everybody’s Everything,Movie,TV-MA,2019,2020-03-04
s2846,The Death of Mr. Lazarescu,Movie,R,2005,2020-03-04
s2847,Velvet,TV Show,TV-14,2016,2020-03-04
s2848,Freaks,Movie,R,2018,2020-03-03
s2849,Luccas Neto in: The End of Christmas,Movie,TV-Y,2019,2020-03-03
s2850,Taylor Tomlinson: Quarter-Life Crisis,Movie,TV-MA,2020,2020-03-03
s2851,The Last Bomb of the Second World War,Movie,TV-14,2019,2020-03-03
s2852,Uncovered,Movie,TV-MA,2019,2020-03-03
s2853,W.E.,Movie,R,2011,2020-03-03
s2854,Fat Ballerina - David A. Arnold,Movie,TV-MA,2020,2020-03-02
s2855,Akame ga Kill!,TV Show,TV-14,2014,2020-03-01
s2856,Babylon Berlin,TV Show,TV-MA,2020,2020-03-01
s2857,Bhangra Paa Le,Movie,TV-14,2019,2020-03-01
s2858,Calico Critters Mini Episodes Clover,TV Show,TV-Y,2020,2020-03-01
s2859,Calico Critters: Everyone's Big Dream Flying in the Sky,Movie,TV-Y,2019,2020-03-01
s2860,Frank & Lola,Movie,TV-MA,2016,2020-03-01
s2861,Hugo,Movie,PG,2011,2020-03-01
s2862,Ordinary World,Movie,TV-14,2016,2020-03-01
s2863,"Pop, Lock 'n Roll",Movie,TV-14,2017,2020-03-01
s2864,There Will Be Blood,Movie,R,2007,2020-03-01
s2865,Velvet Colección: Grand Finale,Movie,TV-14,2020,2020-03-01
s2866,Voulez-vous rire avec moi ce soir?,Movie,TV-MA,2018,2020-03-01
s2867,ZZ TOP: THAT LITTLE OL' BAND FROM TEXAS,Movie,TV-MA,2019,2020-03-01
s2868,All The Bright Places,Movie,TV-MA,2020,2020-02-28
s2869,Always a Witch,TV Show,TV-14,2019,2020-02-28
s2870,Amit Tandon: Family Tandoncies,Movie,TV-14,2019,2020-02-28
s2871,Queen Sono,TV Show,TV-MA,2020,2020-02-28
s2872,Toy Boy,TV Show,TV-MA,2019,2020-02-28
s2873,Unstoppable,TV Show,TV-MA,2020,2020-02-28
s2874,Ala Vaikunthapurramuloo,Movie,TV-14,2020,2020-02-27
s2875,Altered Carbon,TV Show,TV-MA,2020,2020-02-27
s2876,Followers,TV Show,TV-MA,2020,2020-02-27
s2877,Pokémon: Mewtwo Strikes Back - Evolution,Movie,TV-Y7,2019,2020-02-27
s2878,Six Windows in the Desert,TV Show,TV-14,2020,2020-02-27
s2879,Couple of Days,Movie,TV-14,2016,2020-02-26
s2880,Gbomo Gbomo Express,Movie,TV-MA,2015,2020-02-26
s2881,I Am Not Okay With This,TV Show,TV-MA,2020,2020-02-26
s2882,Taxi Driver,Movie,TV-MA,2015,2020-02-26
s2883,The Arbitration,Movie,TV-MA,2016,2020-02-26
s2884,The Trials of Gabriel Fernandez,TV Show,TV-MA,2020,2020-02-26
s2885,The Visit,Movie,TV-MA,2015,2020-02-26
s2886,When Love Happens,Movie,TV-14,2014,2020-02-26
s2887,Pete Davidson: Alive From New York,Movie,TV-MA,2020,2020-02-25
s2888,Full Count,Movie,TV-PG,2019,2020-02-23
s2889,"Hi Bye, Mama!",TV Show,TV-14,2020,2020-02-23
s2890,Girl on the Third Floor,Movie,TV-MA,2019,2020-02-22
s2891,Unabomber - In His Own Words,TV Show,TV-MA,2018,2020-02-22
s2892,Gentefied,TV Show,TV-MA,2020,2020-02-21
s2893,Hyena,TV Show,TV-MA,2020,2020-02-21
s2894,Passion. Panache. Pep,TV Show,TV-G,2020,2020-02-21
s2895,Puerta 7,TV Show,TV-MA,2020,2020-02-21
s2896,System Crasher,Movie,TV-MA,2020,2020-02-21
s2897,The Body,Movie,TV-14,2019,2020-02-21
s2898,The Last Thing He Wanted,Movie,R,2020,2020-02-21
s2899,Yeh Ballet,Movie,TV-MA,2020,2020-02-21
s2900,Pretville,Movie,TV-PG,2012,2020-02-20
s2901,Spectros,TV Show,TV-MA,2020,2020-02-20
s2902,Untamed Romania,Movie,TV-PG,2018,2020-02-20
s2903,DreamWorks Shrek's Swamp Stories,TV Show,TV-PG,2008,2020-02-17
s2904,By the Sea,Movie,R,2015,2020-02-16
s2905,Miss Virginia,Movie,TV-MA,2019,2020-02-16
s2906,MR. RIGHT,Movie,R,2015,2020-02-16
s2907,On the Real,TV Show,TV-MA,2017,2020-02-16
s2908,Term Life,Movie,R,2016,2020-02-16
s2909,The Forest,Movie,PG-13,2016,2020-02-16
s2910,Monster High: Electrified,Movie,TV-Y,2017,2020-02-15
s2911,Talking Tom and Friends,TV Show,TV-Y,2017,2020-02-15
s2912,A Shaun the Sheep Movie: Farmageddon,Movie,G,2019,2020-02-14
s2913,Cuddle Weather,Movie,TV-MA,2019,2020-02-14
s2914,Fanatyk,Movie,TV-MA,2017,2020-02-14
s2915,Isi & Ossi,Movie,TV-MA,2020,2020-02-14
s2916,Liefling,Movie,TV-PG,2010,2020-02-14
s2917,Panipat - The Great Betrayal,Movie,TV-14,2019,2020-02-14
s2918,Taj Mahal 1989,TV Show,TV-MA,2020,2020-02-14
s2919,The Ghost and the Tout,Movie,TV-14,2018,2020-02-14
s2920,Dragon Quest Your Story,Movie,TV-PG,2019,2020-02-13
s2921,Love Is Blind,TV Show,TV-MA,2021,2020-02-13
s2922,Narcos: Mexico,TV Show,TV-MA,2020,2020-02-13
s2923,Palazuelos mi rey,TV Show,TV-14,2019,2020-02-13
s2924,Sleepless Society: Insomnia,TV Show,TV-MA,2019,2020-02-13
s2925,French Toast,Movie,TV-PG,2015,2020-02-12
s2926,To All the Boys: P.S. I Still Love You,Movie,TV-14,2020,2020-02-12
s2927,We Bare Bears,TV Show,TV-Y,2018,2020-02-12
s2928,Captain Underpants Epic Choice-o-Rama,Movie,TV-Y7,2020,2020-02-11
s2929,Good Time,Movie,R,2017,2020-02-11
s2930,ROAD TO ROMA,Movie,TV-PG,2020,2020-02-11
s2931,Love for Sale 2,Movie,TV-14,2019,2020-02-10
s2932,Better Call Saul,TV Show,TV-MA,2018,2020-02-09
s2933,Fronteras,Movie,TV-MA,2018,2020-02-09
s2934,Polaroid,Movie,PG-13,2019,2020-02-09
s2935,The Coldest Game,Movie,TV-MA,2019,2020-02-08
s2936,Thottappan,Movie,TV-14,2019,2020-02-08
s2937,Azali,Movie,TV-14,2018,2020-02-07
s2938,Dragons: Rescue Riders,TV Show,TV-Y,2020,2020-02-07
s2939,Fifty: The Series,TV Show,TV-14,2018,2020-02-07
s2940,Horse Girl,Movie,R,2020,2020-02-07
s2941,Jada,Movie,TV-14,2019,2020-02-07
s2942,Locke & Key,TV Show,TV-14,2020,2020-02-07
s2943,My Holo Love,TV Show,TV-14,2020,2020-02-07
s2944,The Ballad of Lefty Brown,Movie,R,2017,2020-02-07
s2945,Who Killed Malcolm X?,TV Show,TV-MA,2020,2020-02-07
s2946,Cagaster of an Insect Cage,TV Show,TV-MA,2020,2020-02-06
s2947,Gardeners of Eden,Movie,TV-14,2014,2020-02-06
s2948,Arrow,TV Show,TV-14,2019,2020-02-05
s2949,The Pharmacist,TV Show,TV-MA,2020,2020-02-05
s2950,Uppity: The Willy T. Ribbs Story,Movie,TV-MA,2020,2020-02-05
s2951,Dragonheart: Vengeance,Movie,PG-13,2020,2020-02-04
s2952,"Faith, Hope & Love",Movie,PG,2019,2020-02-04
s2953,Tom Papa: You're Doing Great!,Movie,TV-14,2020,2020-02-04
s2954,Team Kaylie,TV Show,TV-PG,2020,2020-02-03
s2955,Thambi,Movie,TV-14,2019,2020-02-03
s2956,The Silent War,Movie,TV-MA,2020,2020-02-03
s2957,Chronically Metropolitan,Movie,TV-MA,2016,2020-02-01
s2958,Hum Aapke Hain Koun,Movie,TV-14,1994,2020-02-01
s2959,Is It Wrong to Try to Pick Up Girls in a Dungeon?,TV Show,TV-MA,2015,2020-02-01
s2960,Itaewon Class,TV Show,TV-MA,2020,2020-02-01
s2961,Justice,Movie,R,2017,2020-02-01
s2962,Love Jacked,Movie,PG-13,2018,2020-02-01
s2963,Miraculous: Tales of Ladybug & Cat Noir,TV Show,TV-Y7,2019,2020-02-01
s2964,Misfit 2,Movie,TV-G,2019,2020-02-01
s2965,Night on Earth: Shot in the Dark,Movie,TV-PG,2020,2020-02-01
s2966,No Game No Life,TV Show,TV-MA,2014,2020-02-01
s2967,Pop Team Epic,TV Show,TV-14,2018,2020-02-01
s2968,Shopkins,TV Show,TV-Y,2014,2020-02-01
s2969,The Car: Road to Revenge,Movie,TV-MA,2019,2020-02-01
s2970,Together For Eternity,Movie,TV-G,1999,2020-02-01
s2971,37 Seconds,Movie,TV-MA,2020,2020-01-31
s2972,Diablero,TV Show,TV-MA,2020,2020-01-31
s2973,Gang of the Caribbean,Movie,TV-MA,2016,2020-01-31
s2974,Hakkunde,Movie,TV-14,2017,2020-01-31
s2975,Luna Nera,TV Show,TV-MA,2020,2020-01-31
s2976,Miss Americana,Movie,TV-MA,2020,2020-01-31
s2977,Unauthorized Living,TV Show,TV-MA,2020,2020-01-31
s2978,Ainori Love Wagon: African Journey,TV Show,TV-14,2019,2020-01-30
s2979,Kevin Hart: I'm a Grown Little Man,Movie,TV-MA,2009,2020-01-30
s2980,THE STRANGER,TV Show,TV-MA,2020,2020-01-30
s2981,What the Love! with Karan Johar,TV Show,TV-14,2020,2020-01-30
s2982,Close Enemies,Movie,TV-MA,2018,2020-01-29
s2983,Find Yourself,TV Show,TV-14,2020,2020-01-29
s2984,Night on Earth,TV Show,TV-PG,2020,2020-01-29
s2985,Omniscient,TV Show,TV-MA,2020,2020-01-29
s2986,Shimla Mirchi,Movie,TV-14,2020,2020-01-27
s2987,Sillu Karuppatti,Movie,TV-14,2019,2020-01-26
s2988,Vir Das: For India,Movie,TV-MA,2020,2020-01-26
s2989,Menashe,Movie,PG,2017,2020-01-25
s2990,A Sun,Movie,TV-MA,2019,2020-01-24
s2991,Die Ontwaking,Movie,TV-MA,2015,2020-01-24
s2992,Rise of Empires: Ottoman,TV Show,TV-MA,2020,2020-01-24
s2993,Sons of the Caliphate,TV Show,TV-14,2017,2020-01-24
s2994,The goop lab with Gwyneth Paltrow,TV Show,TV-MA,2020,2020-01-24
s2995,The Ranch,TV Show,TV-MA,2020,2020-01-24
s2996,Airplane Mode,Movie,TV-PG,2020,2020-01-23
s2997,Alex Fernández: The Best Comedian in the World,Movie,TV-MA,2020,2020-01-23
s2998,October Faction,TV Show,TV-MA,2020,2020-01-23
s2999,​SAINT SEIYA: Knights of the Zodiac,TV Show,TV-14,2020,2020-01-23
s3000,The Ghost Bride,TV Show,TV-14,2020,2020-01-23
s3001,Pandemic: How to Prevent an Outbreak,TV Show,TV-14,2020,2020-01-22
s3002,Playing with Fire,TV Show,TV-MA,2019,2020-01-22
s3003,Whisky,Movie,TV-MA,2004,2020-01-22
s3004,Fortune Feimster: Sweet & Salty,Movie,TV-MA,2020,2020-01-21
s3005,KD (A) Karuppudurai,Movie,TV-14,2019,2020-01-21
s3006,DreamWorks How to Train Your Dragon Legends,TV Show,TV-PG,2011,2020-01-20
s3007,Motichoor Chaknachoor,Movie,TV-14,2019,2020-01-20
s3008,WHAT DID JACK DO?,Movie,TV-14,2020,2020-01-20
s3009,The Bling Ring,Movie,R,2013,2020-01-18
s3010,A Fall from Grace,Movie,TV-MA,2020,2020-01-17
s3011,Ares,TV Show,TV-MA,2020,2020-01-17
s3012,Hip-Hop Evolution,TV Show,TV-MA,2020,2020-01-17
s3013,Nailed It! Germany,TV Show,TV-14,2020,2020-01-17
s3014,Tiny House Nation,TV Show,TV-PG,2019,2020-01-17
s3015,Deadcon,Movie,TV-14,2019,2020-01-16
s3016,Handsome Siblings,TV Show,TV-14,2020,2020-01-16
s3017,Hop,Movie,PG,2011,2020-01-16
s3018,Jezebel,Movie,TV-MA,2019,2020-01-16
s3019,Legend,Movie,R,2015,2020-01-16
s3020,NiNoKuni,Movie,TV-14,2019,2020-01-16
s3021,Soul Eater,TV Show,TV-14,2008,2020-01-16
s3022,Steve Jobs,Movie,R,2015,2020-01-16
s3023,Bulbul Can Sing,Movie,TV-14,2018,2020-01-15
s3024,Eye For An Eye,Movie,TV-MA,2019,2020-01-15
s3025,Killer Inside: The Mind of Aaron Hernandez,TV Show,TV-MA,2020,2020-01-15
s3026,MindGamers,Movie,R,2017,2020-01-15
s3027,The Brave,Movie,TV-MA,2019,2020-01-15
s3028,Leslie Jones: Time Machine,Movie,TV-MA,2020,2020-01-14
s3029,The Ollie & Moon Show,TV Show,TV-Y,2018,2020-01-14
s3030,Women of Mafia 2,Movie,TV-MA,2019,2020-01-14
s3031,The Healing Powers of Dude,TV Show,TV-G,2020,2020-01-13
s3032,Betty White: First Lady of Television,Movie,TV-14,2018,2020-01-12
s3033,Made in China,Movie,TV-MA,2019,2020-01-12
s3034,AJ and the Queen,TV Show,TV-14,2020,2020-01-10
s3035,Giri / Haji,TV Show,TV-MA,2019,2020-01-10
s3036,Harvey Street Kids,TV Show,TV-Y7,2020,2020-01-10
s3037,Jamtara - Sabka Number Ayega,TV Show,TV-MA,2020,2020-01-10
s3038,Medical Police,TV Show,TV-MA,2020,2020-01-10
s3039,Monsters: Dark Continent,Movie,R,2014,2020-01-10
s3040,The InBESTigators,TV Show,TV-Y,2020,2020-01-10
s3041,Until Dawn,TV Show,TV-MA,2020,2020-01-10
s3042,Bulletproof 2,Movie,TV-MA,2020,2020-01-09
s3043,Cheer,TV Show,TV-MA,2020,2020-01-08
s3044,A Ghost Story,Movie,R,2017,2020-01-07
s3045,"Live Twice, Love Once",Movie,TV-MA,2020,2020-01-07
s3046,Dracula,TV Show,TV-14,2020,2020-01-04
s3047,All the Freckles in the World,Movie,TV-14,2020,2020-01-03
s3048,Anne with an E,TV Show,TV-PG,2019,2020-01-03
s3049,Half Girlfriend,Movie,TV-14,2017,2020-01-02
s3050,"Sex, Explained",TV Show,TV-MA,2020,2020-01-02
s3051,Thieves of the Wood,TV Show,TV-MA,2019,2020-01-02
s3052,Aruna & Her Palate,Movie,TV-14,2018,2020-01-01
s3053,Because This Is My First Life,TV Show,TV-14,2017,2020-01-01
s3054,Border Security: America's Front Line,TV Show,TV-14,2018,2020-01-01
s3055,Breaking the Bank,Movie,TV-PG,2014,2020-01-01
s3056,Cells at Work!,TV Show,TV-PG,2018,2020-01-01
s3057,Chhota Bheem Kung Fu Dhamaka Series,TV Show,TV-Y7,2019,2020-01-01
s3058,Garfield Gets Real,Movie,TV-Y,2007,2020-01-01
s3059,Garfield's Fun Fest,Movie,TV-Y7,2008,2020-01-01
s3060,Garfield's Pet Force,Movie,G,2009,2020-01-01
s3061,Ghost Stories,Movie,TV-MA,2020,2020-01-01
s3062,Jeff Dunham: Unhinged in Hollywood,Movie,TV-MA,2015,2020-01-01
s3063,Jimmy Neutron: Boy Genius,Movie,G,2001,2020-01-01
s3064,Live Up To Your Name,TV Show,TV-MA,2017,2020-01-01
s3065,Luccas Neto in: Children's Day,Movie,TV-G,2019,2020-01-01
s3066,Messiah,TV Show,TV-MA,2020,2020-01-01
s3067,Mia and Me,TV Show,TV-Y7,2017,2020-01-01
s3068,"Nisman: The Prosecutor, the President, and the Spy",TV Show,TV-MA,2020,2020-01-01
s3069,Pan's Labyrinth,Movie,R,2006,2020-01-01
s3070,Pokémon the Movie: Power of Us,Movie,TV-Y7,2018,2020-01-01
s3071,Posesif,Movie,TV-MA,2017,2020-01-01
s3072,Reply 1988,TV Show,TV-14,2015,2020-01-01
s3073,Riot,Movie,TV-MA,2015,2020-01-01
s3074,Road Trip: Beer Pong,Movie,R,2009,2020-01-01
s3075,Save Me,TV Show,TV-MA,2017,2020-01-01
s3076,Spinning Out,TV Show,TV-MA,2020,2020-01-01
s3077,The Bride of Habaek,TV Show,TV-14,2017,2020-01-01
s3078,Aaviri,Movie,TV-14,2019,2019-12-31
s3079,Albert Pinto Ko Gussa Kyun Aata Hai?,Movie,TV-MA,2019,2019-12-31
s3080,ARASHI's Diary -Voyage-,TV Show,TV-PG,2019,2019-12-31
s3081,Benchwarmers 2: Breaking Balls,Movie,PG-13,2019,2019-12-31
s3082,How High 2,Movie,TV-MA,2019,2019-12-31
s3083,Occupied,TV Show,TV-MA,2019,2019-12-31
s3084,Pucca: Love Recipe,TV Show,TV-Y7,2018,2019-12-31
s3085,Rainbow Ruby,TV Show,TV-Y,2016,2019-12-31
s3086,Robot Trains,TV Show,TV-Y7,2018,2019-12-31
s3087,The Degenerates,TV Show,TV-MA,2019,2019-12-31
s3088,Yanxi Palace: Princess Adventures,TV Show,TV-14,2019,2019-12-31
s3089,The Disastrous Life of Saiki K.: Reawakened,TV Show,TV-14,2019,2019-12-30
s3090,Hot Gimmick: Girl Meets Boy,Movie,TV-MA,2019,2019-12-28
s3091,Blitz Patrollie,Movie,TV-MA,2013,2019-12-27
s3092,"El Pepe, a Supreme Life",Movie,TV-14,2018,2019-12-27
s3093,Kevin Hart: Don’t F**k This Up,TV Show,TV-MA,2019,2019-12-27
s3094,The Vendor,Movie,TV-MA,2018,2019-12-27
s3095,The App,Movie,TV-MA,2019,2019-12-26
s3096,The Bonfire of Destiny,TV Show,TV-MA,2019,2019-12-26
s3097,You,TV Show,TV-MA,2019,2019-12-26
s3098,Doom: Annihilation,Movie,R,2019,2019-12-25
s3099,Fireworks,Movie,TV-PG,2017,2019-12-25
s3100,Grand-Daddy Day Care,Movie,PG-13,2019,2019-12-25
s3101,Jarhead: Law of Return,Movie,R,2019,2019-12-25
s3102,MFKZ,Movie,R,2017,2019-12-25
s3103,Sweetheart,Movie,PG-13,2019,2019-12-25
s3104,CAROLE & TUESDAY,TV Show,TV-MA,2019,2019-12-24
s3105,Como caído del cielo,Movie,TV-14,2019,2019-12-24
s3106,John Mulaney & The Sack Lunch Bunch,Movie,TV-PG,2019,2019-12-24
s3107,Lost in Space,TV Show,TV-PG,2019,2019-12-24
s3108,Jacob's Ladder,Movie,R,2019,2019-12-22
s3109,Private Practice,TV Show,TV-14,2012,2019-12-22
s3110,Back of the Net,Movie,TV-Y,2019,2019-12-21
s3111,Lost in London,Movie,TV-PG,2017,2019-12-21
s3112,Agent,TV Show,TV-MA,2019,2019-12-20
s3113,Being Mrs Elliot,Movie,TV-14,2014,2019-12-20
s3114,Falz Experience,Movie,TV-MA,2018,2019-12-20
s3115,Iyore,Movie,TV-PG,2015,2019-12-20
s3116,The First Lady,Movie,TV-MA,2015,2019-12-20
s3117,The Two Popes,Movie,PG-13,2019,2019-12-20
s3118,The Witcher,TV Show,TV-MA,2019,2019-12-20
s3119,After the Raid,Movie,TV-PG,2019,2019-12-19
s3120,Twice Upon A Time,TV Show,TV-MA,2019,2019-12-19
s3121,Ultraviolet,TV Show,TV-MA,2019,2019-12-19
s3122,Don't F**k with Cats: Hunting an Internet Killer,TV Show,TV-MA,2019,2019-12-18
s3123,Soundtrack,TV Show,TV-MA,2019,2019-12-18
s3124,Ronny Chieng: Asian Comedian Destroys America!,Movie,TV-MA,2019,2019-12-17
s3125,"Sincerely Yours, Dhaka",Movie,TV-MA,2018,2019-12-16
s3126,The Danish Girl,Movie,R,2015,2019-12-16
s3127,Bangistan,Movie,TV-14,2015,2019-12-15
s3128,Cinderella and the Four Knights,TV Show,TV-PG,2016,2019-12-15
s3129,Cocomong,TV Show,TV-Y,2015,2019-12-15
s3130,Crash Landing on You,TV Show,TV-14,2019,2019-12-15
s3131,"Crazy, Lovely, Cool",TV Show,TV-MA,2018,2019-12-15
s3132,Dil Chahta Hai,Movie,TV-14,2001,2019-12-15
s3133,Dil Dhadakne Do,Movie,TV-MA,2015,2019-12-15
s3134,Don,Movie,TV-14,2006,2019-12-15
s3135,Don 2,Movie,TV-14,2011,2019-12-15
s3136,Fukrey,Movie,TV-14,2013,2019-12-15
s3137,Game,Movie,TV-14,2011,2019-12-15
s3138,Girls und Panzer,TV Show,TV-PG,2012,2019-12-15
s3139,Holy Expectations,Movie,TV-14,2019,2019-12-15
s3140,Honeymoon Travels Pvt. Ltd.,Movie,TV-14,2007,2019-12-15
s3141,Isoken,Movie,TV-14,2017,2019-12-15
s3142,Karthik Calling Karthik,Movie,TV-14,2010,2019-12-15
s3143,Lakshya,Movie,TV-PG,2004,2019-12-15
s3144,Luck by Chance,Movie,TV-14,2009,2019-12-15
s3145,Potato Potahto,Movie,TV-MA,2017,2019-12-15
s3146,Rock On!!,Movie,TV-14,2008,2019-12-15
s3147,Scooby-Doo!: Mystery Incorporated,TV Show,TV-Y7,2012,2019-12-15
s3148,Talaash,Movie,TV-14,2012,2019-12-15
s3149,What's New Scooby-Doo?,TV Show,TV-Y7,2005,2019-12-15
s3150,Zindagi Na Milegi Dobara,Movie,TV-14,2011,2019-12-15
s3151,6 Underground,Movie,R,2019,2019-12-13
s3152,A Trip to Jamaica,Movie,TV-MA,2016,2019-12-13
s3153,My Wife and I,Movie,TV-MA,2017,2019-12-13
s3154,Okafor's Law,Movie,TV-14,2016,2019-12-13
s3155,Seven and a half dates,Movie,TV-14,2018,2019-12-13
s3156,The 9th Precinct,Movie,TV-MA,2019,2019-12-13
s3157,Zero Hour,Movie,TV-MA,2018,2019-12-13
s3158,Jack Whitehall: Christmas with My Father,Movie,TV-MA,2019,2019-12-12
s3159,The Sky Is Pink,Movie,TV-MA,2019,2019-12-11
s3160,Good and Prosperous,Movie,TV-14,2017,2019-12-10
s3161,Michelle Wolf: Joke Show,Movie,TV-MA,2019,2019-12-10
s3162,A Family Reunion Christmas,Movie,TV-PG,2019,2019-12-09
s3163,It Comes at Night,Movie,R,2017,2019-12-09
s3164,Saaho,Movie,TV-14,2019,2019-12-08
s3165,Nothing to Lose 2,Movie,PG-13,2019,2019-12-07
s3166,Astronomy Club: The Sketch Show,TV Show,TV-MA,2019,2019-12-06
s3167,Banana Island Ghost,Movie,TV-14,2017,2019-12-06
s3168,Celebrity Marriage,Movie,TV-14,2017,2019-12-06
s3169,Fuller House,TV Show,TV-PG,2020,2019-12-06
s3170,Marriage Story,Movie,R,2019,2019-12-06
s3171,No Game No Life: Zero,Movie,TV-MA,2017,2019-12-06
s3172,Slow Country,Movie,TV-MA,2017,2019-12-06
s3173,Spirit Riding Free: Spirit of Christmas,Movie,TV-Y7,2019,2019-12-06
s3174,Teasing Master Takagi-san,TV Show,TV-PG,2019,2019-12-06
s3175,The Chosen One,TV Show,TV-MA,2019,2019-12-06
s3176,The Confession Killer,TV Show,TV-14,2019,2019-12-06
s3177,Three Days of Christmas,TV Show,TV-MA,2019,2019-12-06
s3178,Triad Princess,TV Show,TV-MA,2019,2019-12-06
s3179,Wives on Strike,Movie,TV-14,2016,2019-12-06
s3180,Wives on Strike: The Revolution,Movie,TV-PG,2017,2019-12-06
s3181,A Christmas Prince: The Royal Baby,Movie,TV-PG,2019,2019-12-05
s3182,The Irishman: In Conversation,Movie,TV-MA,2019,2019-12-05
s3183,V Wars,TV Show,TV-MA,2019,2019-12-05
s3184,The Last O.G.,TV Show,TV-MA,2019,2019-12-04
s3185,The Prince of Tennis ~ Match! Tennis Juniors ~,TV Show,TV-PG,2019,2019-12-04
s3186,The Road to Love,TV Show,TV-14,2019,2019-12-04
s3187,Tiffany Haddish: Black Mitzvah,Movie,TV-MA,2019,2019-12-03
s3188,Nightflyers,TV Show,TV-MA,2018,2019-12-02
s3189,A Cinderella Story: Christmas Wish,Movie,PG,2019,2019-12-01
s3190,Baby Dolls,Movie,TV-PG,2019,2019-12-01
s3191,Cut Bank,Movie,R,2014,2019-12-01
s3192,Dead Kids,Movie,TV-MA,2019,2019-12-01
s3193,Eastsiders,TV Show,TV-MA,2018,2019-12-01
s3194,High End Yaariyan,Movie,TV-14,2019,2019-12-01
s3195,Iron Fists and Kung-Fu Kicks,Movie,TV-MA,2019,2019-12-01
s3196,Jindua,Movie,TV-14,2017,2019-12-01
s3197,Lakeeran,Movie,TV-PG,2016,2019-12-01
s3198,Mahi NRI,Movie,TV-14,2017,2019-12-01
s3199,Qismat,Movie,TV-PG,2018,2019-12-01
s3200,Space Jungle,TV Show,TV-Y,2016,2019-12-01
s3201,Tee Shot: Ariya Jutanugarn,Movie,TV-14,2019,2019-12-01
s3202,Thug Life,Movie,TV-14,2017,2019-12-01
s3203,Wandering Stars,Movie,TV-MA,2019,2019-12-01
s3204,Why Me?,Movie,TV-MA,2015,2019-12-01
s3205,Chocolate,TV Show,TV-14,2019,2019-11-30
s3206,Guatemala: Heart of the Mayan World,Movie,TV-G,2019,2019-11-30
s3207,The Zoya Factor,Movie,TV-14,2019,2019-11-30
s3208,Atlantics,Movie,TV-14,2019,2019-11-29
s3209,Chip and Potato,TV Show,TV-Y,2019,2019-11-29
s3210,Crazy people,Movie,TV-MA,2018,2019-11-29
s3211,I Lost My Body,Movie,TV-MA,2019,2019-11-29
s3212,Kalushi: The Story of Solomon Mahlangu,Movie,TV-MA,2016,2019-11-29
s3213,La Reina del Sur,TV Show,TV-MA,2019,2019-11-29
s3214,Lagos Real Fake Life,Movie,TV-MA,2018,2019-11-29
s3215,Payday,Movie,TV-MA,2018,2019-11-29
s3216,The Accidental Spy,Movie,TV-MA,2017,2019-11-29
s3217,The Charming Stepmom,TV Show,TV-14,2019,2019-11-29
s3218,The Island,Movie,TV-14,2018,2019-11-29
s3219,Holiday Rush,Movie,TV-PG,2019,2019-11-28
s3220,Levius,TV Show,TV-14,2019,2019-11-28
s3221,Lugar de Mulher,TV Show,TV-MA,2019,2019-11-28
s3222,Merry Happy Whatever,TV Show,TV-PG,2019,2019-11-28
s3223,Mythomaniac,TV Show,TV-MA,2019,2019-11-28
s3224,Defiance,Movie,R,2008,2019-11-27
s3225,Evvarikee Cheppoddu,Movie,TV-14,2019,2019-11-27
s3226,Little Singham: Mahabali,Movie,TV-Y7,2019,2019-11-27
s3227,The Body Remembers When the World Broke Open,Movie,TV-MA,2019,2019-11-27
s3228,The Irishman,Movie,R,2019,2019-11-27
s3229,Mike Birbiglia: The New One,Movie,TV-MA,2019,2019-11-26
s3230,Super Monsters Save Christmas,Movie,TV-Y,2019,2019-11-26
s3231,The Crime,TV Show,TV-MA,2015,2019-11-26
s3232,True: Winter Wishes,Movie,TV-Y,2019,2019-11-26
s3233,Zona Rosa,TV Show,TV-MA,2019,2019-11-26
s3234,Pranaam,Movie,TV-14,2019,2019-11-25
s3235,What the F* Is Going On?,Movie,TV-MA,2019,2019-11-25
s3236,Shot Caller,Movie,R,2017,2019-11-24
s3237,Once Upon A Time In Lingjian Mountain,TV Show,TV-14,2019,2019-11-23
s3238,Brother,Movie,TV-MA,2019,2019-11-22
s3239,Dolly Parton's Heartstrings,TV Show,TV-14,2019,2019-11-22
s3240,Girls und Panzer der Film,Movie,TV-MA,2015,2019-11-22
s3241,Mike Birbiglia: What I Should Have Said Was Nothing: Tales from My Secret Public Journal,Movie,TV-MA,2008,2019-11-22
s3242,Nailed It! Holiday!,TV Show,TV-PG,2019,2019-11-22
s3243,Narcoworld: Dope Stories,TV Show,TV-MA,2019,2019-11-22
s3244,Nobody's Looking,TV Show,TV-MA,2019,2019-11-22
s3245,Shelby American,Movie,TV-MA,2019,2019-11-22
s3246,Singapore Social,TV Show,TV-MA,2019,2019-11-22
s3247,The Dragon Prince,TV Show,TV-Y7,2019,2019-11-22
s3248,Trolls: The Beat Goes On!,TV Show,TV-Y7,2019,2019-11-22
s3249,The Knight Before Christmas,Movie,TV-14,2019,2019-11-21
s3250,Bangkok Buddies,TV Show,TV-MA,2019,2019-11-20
s3251,"Bikram: Yogi, Guru, Predator",Movie,TV-MA,2019,2019-11-20
s3252,Dorasaani,Movie,TV-14,2019,2019-11-20
s3253,Holiday Secrets,TV Show,TV-MA,2019,2019-11-20
s3254,"Lorena, Light-Footed Woman",Movie,TV-G,2019,2019-11-20
s3255,Mallesham,Movie,TV-14,2019,2019-11-20
s3256,Who Killed Little Gregory?,TV Show,TV-MA,2019,2019-11-20
s3257,Iliza Shlesinger: Unveiled,Movie,TV-MA,2019,2019-11-19
s3258,Miss Culinary,TV Show,TV-14,2019,2019-11-19
s3259,Candy Online,TV Show,TV-MA,2019,2019-11-17
s3260,Iron Sky: The Coming Race,Movie,TV-MA,2019,2019-11-16
s3261,Jeff Dunham: All Over the Map,Movie,TV-MA,2014,2019-11-16
s3262,Suffragette,Movie,PG-13,2015,2019-11-16
s3263,The Green Inferno,Movie,R,2013,2019-11-16
s3264,At the Dolphin Bay,TV Show,TV-14,2003,2019-11-15
s3265,Earthquake Bird,Movie,R,2019,2019-11-15
s3266,El sendero de la anaconda,Movie,TV-14,2019,2019-11-15
s3267,GO! The Unforgettable Party,Movie,TV-PG,2019,2019-11-15
s3268,Guna 369,Movie,TV-MA,2019,2019-11-15
s3269,House Arrest,Movie,TV-14,2019,2019-11-15
s3270,I'm with the Band: Nasty Cherry,TV Show,TV-MA,2019,2019-11-15
s3271,Inheritors,TV Show,TV-14,2013,2019-11-15
s3272,K-On!,TV Show,TV-PG,2010,2019-11-15
s3273,K-on! the movie,Movie,TV-PG,2011,2019-11-15
s3274,Klaus,Movie,PG,2019,2019-11-15
s3275,La Robe De Mariee Des Cieux,TV Show,TV-MA,2004,2019-11-15
s3276,Llama Llama,TV Show,TV-Y,2019,2019-11-15
s3277,My MVP Valentine,TV Show,TV-PG,2002,2019-11-15
s3278,My Sassy Girl,TV Show,TV-14,2017,2019-11-15
s3279,SunGanges,Movie,TV-14,2018,2019-11-15
s3280,The Club,TV Show,TV-MA,2019,2019-11-15
s3281,The Garden of Words,Movie,TV-14,2013,2019-11-15
s3282,The Stranded,TV Show,TV-MA,2019,2019-11-15
s3283,The Toys That Made Us,TV Show,TV-14,2019,2019-11-15
s3284,The Yard,TV Show,TV-MA,2019,2019-11-15
s3285,Westside Story,TV Show,TV-14,2003,2019-11-15
s3286,Fadily Camara : La plus drôle de tes copines,Movie,TV-MA,2019,2019-11-14
s3287,My Dear Warrior,TV Show,TV-14,2019,2019-11-14
s3288,Maradona in Mexico,TV Show,TV-MA,2020,2019-11-13
s3289,Chief of Staff,TV Show,TV-14,2019,2019-11-12
s3290,Jeff Garlin: Our Man In Chicago,Movie,TV-MA,2019,2019-11-12
s3291,A Single Man,Movie,R,2009,2019-11-11
s3292,Put Your Head on My Shoulder,TV Show,TV-14,2019,2019-11-11
s3293,To Be of Service,Movie,TV-MA,2019,2019-11-11
s3294,Little Things,TV Show,TV-MA,2019,2019-11-09
s3295,Greatest Events of WWII in Colour,TV Show,TV-14,2019,2019-11-08
s3296,Green Eggs and Ham,TV Show,TV-Y7,2019,2019-11-08
s3297,Let It Snow,Movie,PG-13,2019,2019-11-08
s3298,Paradise Beach,Movie,TV-MA,2019,2019-11-08
s3299,Wild District,TV Show,TV-MA,2019,2019-11-08
s3300,U Turn,Movie,TV-14,2016,2019-11-07
s3301,Burning Cane,Movie,TV-MA,2019,2019-11-06
s3302,SCAMS,TV Show,TV-14,2019,2019-11-06
s3303,Shadow,Movie,TV-14,2018,2019-11-06
s3304,Luccas Neto in: Summer Camp,Movie,TV-G,2019,2019-11-05
s3305,Sam & Cat,TV Show,TV-PG,2014,2019-11-05
s3306,Seth Meyers: Lobby Baby,Movie,TV-MA,2019,2019-11-05
s3307,The End of the F***ing World,TV Show,TV-MA,2019,2019-11-05
s3308,The Lovers,Movie,R,2017,2019-11-05
s3309,Tune in for Love,Movie,TV-MA,2019,2019-11-05
s3310,Undercover Brother 2,Movie,R,2019,2019-11-05
s3311,Meet the Adebanjos,TV Show,TV-PG,2016,2019-11-04
s3312,Minimalism: A Documentary About the Important Things,Movie,TV-14,2016,2019-11-04
s3313,Oththa Seruppu Size 7,Movie,TV-MA,2019,2019-11-04
s3314,The Devil Next Door,TV Show,TV-MA,2019,2019-11-04
s3315,100 Things to do Before High School,Movie,TV-Y,2014,2019-11-02
s3316,A Fairly Odd Summer,Movie,TV-Y7,2014,2019-11-02
s3317,Bella and the Bulldogs,TV Show,TV-G,2015,2019-11-02
s3318,Big Time Movie,Movie,TV-PG,2012,2019-11-02
s3319,Escape from Mr. Lemoncello’s Library,Movie,TV-Y,2017,2019-11-02
s3320,Hey Arnold! The Jungle Movie,Movie,TV-PG,2017,2019-11-02
s3321,Jinxed,Movie,TV-Y,2013,2019-11-02
s3322,LEGENDS OF THE HIDDEN TEMPLE,Movie,TV-PG,2016,2019-11-02
s3323,"Liar, Liar, Vampire",Movie,TV-PG,2015,2019-11-02
s3324,The Boy Who Cried Werewolf,Movie,TV-Y,2010,2019-11-02
s3325,The Massively Mixed-Up Middle School Mystery,Movie,TV-Y,2015,2019-11-02
s3326,Victorious,TV Show,TV-G,2013,2019-11-02
s3327,A Remarkable Tale,Movie,TV-MA,2019,2019-11-01
s3328,A Year In Space,TV Show,TV-PG,2015,2019-11-01
s3329,Ad Vitam,TV Show,TV-MA,2018,2019-11-01
s3330,American Son,Movie,TV-MA,2019,2019-11-01
s3331,Billy on the Street,TV Show,TV-14,2016,2019-11-01
s3332,Christmas in the Heartland,Movie,TV-PG,2017,2019-11-01
s3333,Christmas Survival,Movie,TV-MA,2018,2019-11-01
s3334,CLANNAD,TV Show,TV-PG,2008,2019-11-01
s3335,Drive,Movie,TV-14,2019,2019-11-01
s3336,Fire in Paradise,Movie,TV-MA,2019,2019-11-01
s3337,Haikyu!!,TV Show,TV-14,2015,2019-11-01
s3338,Holiday in the Wild,Movie,TV-PG,2019,2019-11-01
s3339,Holly Star,Movie,PG,2018,2019-11-01
s3340,"Love, Chunibyo & Other Delusions!",TV Show,TV-PG,2014,2019-11-01
s3341,Maid-Sama!,TV Show,TV-14,2010,2019-11-01
s3342,Mobile Suit Gundam: Iron-Blooded Orphans,TV Show,TV-14,2016,2019-11-01
s3343,Queer Eye: We're in Japan!,TV Show,TV-14,2019,2019-11-01
s3344,Santa Girl,Movie,TV-PG,2019,2019-11-01
s3345,The Boulet Brothers Dragula,TV Show,TV-MA,2019,2019-11-01
s3346,The Deep,TV Show,TV-Y7,2019,2019-11-01
s3347,The House of Flowers Presents: The Funeral,Movie,TV-MA,2019,2019-11-01
s3348,The King,Movie,R,2019,2019-11-01
s3349,The Man Without Gravity,Movie,TV-MA,2019,2019-11-01
s3350,The Old Thieves: The Legend of Artegios,Movie,TV-MA,2007,2019-11-01
s3351,True: Grabbleapple Harvest,Movie,TV-Y,2019,2019-11-01
s3352,Vientos de agua,TV Show,TV-MA,2006,2019-11-01
s3353,We Are the Wave,TV Show,TV-MA,2019,2019-11-01
s3354,Zoé: Panoramas,Movie,TV-MA,2016,2019-11-01
s3355,Grego Rossello: Disculpe las molestias,Movie,TV-MA,2019,2019-10-31
s3356,KENGAN ASHURA,TV Show,TV-MA,2019,2019-10-31
s3357,Nowhere Man,TV Show,TV-MA,2019,2019-10-31
s3358,Sleepless Society: Bedtime Wishes,TV Show,TV-MA,2019,2019-10-31
s3359,"Bring It On, Ghost",TV Show,TV-14,2016,2019-10-30
s3360,Mehandi Circus,Movie,TV-MA,2019,2019-10-30
s3361,Tomorrow with You,TV Show,TV-14,2017,2019-10-30
s3362,Tunnel,TV Show,TV-14,2019,2019-10-30
s3363,Arsenio Hall: Smart & Classy,Movie,TV-MA,2019,2019-10-29
s3364,Shine On with Reese,TV Show,TV-MA,2018,2019-10-29
s3365,The Road to El Camino: Behind the Scenes of El Camino: A Breaking Bad Movie,Movie,TV-14,2019,2019-10-29
s3366,A 3 Minute Hug,Movie,TV-PG,2019,2019-10-28
s3367,Little Miss Sumo,Movie,TV-G,2018,2019-10-28
s3368,"Wait, My Youth",TV Show,TV-PG,2019,2019-10-27
s3369,A Little Thing Called First Love,TV Show,TV-G,2019,2019-10-26
s3370,BoJack Horseman,TV Show,TV-MA,2020,2019-10-25
s3371,Brotherhood,TV Show,TV-MA,2019,2019-10-25
s3372,Consequences,Movie,TV-MA,2014,2019-10-25
s3373,Dolemite Is My Name,Movie,R,2019,2019-10-25
s3374,Drug Squad: Costa del Sol,TV Show,TV-MA,2019,2019-10-25
s3375,It Takes a Lunatic,Movie,TV-MA,2019,2019-10-25
s3376,Monzón: A Knockout Blow,TV Show,TV-MA,2018,2019-10-25
s3377,My Next Guest with David Letterman and Shah Rukh Khan,Movie,TV-PG,2019,2019-10-25
s3378,Nailed It! France,TV Show,TV-14,2019,2019-10-25
s3379,Nailed It! Spain,TV Show,TV-PG,2019,2019-10-25
s3380,Rattlesnake,Movie,TV-MA,2019,2019-10-25
s3381,The Awakening of Motti Wolkenbruch,Movie,TV-MA,2018,2019-10-25
s3382,The Untamed,TV Show,TV-14,2019,2019-10-25
s3383,Daybreak,TV Show,TV-MA,2019,2019-10-24
s3384,Echo in the Canyon,Movie,PG-13,2019,2019-10-24
s3385,Revenge of the Pontianak,Movie,TV-14,2019,2019-10-24
s3386,"Breakfast, Lunch & Dinner",TV Show,TV-MA,2019,2019-10-23
s3387,Dancing with the Birds,Movie,TV-PG,2019,2019-10-23
s3388,Master Z: The Ip Man Legacy,Movie,TV-14,2018,2019-10-23
s3389,Jenny Slate: Stage Fright,Movie,TV-MA,2019,2019-10-22
s3390,Free Fire,Movie,R,2016,2019-10-21
s3391,Little Singham: Kaal Ki Tabaahi,Movie,TV-Y7,2019,2019-10-19
s3392,The Command,Movie,PG-13,2018,2019-10-19
s3393,10 Days in Sun City,Movie,TV-14,2017,2019-10-18
s3394,"ChuChu TV Kids Songs, Learning Videos & Bedtime Stories",TV Show,TV-Y,2019,2019-10-18
s3395,ChuChuTV Bedtime Stories & Moral Stories for Kids (English),Movie,TV-Y,2019,2019-10-18
s3396,ChuChuTV Bedtime Stories & Moral Stories for Kids (Hindi),Movie,TV-Y,2019,2019-10-18
s3397,ChuChuTV Surprise Eggs Learning Videos (English),Movie,TV-Y,2019,2019-10-18
s3398,ChuChuTV Surprise Eggs Learning Videos (Hindi),Movie,TV-Y,2019,2019-10-18
s3399,Eli,Movie,TV-MA,2019,2019-10-18
s3400,In My Country,Movie,TV-MA,2018,2019-10-18
s3401,Interior Design Masters,TV Show,TV-PG,2019,2019-10-18
s3402,Little Baby Bum: Nursery Rhyme Friends,TV Show,TV-Y,2019,2019-10-18
s3403,"Love, Surreal and Odd",Movie,TV-14,2017,2019-10-18
s3404,Mighty Little Bheem: Diwali,TV Show,TV-Y,2019,2019-10-18
s3405,MONKART,TV Show,TV-Y7,2017,2019-10-18
s3406,Seventeen,Movie,TV-MA,2019,2019-10-18
s3407,Spirit Riding Free: Pony Tales,TV Show,TV-Y7,2019,2019-10-18
s3408,Tatu,Movie,TV-MA,2017,2019-10-18
s3409,Tell Me Who I Am,Movie,TV-MA,2019,2019-10-18
s3410,The Laundromat,Movie,R,2019,2019-10-18
s3411,Toon,TV Show,TV-MA,2017,2019-10-18
s3412,Up North,Movie,TV-14,2018,2019-10-18
s3413,Upstarts,Movie,TV-14,2019,2019-10-18
s3414,Verses of Love 2,Movie,TV-14,2017,2019-10-18
s3415,Chosen,TV Show,TV-14,2019,2019-10-17
s3416,THE UNLISTED,TV Show,TV-PG,2019,2019-10-17
s3417,Another Miss Oh,TV Show,TV-MA,2016,2019-10-16
s3418,Ghosts of Sugar Land,Movie,TV-MA,2019,2019-10-16
s3419,League of Legends Origins,Movie,TV-MA,2019,2019-10-16
s3420,Park Na-rae: Glamour Warning,Movie,TV-MA,2019,2019-10-16
s3421,Second 20s,TV Show,TV-14,2015,2019-10-16
s3422,Sinister 2,Movie,R,2015,2019-10-16
s3423,The Game Changers,Movie,TV-MA,2018,2019-10-16
s3424,Black Money Love,TV Show,TV-MA,2014,2019-10-15
s3425,"Martin Matte: La vie, la mort...eh la la..!",Movie,TV-14,2019,2019-10-14
s3426,Street Flow,Movie,TV-MA,2019,2019-10-13
s3427,The Lies Within,TV Show,TV-14,2019,2019-10-13
s3428,Bygones Be Bygones,Movie,TV-MA,2017,2019-10-11
s3429,El Camino: A Breaking Bad Movie,Movie,TV-MA,2019,2019-10-11
s3430,Fractured,Movie,TV-MA,2019,2019-10-11
s3431,Insatiable,TV Show,TV-MA,2019,2019-10-11
s3432,The Bling Lagosians,Movie,TV-14,2019,2019-10-11
s3433,The Forest of Love,Movie,TV-MA,2019,2019-10-11
s3434,The Hook Up Plan,TV Show,TV-MA,2020,2019-10-11
s3435,The Influence,Movie,TV-MA,2019,2019-10-11
s3436,Beyblade Burst Turbo,TV Show,TV-Y7,2018,2019-10-10
s3437,GEN HOSHINO STADIUM TOUR “POP VIRUS”,Movie,TV-14,2019,2019-10-10
s3438,Ultramarine Magmell,TV Show,TV-14,2019,2019-10-10
s3439,After,Movie,PG-13,2019,2019-10-09
s3440,Home Is Where the Killer Is,Movie,TV-14,2019,2019-10-09
s3441,Rhythm + Flow,TV Show,TV-MA,2019,2019-10-09
s3442,Deon Cole: Cole Hearted,Movie,TV-MA,2019,2019-10-08
s3443,The Spooky Tale of Captain Underpants Hack-a-ween,Movie,TV-Y7,2019,2019-10-08
s3444,Love for Sale,Movie,TV-14,2018,2019-10-06
s3445,Legend Quest: Masters of Myth,TV Show,TV-Y7,2019,2019-10-05
s3446,My Country: The New Age,TV Show,TV-14,2019,2019-10-05
s3447,Noblemen,Movie,TV-MA,2019,2019-10-05
s3448,A Plastic Ocean,Movie,TV-14,2016,2019-10-04
s3449,Brother in Love,Movie,TV-MA,2019,2019-10-04
s3450,Creeped Out,TV Show,TV-PG,2019,2019-10-04
s3451,In the Tall Grass,Movie,TV-MA,2019,2019-10-04
s3452,Kids on the Block,Movie,TV-PG,2019,2019-10-04
s3453,Peaky Blinders,TV Show,TV-MA,2019,2019-10-04
s3454,Raising Dion,TV Show,TV-PG,2019,2019-10-04
s3455,Rotten,TV Show,TV-MA,2019,2019-10-04
s3456,Super Monsters,TV Show,TV-Y,2019,2019-10-04
s3457,Super Monsters: Vida's First Halloween,Movie,TV-Y,2019,2019-10-04
s3458,Seis Manos,TV Show,TV-MA,2019,2019-10-03
s3459,Living Undocumented,TV Show,TV-MA,2019,2019-10-02
s3460,Ready to Mingle,Movie,TV-MA,2019,2019-10-02
s3461,Salam - The First ****** Nobel Laureate,Movie,TV-PG,2018,2019-10-02
s3462,Cheese in the Trap,TV Show,TV-14,2016,2019-10-01
s3463,Chicago Typewriter,TV Show,TV-14,2017,2019-10-01
s3464,College Romance,TV Show,TV-MA,2018,2019-10-01
s3465,Engineering Girls,TV Show,TV-MA,2018,2019-10-01
s3466,First Kiss,Movie,TV-14,2018,2019-10-01
s3467,Girls Hostel,TV Show,TV-MA,2018,2019-10-01
s3468,Inmates,TV Show,TV-MA,2017,2019-10-01
s3469,Limitless,Movie,TV-PG,2017,2019-10-01
s3470,Little Baby Bum: Go Buster,Movie,TV-Y,2019,2019-10-01
s3471,Miniforce X,TV Show,TV-Y7,2018,2019-10-01
s3472,Nikki Glaser: Bangin’,Movie,TV-MA,2019,2019-10-01
s3473,Rugrats in Paris: The Movie,Movie,G,2000,2019-10-01
s3474,The K2,TV Show,TV-14,2016,2019-10-01
s3475,The Liar and His Lover,TV Show,TV-PG,2017,2019-10-01
s3476,The Rugrats Movie,Movie,G,1998,2019-10-01
s3477,The Squid and the Whale,Movie,R,2005,2019-10-01
s3478,Gotham,TV Show,TV-MA,2019,2019-09-30
s3479,Mo Gilligan: Momentum,Movie,TV-MA,2019,2019-09-30
s3480,Cultivating the Seas: History and Future of the Full-Cycle Cultured Kindai Tuna,Movie,TV-PG,2019,2019-09-28
s3481,TUNA GIRL,Movie,TV-PG,2019,2019-09-28
s3482,Bard of Blood,TV Show,TV-MA,2019,2019-09-27
s3483,Deliha 2,Movie,TV-PG,2018,2019-09-27
s3484,El Marginal,TV Show,TV-MA,2019,2019-09-27
s3485,In the Shadow of the Moon,Movie,TV-MA,2019,2019-09-27
s3486,Sturgill Simpson Presents Sound & Fury,Movie,TV-MA,2019,2019-09-27
s3487,Malaal,Movie,TV-14,2019,2019-09-26
s3488,The Grandmaster,Movie,PG-13,2013,2019-09-26
s3489,The Inmate,TV Show,TV-MA,2018,2019-09-26
s3490,Abstract: The Art of Design,TV Show,TV-14,2019,2019-09-25
s3491,Birders,Movie,TV-G,2019,2019-09-25
s3492,Glitch,TV Show,TV-MA,2019,2019-09-25
s3493,Oh! Baby (Malayalam),Movie,TV-14,2019,2019-09-25
s3494,Oh! Baby (Tamil),Movie,TV-14,2019,2019-09-25
s3495,Inside Man: Most Wanted,Movie,R,2019,2019-09-24
s3496,Jeff Dunham: Beside Himself,Movie,TV-MA,2019,2019-09-24
s3497,Manmadhudu 2,Movie,TV-MA,2019,2019-09-23
s3498,Under the Eiffel Tower,Movie,TV-MA,2018,2019-09-23
s3499,Do Paise Ki Dhoop Chaar Aane Ki Baarish,Movie,TV-MA,2009,2019-09-22
s3500,Vagabond,TV Show,TV-MA,2019,2019-09-21
s3501,Between Two Ferns: The Movie,Movie,TV-MA,2019,2019-09-20
s3502,Criminal: France,TV Show,TV-MA,2019,2019-09-20
s3503,Criminal: Germany,TV Show,TV-MA,2019,2019-09-20
s3504,Criminal: Spain,TV Show,TV-MA,2019,2019-09-20
s3505,Fastest Car,TV Show,TV-MA,2019,2019-09-20
s3506,Inside Bill's Brain: Decoding Bill Gates,TV Show,TV-14,2019,2019-09-20
s3507,The Hockey Girls,TV Show,TV-MA,2019,2019-09-20
s3508,Travel Mates 2,Movie,TV-MA,2018,2019-09-20
s3509,True: Tricky Treat Day,Movie,TV-Y,2019,2019-09-20
s3510,Kabir Singh,Movie,TV-MA,2019,2019-09-19
s3511,When the Camellia Blooms,TV Show,TV-14,2019,2019-09-18
s3512,Avengement,Movie,TV-MA,2019,2019-09-17
s3513,Sebastian Maniscalco: What's Wrong with People?,Movie,TV-MA,2012,2019-09-17
s3514,Los Tigres del Norte at Folsom Prison,Movie,TV-PG,2019,2019-09-15
s3515,Steal a Pencil for Me,Movie,TV-14,2006,2019-09-15
s3516,Surviving R. Kelly,TV Show,TV-MA,2019,2019-09-15
s3517,Oh! Baby,Movie,TV-14,2019,2019-09-14
s3518,The Crystal Calls Making the Dark Crystal: Age of Resistance,Movie,TV-PG,2019,2019-09-14
s3519,"Hello, Privilege. It's Me, Chelsea",Movie,TV-MA,2019,2019-09-13
s3520,Kabaneri of the Iron Fortress: The Battle of Unato,TV Show,TV-MA,2019,2019-09-13
s3521,Locked on You,Movie,TV-14,2018,2019-09-13
s3522,Marianne,TV Show,TV-MA,2019,2019-09-13
s3523,Shanghai Fortress,Movie,TV-14,2019,2019-09-13
s3524,Tall Girl,Movie,TV-PG,2019,2019-09-13
s3525,Top Boy,TV Show,TV-MA,2019,2019-09-13
s3526,Unbelievable,TV Show,TV-MA,2019,2019-09-13
s3527,The I-Land,TV Show,TV-MA,2019,2019-09-12
s3528,"The Mind, Explained",TV Show,TV-14,2019,2019-09-12
s3529,Bill Burr: Paper Tiger,Movie,TV-MA,2019,2019-09-10
s3530,Evelyn,Movie,TV-MA,2019,2019-09-10
s3531,Article 15,Movie,TV-MA,2019,2019-09-06
s3532,Care of Kancharapalem,Movie,TV-MA,2018,2019-09-06
s3533,Ee Nagaraniki Emaindi,Movie,TV-14,2018,2019-09-06
s3534,Kill Me If You Dare,Movie,TV-14,2019,2019-09-06
s3535,The Spy,TV Show,TV-MA,2019,2019-09-06
s3536,American Factory: A Conversation with the Obamas,Movie,TV-G,2019,2019-09-05
s3537,Saawan,Movie,TV-14,2016,2019-09-04
s3538,Watchman,Movie,TV-14,2019,2019-09-04
s3539,Elena,Movie,TV-MA,2012,2019-09-01
s3540,Loo Loo Kids: Johny & Friends Musical Adventures,TV Show,TV-Y,2016,2019-09-01
s3541,Moving Art,TV Show,TV-G,2018,2019-09-01
s3542,Naruto,TV Show,TV-14,2006,2019-09-01
s3543,Olmo & the Seagull,Movie,TV-MA,2014,2019-09-01
s3544,Serial Killer with Piers Morgan,TV Show,TV-14,2018,2019-09-01
s3545,Spookley the Square Pumpkin,Movie,G,2004,2019-09-01
s3546,Uncle Naji in UAE,Movie,TV-14,2019,2019-09-01
s3547,Luo Bao Bei,TV Show,TV-Y,2018,2019-08-31
s3548,Back to School,Movie,TV-MA,2019,2019-08-30
s3549,Feo pero sabroso,Movie,TV-MA,2018,2019-08-30
s3550,Mi amigo Alexis,Movie,TV-PG,2019,2019-08-30
s3551,Styling Hollywood,TV Show,TV-14,2019,2019-08-30
s3552,The Dark Crystal: Age of Resistance,TV Show,TV-PG,2019,2019-08-30
s3553,The Good Bandit,TV Show,TV-MA,2018,2019-08-30
s3554,True and the Rainbow Kingdom,TV Show,TV-Y,2019,2019-08-30
s3555,Unbridled,Movie,TV-MA,2018,2019-08-30
s3556,Falling Inn Love,Movie,TV-PG,2019,2019-08-29
s3557,Kardec,Movie,TV-14,2019,2019-08-29
s3558,Travis Scott: Look Mom I Can Fly,Movie,TV-MA,2019,2019-08-28
s3559,Million Pound Menu,TV Show,TV-MA,2019,2019-08-27
s3560,Dave Chappelle: Sticks & Stones,Movie,TV-MA,2019,2019-08-26
s3561,Drink Drank Drunk,Movie,TV-MA,2016,2019-08-24
s3562,13 Reasons Why: Beyond the Reasons,TV Show,TV-MA,2019,2019-08-23
s3563,HERO MASK,TV Show,TV-14,2019,2019-08-23
s3564,Kaake Da Viyah,Movie,TV-PG,2019,2019-08-23
s3565,Marriage Palace,Movie,TV-14,2018,2019-08-23
s3566,Mayday Life,Movie,TV-PG,2019,2019-08-23
s3567,Saavat,Movie,TV-14,2019,2019-08-23
s3568,American Factory,Movie,TV-14,2019,2019-08-21
s3569,Game Over (Hindi Version),Movie,TV-MA,2019,2019-08-21
s3570,Game Over (Tamil Version),Movie,TV-MA,2019,2019-08-21
s3571,Game Over (Telugu Version),Movie,TV-MA,2019,2019-08-21
s3572,Hyperdrive,TV Show,TV-PG,2019,2019-08-21
s3573,The Girl Allergic to Wi-Fi,Movie,TV-MA,2018,2019-08-21
s3574,Our Planet - Behind The Scenes,Movie,TV-G,2019,2019-08-20
s3575,Simon Amstell: Set Free,Movie,TV-MA,2019,2019-08-20
s3576,45 rpm,TV Show,TV-MA,2019,2019-08-16
s3577,Apache: The Life of Carlos Tevez,TV Show,TV-MA,2019,2019-08-16
s3578,Better Than Us,TV Show,TV-MA,2019,2019-08-16
s3579,Diagnosis,TV Show,TV-14,2019,2019-08-16
s3580,Green Frontier,TV Show,TV-MA,2019,2019-08-16
s3581,Invader Zim: Enter the Florpus,Movie,TV-Y7,2019,2019-08-16
s3582,MINDHUNTER,TV Show,TV-MA,2019,2019-08-16
s3583,Selfless,Movie,PG-13,2015,2019-08-16
s3584,Sextuplets,Movie,TV-14,2019,2019-08-16
s3585,Super Monsters Back to School,Movie,TV-Y,2019,2019-08-16
s3586,The King's Avatar,TV Show,TV-MA,2019,2019-08-16
s3587,The Little Switzerland,Movie,TV-MA,2019,2019-08-16
s3588,Victim Number 8,TV Show,TV-MA,2018,2019-08-16
s3589,Cannon Busters,TV Show,TV-MA,2019,2019-08-15
s3590,Sacred Games,TV Show,TV-MA,2019,2019-08-15
s3591,Til Death Do Us Part,TV Show,TV-MA,2019,2019-08-15
s3592,Whindersson Nunes: Adult,Movie,TV-MA,2019,2019-08-15
s3593,Happy Jail,TV Show,TV-MA,2019,2019-08-14
s3594,Uyare,Movie,TV-14,2019,2019-08-14
s3595,90 ML,Movie,TV-MA,2019,2019-08-13
s3596,Calum von Moger: Unbroken,Movie,TV-MA,2019,2019-08-13
s3597,Hasta los dientes,Movie,TV-MA,2018,2019-08-13
s3598,Knightfall,TV Show,TV-MA,2019,2019-08-13
s3599,DC Super Hero Girls,TV Show,TV-Y7,2019,2019-08-12
s3600,Colin Quinn: Red State Blue State,Movie,TV-14,2019,2019-08-09
s3601,GLOW,TV Show,TV-MA,2019,2019-08-09
s3602,IZombie,TV Show,TV-MA,2019,2019-08-09
s3603,Jaoon Kahan Bata Ae Dil,Movie,TV-MA,2018,2019-08-09
s3604,Rocko's Modern Life: Static Cling,Movie,TV-Y7,2019,2019-08-09
s3605,Sintonia,TV Show,TV-MA,2019,2019-08-09
s3606,The Family,TV Show,TV-14,2019,2019-08-09
s3607,Bad Guys,TV Show,TV-MA,2014,2019-08-08
s3608,Dollar,TV Show,TV-MA,2019,2019-08-08
s3609,Jane The Virgin,TV Show,TV-14,2019,2019-08-08
s3610,Let's Eat 2,TV Show,TV-MA,2015,2019-08-08
s3611,Let’s Eat,TV Show,TV-PG,2013,2019-08-08
s3612,Misaeng,TV Show,TV-MA,2014,2019-08-08
s3613,Oh My Ghost,TV Show,TV-MA,2015,2019-08-08
s3614,Reply 1994,TV Show,TV-MA,2014,2019-08-08
s3615,Reply 1997,TV Show,TV-MA,2012,2019-08-08
s3616,Wu Assassins,TV Show,TV-MA,2019,2019-08-08
s3617,Badla,Movie,TV-14,2019,2019-08-07
s3618,Theo Von: No Offense,Movie,TV-MA,2016,2019-08-07
s3619,Crazy Beautiful You,Movie,TV-14,2015,2019-08-06
s3620,I'm Brent Morin,Movie,TV-MA,2015,2019-08-06
s3621,Jim Jefferies : BARE,Movie,TV-MA,2014,2019-08-06
s3622,Screwball,Movie,TV-MA,2018,2019-08-06
s3623,Sebastian Maniscalco: Why Would You Do That,Movie,TV-MA,2016,2019-08-06
s3624,Enter the Anime,Movie,TV-MA,2019,2019-08-05
s3625,No Good Nick,TV Show,TV-PG,2019,2019-08-05
s3626,No One Will Ever Know,Movie,TV-MA,2017,2019-08-05
s3627,Misfit,Movie,TV-14,2017,2019-08-03
s3628,Basketball or Nothing,TV Show,TV-PG,2019,2019-08-02
s3629,Léa & I,Movie,TV-MA,2019,2019-08-02
s3630,Otherhood,Movie,R,2019,2019-08-02
s3631,Uriyadi 2,Movie,TV-14,2019,2019-08-02
s3632,Manu,Movie,TV-14,2018,2019-08-01
s3633,Sleepless Society: Nyctophobia,TV Show,TV-MA,2019,2019-08-01
s3634,The Letdown,TV Show,TV-MA,2019,2019-07-31
s3635,The Red Sea Diving Resort,Movie,TV-MA,2019,2019-07-31
s3636,Whitney Cummings: Can I Touch It?,Movie,TV-MA,2019,2019-07-30
s3637,Twelve Forever,TV Show,TV-PG,2019,2019-07-29
s3638,Boi,Movie,TV-MA,2018,2019-07-26
s3639,Eerie,Movie,TV-14,2019,2019-07-26
s3640,Girls With Balls,Movie,TV-MA,2019,2019-07-26
s3641,My First First Love,TV Show,TV-14,2019,2019-07-26
s3642,The Son,Movie,TV-MA,2019,2019-07-26
s3643,Another Life,TV Show,TV-MA,2019,2019-07-25
s3644,The Great Hack,Movie,TV-MA,2019,2019-07-24
s3645,Beat Bugs,TV Show,TV-Y,2018,2019-07-21
s3646,D.L. Hughley: Contrarian,Movie,TV-MA,2018,2019-07-21
s3647,Demetri Martin: The Overthinker,Movie,TV-MA,2018,2019-07-21
s3648,The Beast Stalker,Movie,TV-14,2008,2019-07-21
s3649,The Midas Touch,Movie,TV-14,2013,2019-07-21
s3650,The Twins Effect II,Movie,TV-14,2004,2019-07-21
s3651,Twins Mission,Movie,TV-MA,2007,2019-07-21
s3652,Sexy Central,TV Show,TV-MA,2019,2019-07-20
s3653,"¡Ay, mi madre!",Movie,TV-MA,2019,2019-07-19
s3654,Comedians in Cars Getting Coffee,TV Show,TV-14,2019,2019-07-19
s3655,The Epic Tales of Captain Underpants,TV Show,TV-Y7,2019,2019-07-19
s3656,Typewriter,TV Show,TV-MA,2019,2019-07-19
s3657,Rookie Historian Goo Hae-Ryung,TV Show,TV-14,2019,2019-07-18
s3658,Secret Obsession,Movie,TV-14,2019,2019-07-18
s3659,Mauli,Movie,TV-14,2018,2019-07-17
s3660,Pinky Malinky,TV Show,TV-Y7,2019,2019-07-17
s3661,Unrequited Love,TV Show,TV-14,2019,2019-07-17
s3662,Bogda,Movie,TV-PG,2018,2019-07-16
s3663,"Frankenstein’s Monster’s Monster, Frankenstein",Movie,TV-14,2019,2019-07-16
s3664,Angel Beats!,TV Show,TV-PG,2010,2019-07-15
s3665,Anohana: The Flower We Saw That Day,TV Show,TV-14,2011,2019-07-15
s3666,God Eater,TV Show,TV-14,2015,2019-07-15
s3667,GRANBLUE FANTASY the Animation,TV Show,TV-PG,2017,2019-07-15
s3668,3Below: Tales of Arcadia,TV Show,TV-Y7,2019,2019-07-12
s3669,4L,Movie,TV-MA,2019,2019-07-12
s3670,Bonus Family,TV Show,TV-MA,2019,2019-07-12
s3671,Cities of Last Things,Movie,TV-MA,2018,2019-07-12
s3672,Extreme Engagement,TV Show,TV-MA,2019,2019-07-12
s3673,Kidnapping Stella,Movie,TV-MA,2019,2019-07-12
s3674,One Spring Night,TV Show,TV-14,2019,2019-07-12
s3675,PILI Fantasy: War of Dragons,TV Show,TV-14,2019,2019-07-12
s3676,Point Blank,Movie,TV-MA,2019,2019-07-12
s3677,The Milk System,Movie,TV-14,2017,2019-07-12
s3678,True Tunes,TV Show,TV-Y,2019,2019-07-12
s3679,Parchís: the Documentary,Movie,TV-14,2019,2019-07-11
s3680,Aziz Ansari: RIGHT NOW,Movie,TV-MA,2019,2019-07-09
s3681,Free Rein,TV Show,TV-G,2019,2019-07-06
s3682,"River, el más grande siempre",Movie,TV-G,2019,2019-07-05
s3683,The Legend of White Snake,TV Show,TV-14,2019,2019-07-05
s3684,Cristina,Movie,TV-14,2016,2019-07-04
s3685,Kakegurui,TV Show,TV-MA,2019,2019-07-04
s3686,Stranger Things,TV Show,TV-14,2019,2019-07-04
s3687,The Last Czars,TV Show,TV-MA,2019,2019-07-03
s3688,Yummy Mummies,TV Show,TV-MA,2019,2019-07-03
s3689,Bangkok Love Stories: Objects of Affection,TV Show,TV-14,2019,2019-07-02
s3690,Bangkok Love Stories: Plead,TV Show,TV-14,2019,2019-07-02
s3691,Designated Survivor: 60 Days,TV Show,TV-14,2019,2019-07-02
s3692,DreamWorks Kung Fu Panda Awesome Secrets,TV Show,TV-PG,2008,2019-07-01
s3693,Hatchimals | Adventures in Hatchtopia,TV Show,TV-Y,2018,2019-07-01
s3694,Katherine Ryan: Glitter Room,Movie,TV-MA,2019,2019-07-01
s3695,Molang,TV Show,TV-Y,2015,2019-07-01
s3696,Rabbids Invasion,TV Show,TV-Y7,2018,2019-07-01
s3697,Record of Grancrest War,TV Show,TV-MA,2018,2019-07-01
s3698,War Against Women,Movie,TV-MA,2013,2019-07-01
s3699,Inhuman Kiss,Movie,TV-MA,2019,2019-06-30
s3700,Romeo Akbar Walter,Movie,TV-14,2019,2019-06-30
s3701,Scare Tactics,TV Show,TV-MA,2011,2019-06-30
s3702,Super Deluxe,Movie,TV-MA,2019,2019-06-29
s3703,Dope,TV Show,TV-MA,2019,2019-06-28
s3704,El testigo,Movie,TV-14,2018,2019-06-28
s3705,Exhibit A,TV Show,TV-MA,2019,2019-06-28
s3706,Instant Hotel,TV Show,TV-MA,2019,2019-06-28
s3707,La Leyenda del Diamante,Movie,TV-MA,2017,2019-06-28
s3708,Motown Magic,TV Show,TV-Y,2019,2019-06-28
s3709,Paquita Salas,TV Show,TV-MA,2018,2019-06-28
s3710,ANIMA,Movie,TV-PG,2019,2019-06-27
s3711,Answer for Heaven,TV Show,TV-MA,2019,2019-06-27
s3712,Daniel Sosa: Maleducado,Movie,TV-MA,2019,2019-06-27
s3713,Hikaru Utada Laughter in the Dark Tour 2018,Movie,TV-PG,2018,2019-06-26
s3714,Kahaani,Movie,TV-14,2012,2019-06-26
s3715,Unbroken,Movie,TV-14,2019,2019-06-26
s3716,Mike Epps: Only One Mike,Movie,TV-MA,2019,2019-06-25
s3717,Forest of Piano,TV Show,TV-14,2019,2019-06-24
s3718,Triple Threat,Movie,R,2019,2019-06-22
s3719,Blood Will Tell,Movie,TV-MA,2019,2019-06-21
s3720,Bolívar,TV Show,TV-MA,2019,2019-06-21
s3721,EVANGELION: DEATH (TRUE)²,Movie,TV-MA,1998,2019-06-21
s3722,Girls Incarcerated,TV Show,TV-MA,2019,2019-06-21
s3723,Go! Live Your Way,TV Show,TV-PG,2019,2019-06-21
s3724,Magi: The Labyrinth of Magic,TV Show,TV-MA,2013,2019-06-21
s3725,Neon Genesis Evangelion,TV Show,TV-MA,1995,2019-06-21
s3726,Shooter,TV Show,TV-14,2018,2019-06-21
s3727,The Casketeers,TV Show,TV-14,2019,2019-06-21
s3728,The Confession Tapes,TV Show,TV-MA,2019,2019-06-21
s3729,The End of Evangelion,Movie,TV-MA,1997,2019-06-21
s3730,Rakkhosh,Movie,TV-MA,2019,2019-06-20
s3731,The Wolf's Call,Movie,TV-14,2019,2019-06-20
s3732,Beats,Movie,TV-MA,2019,2019-06-19
s3733,The Edge of Democracy,Movie,TV-14,2019,2019-06-19
s3734,Adam Devine: Best Time of Our Lives,Movie,TV-MA,2019,2019-06-18
s3735,Cop Car,Movie,R,2015,2019-06-16
s3736,Right Here Right Now,Movie,TV-MA,2018,2019-06-16
s3737,Fate/Zero,TV Show,TV-MA,2012,2019-06-15
s3738,Kill la Kill,TV Show,TV-MA,2014,2019-06-15
s3739,Life Overtakes Me,Movie,TV-PG,2019,2019-06-15
s3740,Luckee,Movie,TV-14,2019,2019-06-15
s3741,Pihu,Movie,TV-14,2018,2019-06-15
s3742,Puella Magi Madoka Magica,TV Show,TV-14,2011,2019-06-15
s3743,Somewhere Only We Know,TV Show,TV-MA,2019,2019-06-15
s3744,The Alcàsser Murders,TV Show,TV-MA,2019,2019-06-15
s3745,Unit 42,TV Show,TV-MA,2017,2019-06-15
s3746,Awake: The Million Dollar Game,TV Show,TV-PG,2019,2019-06-14
s3747,Black Spot,TV Show,TV-MA,2019,2019-06-14
s3748,DJ Cinderella,Movie,TV-PG,2019,2019-06-14
s3749,El desconocido,TV Show,TV-MA,2019,2019-06-14
s3750,Girlfriends' Guide to Divorce,TV Show,TV-MA,2019,2019-06-14
s3751,Leila,TV Show,TV-MA,2019,2019-06-14
s3752,Marlon,TV Show,TV-14,2018,2019-06-14
s3753,Marvel's Jessica Jones,TV Show,TV-MA,2019,2019-06-14
s3754,Murder Mystery,Movie,PG-13,2019,2019-06-14
s3755,Yankee,TV Show,TV-MA,2019,2019-06-14
s3756,Jinn,TV Show,TV-MA,2019,2019-06-13
s3757,Oprah Presents When They See Us Now,Movie,TV-PG,2019,2019-06-13
s3758,The 3rd Eye 2,Movie,TV-MA,2019,2019-06-13
s3759,Jo Koy: Comin' In Hot,Movie,TV-MA,2019,2019-06-12
s3760,Rolling Thunder Revue: A Bob Dylan Story by Martin Scorsese,Movie,TV-MA,2019,2019-06-12
s3761,Upin & Ipin,TV Show,TV-Y,2011,2019-06-10
s3762,Belmonte,Movie,TV-MA,2018,2019-06-07
s3763,Designated Survivor,TV Show,TV-MA,2019,2019-06-07
s3764,Elisa & Marcela,Movie,TV-MA,2019,2019-06-07
s3765,I Am Mother,Movie,TV-PG,2019,2019-06-07
s3766,Luka Chuppi,Movie,TV-PG,2019,2019-06-07
s3767,Pachamama,Movie,PG,2019,2019-06-07
s3768,Rock My Heart,Movie,TV-PG,2019,2019-06-07
s3769,Stree,Movie,TV-MA,2018,2019-06-07
s3770,Super Monsters Monster Pets,TV Show,TV-Y,2019,2019-06-07
s3771,Tales of the City,TV Show,TV-MA,2019,2019-06-07
s3772,The Black Godfather,Movie,TV-MA,2019,2019-06-07
s3773,Alles ist gut,Movie,TV-MA,2019,2019-06-06
s3774,A Silent Voice,Movie,TV-14,2016,2019-06-05
s3775,Black Mirror,TV Show,TV-MA,2019,2019-06-05
s3776,Cosmos Laundromat: First Cycle,Movie,TV-MA,2015,2019-06-04
s3777,Miranda Sings Live…Your Welcome,Movie,TV-14,2019,2019-06-04
s3778,Silent,Movie,TV-Y,2014,2019-06-04
s3779,Documentary Now!,TV Show,TV-14,2019,2019-06-03
s3780,Malibu Rescue: The Series,TV Show,TV-G,2019,2019-06-03
s3781,Arthdal Chronicles,TV Show,TV-MA,2019,2019-06-02
s3782,Krutant,Movie,TV-14,2019,2019-06-02
s3783,A Thousand Goodnights,TV Show,TV-14,2019,2019-06-01
s3784,III Smoking Barrels,Movie,TV-MA,2017,2019-06-01
s3785,March Comes in Like a Lion,TV Show,TV-14,2017,2019-06-01
s3786,"Oh, Ramona!",Movie,TV-MA,2019,2019-06-01
s3787,We Are Legends,Movie,TV-14,2019,2019-06-01
s3788,Bad Blood,TV Show,TV-MA,2019,2019-05-31
s3789,Chopsticks,Movie,TV-MA,2019,2019-05-31
s3790,Killer Ratings,TV Show,TV-MA,2019,2019-05-31
s3791,Mere Pyare Prime Minister,Movie,TV-MA,2019,2019-05-31
s3792,Pegasus,Movie,TV-MA,2019,2019-05-31
s3793,When They See Us,TV Show,TV-MA,2019,2019-05-31
s3794,Svaha: The Sixth Finger,Movie,TV-MA,2019,2019-05-30
s3795,Historical Roasts,TV Show,TV-MA,2019,2019-05-27
s3796,After Maria,Movie,TV-PG,2019,2019-05-24
s3797,Hyper HardBoiled Gourmet Report,TV Show,TV-MA,2017,2019-05-24
s3798,Joy,Movie,TV-MA,2019,2019-05-24
s3799,Rim of the World,Movie,TV-14,2019,2019-05-24
s3800,She's Gotta Have It,TV Show,TV-MA,2018,2019-05-24
s3801,The Perfection,Movie,TV-MA,2019,2019-05-24
s3802,WHAT / IF,TV Show,TV-MA,2019,2019-05-24
s3803,The Lonely Island Presents: The Unauthorized Bash Brothers Experience,Movie,TV-MA,2019,2019-05-23
s3804,A Tale of Two Kitchens,Movie,TV-PG,2019,2019-05-22
s3805,The Man Who Feels No Pain,Movie,TV-14,2018,2019-05-22
s3806,Wanda Sykes: Not Normal,Movie,TV-MA,2019,2019-05-21
s3807,Prince of Peoria,TV Show,TV-G,2019,2019-05-20
s3808,Rosario Tijeras,TV Show,TV-MA,2018,2019-05-20
s3809,1994,TV Show,TV-MA,2019,2019-05-17
s3810,Born in Gaza,Movie,TV-14,2014,2019-05-17
s3811,Born in Syria,Movie,TV-14,2016,2019-05-17
s3812,Dying to Tell,Movie,TV-MA,2018,2019-05-17
s3813,It's Bruno!,TV Show,TV-MA,2019,2019-05-17
s3814,Maria,Movie,TV-MA,2019,2019-05-17
s3815,ReMastered: The Lion's Share,Movie,TV-14,2019,2019-05-17
s3816,Saverio Raimondo: Il Satiro Parlante,Movie,TV-MA,2019,2019-05-17
s3817,See You Yesterday,Movie,TV-MA,2019,2019-05-17
s3818,White Gold,TV Show,TV-MA,2019,2019-05-17
s3819,Good Sam,Movie,TV-PG,2019,2019-05-16
s3820,Jonaki,Movie,TV-MA,2018,2019-05-16
s3821,PATRICK (2019),Movie,TV-PG,2019,2019-05-16
s3822,Dennis and Gnasher Unleashed,TV Show,TV-Y,2017,2019-05-15
s3823,Hamid,Movie,TV-MA,2018,2019-05-15
s3824,"Heidi, bienvenida a casa",TV Show,TV-Y,2017,2019-05-15
s3825,I Hear You,TV Show,TV-14,2019,2019-05-15
s3826,Backdraft 2,Movie,R,2019,2019-05-14
s3827,Revisions,TV Show,TV-14,2018,2019-05-14
s3828,Still LAUGH-IN: The Stars Celebrate,Movie,TV-MA,2019,2019-05-14
s3829,Weed the People,Movie,TV-MA,2018,2019-05-14
s3830,Malibu Rescue,Movie,TV-G,2019,2019-05-13
s3831,Merata: How Mum Decolonised the Screen,Movie,TV-14,2018,2019-05-12
s3832,The Defected,TV Show,TV-14,2019,2019-05-12
s3833,Dry Martina,Movie,TV-MA,2018,2019-05-11
s3834,Shéhérazade,Movie,TV-MA,2019,2019-05-11
s3835,The Great Magician,Movie,TV-14,2011,2019-05-11
s3836,Easy,TV Show,TV-MA,2019,2019-05-10
s3837,In Family I Trust,Movie,TV-MA,2018,2019-05-10
s3838,Jailbirds,TV Show,TV-MA,2019,2019-05-10
s3839,The Mechanism,TV Show,TV-MA,2019,2019-05-10
s3840,The Princess Weiyoung,TV Show,TV-14,2016,2019-05-10
s3841,The Society,TV Show,TV-MA,2019,2019-05-10
s3842,Wine Country,Movie,R,2019,2019-05-10
s3843,Gatao 2: Rise of the King,Movie,TV-MA,2018,2019-05-09
s3844,Away From Home,TV Show,TV-PG,2015,2019-05-08
s3845,Bibik-Bibikku,TV Show,TV-PG,2016,2019-05-08
s3846,Cinta 100KG,TV Show,TV-14,2016,2019-05-08
s3847,Cinta Iris,TV Show,TV-PG,2015,2019-05-08
s3848,Cinta Si Wedding Planner,TV Show,TV-14,2015,2019-05-08
s3849,Cinta Teruna Kimchi,TV Show,TV-PG,2016,2019-05-08
s3850,Secret of Success,TV Show,TV-14,2015,2019-05-08
s3851,The Missing Menu,TV Show,TV-PG,2016,2019-05-08
s3852,Unchained Fate,TV Show,TV-14,2016,2019-05-08
s3853,Abyss,TV Show,TV-14,2019,2019-05-07
s3854,I Have a Script,TV Show,TV-14,2019,2019-05-07
s3855,In the Bosom of a Thorn,TV Show,TV-14,2019,2019-05-07
s3856,The Writer,TV Show,TV-14,2019,2019-05-07
s3857,What If?,TV Show,TV-14,2019,2019-05-07
s3858,Last Breath,Movie,TV-MA,2019,2019-05-06
s3859,The Wandering Earth,Movie,TV-MA,2019,2019-05-06
s3860,All In My Family,Movie,TV-14,2019,2019-05-03
s3861,Crime Diaries: Night Out,TV Show,TV-MA,2019,2019-05-03
s3862,Cupcake & Dino - General Services,TV Show,TV-Y7,2019,2019-05-03
s3863,Despite Everything,Movie,TV-MA,2019,2019-05-03
s3864,"Extremely Wicked, Shockingly Evil and Vile",Movie,R,2019,2019-05-03
s3865,Flinch,TV Show,TV-PG,2019,2019-05-03
s3866,Jo Pil-ho: The Dawning Rage,Movie,TV-MA,2018,2019-05-03
s3867,The Last Summer,Movie,TV-14,2019,2019-05-03
s3868,Tuca & Bertie,TV Show,TV-MA,2019,2019-05-03
s3869,Laatu,Movie,TV-PG,2018,2019-05-02
s3870,Olympus Has Fallen,Movie,R,2013,2019-05-02
s3871,Code Geass: Lelouch of the Rebellion,TV Show,TV-MA,2008,2019-05-01
s3872,John & Yoko: Above Us Only Sky,Movie,TV-MA,2018,2019-05-01
s3873,Knock Down The House,Movie,PG,2019,2019-05-01
s3874,Munafik 2,Movie,TV-MA,2018,2019-05-01
s3875,Sur Sapata,Movie,TV-14,2019,2019-05-01
s3876,A Home with A View,Movie,TV-MA,2019,2019-04-30
s3877,Angel 'N' Devil,TV Show,TV-14,2014,2019-04-30
s3878,Anthony Jeselnik: Fire in the Maternity Ward,Movie,TV-MA,2019,2019-04-30
s3879,Hong Kong West Side Stories,TV Show,TV-MA,2018,2019-04-30
s3880,Ingress: The Animation,TV Show,TV-MA,2018,2019-04-30
s3881,K.O. One Re-act,TV Show,TV-14,2013,2019-04-30
s3882,K.O.3an Guo,TV Show,TV-14,2009,2019-04-30
s3883,KO One Return,TV Show,TV-MA,2012,2019-04-30
s3884,The Outsiders,TV Show,TV-MA,2004,2019-04-30
s3885,Ash vs. Evil Dead,TV Show,TV-MA,2018,2019-04-29
s3886,Teen Aur Aadha,Movie,TV-MA,2018,2019-04-29
s3887,Señora Acero,TV Show,TV-MA,2018,2019-04-28
s3888,Chambers,TV Show,TV-MA,2019,2019-04-26
s3889,Loving is Losing,Movie,TV-MA,2019,2019-04-26
s3890,Money Trap,Movie,TV-MA,2019,2019-04-26
s3891,Njan Prakashan,Movie,TV-PG,2018,2019-04-26
s3892,ReMastered: Devil at the Crossroads,Movie,TV-14,2019,2019-04-26
s3893,Street Food,TV Show,TV-PG,2019,2019-04-26
s3894,The Hateful Eight: Extended Version,TV Show,R,2015,2019-04-25
s3895,A Fortunate Man,Movie,TV-MA,2018,2019-04-20
s3896,Grass Is Greener,Movie,TV-MA,2019,2019-04-20
s3897,Brené Brown: The Call to Courage,Movie,TV-14,2019,2019-04-19
s3898,KO One,TV Show,TV-MA,2005,2019-04-19
s3899,Lunatics,TV Show,TV-MA,2019,2019-04-19
s3900,Music Teacher,Movie,TV-14,2019,2019-04-19
s3901,My Dear Boy,TV Show,TV-MA,2017,2019-04-19
s3902,Rilakkuma and Kaoru,TV Show,TV-PG,2019,2019-04-19
s3903,Samantha!,TV Show,TV-MA,2019,2019-04-19
s3904,Someone Great,Movie,R,2019,2019-04-19
s3905,The Ruthless,Movie,TV-MA,2019,2019-04-19
s3906,A Little Chaos,Movie,R,2014,2019-04-17
s3907,Franco Escamilla: Bienvenido al mundo,Movie,TV-MA,2019,2019-04-17
s3908,HOMECOMING: A film by Beyoncé,Movie,TV-MA,2019,2019-04-17
s3909,About Time,Movie,R,2013,2019-04-16
s3910,Super Monsters Furever Friends,Movie,TV-Y,2019,2019-04-16
s3911,Bollywood Calling,Movie,TV-MA,2001,2019-04-15
s3912,Ek Khiladi Ek Haseena,Movie,TV-14,2005,2019-04-15
s3913,Generation Iron 3,Movie,TV-MA,2018,2019-04-15
s3914,Hazaaron Khwaishein Aisi,Movie,TV-MA,2003,2019-04-15
s3915,Jhankaar Beats,Movie,TV-14,2003,2019-04-15
s3916,Mumbai Matinee,Movie,TV-14,2003,2019-04-15
s3917,Rainbow Jelly,Movie,TV-14,2018,2019-04-15
s3918,Shabd,Movie,TV-14,2005,2019-04-15
s3919,Shortcut Safari,Movie,TV-PG,2016,2019-04-15
s3920,Thriller,Movie,TV-MA,2018,2019-04-14
s3921,Crazy Ex-Girlfriend,TV Show,TV-MA,2019,2019-04-13
s3922,Who Would You Take to a Deserted Island?,Movie,TV-MA,2019,2019-04-13
s3923,Dabbe 5: Zehr-i Cin,Movie,TV-MA,2014,2019-04-12
s3924,Dabbe: The Possession,Movie,TV-MA,2013,2019-04-12
s3925,Francesco De Carlo: Cose di Questo Mondo,Movie,TV-MA,2019,2019-04-12
s3926,Huge in France,TV Show,TV-MA,2019,2019-04-12
s3927,The Perfect Date,Movie,TV-14,2019,2019-04-12
s3928,New Girl,TV Show,TV-14,2018,2019-04-11
s3929,Persona,TV Show,TV-MA,2019,2019-04-11
s3930,Liss Pereira: Reteniendo líquidos,Movie,TV-14,2019,2019-04-10
s3931,The Silence,Movie,PG-13,2019,2019-04-10
s3932,You vs. Wild,TV Show,TV-PG,2019,2019-04-10
s3933,Sarvam Thaala Mayam (Telugu Version),Movie,TV-14,2018,2019-04-08
s3934,Petta (Telugu Version),Movie,TV-14,2019,2019-04-07
s3935,Time: The Kalief Browder Story,TV Show,TV-MA,2017,2019-04-07
s3936,Alien Warfare,Movie,TV-MA,2019,2019-04-05
s3937,Derek,TV Show,TV-MA,2015,2019-04-05
s3938,Imposters,TV Show,TV-MA,2017,2019-04-05
s3939,Our Planet,TV Show,TV-PG,2019,2019-04-05
s3940,Petta,Movie,TV-14,2019,2019-04-05
s3941,Quicksand,TV Show,TV-MA,2019,2019-04-05
s3942,Rimba Racer,TV Show,TV-PG,2017,2019-04-05
s3943,Roman Empire: Reign of Blood,TV Show,TV-MA,2019,2019-04-05
s3944,Spirit: Riding Free,TV Show,TV-Y7,2019,2019-04-05
s3945,Tijuana,TV Show,TV-MA,2019,2019-04-05
s3946,Unicorn Store,Movie,TV-14,2019,2019-04-05
s3947,Possessed,TV Show,TV-MA,2019,2019-04-04
s3948,Ricardo Quevedo: Los amargados somos más,Movie,TV-MA,2019,2019-04-03
s3949,Suzzanna: Buried Alive,Movie,TV-MA,2018,2019-04-03
s3950,Tango,TV Show,TV-14,2018,2019-04-03
s3951,Ek Ladki Ko Dekha Toh Aisa Laga,Movie,TV-14,2019,2019-04-02
s3952,Jagat,Movie,TV-MA,2015,2019-04-02
s3953,Kevin Hart: Irresponsible,Movie,TV-MA,2019,2019-04-02
s3954,Kicko & Super Speedo,TV Show,TV-Y7,2018,2019-04-01
s3955,Love O2O,Movie,TV-14,2016,2019-04-01
s3956,Pinky Memsaab,Movie,TV-MA,2018,2019-04-01
s3957,"That Winter, the Wind Blows",TV Show,TV-MA,2013,2019-04-01
s3958,The Trap,Movie,TV-MA,2017,2019-04-01
s3959,Ultraman,TV Show,TV-14,2019,2019-04-01
s3960,Mercy Black,Movie,TV-14,2019,2019-03-31
s3961,The Burial of Kojo,Movie,TV-14,2018,2019-03-31
s3962,Pablo,TV Show,TV-Y,2017,2019-03-30
s3963,15 August,Movie,TV-14,2019,2019-03-29
s3964,Bayonet,Movie,TV-MA,2019,2019-03-29
s3965,Osmosis,TV Show,TV-MA,2019,2019-03-29
s3966,Santa Clarita Diet,TV Show,TV-MA,2019,2019-03-29
s3967,The Highwaymen,Movie,R,2019,2019-03-29
s3968,The Legend of Cocaine Island,Movie,TV-MA,2019,2019-03-29
s3969,The Terminal,TV Show,TV-14,2018,2019-03-29
s3970,Traitors,TV Show,TV-MA,2019,2019-03-29
s3971,Versailles,TV Show,TV-MA,2018,2019-03-29
s3972,Ainori Love Wagon: Asian Journey,TV Show,TV-MA,2018,2019-03-28
s3973,Danur: I Can See Ghosts,Movie,TV-MA,2017,2019-03-27
s3974,Verses of Love,Movie,TV-PG,2008,2019-03-27
s3975,Nate Bargatze: The Tennessee Kid,Movie,TV-PG,2019,2019-03-26
s3976,Sei,Movie,TV-14,2018,2019-03-25
s3977,The Eagle of El-Se'eed,TV Show,TV-14,2018,2019-03-25
s3978,Superlopez,Movie,TV-MA,2018,2019-03-24
s3979,Oversize Cops,Movie,TV-MA,2017,2019-03-23
s3980,Charlie's Colorforms City,TV Show,TV-Y,2019,2019-03-22
s3981,Crime Diaries: The Candidate,TV Show,TV-MA,2019,2019-03-22
s3982,Delhi Crime,TV Show,TV-MA,2019,2019-03-22
s3983,Mirage,Movie,TV-MA,2018,2019-03-22
s3984,ReMastered: The Miami Showband Massacre,Movie,TV-MA,2019,2019-03-22
s3985,The 10 Sins,TV Show,TV-14,2018,2019-03-22
s3986,The Dirt,Movie,TV-MA,2019,2019-03-22
s3987,The OA,TV Show,TV-MA,2019,2019-03-22
s3988,Antoine Griezmann: The Making of a Legend,Movie,TV-PG,2019,2019-03-21
s3989,Bo on the Go!,TV Show,TV-Y,2007,2019-03-21
s3990,Stay Tuned!,TV Show,TV-14,2019,2019-03-21
s3991,The Amazing Praybeyt Benjamin,Movie,TV-14,2014,2019-03-21
s3992,The Super Parental Guardians,Movie,TV-14,2016,2019-03-21
s3993,The Third Party,Movie,TV-MA,2016,2019-03-21
s3994,The Unmarried Wife,Movie,TV-MA,2016,2019-03-21
s3995,Vince and Kath and James,Movie,TV-PG,2016,2019-03-21
s3996,Alexis Viera: A Story of Surviving,Movie,TV-MA,2019,2019-03-20
s3997,February 9,TV Show,TV-14,2018,2019-03-20
s3998,Imago,Movie,TV-PG,2018,2019-03-20
s3999,My Husband Won't Fit,TV Show,TV-MA,2019,2019-03-20
s4000,Amy Schumer Growing,Movie,TV-MA,2019,2019-03-19
s4001,5 Flights Up,Movie,PG-13,2014,2019-03-17
s4002,Green Door,TV Show,TV-MA,2019,2019-03-17
s4003,Bombairiya,Movie,TV-MA,2018,2019-03-15
s4004,Burn Out,Movie,TV-MA,2017,2019-03-15
s4005,Edoardo Ferrario: Temi Caldi,Movie,TV-MA,2019,2019-03-15
s4006,Girl,Movie,R,2018,2019-03-15
s4007,If I Hadn't Met You,TV Show,TV-MA,2018,2019-03-15
s4008,Jeff Dunham: Arguing with Myself,Movie,TV-MA,2006,2019-03-15
s4009,Jeff Dunham: Controlled Chaos,Movie,TV-MA,2011,2019-03-15
s4010,Jeff Dunham: Minding the Monsters,Movie,TV-MA,2012,2019-03-15
s4011,Jeff Dunham's Very Special Christmas Special,Movie,TV-MA,2008,2019-03-15
s4012,Late Life: The Chien-Ming Wang Story,Movie,TV-14,2018,2019-03-15
s4013,My Pride,TV Show,TV-14,2018,2019-03-15
s4014,Paskal,Movie,TV-14,2018,2019-03-15
s4015,Robozuna,TV Show,TV-Y7,2018,2019-03-15
s4016,The Disappearance of Madeleine McCann,TV Show,TV-14,2019,2019-03-15
s4017,Turn Up Charlie,TV Show,TV-MA,2019,2019-03-15
s4018,A Love Story,Movie,TV-14,2007,2019-03-14
s4019,Barcelona: A Love Untold,Movie,TV-14,2016,2019-03-14
s4020,Everything About Her,Movie,TV-MA,2016,2019-03-14
s4021,Finally Found Someone,Movie,TV-14,2017,2019-03-14
s4022,Seven Sundays,Movie,TV-MA,2017,2019-03-14
s4023,More to Say,TV Show,TV-14,2018,2019-03-13
s4024,The Land of Hypocrisy,TV Show,TV-14,2018,2019-03-13
s4025,Triple Frontier,Movie,R,2019,2019-03-13
s4026,Jimmy Carr: The Best of Ultimate Gold Greatest Hits,Movie,TV-MA,2019,2019-03-12
s4027,Eugenie Nights,TV Show,TV-14,2018,2019-03-11
s4028,This Evening,TV Show,TV-14,2017,2019-03-11
s4029,Into the Badlands,TV Show,TV-MA,2018,2019-03-10
s4030,Bangkok Love Stories: Hey You!,TV Show,TV-14,2018,2019-03-08
s4031,Disappearance,TV Show,TV-MA,2018,2019-03-08
s4032,Hajwala 2: Mysterious Mission,Movie,TV-14,2018,2019-03-08
s4033,Immortals,TV Show,TV-MA,2018,2019-03-08
s4034,Juanita,Movie,TV-MA,2019,2019-03-08
s4035,Lady J,Movie,TV-MA,2019,2019-03-08
s4036,The Confrontation,TV Show,TV-PG,2018,2019-03-08
s4037,Walk. Ride. Rodeo.,Movie,TV-PG,2019,2019-03-08
s4038,Nappily Ever After,Movie,TV-MA,2018,2019-03-07
s4039,Sisterakas,Movie,TV-14,2012,2019-03-07
s4040,Starting Over Again,Movie,TV-14,2014,2019-03-07
s4041,That Thing Called Tadhana,Movie,TV-MA,2015,2019-03-07
s4042,The Love Affair,Movie,TV-MA,2015,2019-03-07
s4043,American Crime Story: The People v. O.J. Simpson,TV Show,TV-MA,2016,2019-03-06
s4044,Secret City,TV Show,TV-MA,2016,2019-03-06
s4045,A Korean Odyssey,TV Show,TV-MA,2017,2019-03-05
s4046,The Hard Way,Movie,TV-MA,2019,2019-03-05
s4047,Everyday I Love You,Movie,TV-14,2015,2019-03-04
s4048,No Other Woman,Movie,TV-MA,2011,2019-03-04
s4049,River's Edge,Movie,TV-MA,2018,2019-03-02
s4050,Sarkar,Movie,TV-MA,2018,2019-03-02
s4051,Weapon of Choice,Movie,TV-MA,2018,2019-03-02
s4052,"2,215",Movie,TV-MA,2018,2019-03-01
s4053,BNK48: Girls Don't Cry,Movie,TV-14,2018,2019-03-01
s4054,Budapest,Movie,TV-MA,2018,2019-03-01
s4055,Cricket Fever: Mumbai Indians,TV Show,TV-MA,2019,2019-03-01
s4056,Larva Island,TV Show,TV-Y7,2019,2019-03-01
s4057,Losers,TV Show,TV-MA,2019,2019-03-01
s4058,Northern Rescue,TV Show,TV-14,2019,2019-03-01
s4059,Pants on Fire,Movie,TV-G,2014,2019-03-01
s4060,Paranormal Investigation,Movie,TV-14,2018,2019-03-01
s4061,Radio Rebel,Movie,TV-G,2012,2019-03-01
s4062,Sarvam Thaala Mayam (Tamil Version),Movie,TV-14,2018,2019-03-01
s4063,The Boy Who Harnessed the Wind,Movie,TV-PG,2019,2019-03-01
s4064,The Disastrous Life of Saiki K.,TV Show,TV-14,2018,2019-03-01
s4065,The Last Runway,Movie,TV-MA,2018,2019-03-01
s4066,The Spiderwick Chronicles,Movie,PG,2008,2019-03-01
s4067,Your Son,Movie,TV-MA,2018,2019-03-01
s4068,Quién te cantará,Movie,TV-MA,2018,2019-02-28
s4069,A Second Chance,Movie,TV-MA,2015,2019-02-27
s4070,Beauty and the Bestie,Movie,TV-14,2015,2019-02-27
s4071,Bride For Rent,Movie,TV-PG,2014,2019-02-27
s4072,Can't Help Falling in Love,Movie,TV-14,2017,2019-02-27
s4073,Evening Shadows,Movie,TV-PG,2018,2019-02-27
s4074,Four Sisters and a Wedding,Movie,TV-14,2013,2019-02-27
s4075,It Takes a Man and a Woman,Movie,TV-PG,2013,2019-02-27
s4076,My Ex & Whys,Movie,TV-14,2017,2019-02-27
s4077,She's Dating the Gangster,Movie,TV-14,2014,2019-02-27
s4078,The Breakup Playlist,Movie,TV-MA,2015,2019-02-27
s4079,The Mistress,Movie,TV-MA,2012,2019-02-27
s4080,Unsolved,TV Show,TV-MA,2018,2019-02-27
s4081,Zach Galifianakis: Live at the Purple Onion,Movie,TV-MA,2006,2019-02-26
s4082,Life of An Outcast,Movie,TV-PG,2018,2019-02-25
s4083,The Photographer Of Mauthausen,Movie,TV-MA,2018,2019-02-23
s4084,Bert Kreischer: The Machine,Movie,TV-MA,2016,2019-02-22
s4085,Chef's Table,TV Show,TV-MA,2019,2019-02-22
s4086,Firebrand,Movie,TV-MA,2019,2019-02-22
s4087,Paddleton,Movie,TV-MA,2019,2019-02-22
s4088,Paris Is Us,Movie,TV-MA,2019,2019-02-22
s4089,Shonar Pahar,Movie,TV-PG,2018,2019-02-22
s4090,The Big Family Cooking Showdown,TV Show,TV-PG,2018,2019-02-22
s4091,Z4,TV Show,TV-PG,2018,2019-02-22
s4092,The Drug King,Movie,TV-MA,2018,2019-02-21
s4093,Kevin James: Sweat the Small Stuff,Movie,TV-PG,2001,2019-02-20
s4094,Transformer,Movie,TV-MA,2017,2019-02-20
s4095,Genius,Movie,TV-14,2018,2019-02-17
s4096,Black Sea,Movie,R,2015,2019-02-16
s4097,Studio 54,Movie,TV-MA,2018,2019-02-16
s4098,Awe,Movie,TV-MA,2018,2019-02-15
s4099,Ayana,Movie,TV-MA,2017,2019-02-15
s4100,Behind the Curve,Movie,TV-14,2018,2019-02-15
s4101,Buddies,Movie,TV-MA,2012,2019-02-15
s4102,Candyflip,Movie,TV-MA,2017,2019-02-15
s4103,Chameli,Movie,TV-14,2004,2019-02-15
s4104,Fatso,Movie,TV-14,2012,2019-02-15
s4105,Hjørdis,TV Show,TV-MA,2015,2019-02-15
s4106,Larry Charles' Dangerous World of Comedy,TV Show,TV-MA,2019,2019-02-15
s4107,Neevevaro,Movie,TV-14,2018,2019-02-15
s4108,Pyaar Ke Side Effects,Movie,TV-MA,2006,2019-02-15
s4109,Sur: The Melody of Life,Movie,TV-14,2002,2019-02-15
s4110,The 43,TV Show,TV-MA,2019,2019-02-15
s4111,The Breaker Upperers,Movie,TV-MA,2018,2019-02-15
s4112,The Kirlian Frequency,TV Show,TV-14,2017,2019-02-15
s4113,Ugly Aur Pagli,Movie,TV-14,2008,2019-02-15
s4114,Yucatán,Movie,TV-MA,2018,2019-02-15
s4115,Barbie Dreamhouse Adventures,TV Show,TV-Y,2018,2019-02-14
s4116,"Ken Jeong: You Complete Me, Ho",Movie,TV-MA,2019,2019-02-14
s4117,Velvet Colección,TV Show,TV-14,2018,2019-02-14
s4118,Period. End of Sentence.,Movie,TV-PG,2018,2019-02-12
s4119,Iron Ladies,TV Show,TV-14,2018,2019-02-09
s4120,The Break,TV Show,TV-MA,2018,2019-02-09
s4121,High Flying Bird,Movie,TV-MA,2019,2019-02-08
s4122,Kevin Hart's Guide to Black History,Movie,TV-PG,2019,2019-02-08
s4123,One Day at a Time,TV Show,TV-PG,2019,2019-02-08
s4124,ReMastered: The Two Killings of Sam Cooke,Movie,TV-MA,2019,2019-02-08
s4125,The Tree of Blood,Movie,TV-MA,2018,2019-02-08
s4126,The Last of the Schmucks,TV Show,TV-MA,2017,2019-02-07
s4127,Hidden Worlds,TV Show,TV-14,2018,2019-02-05
s4128,Live,TV Show,TV-MA,2018,2019-02-05
s4129,"Ray Romano: Right Here, Around the Corner",Movie,TV-MA,2019,2019-02-05
s4130,Safe,TV Show,TV-MA,2018,2019-02-05
s4131,Tayee,TV Show,TV-MA,2018,2019-02-05
s4132,Violet Evergarden,TV Show,TV-14,2018,2019-02-05
s4133,Romance is a bonus book,TV Show,TV-14,2019,2019-02-03
s4134,Await Further Instructions,Movie,TV-MA,2018,2019-02-02
s4135,Manusangada,Movie,TV-14,2017,2019-02-02
s4136,14 Minutes from Earth,Movie,TV-MA,2016,2019-02-01
s4137,Dear Ex,Movie,TV-MA,2018,2019-02-01
s4138,Free Rein: Valentine's Day,Movie,TV-G,2019,2019-02-01
s4139,Lego DC Comics: Batman Be-Leaguered,Movie,TV-Y7,2014,2019-02-01
s4140,LEGO Marvel Super Heroes: Black Panther,Movie,TV-Y7,2018,2019-02-01
s4141,LEGO Marvel Super Heroes: Guardians of the Galaxy,Movie,TV-Y,2017,2019-02-01
s4142,Littlest Pet Shop: A World of Our Own,TV Show,TV-Y7,2018,2019-02-01
s4143,Russian Doll,TV Show,TV-MA,2019,2019-02-01
s4144,Sparta,TV Show,TV-MA,2018,2019-02-01
s4145,Sword Art Online Alternative: Gun Gale Online,TV Show,TV-MA,2018,2019-02-01
s4146,True: Happy Hearts Day,Movie,TV-Y,2019,2019-02-01
s4147,Velvet Buzzsaw,Movie,R,2019,2019-02-01
s4148,Hantu Kak Limah,Movie,TV-PG,2018,2019-01-31
s4149,Love Off the Cuff,Movie,TV-MA,2017,2019-01-31
s4150,Paprika,TV Show,TV-Y,2018,2019-01-31
s4151,Maharaja: The Story of Ranjit Singh,Movie,TV-14,2010,2019-01-30
s4152,Virsa,Movie,TV-14,2010,2019-01-30
s4153,Bhasmasur,Movie,TV-14,2017,2019-01-29
s4154,"Gabriel ""Fluffy"" Iglesias: One Show Fits All",Movie,TV-14,2019,2019-01-29
s4155,High Society,Movie,TV-MA,2018,2019-01-29
s4156,Up Among  The Stars,Movie,TV-MA,2018,2019-01-29
s4157,Alt-Right: Age of Rage,Movie,TV-MA,2018,2019-01-28
s4158,Habibie & Ainun,Movie,TV-14,2012,2019-01-28
s4159,Nathicharami,Movie,TV-MA,2018,2019-01-28
s4160,Rudy Habibie,Movie,TV-14,2016,2019-01-28
s4161,Surga Yang Tak Dirindukan,Movie,TV-14,2015,2019-01-28
s4162,Surga Yang Tak Dirindukan 2,Movie,TV-14,2017,2019-01-28
s4163,A Taiwanese Tale of Two Cities,TV Show,TV-MA,2018,2019-01-27
s4164,Z Nation,TV Show,TV-MA,2018,2019-01-27
s4165,Goyo: The Boy General,Movie,TV-MA,2018,2019-01-26
s4166,Animas,Movie,TV-MA,2018,2019-01-25
s4167,Black Earth Rising,TV Show,TV-MA,2018,2019-01-25
s4168,Club of Crows,TV Show,TV-MA,2019,2019-01-25
s4169,Examination of Conscience,TV Show,TV-MA,2019,2019-01-25
s4170,Mi Obra Maestra,Movie,TV-MA,2018,2019-01-25
s4171,Polar,Movie,TV-MA,2019,2019-01-25
s4172,The Perfect Match,TV Show,TV-14,2017,2019-01-25
s4173,Conversations with a Killer: The Ted Bundy Tapes,TV Show,TV-MA,2019,2019-01-24
s4174,Just Love,Movie,TV-MA,2018,2019-01-24
s4175,Innocent,TV Show,TV-MA,2017,2019-01-23
s4176,Close,Movie,TV-MA,2019,2019-01-18
s4177,FYRE: The Greatest Party That Never Happened,Movie,TV-MA,2019,2019-01-18
s4178,IO,Movie,TV-14,2019,2019-01-18
s4179,Marvel's The Punisher,TV Show,TV-MA,2019,2019-01-18
s4180,Memory Love,TV Show,TV-14,2017,2019-01-18
s4181,Old Lord Savanna,Movie,TV-14,2018,2019-01-18
s4182,Patria,Movie,TV-MA,2019,2019-01-18
s4183,Soni,Movie,TV-MA,2018,2019-01-18
s4184,The World's Most Extraordinary Homes,TV Show,TV-G,2019,2019-01-18
s4185,Trigger Warning with Killer Mike,TV Show,TV-MA,2019,2019-01-18
s4186,Abducted in Plain Sight,Movie,TV-14,2017,2019-01-15
s4187,"Abdullah, The Final Witness",Movie,TV-14,2016,2019-01-15
s4188,Adhugo,Movie,TV-14,2018,2019-01-15
s4189,Echcharikkai,Movie,TV-14,2018,2019-01-15
s4190,Lavender,TV Show,TV-14,2002,2019-01-15
s4191,Pandigai,Movie,TV-MA,2017,2019-01-15
s4192,Pari,Movie,TV-14,2018,2019-01-15
s4193,Revenger,Movie,TV-MA,2018,2019-01-15
s4194,Sebastian Maniscalco: Stay Hungry,Movie,TV-MA,2019,2019-01-15
s4195,The Doll,Movie,TV-MA,2016,2019-01-15
s4196,The Doll 2,Movie,TV-MA,2017,2019-01-15
s4197,La Grande Chaumière Violette,TV Show,TV-14,2016,2019-01-14
s4198,Baazaar,Movie,TV-MA,2018,2019-01-13
s4199,All of You,Movie,TV-MA,2017,2019-01-11
s4200,Back with the Ex,TV Show,TV-MA,2018,2019-01-11
s4201,Friends from College,TV Show,TV-MA,2019,2019-01-11
s4202,Hardy Bucks,TV Show,TV-MA,2018,2019-01-11
s4203,Horrid Henry,TV Show,TV-Y7,2019,2019-01-11
s4204,ReMastered: Massacre at the Stadium,Movie,TV-MA,2019,2019-01-11
s4205,Solo,Movie,TV-MA,2018,2019-01-11
s4206,The Last Laugh,Movie,TV-MA,2019,2019-01-11
s4207,Pocoyo,TV Show,TV-Y,2017,2019-01-10
s4208,When Heroes Fly,TV Show,TV-MA,2018,2019-01-10
s4209,GODZILLA The Planet Eater,Movie,TV-PG,2018,2019-01-09
s4210,Next Enti?,Movie,TV-14,2018,2019-01-09
s4211,Komola Rocket,Movie,TV-14,2018,2019-01-07
s4212,Nang Nak,Movie,TV-MA,1999,2019-01-05
s4213,And Breathe Normally,Movie,TV-14,2018,2019-01-04
s4214,El Potro: Unstoppable,Movie,TV-MA,2018,2019-01-04
s4215,Lionheart,Movie,TV-PG,2018,2019-01-04
s4216,See You in Time,TV Show,TV-14,2017,2019-01-04
s4217,Déjà Vu,TV Show,TV-14,2013,2019-01-02
s4218,Monty Python and the Holy Grail,Movie,PG,1975,2019-01-02
s4219,A Series of Unfortunate Events,TV Show,TV-PG,2019,2019-01-01
s4220,Back to the 90s,Movie,TV-14,2015,2019-01-01
s4221,COMEDIANS of the world,TV Show,TV-MA,2019,2019-01-01
s4222,Merku Thodarchi Malai,Movie,TV-MA,2018,2019-01-01
s4223,Moshe Kasher: Live in Oakland,Movie,TV-MA,2012,2019-01-01
s4224,Pokémon the Movie: I Choose You!,Movie,TV-Y7,2017,2019-01-01
s4225,Puriyatha Puthir,Movie,TV-MA,2017,2019-01-01
s4226,Taramani,Movie,TV-MA,2017,2019-01-01
s4227,The Paper,TV Show,TV-MA,2018,2019-01-01
s4228,Tidying Up with Marie Kondo,TV Show,TV-PG,2019,2019-01-01
s4229,Whitney Cummings: Money Shot,Movie,TV-MA,2010,2019-01-01
s4230,Bill Hicks: One Night Stand,Movie,TV-MA,1991,2018-12-31
s4231,Bill Hicks: Reflections,Movie,TV-MA,2015,2018-12-31
s4232,Bill Hicks: Relentless,Movie,TV-MA,1992,2018-12-31
s4233,Bill Hicks: Revelations,Movie,TV-MA,1993,2018-12-31
s4234,Bill Hicks: Sane Man,Movie,TV-MA,1989,2018-12-31
s4235,Gina Yashere: Laughing to America,Movie,TV-MA,2013,2018-12-31
s4236,Gina Yashere: Skinny B*tch,Movie,TV-MA,2008,2018-12-31
s4237,Mexicanos de Bronce,Movie,TV-MA,2016,2018-12-31
s4238,Sam Kinison: Breaking the Rules,Movie,TV-MA,1987,2018-12-31
s4239,Sam Kinison: Family Entertainment Hour,Movie,TV-MA,1991,2018-12-31
s4240,Sam Kinison: Live in Vegas,Movie,TV-MA,1991,2018-12-31
s4241,Sam Kinison: The Scream Continues,Movie,TV-MA,2016,2018-12-31
s4242,Secrets in the Hot Spring,Movie,TV-14,2018,2018-12-31
s4243,Taylor Swift reputation Stadium Tour,Movie,TV-PG,2018,2018-12-31
s4244,The Seven Deadly Sins the Movie: Prisoners of the Sky,Movie,TV-14,2018,2018-12-31
s4245,Tim Allen: Men Are Pigs,Movie,TV-MA,1990,2018-12-31
s4246,Tim Allen: ReWires America,Movie,TV-MA,1991,2018-12-31
s4247,Tim Minchin And The Heritage Orchestra Live,Movie,TV-MA,2011,2018-12-31
s4248,Tim Minchin: So F**king Rock,Movie,TV-MA,2008,2018-12-31
s4249,Todd Glass: Stand-Up Special,Movie,TV-MA,2012,2018-12-31
s4250,Tom Papa Live in New York City,Movie,TV-14,2011,2018-12-31
s4251,Pioneers: First Women Filmmakers*,TV Show,TV-14,1925,2018-12-30
s4252,In Family We Trust,TV Show,TV-MA,2018,2018-12-29
s4253,A Twelve Year Night,Movie,TV-MA,2018,2018-12-28
s4254,Black Mirror: Bandersnatch,Movie,TV-MA,2018,2018-12-28
s4255,Hashoter Hatov,TV Show,TV-MA,2015,2018-12-28
s4256,Life Ki Toh Lag Gayi,Movie,TV-MA,2012,2018-12-28
s4257,Murder Mountain,TV Show,TV-MA,2018,2018-12-28
s4258,Selection Day,TV Show,TV-14,2018,2018-12-28
s4259,The Birth Reborn 3,Movie,TV-14,2018,2018-12-28
s4260,When Angels Sleep,Movie,TV-MA,2018,2018-12-28
s4261,Stand Up and Away! with Brian Regan,TV Show,TV-PG,2018,2018-12-24
s4262,Way Back into Love,TV Show,TV-14,2011,2018-12-24
s4263,Watership Down,TV Show,TV-PG,2018,2018-12-23
s4264,Demon's Path,TV Show,TV-14,2018,2018-12-22
s4265,People Just Do Nothing,TV Show,TV-MA,2018,2018-12-22
s4266,Single Ladies Senior,TV Show,TV-MA,2018,2018-12-22
s4267,7 Days Out,TV Show,TV-PG,2018,2018-12-21
s4268,Bad Seeds,Movie,TV-MA,2018,2018-12-21
s4269,Bird Box,Movie,R,2018,2018-12-21
s4270,Jojo's World,TV Show,TV-14,2017,2018-12-21
s4271,LAST HOPE,TV Show,TV-14,2018,2018-12-21
s4272,Lion Pride,TV Show,TV-MA,2017,2018-12-21
s4273,Love @ Seventeen,TV Show,TV-14,2016,2018-12-21
s4274,Perfume,TV Show,TV-MA,2018,2018-12-21
s4275,Sirius the Jaeger,TV Show,TV-MA,2018,2018-12-21
s4276,Struggle: The Life and Lost Art of Szukalski,Movie,TV-MA,2018,2018-12-21
s4277,Wolf,TV Show,TV-MA,2018,2018-12-21
s4278,23:59,Movie,R,2011,2018-12-20
s4279,Aggretsuko: We Wish You a Metal Christmas,Movie,TV-PG,2018,2018-12-20
s4280,Fate/stay night: Unlimited Blade Works,TV Show,TV-14,2015,2018-12-20
s4281,Imperfect,Movie,TV-MA,2012,2018-12-20
s4282,Lang Tong,Movie,TV-MA,2015,2018-12-20
s4283,Miss J Contemplates Her Choice,Movie,TV-MA,2014,2018-12-20
s4284,Ascharyachakit!,Movie,TV-MA,2018,2018-12-19
s4285,Ellen DeGeneres: Relatable,TV Show,TV-MA,2018,2018-12-18
s4286,Lilli,Movie,TV-MA,2018,2018-12-17
s4287,Prince of Peoria: A Christmas Moose Miracle,Movie,TV-G,2018,2018-12-17
s4288,Andhadhun,Movie,TV-14,2018,2018-12-16
s4289,Ashes of Love,TV Show,TV-14,2018,2018-12-16
s4290,Dragons: Dawn of the Dragon Racers,Movie,TV-PG,2014,2018-12-16
s4291,DreamWorks Holiday Classics,TV Show,TV-PG,2011,2018-12-16
s4292,Kill the Messenger,Movie,R,2014,2018-12-16
s4293,Maps to the Stars,Movie,R,2014,2018-12-16
s4294,Springsteen on Broadway,Movie,TV-MA,2018,2018-12-16
s4295,The Theory of Everything,Movie,PG-13,2014,2018-12-16
s4296,F.R.E.D.I.,Movie,TV-PG,2018,2018-12-15
s4297,Flowers,TV Show,TV-MA,2018,2018-12-15
s4298,Kita Kita,Movie,TV-14,2017,2018-12-15
s4299,Once in a Lifetime Sessions with George Ezra,Movie,TV-MA,2018,2018-12-15
s4300,Once in a Lifetime Sessions with Kasabian,Movie,TV-MA,2018,2018-12-15
s4301,Once in a Lifetime Sessions with OneRepublic,Movie,TV-PG,2018,2018-12-15
s4302,Once in a Lifetime Sessions with Snow Patrol,Movie,TV-MA,2018,2018-12-15
s4303,Sad Hill Unearthed,Movie,TV-14,2017,2018-12-15
s4304,Vanjagar Ulagam,Movie,TV-MA,2018,2018-12-15
s4305,Hymn of Death,TV Show,TV-14,2018,2018-12-14
s4306,Inside the Real Narcos,TV Show,TV-MA,2018,2018-12-14
s4307,ROMA,Movie,R,2018,2018-12-14
s4308,The Fix,TV Show,TV-MA,2018,2018-12-14
s4309,The Innocent Man,TV Show,TV-MA,2018,2018-12-14
s4310,Tidelands,TV Show,TV-MA,2018,2018-12-14
s4311,Travelers,TV Show,TV-MA,2018,2018-12-14
s4312,Voltron: Legendary Defender,TV Show,TV-Y7,2018,2018-12-14
s4313,Back Street Girls -GOKUDOLS-,TV Show,TV-MA,2018,2018-12-12
s4314,"Out of Many, One",Movie,TV-PG,2018,2018-12-12
s4315,Vir Das: Losing It,Movie,TV-MA,2018,2018-12-11
s4316,5 Star Christmas,Movie,TV-14,2018,2018-12-07
s4317,Dogs of Berlin,TV Show,TV-MA,2018,2018-12-07
s4318,Dumplin',Movie,PG-13,2018,2018-12-07
s4319,Free Rein: The Twelve Neighs of Christmas,Movie,TV-G,2018,2018-12-07
s4320,Mowgli: Legend of the Jungle,Movie,PG-13,2018,2018-12-07
s4321,Neo Yokio,TV Show,TV-MA,2018,2018-12-07
s4322,Pine Gap,TV Show,TV-MA,2018,2018-12-07
s4323,ReMastered: Who Killed Jam Master Jay?,Movie,TV-MA,2018,2018-12-07
s4324,Super Monsters and the Wish Star,Movie,TV-Y,2018,2018-12-07
s4325,The American Meme,Movie,TV-MA,2018,2018-12-07
s4326,RUSSELL BRAND: RE:BIRTH,Movie,TV-MA,2018,2018-12-04
s4327,The Sound of Your Heart: Reboot,TV Show,TV-14,2018,2018-12-03
s4328,Memories of the Alhambra,TV Show,TV-MA,2018,2018-12-02
s4329,Teefa in Trouble,Movie,TV-14,2018,2018-12-02
s4330,A Beautiful Life,Movie,TV-14,2011,2018-12-01
s4331,Accident,Movie,TV-MA,2009,2018-12-01
s4332,"Ayotzinapa, el paso de la tortuga",Movie,TV-MA,2018,2018-12-01
s4333,Battle,Movie,TV-MA,2018,2018-12-01
s4334,Blind Detective,Movie,TV-MA,2013,2018-12-01
s4335,Break Up 100,Movie,TV-14,2014,2018-12-01
s4336,Chal Bhaag,Movie,TV-14,2014,2018-12-01
s4337,Crossroads: One Two Jaga,Movie,TV-14,2018,2018-12-01
s4338,Don't Go Breaking My Heart,Movie,TV-PG,2011,2018-12-01
s4339,Don't Go Breaking My Heart 2,Movie,TV-14,2014,2018-12-01
s4340,Faraar,Movie,TV-14,2015,2018-12-01
s4341,Haunted House,TV Show,TV-G,2017,2018-12-01
s4342,Helios,Movie,TV-14,2015,2018-12-01
s4343,Line Walker,Movie,TV-MA,2016,2018-12-01
s4344,Look for a Star,Movie,TV-14,2009,2018-12-01
s4345,Oddbods: The Festive Menace,Movie,TV-Y,2018,2018-12-01
s4346,Once a Gangster,Movie,TV-MA,2010,2018-12-01
s4347,Power Paandi,Movie,TV-MA,2017,2018-12-01
s4348,Roll With Me,Movie,TV-MA,2017,2018-12-01
s4349,SDU: Sex Duties Unit,Movie,TV-MA,2013,2018-12-01
s4350,Set Off,Movie,TV-MA,2008,2018-12-01
s4351,1983,TV Show,TV-MA,2018,2018-11-30
s4352,A Christmas Prince: The Royal Wedding,Movie,TV-PG,2018,2018-11-30
s4353,Angela's Christmas,Movie,TV-Y,2018,2018-11-30
s4354,Death by Magic,TV Show,TV-PG,2018,2018-11-30
s4355,El club de los insomnes,Movie,TV-MA,2018,2018-11-30
s4356,Happy as Lazzaro,Movie,PG-13,2018,2018-11-30
s4357,Love and Fortune,TV Show,TV-MA,2018,2018-11-30
s4358,Manto,Movie,TV-MA,2018,2018-11-30
s4359,Rajma Chawal,Movie,TV-MA,2018,2018-11-30
s4360,Spy Kids: Mission Critical,TV Show,TV-Y7,2018,2018-11-30
s4361,The World Is Yours,Movie,TV-MA,2018,2018-11-30
s4362,Time Share,Movie,TV-MA,2018,2018-11-30
s4363,Bumping Mics with Jeff Ross & Dave Attell,TV Show,TV-MA,2018,2018-11-27
s4364,Minecraft: Story Mode,TV Show,TV-PG,2015,2018-11-27
s4365,My Little Pony Friendship Is Magic: Best Gift Ever,Movie,TV-Y,2018,2018-11-25
s4366,Frontier,TV Show,TV-MA,2018,2018-11-23
s4367,Fugitiva,TV Show,TV-MA,2018,2018-11-23
s4368,Sick Note,TV Show,TV-MA,2018,2018-11-23
s4369,Mystery Science Theater 3000: The Return,TV Show,TV-14,2018,2018-11-22
s4370,The Christmas Chronicles,Movie,TV-PG,2018,2018-11-22
s4371,The Tribe,Movie,TV-MA,2018,2018-11-21
s4372,Kulipari: Dream Walker,TV Show,TV-Y7,2018,2018-11-20
s4373,Paap-O-Meter,TV Show,TV-Y7,2017,2018-11-20
s4374,Puppy Star Christmas,Movie,PG,2018,2018-11-20
s4375,Sabrina,Movie,TV-MA,2018,2018-11-20
s4376,Target,Movie,TV-14,2018,2018-11-20
s4377,The Final Table,TV Show,TV-PG,2018,2018-11-20
s4378,Trevor Noah: Son of Patricia,Movie,TV-MA,2018,2018-11-20
s4379,The Pixar Story,Movie,G,2007,2018-11-18
s4380,Eternal Love,TV Show,TV-14,2017,2018-11-17
s4381,La Doña,TV Show,TV-14,2016,2018-11-17
s4382,Silvana Sin Lana,TV Show,TV-14,2016,2018-11-17
s4383,Cam,Movie,TV-MA,2018,2018-11-16
s4384,Nothing to Hide,Movie,TV-MA,2018,2018-11-16
s4385,Ponysitters Club,TV Show,TV-G,2018,2018-11-16
s4386,The Ballad of Buster Scruggs,Movie,R,2018,2018-11-16
s4387,The Princess Switch,Movie,TV-G,2018,2018-11-16
s4388,Vai Anitta,TV Show,TV-MA,2018,2018-11-16
s4389,Aalorukkam,Movie,TV-PG,2018,2018-11-15
s4390,Beyblade Burst Evolution,TV Show,TV-Y,2017,2018-11-15
s4391,Christmas Wedding Planner,Movie,PG,2017,2018-11-15
s4392,Halkaa,Movie,TV-14,2018,2018-11-15
s4393,May the Devil Take You,Movie,TV-MA,2018,2018-11-15
s4394,Muzaffarnagar Baaqi Hai,Movie,TV-MA,2015,2018-11-15
s4395,Odu Raja Odu,Movie,TV-14,2018,2018-11-15
s4396,Savita Damodar Paranjpe,Movie,TV-14,2018,2018-11-15
s4397,The Giant,Movie,TV-14,2017,2018-11-15
s4398,BuyBust,Movie,TV-MA,2018,2018-11-13
s4399,Loudon Wainwright III: Surviving Twin,Movie,TV-14,2018,2018-11-13
s4400,Warrior,TV Show,TV-MA,2018,2018-11-13
s4401,Age of Tanks,TV Show,TV-PG,2017,2018-11-10
s4402,"All's Well, End's Well (2009)",Movie,TV-14,2009,2018-11-09
s4403,Lommbock,Movie,TV-MA,2017,2018-11-09
s4404,Medal of Honor,TV Show,TV-MA,2018,2018-11-09
s4405,Outlaw King,Movie,R,2018,2018-11-09
s4406,Super Drags,TV Show,TV-MA,2018,2018-11-09
s4407,The Queen of Flow,TV Show,TV-MA,2018,2018-11-09
s4408,Treehouse Detectives,TV Show,TV-Y,2018,2018-11-09
s4409,Westside,TV Show,TV-MA,2018,2018-11-09
s4410,Transfers,TV Show,TV-MA,2017,2018-11-08
s4411,Damnation,TV Show,TV-MA,2017,2018-11-07
s4412,Bucket List,Movie,TV-14,2018,2018-11-05
s4413,John Leguizamo's Latin History for Morons,Movie,TV-MA,2018,2018-11-05
s4414,Kopitiam,TV Show,TV-14,2003,2018-11-03
s4415,Ana e Vitória,Movie,TV-MA,2018,2018-11-02
s4416,Brainchild,TV Show,TV-G,2018,2018-11-02
s4417,ReMastered: Tricky Dick & The Man in Black,Movie,TV-14,2018,2018-11-02
s4418,The Holiday Calendar,Movie,TV-G,2018,2018-11-02
s4419,The Other Side of the Wind,Movie,R,2018,2018-11-02
s4420,They’ll Love Me When I’m Dead,Movie,TV-MA,2018,2018-11-02
s4421,Aagey Se Right,Movie,TV-14,2009,2018-11-01
s4422,Aamir,Movie,TV-14,2008,2018-11-01
s4423,ABCD 2,Movie,TV-14,2015,2018-11-01
s4424,ABCD: Any Body Can Dance,Movie,TV-14,2013,2018-11-01
s4425,Arjun: The Warrior Prince,Movie,TV-14,2011,2018-11-01
s4426,Asees,Movie,TV-14,2018,2018-11-01
s4427,Barfi!,Movie,TV-14,2012,2018-11-01
s4428,Chance Pe Dance,Movie,TV-14,2010,2018-11-01
s4429,Christmas With A View,Movie,TV-PG,2018,2018-11-01
s4430,Chup Chup Ke,Movie,TV-14,2006,2018-11-01
s4431,Creators,TV Show,TV-Y,2015,2018-11-01
s4432,Dhan Dhana Dhan Goal,Movie,TV-14,2007,2018-11-01
s4433,Dhoondte Reh Jaoge,Movie,TV-14,2009,2018-11-01
s4434,Do Dooni Chaar,Movie,TV-PG,2010,2018-11-01
s4435,Edge of Fear,Movie,TV-MA,2018,2018-11-01
s4436,"Edmilson Filho: Notas, Comedy about Relationships",Movie,TV-MA,2017,2018-11-01
s4437,Follow This,TV Show,TV-MA,2018,2018-11-01
s4438,Gaddar: the Traitor,Movie,TV-14,2015,2018-11-01
s4439,Ghanchakkar,Movie,TV-MA,2013,2018-11-01
s4440,Grandmaster,Movie,TV-14,2012,2018-11-01
s4441,Hattrick,Movie,TV-14,2007,2018-11-01
s4442,Heroine,Movie,TV-MA,2012,2018-11-01
s4443,Himmatwala,Movie,TV-14,2013,2018-11-01
s4444,Husbands in Goa,Movie,TV-14,2012,2018-11-01
s4445,Jatts in Golmaal,Movie,TV-PG,2013,2018-11-01
s4446,Kai Po Che!,Movie,TV-MA,2013,2018-11-01
s4447,Kalakalappu,Movie,TV-14,2012,2018-11-01
s4448,Katt Williams: The Pimp Chronicles: Pt. 1,Movie,TV-MA,2006,2018-11-01
s4449,Katti Batti,Movie,TV-14,2015,2018-11-01
s4450,Life in a ... Metro,Movie,TV-14,2007,2018-11-01
s4451,Marc Maron: Thinky Pain,Movie,TV-MA,2013,2018-11-01
s4452,Mumbai Meri Jaan,Movie,TV-MA,2008,2018-11-01
s4453,Mundeyan Ton Bachke Rahin,Movie,TV-14,2014,2018-11-01
s4454,No One Killed Jessica,Movie,TV-MA,2011,2018-11-01
s4455,Oye Lucky! Lucky Oye!,Movie,TV-14,2008,2018-11-01
s4456,Paan Singh Tomar,Movie,TV-14,2010,2018-11-01
s4457,Raja Natwarlal,Movie,TV-14,2014,2018-11-01
s4458,Satyagraha,Movie,TV-14,2013,2018-11-01
s4459,Settai,Movie,TV-14,2013,2018-11-01
s4460,Sigaram Thodu,Movie,TV-14,2014,2018-11-01
s4461,Sommore: The Reign Continues,Movie,TV-MA,2015,2018-11-01
s4462,The Great British Baking Show: The Beginnings,TV Show,TV-PG,2012,2018-11-01
s4463,The Untold Tales of Armistead Maupin,Movie,TV-MA,2017,2018-11-01
s4464,Vaya,Movie,TV-MA,2016,2018-11-01
s4465,Welcome to Sajjanpur,Movie,TV-14,2008,2018-11-01
s4466,Yeh Hai Bakrapur,Movie,TV-PG,2014,2018-11-01
s4467,Zokkomon,Movie,PG,2011,2018-11-01
s4468,Gun City,Movie,TV-MA,2018,2018-10-31
s4469,Heneral Luna,Movie,R,2015,2018-10-31
s4470,Fate/EXTRA Last Encore,TV Show,TV-MA,2018,2018-10-30
s4471,Dragon Tiger Gate,Movie,TV-14,2006,2018-10-27
s4472,Been So Long,Movie,TV-MA,2018,2018-10-26
s4473,Dovlatov,Movie,PG-13,2018,2018-10-26
s4474,Jefe,Movie,TV-MA,2018,2018-10-26
s4475,Santo Cachón,Movie,TV-14,2018,2018-10-26
s4476,Shirkers,Movie,TV-14,2018,2018-10-26
s4477,Terrorism Close Calls,TV Show,TV-MA,2018,2018-10-26
s4478,W/O Ram,Movie,TV-MA,2018,2018-10-26
s4479,DreamWorks Spooky Stories,TV Show,TV-PG,2009,2018-10-25
s4480,Great News,TV Show,TV-14,2017,2018-10-25
s4481,Ronnie Coleman: The King,Movie,TV-MA,2018,2018-10-25
s4482,Baahubali: The Beginning (English Version),Movie,TV-14,2015,2018-10-24
s4483,ADAM SANDLER 100% FRESH,Movie,TV-MA,2018,2018-10-23
s4484,Here to Heart,TV Show,TV-14,2018,2018-10-23
s4485,Scorpion King 5: Book of Souls,Movie,PG-13,2018,2018-10-23
s4486,The Hollywood Masters,TV Show,TV-MA,2017,2018-10-23
s4487,How to Get Over a Breakup,Movie,TV-MA,2018,2018-10-20
s4488,Accidentally in Love,TV Show,TV-14,2018,2018-10-19
s4489,Ask the Doctor,TV Show,TV-PG,2017,2018-10-19
s4490,Best.Worst.Weekend.Ever.,TV Show,TV-PG,2018,2018-10-19
s4491,"Club de Cuervos Presents: I, Potro",Movie,TV-MA,2018,2018-10-19
s4492,Derren Brown: Sacrifice,Movie,TV-MA,2018,2018-10-19
s4493,Gnome Alone,Movie,PG,2018,2018-10-19
s4494,Illang: The Wolf Brigade,Movie,TV-MA,2018,2018-10-19
s4495,Making a Murderer,TV Show,TV-14,2018,2018-10-19
s4496,Marvel's Daredevil,TV Show,TV-MA,2018,2018-10-19
s4497,Naa Bangaaru Talli,Movie,TV-14,2013,2018-10-19
s4498,Oddbods: Party Monsters,Movie,TV-Y,2018,2018-10-19
s4499,Project S The Series,TV Show,TV-MA,2017,2018-10-19
s4500,S Storm,Movie,TV-MA,2016,2018-10-19
s4501,The Night Comes for Us,Movie,TV-MA,2018,2018-10-19
s4502,Wanderlust,TV Show,TV-MA,2018,2018-10-19
s4503,Mr. Chandramouli,Movie,TV-MA,2018,2018-10-18
s4504,My Babysitter's a Vampire,TV Show,TV-PG,2012,2018-10-17
s4505,Rake,TV Show,TV-MA,2018,2018-10-16
s4506,"Ron White: If You Quit Listening, I'll Shut Up",Movie,TV-MA,2018,2018-10-16
s4507,Meghnadbodh Rohoshyo,Movie,TV-MA,2017,2018-10-15
s4508,Sanju,Movie,TV-MA,2018,2018-10-15
s4509,Stunt Science,TV Show,TV-MA,2018,2018-10-15
s4510,Soorma,Movie,TV-14,2018,2018-10-13
s4511,Apostle,Movie,TV-MA,2018,2018-10-12
s4512,Edgar Rice Burroughs' Tarzan and Jane,TV Show,TV-Y7,2018,2018-10-12
s4513,Errementari: The Blacksmith and the Devil,Movie,TV-MA,2018,2018-10-12
s4514,Feminists: What Were They Thinking?,Movie,TV-MA,2018,2018-10-12
s4515,FIGHTWORLD,TV Show,TV-MA,2018,2018-10-12
s4516,Kuntilanak,Movie,TV-14,2018,2018-10-12
s4517,ReMastered: Who Shot the Sheriff,Movie,TV-14,2018,2018-10-12
s4518,The Curious Creations of Christine McConnell,TV Show,TV-PG,2018,2018-10-12
s4519,The Haunting of Hill House,TV Show,TV-MA,2018,2018-10-12
s4520,The Kindergarten Teacher,Movie,R,2018,2018-10-12
s4521,Ordinary Heroes,TV Show,TV-MA,2018,2018-10-11
s4522,Salt Fat Acid Heat,TV Show,TV-PG,2018,2018-10-11
s4523,22 July,Movie,R,2018,2018-10-10
s4524,Blood Pact,TV Show,TV-MA,2018,2018-10-10
s4525,Tales From the Hood 2,Movie,R,2018,2018-10-10
s4526,Mo Amer: The Vagabond,Movie,TV-MA,2018,2018-10-09
s4527,Pulang,Movie,TV-14,2018,2018-10-08
s4528,Sofia the First,TV Show,TV-Y,2017,2018-10-08
s4529,Seven in Heaven,Movie,PG-13,2018,2018-10-06
s4530,Dancing Queen,TV Show,TV-14,2018,2018-10-05
s4531,Empire Games,TV Show,TV-14,2018,2018-10-05
s4532,LOST SONG,TV Show,TV-14,2018,2018-10-05
s4533,Malevolent,Movie,TV-MA,2018,2018-10-05
s4534,Private Life,Movie,R,2018,2018-10-05
s4535,Super Monsters Save Halloween,Movie,TV-Y,2018,2018-10-05
s4536,YG Future Strategy Office,TV Show,TV-MA,2018,2018-10-05
s4537,Violet Evergarden: Special,TV Show,TV-PG,2018,2018-10-04
s4538,The Black Prince,Movie,PG-13,2017,2018-10-03
s4539,Truth or Dare,Movie,TV-MA,2017,2018-10-03
s4540,Death Race: Beyond Anarchy,Movie,R,2017,2018-10-02
s4541,Eric ldle's What About Dick?,Movie,TV-MA,2012,2018-10-02
s4542,Joe Rogan: Strange Times,Movie,TV-MA,2018,2018-10-02
s4543,Monty Python Best Bits (mostly),TV Show,TV-MA,2014,2018-10-02
s4544,Monty Python Conquers America,Movie,TV-MA,2008,2018-10-02
s4545,"Monty Python Live (Mostly): One Down, Five to Go",Movie,TV-MA,2014,2018-10-02
s4546,Monty Python: Before the Flying Circus,Movie,TV-MA,2000,2018-10-02
s4547,Monty Python: Live at Aspen,Movie,TV-MA,1998,2018-10-02
s4548,Monty Python: Live at The Hollywood Bowl,Movie,R,1982,2018-10-02
s4549,Monty Python: The Meaning of Live,Movie,TV-MA,2014,2018-10-02
s4550,Monty Python's Almost the Truth,TV Show,TV-MA,2009,2018-10-02
s4551,Monty Python's Fliegender Zirkus,TV Show,TV-MA,1972,2018-10-02
s4552,Monty Python's Flying Circus,TV Show,TV-14,1974,2018-10-02
s4553,Monty Python's Life of Brian,Movie,R,1979,2018-10-02
s4554,Monty Python's Personal Best,TV Show,TV-MA,2005,2018-10-02
s4555,Parrot Sketch Not Included: Twenty Years of Monty Python,Movie,TV-14,1989,2018-10-02
s4556,The Meaning of Monty Python,Movie,TV-MA,2013,2018-10-02
s4557,25 Kille,Movie,TV-14,2016,2018-10-01
s4558,A Witches' Ball,Movie,PG,2017,2018-10-01
s4559,Agyaat,Movie,TV-14,2009,2018-10-01
s4560,Anjaan,Movie,TV-14,2014,2018-10-01
s4561,Bathinda Express,Movie,TV-14,2016,2018-10-01
s4562,Delhi 6,Movie,TV-14,2009,2018-10-01
s4563,Dev.D,Movie,TV-MA,2009,2018-10-01
s4564,Dil Vil Pyaar Vyaar,Movie,TV-PG,2014,2018-10-01
s4565,Dushman,Movie,TV-14,2017,2018-10-01
s4566,Ek Main Aur Ekk Tu,Movie,TV-14,2012,2018-10-01
s4567,Freedom at Midnight,Movie,TV-MA,2018,2018-10-01
s4568,Haani,Movie,TV-14,2013,2018-10-01
s4569,Happy Go Lucky,Movie,TV-14,2014,2018-10-01
s4570,Harishchandrachi Factory,Movie,TV-PG,2009,2018-10-01
s4571,Hot Date,TV Show,TV-MA,2018,2018-10-01
s4572,Jagga Jasoos,Movie,TV-14,2017,2018-10-01
s4573,Jatt James Bond,Movie,TV-14,2014,2018-10-01
s4574,Jodhaa Akbar,Movie,TV-14,2008,2018-10-01
s4575,Judge Singh LLB,Movie,TV-PG,2015,2018-10-01
s4576,Kaminey,Movie,TV-14,2009,2018-10-01
s4577,Khido Khundi,Movie,TV-14,2018,2018-10-01
s4578,Khoobsurat,Movie,TV-14,2014,2018-10-01
s4579,Kisaan,Movie,TV-14,2009,2018-10-01
s4580,Kismat Konnection,Movie,TV-14,2008,2018-10-01
s4581,Kurbaan,Movie,TV-14,2009,2018-10-01
s4582,Lock,Movie,TV-14,2016,2018-10-01
s4583,Luv Shuv Tey Chicken Khurana,Movie,TV-14,2012,2018-10-01
s4584,"Main, Meri Patni Aur Woh",Movie,TV-PG,2005,2018-10-01
s4585,Manje Bistre,Movie,TV-14,2017,2018-10-01
s4586,Motor Mitraan Di,Movie,TV-PG,2016,2018-10-01
s4587,Mugamoodi,Movie,TV-14,2012,2018-10-01
s4588,Muran,Movie,TV-14,2011,2018-10-01
s4589,My Friend Pinto,Movie,TV-14,2011,2018-10-01
s4590,My Little Pony Equestria Girls: Forgotten Friendship,Movie,TV-Y,2018,2018-10-01
s4591,My Little Pony Equestria Girls: Rollercoaster of Friendship,Movie,TV-Y,2018,2018-10-01
s4592,My Suicide,Movie,TV-MA,2009,2018-10-01
s4593,Naan Sigappu Manithan,Movie,TV-14,2014,2018-10-01
s4594,Nasha,Movie,TV-14,2013,2018-10-01
s4595,Naughty Jatts,Movie,TV-PG,2013,2018-10-01
s4596,Needhi Singh,Movie,TV-14,2016,2018-10-01
s4597,Peace Haven,Movie,TV-14,2016,2018-10-01
s4598,Phantom,Movie,TV-14,2015,2018-10-01
s4599,Pizza,Movie,TV-14,2014,2018-10-01
s4600,Pooja Kiven Aa,Movie,TV-PG,2013,2018-10-01
s4601,Race,Movie,TV-14,2008,2018-10-01
s4602,Race 2,Movie,TV-14,2013,2018-10-01
s4603,Saadey CM Saab,Movie,TV-PG,2015,2018-10-01
s4604,Sat Shri Akaal England,Movie,TV-14,2017,2018-10-01
s4605,Strong,TV Show,TV-14,2016,2018-10-01
s4606,Thaandavam,Movie,TV-14,2012,2018-10-01
s4607,The Birth Reborn,Movie,TV-MA,2018,2018-10-01
s4608,Theeya Velai Seyyanum Kumaru,Movie,TV-PG,2013,2018-10-01
s4609,Three Wives One Husband,TV Show,TV-14,2018,2018-10-01
s4610,Tiger,Movie,TV-14,2016,2018-10-01
s4611,Udaan,Movie,TV-MA,2010,2018-10-01
s4612,Vettai,Movie,TV-14,2012,2018-10-01
s4613,Wake Up Sid,Movie,TV-14,2009,2018-10-01
s4614,We Are Family,Movie,TV-14,2010,2018-10-01
s4615,What the Jatt!!,Movie,TV-PG,2015,2018-10-01
s4616,Zindagi Kitni Haseen Hay,Movie,TV-14,2016,2018-10-01
s4617,Big Miracle,Movie,PG,2012,2018-09-30
s4618,Paradise Lost,Movie,TV-MA,2018,2018-09-29
s4619,Animal World,Movie,TV-MA,2018,2018-09-28
s4620,Hold the Dark,Movie,TV-MA,2018,2018-09-28
s4621,Lessons from a School Shooting: Notes from Dunblane,Movie,TV-14,2018,2018-09-28
s4622,Made in Mexico,TV Show,TV-MA,2018,2018-09-28
s4623,Reboot: The Guardian Code,TV Show,TV-Y7,2018,2018-09-28
s4624,Skylanders Academy,TV Show,TV-Y7,2018,2018-09-28
s4625,The 3rd Eye,Movie,TV-MA,2018,2018-09-28
s4626,Two Catalonias,Movie,TV-MA,2018,2018-09-28
s4627,In Darkness,Movie,TV-MA,2018,2018-09-22
s4628,Battlefish,TV Show,TV-MA,2018,2018-09-21
s4629,DRAGON PILOT: Hisone & Masotan,TV Show,TV-14,2018,2018-09-21
s4630,Maniac,TV Show,TV-MA,2018,2018-09-21
s4631,Quincy,Movie,TV-MA,2018,2018-09-21
s4632,Rafinha Bastos: Ultimatum,Movie,TV-MA,2018,2018-09-21
s4633,The Good Cop,TV Show,TV-14,2018,2018-09-21
s4634,Mobile Suit Gundam UC,TV Show,TV-PG,2014,2018-09-20
s4635,Transformers: Rescue Bots,TV Show,TV-Y7,2016,2018-09-19
s4636,Al Hayba,TV Show,TV-14,2017,2018-09-15
s4637,American Vandal,TV Show,TV-MA,2018,2018-09-14
s4638,Boca Juniors Confidential,TV Show,TV-PG,2018,2018-09-14
s4639,Ingobernable,TV Show,TV-MA,2018,2018-09-14
s4640,Norm Macdonald Has a Show,TV Show,TV-MA,2018,2018-09-14
s4641,Super Monsters Monster Party,TV Show,TV-Y,2018,2018-09-14
s4642,The Angel,Movie,TV-MA,2018,2018-09-14
s4643,The Land of Steady Habits,Movie,TV-MA,2018,2018-09-14
s4644,The Rise of Phoenixes,TV Show,TV-14,2018,2018-09-14
s4645,Reversing Roe,Movie,TV-14,2018,2018-09-13
s4646,Life,TV Show,TV-MA,2018,2018-09-12
s4647,On My Skin,Movie,TV-MA,2018,2018-09-12
s4648,Daniel Sloss: Live Shows,TV Show,TV-MA,2018,2018-09-11
s4649,If I were an Animal,TV Show,TV-G,2018,2018-09-11
s4650,The Resistance Banker,Movie,TV-MA,2018,2018-09-11
s4651,Show Me the Money,TV Show,TV-14,2004,2018-09-09
s4652,Transformers Prime,TV Show,TV-Y7,2013,2018-09-08
s4653,Transformers: Robots in Disguise,TV Show,TV-Y7,2016,2018-09-08
s4654,City of Joy,Movie,TV-MA,2018,2018-09-07
s4655,First and Last,TV Show,TV-MA,2018,2018-09-07
s4656,Marvel's Iron Fist,TV Show,TV-MA,2018,2018-09-07
s4657,Next Gen,Movie,TV-PG,2018,2018-09-07
s4658,Sierra Burgess Is A Loser,Movie,PG-13,2018,2018-09-07
s4659,Stretch Armstrong & the Flex Fighters,TV Show,TV-Y7,2018,2018-09-07
s4660,The Most Assassinated Woman in the World,Movie,TV-MA,2018,2018-09-07
s4661,PK,Movie,TV-14,2014,2018-09-06
s4662,The Debt Collector,Movie,TV-MA,2018,2018-09-03
s4663,Monkey Twins,TV Show,TV-MA,2018,2018-09-02
s4664,Quantico,TV Show,TV-14,2018,2018-09-02
s4665,Age of Rebellion,TV Show,TV-MA,2018,2018-09-01
s4666,Carbon,Movie,TV-MA,2017,2018-09-01
s4667,Garbage,Movie,TV-MA,2018,2018-09-01
s4668,​​Kuch Bheege Alfaaz,Movie,TV-14,2018,2018-09-01
s4669,Love and Shukla,Movie,TV-MA,2017,2018-09-01
s4670,Once Again,Movie,TV-PG,2018,2018-09-01
s4671,Sisters,TV Show,TV-MA,2018,2018-09-01
s4672,Sparring,Movie,TV-MA,2017,2018-09-01
s4673,Cathedral of the Sea,TV Show,TV-MA,2017,2018-08-31
s4674,Inside the Criminal Mind,TV Show,TV-MA,2018,2018-08-31
s4675,The Comedy Lineup,TV Show,TV-MA,2018,2018-08-31
s4676,The Laws of Thermodynamics,Movie,TV-MA,2018,2018-08-31
s4677,Ultimate Beastmaster,TV Show,TV-PG,2018,2018-08-31
s4678,Ultimate Beastmaster México,TV Show,TV-PG,2018,2018-08-31
s4679,Undercover Law,TV Show,TV-MA,2017,2018-08-31
s4680,Naam Shabana,Movie,TV-14,2017,2018-08-28
s4681,Qarib Qarib Singlle,Movie,TV-14,2017,2018-08-28
s4682,Spyder,Movie,TV-14,2017,2018-08-28
s4683,Chicken Soup for the Soul's Being Dad,TV Show,TV-MA,2018,2018-08-27
s4684,Maria Bamford: The Special Special Special,Movie,TV-MA,2012,2018-08-25
s4685,Bert Kreischer: Secret Time,Movie,TV-MA,2018,2018-08-24
s4686,GHOUL,TV Show,TV-MA,2018,2018-08-24
s4687,One Last Shot,Movie,TV-MA,1998,2018-08-24
s4688,Take My Brother Away,TV Show,TV-14,2018,2018-08-24
s4689,The After Party,Movie,TV-MA,2018,2018-08-24
s4690,The Innocents,TV Show,TV-MA,2018,2018-08-24
s4691,Bareilly Ki Barfi,Movie,TV-14,2017,2018-08-21
s4692,Mersal,Movie,TV-14,2017,2018-08-21
s4693,Mom,Movie,TV-14,2017,2018-08-21
s4694,Pad Man,Movie,PG-13,2018,2018-08-21
s4695,Toilet: Ek Prem Katha,Movie,TV-14,2017,2018-08-21
s4696,Party Monster: Scratching the Surface,Movie,TV-14,2018,2018-08-17
s4697,Stay Here,TV Show,TV-PG,2018,2018-08-17
s4698,The Motive,Movie,TV-MA,2017,2018-08-17
s4699,To All the Boys I’ve Loved Before,Movie,TV-14,2018,2018-08-17
s4700,Yoo Byung Jae: Discomfort Zone,Movie,TV-MA,2018,2018-08-17
s4701,Bhavesh Joshi Superhero,Movie,TV-14,2018,2018-08-16
s4702,For Here or to Go?,Movie,TV-MA,2015,2018-08-15
s4703,72 Dangerous Animals: Asia,TV Show,TV-14,2018,2018-08-10
s4704,Afflicted,TV Show,TV-MA,2018,2018-08-10
s4705,All About the Washingtons,TV Show,TV-PG,2018,2018-08-10
s4706,The Guernsey Literary and Potato Peel Pie Society,Movie,TV-PG,2018,2018-08-10
s4707,The Package,Movie,TV-MA,2018,2018-08-10
s4708,Zion,Movie,TV-PG,2018,2018-08-10
s4709,Perdida,Movie,TV-MA,2018,2018-08-09
s4710,The Originals,TV Show,TV-14,2018,2018-08-09
s4711,Pretty Man,TV Show,TV-14,2018,2018-08-08
s4712,On Children,TV Show,TV-14,2018,2018-08-05
s4713,2 States,Movie,TV-PG,2014,2018-08-04
s4714,Baaghi,Movie,TV-14,2016,2018-08-04
s4715,Brij Mohan Amar Rahe,Movie,TV-MA,2018,2018-08-04
s4716,Flavors of Youth: International Version,Movie,TV-PG,2018,2018-08-04
s4717,Cocaine Coast,TV Show,TV-MA,2018,2018-08-03
s4718,Dinotrux Supercharged,TV Show,TV-Y7,2018,2018-08-03
s4719,Like Father,Movie,TV-MA,2018,2018-08-03
s4720,7 Khoon Maaf,Movie,TV-MA,2011,2018-08-02
s4721,Chillar Party,Movie,TV-PG,2011,2018-08-02
s4722,Fashion,Movie,TV-MA,2008,2018-08-02
s4723,Fitoor,Movie,TV-14,2016,2018-08-02
s4724,Fiza,Movie,TV-14,2000,2018-08-02
s4725,Guzaarish,Movie,TV-14,2010,2018-08-02
s4726,Haider,Movie,TV-MA,2014,2018-08-02
s4727,Highway,Movie,TV-14,2014,2018-08-02
s4728,I Hate Luv Storys,Movie,TV-14,2010,2018-08-02
s4729,Joker,Movie,TV-PG,2012,2018-08-02
s4730,Main aurr Mrs. Khanna,Movie,TV-14,2009,2018-08-02
s4731,Mohenjo Daro,Movie,TV-14,2016,2018-08-02
s4732,Raajneeti,Movie,TV-14,2010,2018-08-02
s4733,Rang De Basanti,Movie,TV-14,2006,2018-08-02
s4734,Rowdy Rathore,Movie,TV-14,2012,2018-08-02
s4735,Tamasha,Movie,TV-14,2015,2018-08-02
s4736,Tere Naal Love Ho Gaya,Movie,TV-14,2012,2018-08-02
s4737,Thank You,Movie,TV-14,2011,2018-08-02
s4738,The Blue Umbrella,Movie,TV-PG,2005,2018-08-02
s4739,Becoming Champions,TV Show,TV-G,2018,2018-08-01
s4740,Being Napoleon,Movie,TV-MA,2018,2018-08-01
s4741,Invisible,Movie,TV-MA,2017,2018-08-01
s4742,Switched,TV Show,TV-MA,2018,2018-08-01
s4743,The Could’ve-Gone-All-the-Way Committee,TV Show,TV-14,2018,2018-08-01
s4744,A Very Secret Service,TV Show,TV-MA,2018,2018-07-30
s4745,SWORDGAI The Animation,TV Show,TV-MA,2018,2018-07-30
s4746,Da Kath & Kim Code,Movie,TV-PG,2005,2018-07-28
s4747,Kath & Kimderella,Movie,TV-14,2012,2018-07-28
s4748,Kath and Kim,TV Show,TV-MA,2007,2018-07-28
s4749,The Mansion,Movie,TV-MA,2017,2018-07-28
s4750,Coco y Raulito: Carrusel de ternura,Movie,TV-MA,2018,2018-07-27
s4751,El Chapo,TV Show,TV-MA,2018,2018-07-27
s4752,Extinction,Movie,TV-MA,2018,2018-07-27
s4753,Smoking,TV Show,TV-MA,2018,2018-07-27
s4754,The Bleeding Edge,Movie,TV-14,2018,2018-07-27
s4755,Welcome to the Family,TV Show,TV-MA,2018,2018-07-27
s4756,Parmanu: The Story of Pokhran,Movie,TV-PG,2018,2018-07-25
s4757,Iliza Shlesinger: Elder Millennial,Movie,TV-MA,2018,2018-07-24
s4758,The Warning,Movie,TV-MA,2018,2018-07-24
s4759,Amazing Interiors,TV Show,TV-PG,2018,2018-07-20
s4760,Dark Tourist,TV Show,TV-MA,2018,2018-07-20
s4761,Duck Duck Goose,Movie,PG,2018,2018-07-20
s4762,Father of the Year,Movie,TV-MA,2018,2018-07-20
s4763,Home: Adventures with Tip & Oh,TV Show,TV-Y7,2018,2018-07-20
s4764,Jimmy: The True Story of a True Idiot,TV Show,TV-MA,2018,2018-07-20
s4765,Luna Petunia: Return to Amazia,TV Show,TV-Y,2018,2018-07-20
s4766,Nothing to Lose,Movie,PG,2018,2018-07-20
s4767,El club de los buenos infieles,Movie,TV-MA,2018,2018-07-19
s4768,Camarón Revolution,TV Show,TV-14,2018,2018-07-18
s4769,Camarón: The Film,Movie,TV-14,2018,2018-07-18
s4770,GODZILLA City on the Edge of Battle,Movie,TV-14,2018,2018-07-18
s4771,Going for Gold,Movie,TV-G,2018,2018-07-15
s4772,The Joel McHale Show with Joel McHale,TV Show,TV-MA,2018,2018-07-15
s4773,Meteor Garden,TV Show,TV-14,2018,2018-07-14
s4774,How It Ends,Movie,TV-MA,2018,2018-07-13
s4775,Jim Jefferies: This Is Me Now,Movie,TV-MA,2018,2018-07-13
s4776,Romina,Movie,TV-MA,2018,2018-07-13
s4777,Mossad 101,TV Show,TV-MA,2017,2018-07-11
s4778,Baby Ballroom,TV Show,TV-MA,2018,2018-07-10
s4779,Drug Lords,TV Show,TV-MA,2018,2018-07-10
s4780,Mr. Sunshine,TV Show,TV-MA,2018,2018-07-08
s4781,First Team: Juventus,TV Show,TV-PG,2018,2018-07-06
s4782,Luciano Mellera: Infantiloide,Movie,TV-14,2018,2018-07-06
s4783,The Legacy of a Whitetail Deer Hunter,Movie,TV-14,2018,2018-07-06
s4784,The Skin of the Wolf,Movie,TV-MA,2018,2018-07-06
s4785,White Fang,Movie,TV-PG,2018,2018-07-06
s4786,Sommore: Chandelier Status,Movie,TV-MA,2013,2018-07-04
s4787,Felipe Esparza: They're Not Going to Laugh at You,Movie,TV-MA,2012,2018-07-03
s4788,Joan Rivers: Don't Start with Me,Movie,TV-MA,2012,2018-07-03
s4789,Katt Williams: Kattpacalypse,Movie,TV-MA,2012,2018-07-03
s4790,King of Peking,Movie,TV-14,2018,2018-07-02
s4791,Anthony Kaun Hai?,Movie,TV-14,2006,2018-07-01
s4792,Bo Burnham: what.,Movie,TV-MA,2013,2018-07-01
s4793,Chalte Chalte,Movie,TV-14,2003,2018-07-01
s4794,Deewana Main Deewana,Movie,TV-14,2013,2018-07-01
s4795,Duck Butter,Movie,TV-MA,2018,2018-07-01
s4796,I Am Kalam,Movie,TV-PG,2010,2018-07-01
s4797,My Birthday Song,Movie,TV-14,2018,2018-07-01
s4798,Namastey London,Movie,TV-14,2007,2018-07-01
s4799,NCIS,TV Show,TV-14,2017,2018-07-01
s4800,Soul Robbers,Movie,TV-14,2015,2018-07-01
s4801,Tum Milo Toh Sahi,Movie,TV-14,2010,2018-07-01
s4802,What We Started,Movie,TV-MA,2017,2018-07-01
s4803,Zoo,Movie,TV-MA,2018,2018-07-01
s4804,Bill Burr: You People Are All the Same,Movie,TV-MA,2012,2018-06-30
s4805,Somewhere Between,TV Show,TV-14,2017,2018-06-30
s4806,The Maus,Movie,TV-MA,2017,2018-06-30
s4807,Calibre,Movie,TV-MA,2018,2018-06-29
s4808,Churchill’s Secret Agents: The New Recruits,TV Show,TV-MA,2018,2018-06-29
s4809,Jani Dueñas: Grandes fracasos de ayer y hoy,Movie,TV-MA,2018,2018-06-29
s4810,Kiss Me First,TV Show,TV-MA,2018,2018-06-29
s4811,Penalty Kick,Movie,TV-14,2018,2018-06-29
s4812,Recovery Boys,Movie,TV-MA,2018,2018-06-29
s4813,TAU,Movie,R,2018,2018-06-29
s4814,Hotel Transylvania,TV Show,TV-Y7,2017,2018-06-26
s4815,W. Kamau Bell: Private School Negro,Movie,TV-MA,2018,2018-06-26
s4816,Borges,TV Show,TV-MA,2018,2018-06-25
s4817,Expelled from Paradise,Movie,TV-MA,2014,2018-06-25
s4818,"To Each, Her Own",Movie,TV-MA,2018,2018-06-24
s4819,Life Sentence,TV Show,TV-14,2018,2018-06-23
s4820,Brain on Fire,Movie,PG-13,2016,2018-06-22
s4821,Derren Brown: Miracle,Movie,TV-MA,2018,2018-06-22
s4822,Marvel's Luke Cage,TV Show,TV-MA,2018,2018-06-22
s4823,Us and Them,Movie,TV-MA,2018,2018-06-22
s4824,Hannah Gadsby: Nanette,Movie,TV-MA,2018,2018-06-19
s4825,Club de Cuervos Presents: The Ballad of Hugo Sánchez,TV Show,TV-MA,2018,2018-06-18
s4826,Lust Stories,Movie,TV-MA,2018,2018-06-15
s4827,Maktub,Movie,TV-MA,2018,2018-06-15
s4828,Pacificum: Return to the Ocean,Movie,TV-G,2017,2018-06-15
s4829,Set It Up,Movie,TV-MA,2018,2018-06-15
s4830,Sunday's Illness,Movie,PG-13,2017,2018-06-15
s4831,The last hour,Movie,TV-MA,2017,2018-06-15
s4832,True: Magical Friends,TV Show,TV-Y,2018,2018-06-15
s4833,True: Wonderful Wishes,TV Show,TV-Y,2018,2018-06-15
s4834,Alex Strangelove,Movie,TV-MA,2018,2018-06-08
s4835,Ali's Wedding,Movie,TV-MA,2018,2018-06-08
s4836,Franco Escamilla: Por la anécdota,Movie,TV-MA,2018,2018-06-08
s4837,The Staircase,TV Show,TV-MA,2018,2018-06-08
s4838,The Night Shift,TV Show,TV-14,2017,2018-06-07
s4839,Dinosaur King,TV Show,TV-Y7,2008,2018-06-02
s4840,B.A. Pass 2,Movie,TV-14,2017,2018-06-01
s4841,Bad Genius,Movie,TV-MA,2017,2018-06-01
s4842,November 13: Attack on Paris,TV Show,TV-MA,2018,2018-06-01
s4843,Outside In,Movie,TV-MA,2018,2018-06-01
s4844,Pedal the World,Movie,TV-MA,2015,2018-06-01
s4845,Unbreakable Kimmy Schmidt,TV Show,TV-14,2019,2018-05-30
s4846,Arrested Development,TV Show,TV-MA,2019,2018-05-29
s4847,The Break with Michelle Wolf,TV Show,TV-MA,2018,2018-05-27
s4848,Sara's Notebook,Movie,TV-MA,2018,2018-05-26
s4849,Something in the Rain,TV Show,TV-MA,2018,2018-05-26
s4850,Fernando Sanjiao: Hombre,Movie,TV-MA,2018,2018-05-25
s4851,Ibiza,Movie,TV-MA,2018,2018-05-25
s4852,Steve Martin and Martin Short: An Evening You Will Forget for the Rest of Your Life,Movie,TV-14,2018,2018-05-25
s4853,Trollhunters,TV Show,TV-Y7,2018,2018-05-25
s4854,Mob Psycho 100,TV Show,TV-MA,2018,2018-05-22
s4855,Tig Notaro Happy To Be Here,Movie,TV-14,2018,2018-05-22
s4856,Catching Feelings,Movie,TV-MA,2018,2018-05-18
s4857,Dance & Sing with True,TV Show,TV-Y,2018,2018-05-18
s4858,Inspector Gadget,TV Show,TV-Y7,2017,2018-05-18
s4859,Katt Williams: American Hustle (The Movie),Movie,TV-MA,2007,2018-05-17
s4860,Food on the Go,Movie,TV-MA,2017,2018-05-16
s4861,Aiyaary,Movie,TV-MA,2018,2018-05-15
s4862,Lupin the 3rd: The Castle of Cagliostro: Special Edition,Movie,PG-13,1979,2018-05-15
s4863,Saint Seiya: The Lost Canvas,TV Show,TV-MA,2009,2018-05-15
s4864,Ali Wong: Hard Knock Wife,Movie,TV-MA,2018,2018-05-13
s4865,Spivak,Movie,TV-MA,2017,2018-05-12
s4866,Bill Nye Saves the World,TV Show,TV-14,2018,2018-05-11
s4867,Carlos Ballarta: Furia Ñera,Movie,TV-MA,2018,2018-05-11
s4868,Evil Genius,TV Show,TV-MA,2018,2018-05-11
s4869,The Kissing Booth,Movie,TV-14,2018,2018-05-11
s4870,The Who Was? Show,TV Show,TV-PG,2018,2018-05-11
s4871,Hari Kondabolu: Warn Your Relatives,Movie,TV-MA,2018,2018-05-08
s4872,My Fuhrer,Movie,TV-14,2007,2018-05-07
s4873,Family Blood,Movie,TV-MA,2018,2018-05-05
s4874,Pup Star: World Tour,Movie,G,2018,2018-05-05
s4875,A Little Help with Carol Burnett,TV Show,TV-G,2018,2018-05-04
s4876,Anon,Movie,TV-MA,2018,2018-05-04
s4877,Dany Boon: Des Hauts De France,Movie,TV-MA,2018,2018-05-04
s4878,End Game,Movie,TV-PG,2018,2018-05-04
s4879,Forgive Us Our Debts,Movie,TV-MA,2018,2018-05-04
s4880,Kong: King of the Apes,TV Show,TV-Y7,2018,2018-05-04
s4881,Lo más sencillo es complicarlo todo,Movie,TV-14,2018,2018-05-04
s4882,Manhunt,Movie,TV-MA,2017,2018-05-04
s4883,Thi Mai,Movie,TV-MA,2017,2018-05-04
s4884,Si saben cómo me pongo ¿pá qué me invitan?,Movie,TV-MA,2018,2018-05-03
s4885,Jailbreak,Movie,TV-MA,2017,2018-05-02
s4886,Ajji,Movie,TV-MA,2017,2018-05-01
s4887,CIA: Comrade in America,Movie,TV-14,2017,2018-05-01
s4888,Coffee for All,Movie,TV-PG,2017,2018-05-01
s4889,Darc,Movie,TV-MA,2018,2018-05-01
s4890,Despido Procedente,Movie,TV-MA,2017,2018-05-01
s4891,John Mulaney: Kid Gorgeous at Radio City,Movie,TV-MA,2018,2018-05-01
s4892,My Perfect Romance,Movie,PG,2018,2018-05-01
s4893,Pocoyo & Cars,Movie,TV-Y,2015,2018-05-01
s4894,Pocoyo & The Space Circus,Movie,TV-Y,2008,2018-05-01
s4895,Pocoyo Carnival,Movie,TV-Y,2015,2018-05-01
s4896,Pocoyo Halloween: Space Halloween,Movie,TV-Y,2015,2018-05-01
s4897,Pocoyo Halloween: Spooky Movies,Movie,TV-Y,2014,2018-05-01
s4898,Pocoyo Special Sports,Movie,TV-Y,2016,2018-05-01
s4899,Simon,TV Show,TV-Y,2016,2018-05-01
s4900,Sometimes,Movie,TV-14,2016,2018-05-01
s4901,Spiritual House,TV Show,TV-PG,2017,2018-05-01
s4902,The Clapper,Movie,R,2017,2018-05-01
s4903,Toc Toc,Movie,TV-MA,2017,2018-05-01
s4904,Black Crows,TV Show,TV-14,2017,2018-04-30
s4905,Running Shaadi,Movie,TV-14,2017,2018-04-30
s4906,The Price of Success,Movie,TV-MA,2017,2018-04-30
s4907,Bobby Kennedy for President,TV Show,TV-MA,2018,2018-04-27
s4908,Candy Jar,Movie,TV-14,2018,2018-04-27
s4909,Goodnight DJ 1,TV Show,TV-14,2016,2018-04-27
s4910,Holy Goalie,Movie,TV-MA,2017,2018-04-27
s4911,Moving On,TV Show,TV-PG,2016,2018-04-27
s4912,The Rachel Divide,Movie,TV-MA,2018,2018-04-27
s4913,The Week Of,Movie,TV-14,2018,2018-04-27
s4914,Trio and a Bed,TV Show,TV-PG,2016,2018-04-27
s4915,海的儿子,TV Show,TV-14,2016,2018-04-27
s4916,Enissa Amani: Ehrenwort,Movie,TV-MA,2018,2018-04-26
s4917,Bill Nye: Science Guy,Movie,TV-PG,2017,2018-04-25
s4918,Fishtronaut: The Movie,Movie,TV-Y,2018,2018-04-25
s4919,Psychokinesis,Movie,TV-MA,2018,2018-04-25
s4920,Kevin James: Never Don't Give Up,Movie,TV-PG,2018,2018-04-24
s4921,Dude,Movie,TV-MA,2018,2018-04-20
s4922,Kodachrome,Movie,TV-MA,2018,2018-04-20
s4923,Mercury 13,Movie,TV-PG,2018,2018-04-20
s4924,All The Reasons To Forget,Movie,TV-MA,2017,2018-04-19
s4925,Charité,TV Show,TV-MA,2017,2018-04-19
s4926,The Chalet,TV Show,TV-MA,2018,2018-04-17
s4927,The Honeymoon Stand Up Special,TV Show,TV-MA,2018,2018-04-17
s4928,Beyond Skyline,Movie,R,2017,2018-04-15
s4929,Come Sunday,Movie,TV-14,2018,2018-04-13
s4930,I Am not an Easy Man,Movie,TV-MA,2018,2018-04-13
s4931,The Magic School Bus Rides Again,TV Show,TV-Y,2018,2018-04-13
s4932,Pickpockets,Movie,TV-MA,2017,2018-04-12
s4933,Greg Davies: You Magnificent Beast,Movie,TV-MA,2018,2018-04-10
s4934,AMO,TV Show,TV-MA,2017,2018-04-09
s4935,6 Balloons,Movie,TV-MA,2018,2018-04-06
s4936,Amateur,Movie,TV-MA,2018,2018-04-06
s4937,Orbiter 9,Movie,TV-14,2017,2018-04-06
s4938,"Ram Dass, Going Home",Movie,TV-14,2018,2018-04-06
s4939,Seth Rogen's Hilarity for Charity,Movie,TV-MA,2018,2018-04-06
s4940,Sun Dogs,Movie,TV-MA,2017,2018-04-06
s4941,Todo lo que sería Lucas Lauriente,Movie,TV-MA,2018,2018-04-06
s4942,Troy,TV Show,TV-MA,2018,2018-04-06
s4943,Wakfu,TV Show,TV-PG,2017,2018-04-06
s4944,Day of the Dead: Bloodline,Movie,R,2018,2018-04-05
s4945,Fary Is the New Black,Movie,TV-MA,2018,2018-04-03
s4946,Ittefaq,Movie,TV-MA,2017,2018-04-03
s4947,Star Trek: The Next Generation,TV Show,TV-PG,1993,2018-04-02
s4948,A Sort of Family,Movie,TV-14,2017,2018-04-01
s4949,Billu,Movie,TV-PG,2009,2018-04-01
s4950,Fallet,TV Show,TV-MA,2017,2018-04-01
s4951,John Mulaney: New in Town,Movie,TV-MA,2012,2018-04-01
s4952,Loaded,TV Show,TV-MA,2017,2018-04-01
s4953,Main Hoon Na,Movie,TV-14,2004,2018-04-01
s4954,Metro,Movie,TV-14,2016,2018-04-01
s4955,Om Shanti Om,Movie,TV-14,2007,2018-04-01
s4956,Paheli,Movie,TV-PG,2005,2018-04-01
s4957,Phir Bhi Dil Hai Hindustani,Movie,TV-14,2000,2018-04-01
s4958,Doctor Foster,TV Show,TV-MA,2017,2018-03-31
s4959,Revolt,Movie,R,2017,2018-03-31
s4960,First Match,Movie,TV-MA,2018,2018-03-30
s4961,Happy Anniversary,Movie,TV-MA,2018,2018-03-30
s4962,Rapture,TV Show,TV-MA,2018,2018-03-30
s4963,Sofía Niño de Rivera: Selección Natural,Movie,TV-MA,2018,2018-03-30
s4964,The Titan,Movie,TV-MA,2018,2018-03-30
s4965,Trailer Park Boys,TV Show,TV-MA,2018,2018-03-30
s4966,Trailer Park Boys: Countdown to Liquor Day,Movie,R,2009,2018-03-30
s4967,Trailer Park Boys: The Movie,Movie,R,2006,2018-03-30
s4968,Trump: An American Dream,TV Show,TV-14,2018,2018-03-30
s4969,James Acaster: Repertoire,TV Show,TV-14,2018,2018-03-27
s4970,Birdshot,Movie,TV-MA,2016,2018-03-26
s4971,"Game Over, Man!",Movie,TV-MA,2018,2018-03-23
s4972,Layla M.,Movie,TV-MA,2016,2018-03-23
s4973,Paradox,Movie,TV-MA,2018,2018-03-23
s4974,Requiem,TV Show,TV-MA,2018,2018-03-23
s4975,Roxanne Roxanne,Movie,TV-MA,2018,2018-03-23
s4976,Secret Superstar,Movie,TV-14,2017,2018-03-23
s4977,The Standups,TV Show,TV-MA,2018,2018-03-20
s4978,Benji,Movie,TV-PG,2018,2018-03-16
s4979,Edha,TV Show,TV-MA,2018,2018-03-16
s4980,Take Your Pills,Movie,TV-14,2018,2018-03-16
s4981,Wild Wild Country,TV Show,TV-MA,2018,2018-03-16
s4982,Yoo Byung Jae: Too Much Information,Movie,TV-MA,2018,2018-03-16
s4983,In This Corner of the World,Movie,PG-13,2016,2018-03-15
s4984,Jag älskar dig: En skilsmässokomedi,Movie,TV-MA,2016,2018-03-15
s4985,Secret of the Nile,TV Show,TV-14,2016,2018-03-15
s4986,Tabula Rasa,TV Show,TV-MA,2017,2018-03-15
s4987,The Art of Loving,Movie,TV-MA,2017,2018-03-15
s4988,Steel Rain,Movie,TV-MA,2018,2018-03-14
s4989,Children of the Whales,TV Show,TV-14,2017,2018-03-13
s4990,Ricky Gervais: Humanity,Movie,TV-MA,2018,2018-03-13
s4991,Stretch Armstrong: The Breakout,Movie,TV-Y7,2018,2018-03-13
s4992,A.I.C.O.,TV Show,TV-14,2018,2018-03-09
s4993,Collateral,TV Show,TV-MA,2018,2018-03-09
s4994,The Outsider,Movie,TV-MA,2018,2018-03-09
s4995,Bad Guys: Vile City,TV Show,TV-MA,2018,2018-03-08
s4996,Ladies First,Movie,TV-G,2018,2018-03-08
s4997,Bullet Head,Movie,R,2017,2018-03-07
s4998,Borderliner,TV Show,TV-MA,2017,2018-03-06
s4999,Gad Elmaleh: American Dream,Movie,TV-14,2018,2018-03-06
s5000,Expedition China,Movie,TV-G,2017,2018-03-04
s5001,Flint Town,TV Show,TV-MA,2018,2018-03-02
s5002,Malena Pichot: Estupidez compleja,Movie,TV-MA,2018,2018-03-02
s5003,Natalia Valdebenito: El especial,Movie,TV-MA,2018,2018-03-02
s5004,Ravenous,Movie,TV-MA,2017,2018-03-02
s5005,21 Thunder,TV Show,TV-MA,2017,2018-03-01
s5006,Adel Karam: Live from Beirut,Movie,TV-MA,2018,2018-03-01
s5007,Battle Drone,Movie,TV-MA,2018,2018-03-01
s5008,Dil Se,Movie,TV-14,1998,2018-03-01
s5009,Guru,Movie,TV-PG,2007,2018-03-01
s5010,Judwaa 2,Movie,TV-14,2017,2018-03-01
s5011,Love Beats Rhymes,Movie,R,2016,2018-03-01
s5012,Schubert In Love,Movie,TV-14,2016,2018-03-01
s5013,Shubh Aarambh,Movie,TV-PG,2017,2018-03-01
s5014,Something Huge,Movie,TV-MA,2017,2018-03-01
s5015,Swades,Movie,TV-PG,2004,2018-03-01
s5016,Swearnet Live,Movie,TV-MA,2014,2018-03-01
s5017,Trailer Park Boys Live at the North Pole,Movie,TV-MA,2014,2018-03-01
s5018,Trailer Park Boys Live In F**kin' Dublin,Movie,TV-MA,2014,2018-03-01
s5019,Trailer Park Boys: Say Goodnight to the Bad Guys,Movie,TV-MA,2008,2018-03-01
s5020,Trailer Park Boys: Xmas Special,Movie,TV-MA,2004,2018-03-01
s5021,Tu Hai Mera Sunday,Movie,TV-14,2016,2018-03-01
s5022,Yuva,Movie,TV-14,2004,2018-03-01
s5023,반드시 잡는다,Movie,TV-MA,2017,2018-02-28
s5024,Derren Brown: The Push,Movie,TV-MA,2018,2018-02-27
s5025,Marlon Wayans: Woke-ish,Movie,TV-MA,2018,2018-02-27
s5026,Veronica,Movie,TV-MA,2017,2018-02-25
s5027,Best Lover,TV Show,TV-14,2016,2018-02-23
s5028,Marseille,TV Show,TV-MA,2018,2018-02-23
s5029,Mute,Movie,TV-MA,2018,2018-02-23
s5030,Seven Seconds,TV Show,TV-MA,2018,2018-02-23
s5031,Hitler's Circle of Evil,TV Show,TV-14,2017,2018-02-22
s5032,Forgotten,Movie,TV-MA,2017,2018-02-21
s5033,The Frankenstein Chronicles,TV Show,TV-MA,2017,2018-02-20
s5034,FullMetal Alchemist,Movie,TV-PG,2017,2018-02-19
s5035,Agustín Aristarán: Soy Rada,Movie,TV-MA,2018,2018-02-16
s5036,Dragons: Race to the Edge,TV Show,TV-Y7,2018,2018-02-16
s5037,Everything Sucks!,TV Show,TV-14,2018,2018-02-16
s5038,Irreplaceable You,Movie,TV-MA,2018,2018-02-16
s5039,Re:Mind,TV Show,TV-MA,2017,2018-02-15
s5040,Chris Rock: Tamborine,Movie,TV-MA,2018,2018-02-14
s5041,Love Per Square Foot,Movie,TV-14,2018,2018-02-14
s5042,Seeing Allred,Movie,TV-14,2018,2018-02-09
s5043,The Ritual,Movie,TV-MA,2018,2018-02-09
s5044,The Trader (Sovdagari),Movie,TV-PG,2018,2018-02-09
s5045,When We First Met,Movie,TV-14,2018,2018-02-09
s5046,Fred Armisen: Standup For Drummers,Movie,TV-PG,2018,2018-02-06
s5047,Valor,TV Show,TV-14,2017,2018-02-06
s5048,The Cloverfield Paradox,Movie,PG-13,2018,2018-02-05
s5049,Coach Snoop,TV Show,TV-MA,2018,2018-02-02
s5050,Kavin Jay: Everybody Calm Down!,Movie,TV-MA,2018,2018-02-02
s5051,On Body and Soul,Movie,TV-MA,2017,2018-02-02
s5052,The Bros,Movie,TV-14,2017,2018-02-02
s5053,Liberated: The New Sexual Revolution,Movie,TV-MA,2017,2018-02-01
s5054,Newness,Movie,TV-MA,2017,2018-02-01
s5055,Under Arrest,TV Show,TV-MA,2016,2018-02-01
s5056,Expedition Happiness,Movie,TV-PG,2017,2018-01-31
s5057,Jerry Seinfeld: I'm Telling You for the Last Time,Movie,TV-14,1998,2018-01-30
s5058,Retribution,TV Show,TV-MA,2016,2018-01-30
s5059,Holy Camp!,Movie,TV-MA,2017,2018-01-29
s5060,A Futile and Stupid Gesture,Movie,TV-MA,2018,2018-01-26
s5061,Fakkah Fuzz: Almost Banned,Movie,TV-MA,2018,2018-01-26
s5062,Mau Nieto: Viviendo sobrio… desde el bar,Movie,TV-MA,2018,2018-01-26
s5063,Sebastián Marcelo Wainraich,Movie,TV-MA,2018,2018-01-26
s5064,The Adventures of Puss in Boots,TV Show,TV-Y7,2018,2018-01-26
s5065,Acts of Vengeance,Movie,R,2017,2018-01-25
s5066,Prison Playbook,TV Show,TV-MA,2017,2018-01-24
s5067,Ricardo Quevedo: Hay gente así,Movie,TV-MA,2018,2018-01-24
s5068,Todd Glass: Act Happy,Movie,TV-MA,2018,2018-01-23
s5069,Countdown to Death: Pablo Escobar,Movie,TV-MA,2017,2018-01-22
s5070,The Shannara Chronicles,TV Show,TV-MA,2018,2018-01-22
s5071,Love and Hong Kong,TV Show,TV-PG,2017,2018-01-20
s5072,Harith Iskander: I Told You So,Movie,TV-14,2018,2018-01-19
s5073,Step Sisters,Movie,PG-13,2018,2018-01-19
s5074,The Open House,Movie,TV-MA,2018,2018-01-19
s5075,Bad Day for the Cut,Movie,TV-MA,2017,2018-01-18
s5076,Tiempos de guerra,TV Show,TV-MA,2017,2018-01-18
s5077,Arango y Sanint: Ríase el show,Movie,TV-MA,2018,2018-01-17
s5078,Godzilla,TV Show,TV-14,2017,2018-01-17
s5079,Katt Williams: Great America,Movie,TV-MA,2018,2018-01-16
s5080,Alibaba Aur 40 Chor,Movie,TV-14,1980,2018-01-15
s5081,Pyar Ke Do Pal,Movie,TV-14,1986,2018-01-15
s5082,Rip Tide,Movie,TV-PG,2017,2018-01-15
s5083,Disjointed,TV Show,TV-MA,2018,2018-01-12
s5084,Milada,Movie,TV-14,2017,2018-01-12
s5085,The Polka King,Movie,TV-14,2018,2018-01-12
s5086,The Reservoir Game,Movie,TV-MA,2017,2018-01-12
s5087,Tom Segura: Disgraceful,Movie,TV-MA,2018,2018-01-12
s5088,Alejandro Riaño: Especial de stand up,Movie,TV-MA,2018,2018-01-10
s5089,The House Next Door,Movie,TV-MA,2017,2018-01-09
s5090,Tundukkan Playboy Itu,TV Show,TV-PG,2016,2018-01-08
s5091,Episodes,TV Show,TV-MA,2017,2018-01-06
s5092,Before I Wake,Movie,PG-13,2016,2018-01-05
s5093,Devilman Crybaby,TV Show,TV-MA,2018,2018-01-05
s5094,Mustang Island,Movie,TV-14,2017,2018-01-02
s5095,Eve's Apple,Movie,TV-MA,2017,2018-01-01
s5096,Fullmetal Alchemist,TV Show,TV-14,2003,2018-01-01
s5097,Fullmetal Alchemist: Brotherhood,TV Show,TV-14,2010,2018-01-01
s5098,Lovesick,TV Show,TV-MA,2018,2018-01-01
s5099,Pokémon: Indigo League,TV Show,TV-Y7,2000,2018-01-01
s5100,The Frozen Dead,TV Show,TV-MA,2017,2018-01-01
s5101,Dave Chappelle: Equanimity & The Bird Revelation,TV Show,TV-MA,2017,2017-12-31
s5102,Fun Mom Dinner,Movie,R,2017,2017-12-31
s5103,Goon: Last of the Enforcers,Movie,R,2016,2017-12-30
s5104,La Mante,TV Show,TV-MA,2017,2017-12-29
s5105,The Climb,Movie,TV-14,2017,2017-12-29
s5106,Wadi,TV Show,TV-14,2015,2017-12-29
s5107,Bibi & Tina: Tohuwabohu Total,Movie,TV-14,2017,2017-12-27
s5108,Mr. Roosevelt,Movie,TV-MA,2017,2017-12-26
s5109,Todd Barry: Spicy Honey,Movie,TV-MA,2017,2017-12-26
s5110,Part-Time Idol,TV Show,TV-14,2017,2017-12-25
s5111,Creep 2,Movie,TV-MA,2017,2017-12-23
s5112,Myths & Monsters,TV Show,TV-PG,2017,2017-12-23
s5113,72 Dangerous Animals: Latin America,TV Show,TV-14,2017,2017-12-22
s5114,Bright,Movie,TV-MA,2017,2017-12-22
s5115,Desire,Movie,TV-MA,2017,2017-12-21
s5116,48 Christmas Wishes,Movie,TV-G,2017,2017-12-20
s5117,Jeremiah Tower: The Last Magnificent,Movie,R,2016,2017-12-20
s5118,Russell Howard: Recalibrate,Movie,TV-MA,2017,2017-12-19
s5119,The Indian Detective,TV Show,TV-14,2017,2017-12-19
s5120,"Hello, My Twenties!",TV Show,TV-MA,2017,2017-12-18
s5121,Cheuk Wan-Chi: Two Night Stand,TV Show,TV-MA,2015,2017-12-15
s5122,Christmas Inheritance,Movie,TV-G,2017,2017-12-15
s5123,Muramba,Movie,TV-MA,2017,2017-12-15
s5124,Pottersville,Movie,PG-13,2017,2017-12-15
s5125,Seoul Searching,Movie,TV-MA,2015,2017-12-15
s5126,Wormwood,TV Show,TV-14,2017,2017-12-15
s5127,Halt and Catch Fire,TV Show,TV-14,2017,2017-12-14
s5128,Judd Apatow: The Return,Movie,TV-MA,2017,2017-12-12
s5129,Dawai Asmara,TV Show,TV-14,2016,2017-12-11
s5130,El Camino Christmas,Movie,TV-MA,2017,2017-12-08
s5131,Jaal,Movie,TV-14,1986,2017-12-08
s5132,Shikari,Movie,TV-14,1991,2017-12-08
s5133,The Secret,Movie,TV-14,2006,2017-12-07
s5134,Trolls Holiday Special,Movie,TV-Y7,2017,2017-12-06
s5135,Craig Ferguson: Tickle Fight,Movie,TV-MA,2017,2017-12-05
s5136,Jab Harry Met Sejal,Movie,TV-MA,2017,2017-12-02
s5137,Temple,Movie,TV-MA,2017,2017-12-02
s5138,A StoryBots Christmas,Movie,TV-Y,2017,2017-12-01
s5139,All Hail King Julien,TV Show,TV-Y7,2017,2017-12-01
s5140,Dhia Sofea,TV Show,TV-14,2015,2017-12-01
s5141,DreamWorks Home: For the Holidays,Movie,TV-Y,2017,2017-12-01
s5142,Kantaro: The Sweet Tooth Salaryman,TV Show,TV-PG,2017,2017-12-01
s5143,Monster Island,Movie,TV-Y7,2017,2017-12-01
s5144,My Happy Family,Movie,TV-14,2017,2017-12-01
s5145,Oggy and the Cockroaches,TV Show,TV-Y7,2017,2017-12-01
s5146,Padamu Aku Bersujud,TV Show,TV-14,2015,2017-12-01
s5147,The Worthy,Movie,TV-MA,2016,2017-12-01
s5148,TURN: Washington's Spies,TV Show,TV-14,2017,2017-12-01
s5149,Voyeur,Movie,TV-MA,2017,2017-12-01
s5150,Man Down,TV Show,TV-MA,2017,2017-11-30
s5151,Broadchurch,TV Show,TV-MA,2017,2017-11-27
s5152,Poster Boys,Movie,PG-13,2017,2017-11-27
s5153,Cuba and the Cameraman,Movie,TV-14,2017,2017-11-24
s5154,The Girl from the Song,Movie,TV-MA,2016,2017-11-24
s5155,The Many Faces of Ito,TV Show,TV-14,2017,2017-11-24
s5156,Trailer Park Boys: Out of the Park: USA,TV Show,TV-MA,2017,2017-11-24
s5157,Bright: The Music Videos,TV Show,TV-MA,2017,2017-11-23
s5158,Argon,TV Show,TV-MA,2017,2017-11-22
s5159,Barbra: The Music ... The Mem'ries ... The Magic!,Movie,TV-14,2017,2017-11-22
s5160,Godless,TV Show,TV-MA,2017,2017-11-22
s5161,Beat Bugs: All Together Now,Movie,TV-Y,2017,2017-11-21
s5162,Brian Regan: Nunchucks and Flamethrowers,Movie,TV-PG,2017,2017-11-21
s5163,Saving Capitalism,Movie,TV-PG,2017,2017-11-21
s5164,A Christmas Prince,Movie,TV-PG,2017,2017-11-17
s5165,"Jim & Andy: The Great Beyond - Featuring a Very Special, Contractually Obligated Mention of Tony Clifton",Movie,TV-MA,2017,2017-11-17
s5166,Longmire,TV Show,TV-MA,2017,2017-11-17
s5167,Luna Petunia,TV Show,TV-Y,2017,2017-11-17
s5168,Mudbound,Movie,R,2017,2017-11-17
s5169,Shot in the Dark,TV Show,TV-MA,2017,2017-11-17
s5170,The Irregular at Magic High School,TV Show,TV-14,2014,2017-11-15
s5171,The Method,TV Show,TV-MA,2015,2017-11-15
s5172,DeRay Davis: How to Act Black,Movie,TV-MA,2017,2017-11-14
s5173,Bon Cop Bad Cop 2,Movie,TV-MA,2017,2017-11-11
s5174,Blazing Transfer Students,TV Show,TV-MA,2017,2017-11-10
s5175,Glitter Force Doki Doki,TV Show,TV-Y7,2017,2017-11-10
s5176,Lady Dynamite,TV Show,TV-MA,2017,2017-11-10
s5177,Mea Culpa,Movie,TV-MA,2017,2017-11-10
s5178,The Killer,Movie,TV-MA,2017,2017-11-10
s5179,Fate/Apocrypha,TV Show,TV-MA,2017,2017-11-07
s5180,Jerry Seinfeld: Comedian,Movie,R,2002,2017-11-07
s5181,Project Mc²,TV Show,TV-G,2017,2017-11-07
s5182,The Journey Is the Destination,Movie,R,2016,2017-11-07
s5183,Let It Fall: Los Angeles 1982-1992,Movie,TV-MA,2017,2017-11-06
s5184,Mubarakan,Movie,PG-13,2017,2017-11-05
s5185,Akulah Balqis,TV Show,TV-14,2015,2017-11-03
s5186,Alias Grace,TV Show,TV-MA,2017,2017-11-03
s5187,Bandie,Movie,TV-PG,1978,2017-11-01
s5188,Getaway Plan,Movie,TV-MA,2016,2017-11-01
s5189,Hajwala: The Missing Engine,Movie,TV-PG,2016,2017-11-01
s5190,Pettersson and Findus 2,Movie,TV-G,2016,2017-11-01
s5191,The Bittersweet,Movie,TV-MA,2017,2017-11-01
s5192,The Family Court,TV Show,TV-MA,2010,2017-11-01
s5193,The Golden Path,TV Show,TV-MA,2007,2017-11-01
s5194,The Little Nyonya,TV Show,TV-14,2009,2017-11-01
s5195,The Truth,TV Show,TV-14,2008,2017-11-01
s5196,Together,TV Show,TV-14,2009,2017-11-01
s5197,Judah Friedlander: America Is the Greatest Country in the United States,Movie,TV-MA,2017,2017-10-31
s5198,The B-Side: Elsa Dorfman's Portrait Photography,Movie,R,2016,2017-10-31
s5199,SPF-18,Movie,PG-13,2017,2017-10-30
s5200,Pup Star: Better 2Gether,Movie,PG,2017,2017-10-28
s5201,Beyond Stranger Things,TV Show,TV-14,2017,2017-10-27
s5202,Joan Didion: The Center Will Not Hold,Movie,TV-14,2017,2017-10-27
s5203,Strange Weather,Movie,R,2016,2017-10-26
s5204,The Hateful Eight,Movie,R,2015,2017-10-25
s5205,Jack Whitehall: At Large,Movie,TV-MA,2017,2017-10-24
s5206,The Mist,TV Show,TV-MA,2017,2017-10-24
s5207,W1A,TV Show,TV-MA,2017,2017-10-24
s5208,1922,Movie,TV-MA,2017,2017-10-20
s5209,Haters Back Off,TV Show,TV-PG,2017,2017-10-20
s5210,One of Us,Movie,TV-14,2017,2017-10-20
s5211,The Day I Met El Chapo,TV Show,TV-MA,2017,2017-10-20
s5212,Wheelman,Movie,TV-MA,2017,2017-10-20
s5213,Wedding Unplanned,Movie,TV-MA,2017,2017-10-19
s5214,Patton Oswalt: Annihilation,Movie,TV-MA,2017,2017-10-17
s5215,Baadshaho,Movie,TV-14,2017,2017-10-16
s5216,In Laws,TV Show,TV-PG,2016,2017-10-16
s5217,Laws of Attraction,TV Show,TV-14,2012,2017-10-16
s5218,Lucknow Central,Movie,TV-14,2017,2017-10-16
s5219,Belief: The Possession of Janet Moses,Movie,TV-MA,2015,2017-10-15
s5220,Seven and Me,TV Show,TV-Y,2017,2017-10-15
s5221,Singapore,Movie,TV-PG,1960,2017-10-15
s5222,West Coast Customs,TV Show,TV-G,2015,2017-10-15
s5223,Blessed Benefit,Movie,TV-14,2016,2017-10-13
s5224,Clair Obscur,Movie,TV-MA,2016,2017-10-13
s5225,"El Especial de Alex Fernández, el Especial",Movie,TV-MA,2017,2017-10-13
s5226,Kingdom of Us,Movie,TV-MA,2017,2017-10-13
s5227,The Babysitter,Movie,TV-MA,2017,2017-10-13
s5228,The Meyerowitz Stories (New and Selected),Movie,TV-MA,2017,2017-10-13
s5229,Barakah Meets Barakah,Movie,TV-MA,2016,2017-10-12
s5230,Bomb Scared,Movie,TV-MA,2017,2017-10-12
s5231,Christina P: Mother Inferior,Movie,TV-MA,2017,2017-10-10
s5232,ID-0,TV Show,TV-PG,2017,2017-10-06
s5233,Kibaoh Klashers,TV Show,TV-Y7,2017,2017-10-06
s5234,The Death and Life of Marsha P. Johnson,Movie,TV-MA,2017,2017-10-06
s5235,Rodney Carrington: Here Comes the Truth,Movie,TV-MA,2017,2017-10-03
s5236,26 Years,Movie,TV-MA,2012,2017-10-01
s5237,Beyblade Burst,TV Show,TV-Y7,2016,2017-10-01
s5238,Equestria Girls: Tales of Canterlot High,TV Show,TV-Y7,2017,2017-10-01
s5239,For Your Own Good,Movie,TV-MA,2017,2017-10-01
s5240,Franca: Chaos and Creation,Movie,TV-MA,2016,2017-10-01
s5241,Generation Iron 2,Movie,PG-13,2017,2017-10-01
s5242,Ghost Patrol,Movie,TV-Y7,2016,2017-10-01
s5243,Justice in the City,TV Show,TV-14,2012,2017-10-01
s5244,Noddy Toyland Detective,TV Show,TV-Y,2016,2017-10-01
s5245,Star Trek: Enterprise,TV Show,TV-14,2004,2017-10-01
s5246,Star Trek: Voyager,TV Show,TV-PG,2000,2017-10-01
s5247,Sudden,TV Show,TV-14,2013,2017-10-01
s5248,The Dream Catchers,TV Show,TV-14,2009,2017-10-01
s5249,The Lion Woman,Movie,TV-14,2016,2017-10-01
s5250,Verónica,Movie,TV-MA,2017,2017-10-01
s5251,What She Put on the Table,TV Show,TV-14,2017,2017-10-01
s5252,The Royal House of Windsor,TV Show,TV-MA,2017,2017-09-30
s5253,Gerald's Game,Movie,TV-MA,2017,2017-09-29
s5254,Long Shot,Movie,TV-14,2017,2017-09-29
s5255,Mak Cun,TV Show,TV-PG,2015,2017-09-29
s5256,Our Souls at Night,Movie,TV-14,2017,2017-09-29
s5257,Out of Thin Air,Movie,TV-MA,2017,2017-09-29
s5258,Paul Hollywood's Big Continental Road Trip,TV Show,TV-14,2017,2017-09-29
s5259,Real Rob,TV Show,TV-MA,2017,2017-09-29
s5260,Satu Hari,TV Show,TV-PG,2014,2017-09-29
s5261,Much Loved,Movie,TV-MA,2015,2017-09-27
s5262,Def Comedy Jam 25,Movie,TV-MA,2017,2017-09-26
s5263,Terrace House: Aloha State,TV Show,TV-14,2017,2017-09-26
s5264,Dark Matter,TV Show,TV-14,2017,2017-09-25
s5265,Swearnet: The Movie,Movie,NC-17,2014,2017-09-24
s5266,The Bar,Movie,TV-MA,2017,2017-09-24
s5267,Gaga: Five Foot Two,Movie,TV-MA,2017,2017-09-22
s5268,The Bad Batch,Movie,R,2016,2017-09-22
s5269,Jerry Before Seinfeld,Movie,TV-14,2017,2017-09-19
s5270,Barbie Dolphin Magic,Movie,TV-Y,2017,2017-09-18
s5271,First They Killed My Father,Movie,TV-MA,2017,2017-09-15
s5272,Strong Island,Movie,TV-MA,2017,2017-09-15
s5273,VeggieTales in the City,TV Show,TV-Y,2017,2017-09-15
s5274,Ghost of the Mountains,Movie,G,2017,2017-09-13
s5275,Offspring,TV Show,TV-MA,2017,2017-09-13
s5276,Heroin(e),Movie,TV-14,2017,2017-09-12
s5277,Jeff Dunham: Relative Disaster,Movie,TV-MA,2017,2017-09-12
s5278,#realityhigh,Movie,TV-14,2017,2017-09-08
s5279,Apaches,TV Show,TV-MA,2016,2017-09-08
s5280,Fabrizio Copano: Solo pienso en mi,Movie,TV-MA,2017,2017-09-08
s5281,Fire Chasers,TV Show,TV-MA,2017,2017-09-08
s5282,Joaquín Reyes: Una y no más,Movie,TV-MA,2017,2017-09-08
s5283,Carrie Pilby,Movie,TV-MA,2016,2017-09-05
s5284,Marc Maron: Too Real,Movie,TV-MA,2017,2017-09-05
s5285,No Tomorrow,TV Show,TV-PG,2016,2017-09-05
s5286,Reign,TV Show,TV-14,2017,2017-09-05
s5287,Frequency,TV Show,TV-14,2016,2017-09-04
s5288,The Vampire Diaries,TV Show,TV-14,2016,2017-09-04
s5289,A Boy Name Flora A,TV Show,TV-MA,2017,2017-09-01
s5290,A House of Blocks,TV Show,TV-PG,2017,2017-09-01
s5291,Aakhri Adaalat,Movie,TV-14,1988,2017-09-01
s5292,"Alias JJ, la celebridad del mal",Movie,TV-MA,2017,2017-09-01
s5293,Berserk: The Golden Age Arc II - The Battle for Doldrey,Movie,TV-MA,2012,2017-09-01
s5294,Berserk: The Golden Age Arc III - The Advent,Movie,TV-MA,2013,2017-09-01
s5295,Brother's Shadow,Movie,TV-MA,2006,2017-09-01
s5296,Chadi Jawani Budhe Nu,Movie,TV-PG,1976,2017-09-01
s5297,Ek Jaan Hain Hum,Movie,TV-14,1983,2017-09-01
s5298,FINAL FANTASY XIV Dad of Light,TV Show,TV-PG,2017,2017-09-01
s5299,Gurren Lagann,TV Show,TV-14,2007,2017-09-01
s5300,High Risk,TV Show,TV-PG,1988,2017-09-01
s5301,Khoon Khoon,Movie,TV-14,1973,2017-09-01
s5302,LEGO Elves: Secrets of Elvendale,TV Show,TV-Y7,2017,2017-09-01
s5303,Little Evil,Movie,TV-MA,2017,2017-09-01
s5304,Manoranjan,Movie,TV-14,1974,2017-09-01
s5305,Mujrim,Movie,TV-14,1989,2017-09-01
s5306,Narcos,TV Show,TV-MA,2017,2017-09-01
s5307,Offline - Das leben ist kein bonuslevel,Movie,TV-MA,2016,2017-09-01
s5308,Resurface,Movie,TV-MA,2017,2017-09-01
s5309,Rocco,Movie,TV-MA,2016,2017-09-01
s5310,Sohni Mahiwal,Movie,TV-14,1984,2017-09-01
s5311,The Distinguished Citizen,Movie,TV-MA,2016,2017-09-01
s5312,The Guardian Brothers,Movie,TV-G,2016,2017-09-01
s5313,The Last Shaman,Movie,TV-14,2016,2017-09-01
s5314,The Lost Brother,Movie,TV-MA,2017,2017-09-01
s5315,Todo Sobre El Asado,Movie,TV-MA,2016,2017-09-01
s5316,Ryan Hamilton: Happy Face,Movie,TV-14,2017,2017-08-29
s5317,Buster's Mal Heart,Movie,TV-MA,2016,2017-08-26
s5318,Berlin Syndrome,Movie,R,2017,2017-08-25
s5319,Death Note,Movie,TV-MA,2017,2017-08-25
s5320,Lynne Koplitz: Hormonal Beast,Movie,TV-MA,2017,2017-08-22
s5321,Dinotrux,TV Show,TV-Y7,2017,2017-08-18
s5322,Marvel's The Defenders,TV Show,TV-MA,2017,2017-08-18
s5323,Undefeated,Movie,PG-13,2011,2017-08-18
s5324,What Happened to Monday,Movie,TV-MA,2017,2017-08-18
s5325,20 Minutes,TV Show,TV-MA,2013,2017-08-15
s5326,Brad Paisley's Comedy Rodeo,Movie,TV-MA,2017,2017-08-15
s5327,Colin Quinn: Unconstitutional,Movie,TV-MA,2015,2017-08-15
s5328,Million Yen Women,TV Show,TV-MA,2017,2017-08-15
s5329,The Outcasts,Movie,TV-14,2017,2017-08-14
s5330,Chocolate City: Vegas Strip,Movie,TV-MA,2017,2017-08-12
s5331,Los Herederos,Movie,TV-MA,2015,2017-08-12
s5332,Naked,Movie,TV-14,2017,2017-08-11
s5333,Demonic,Movie,R,2015,2017-08-10
s5334,The Saint,Movie,TV-14,2017,2017-08-10
s5335,Baahubali 2: The Conclusion (Hindi Version),Movie,TV-MA,2017,2017-08-07
s5336,Baahubali 2: The Conclusion (Malayalam Version),Movie,TV-14,2017,2017-08-07
s5337,Baahubali 2: The Conclusion (Tamil Version),Movie,TV-MA,2017,2017-08-07
s5338,Baahubali: The Beginning (Hindi Version),Movie,TV-14,2015,2017-08-07
s5339,Baahubali: The Beginning (Malayalam Version),Movie,TV-14,2015,2017-08-07
s5340,Baahubali: The Beginning (Tamil Version),Movie,TV-14,2015,2017-08-07
s5341,LEGO Marvel Super Heroes: Avengers Reassembled!,Movie,TV-Y7,2015,2017-08-06
s5342,Enter the Warriors Gate,Movie,PG-13,2016,2017-08-05
s5343,Alan Saldaña: Mi vida de pobre,Movie,TV-MA,2017,2017-08-04
s5344,Icarus,Movie,TV-MA,2017,2017-08-04
s5345,Message from the King,Movie,R,2017,2017-08-04
s5346,Wet Hot American Summer: Ten Years Later,TV Show,TV-MA,2017,2017-08-04
s5347,The Invisible Guardian,Movie,TV-MA,2017,2017-08-03
s5348,Bountiful Blessings,TV Show,TV-14,2011,2017-08-01
s5349,Close Your Eyes Before It’s Dark,TV Show,TV-14,2016,2017-08-01
s5350,Entangled,TV Show,TV-14,2014,2017-08-01
s5351,Fartsa,TV Show,TV-14,2015,2017-08-01
s5352,Handsome Devil,Movie,TV-MA,2016,2017-08-01
s5353,"Have You Ever Fallen in Love, Miss Jiang?",TV Show,TV-14,2016,2017-08-01
s5354,Jessica Darling's It List,Movie,TV-Y,2016,2017-08-01
s5355,Life Plan A and B,TV Show,TV-PG,2016,2017-08-01
s5356,Locust,TV Show,TV-MA,2014,2017-08-01
s5357,Love Storm,TV Show,TV-14,2016,2017-08-01
s5358,Maz Jobrani: Immigrant,Movie,TV-14,2017,2017-08-01
s5359,Opening Night,Movie,TV-MA,2016,2017-08-01
s5360,Raising the Bar,Movie,TV-Y,2016,2017-08-01
s5361,Surviving Escobar - Alias JJ,TV Show,TV-MA,2017,2017-08-01
s5362,The Blind Christ,Movie,TV-MA,2016,2017-08-01
s5363,The In-Laws,TV Show,TV-14,2011,2017-08-01
s5364,The IT Crowd,TV Show,TV-MA,2013,2017-08-01
s5365,Un plus une,Movie,TV-MA,2015,2017-08-01
s5366,Vexed,TV Show,TV-MA,2012,2017-08-01
s5367,World War II in Colour,TV Show,TV-MA,2009,2017-08-01
s5368,Daughters of Destiny,TV Show,TV-14,2017,2017-07-28
s5369,The Incredible Jessica James,Movie,TV-MA,2017,2017-07-28
s5370,Joe Mande’s Award-Winning Comedy Special,Movie,TV-MA,2017,2017-07-25
s5371,I Called Him Morgan,Movie,TV-14,2016,2017-07-24
s5372,Aditi Mittal: Things They Wouldn't Let Me Say,Movie,TV-MA,2017,2017-07-18
s5373,Ari Shaffir: Double Negative,TV Show,TV-MA,2017,2017-07-18
s5374,Uncertain Glory,Movie,TV-MA,2017,2017-07-17
s5375,Amar,Movie,TV-MA,2017,2017-07-15
s5376,Buddy Thunderstruck: The Maybe Pile,Movie,TV-Y7,2017,2017-07-14
s5377,Chasing Coral,Movie,TV-PG,2017,2017-07-14
s5378,To the Bone,Movie,TV-MA,2017,2017-07-14
s5379,D.L. Hughley: Clear,Movie,TV-MA,2014,2017-07-13
s5380,Tom Segura: Completely Normal,Movie,TV-MA,2014,2017-07-13
s5381,Dawn of the Croods,TV Show,TV-Y7,2017,2017-07-07
s5382,Degrassi: Next Class,TV Show,TV-14,2017,2017-07-07
s5383,Diamond Lover,TV Show,TV-PG,2015,2017-07-07
s5384,King’s War,TV Show,TV-14,2012,2017-07-07
s5385,Qin Empire: Alliance,TV Show,TV-14,2012,2017-07-07
s5386,Take Me,Movie,TV-MA,2017,2017-07-07
s5387,The Legend of Bruce Lee,TV Show,TV-14,2008,2017-07-07
s5388,10 jours en or,Movie,TV-14,2012,2017-07-01
s5389,46,TV Show,TV-MA,2016,2017-07-01
s5390,A 2nd Chance,Movie,PG,2011,2017-07-01
s5391,Against the Tide,TV Show,TV-14,2014,2017-07-01
s5392,Amrapali,Movie,TV-PG,1966,2017-07-01
s5393,Barbie Life in the Dreamhouse,TV Show,TV-Y,2012,2017-07-01
s5394,Breakout,TV Show,TV-14,2010,2017-07-01
s5395,Hans Teeuwen: Real Rancour,Movie,TV-MA,2018,2017-07-01
s5396,Intersection,TV Show,TV-MA,2016,2017-07-01
s5397,Lal Patthar,Movie,TV-14,1971,2017-07-01
s5398,Learning Songs by Little Baby Bum: Nursery Rhyme Friends,TV Show,TV-Y,2015,2017-07-01
s5399,Liar's Dice,Movie,TV-MA,2013,2017-07-01
s5400,Mystic Whispers,TV Show,TV-14,2014,2017-07-01
s5401,Professor,Movie,TV-PG,1962,2017-07-01
s5402,Spice Up,TV Show,TV-14,2014,2017-07-01
s5403,The Invisible Guest,Movie,TV-14,2016,2017-07-01
s5404,The Oath,TV Show,TV-14,2011,2017-07-01
s5405,The Truth Seekers,TV Show,TV-MA,2016,2017-07-01
s5406,The Ultimatum,TV Show,TV-14,2009,2017-07-01
s5407,Unriddle,TV Show,TV-14,2012,2017-07-01
s5408,World at Your Feet,TV Show,TV-14,2014,2017-07-01
s5409,Yaar Gaddar,Movie,TV-14,1994,2017-07-01
s5410,Yes We Can!,TV Show,TV-14,2014,2017-07-01
s5411,Yours Fatefully,TV Show,TV-14,2012,2017-07-01
s5412,Zipi & Zape y la Isla del Capitan,Movie,TV-PG,2016,2017-07-01
s5413,Criminal Minds,TV Show,TV-14,2017,2017-06-30
s5414,Gypsy,TV Show,TV-MA,2017,2017-06-30
s5415,Little Witch Academia,TV Show,TV-Y7,2017,2017-06-30
s5416,Okja,Movie,TV-MA,2017,2017-06-28
s5417,Chris D'Elia: Man on Fire,Movie,TV-MA,2017,2017-06-27
s5418,I Am Michael,Movie,TV-MA,2015,2017-06-26
s5419,Nobody Speak: Trials of the Free Press,Movie,TV-14,2017,2017-06-23
s5420,You Get Me,Movie,TV-MA,2017,2017-06-23
s5421,Dangal,Movie,TV-PG,2016,2017-06-21
s5422,Young & Hungry,TV Show,TV-14,2017,2017-06-21
s5423,Pac-Man and the Ghostly Adventures,TV Show,TV-Y7,2014,2017-06-20
s5424,Puss in Book: Trapped in an Epic Tale,Movie,TV-Y7,2017,2017-06-20
s5425,Rory Scovel Tries Stand-Up for the First Time,Movie,TV-MA,2017,2017-06-20
s5426,Aquarius,TV Show,TV-MA,2016,2017-06-16
s5427,Counterpunch,Movie,TV-MA,2017,2017-06-16
s5428,What the Health,Movie,TV-PG,2017,2017-06-16
s5429,World of Winx,TV Show,TV-Y7,2017,2017-06-16
s5430,Kanavu Variyam,Movie,TV-PG,2017,2017-06-15
s5431,Marco Luque: Tamo Junto,Movie,TV-MA,2017,2017-06-15
s5432,The Russian Revolution,Movie,TV-PG,2017,2017-06-15
s5433,"Oh, Hello On Broadway",Movie,TV-MA,2017,2017-06-13
s5434,28 Moons,TV Show,TV-PG,2016,2017-06-10
s5435,Magic Phone,TV Show,TV-PG,2016,2017-06-10
s5436,Man to Man,TV Show,TV-14,2017,2017-06-10
s5437,My Little Baby,TV Show,TV-PG,2016,2017-06-10
s5438,Singles Villa,TV Show,TV-14,2015,2017-06-10
s5439,Under the Black Moonlight,TV Show,TV-14,2016,2017-06-10
s5440,My Only Love Song,TV Show,TV-MA,2017,2017-06-09
s5441,Shimmer Lake,Movie,TV-MA,2017,2017-06-09
s5442,The Wishing Tree,Movie,TV-14,2017,2017-06-05
s5443,Headshot,Movie,TV-MA,2016,2017-06-03
s5444,1898: Our Last Men in the Philippines,Movie,R,2016,2017-06-02
s5445,Crashing,TV Show,TV-MA,2016,2017-06-02
s5446,Flaked,TV Show,TV-MA,2017,2017-06-02
s5447,Lucid Dream,Movie,TV-MA,2017,2017-06-02
s5448,Aashik Awara,Movie,TV-14,1993,2017-06-01
s5449,Amelia: A Tale of Two Sisters,Movie,TV-PG,2017,2017-06-01
s5450,Catfight,Movie,TV-MA,2016,2017-06-01
s5451,How to Stage a Coup,Movie,TV-14,2017,2017-06-01
s5452,Jackie: A Tale of Two Sisters,Movie,TV-PG,2017,2017-06-01
s5453,Lens,Movie,TV-MA,2015,2017-06-01
s5454,Little Boxes,Movie,TV-MA,2016,2017-06-01
s5455,Love.com,Movie,TV-MA,2017,2017-06-01
s5456,Maya Memsaab,Movie,TV-14,1993,2017-06-01
s5457,Michael Lost and Found,Movie,TV-PG,2017,2017-06-01
s5458,Mind Game,TV Show,TV-14,2015,2017-06-01
s5459,Miniforce,TV Show,TV-Y7,2016,2017-06-01
s5460,Off Camera,TV Show,TV-MA,2015,2017-06-01
s5461,Oh Darling Yeh Hai India,Movie,TV-14,1995,2017-06-01
s5462,Prince,Movie,TV-PG,1969,2017-06-01
s5463,Qila,Movie,TV-14,1998,2017-06-01
s5464,Smoke & Mirrors,Movie,TV-14,2016,2017-06-01
s5465,The Day Will Come,TV Show,TV-14,2016,2017-06-01
s5466,The Dream Job,TV Show,TV-14,2016,2017-06-01
s5467,The Mitfords: A Tale of Two Sisters,Movie,TV-PG,2017,2017-06-01
s5468,Without Gorky,Movie,TV-14,2011,2017-05-31
s5469,Sarah Silverman A Speck of Dust,Movie,TV-MA,2017,2017-05-30
s5470,Rangoon,Movie,TV-14,2017,2017-05-29
s5471,Bloodline,TV Show,TV-MA,2017,2017-05-26
s5472,Joshua: Teenager vs. Superpower,Movie,TV-14,2017,2017-05-26
s5473,Raees,Movie,TV-14,2017,2017-05-26
s5474,War Machine,Movie,TV-MA,2017,2017-05-26
s5475,Arès,Movie,TV-MA,2016,2017-05-23
s5476,Hasan Minhaj: Homecoming King,Movie,TV-MA,2017,2017-05-23
s5477,BLAME!,Movie,TV-14,2017,2017-05-19
s5478,Highland: Thailand's Marijuana Awakening,TV Show,TV-MA,2017,2017-05-19
s5479,Laerte-se,Movie,TV-MA,2017,2017-05-19
s5480,The Keepers,TV Show,TV-MA,2017,2017-05-19
s5481,Tracy Morgan: Staying Alive,Movie,TV-MA,2017,2017-05-16
s5482,Chamatkar,Movie,TV-14,1992,2017-05-15
s5483,Kabhi Haan Kabhi Naa,Movie,TV-14,1994,2017-05-15
s5484,Lovesong,Movie,TV-MA,2016,2017-05-15
s5485,Natascha Kampusch: The Whole Story,Movie,TV-14,2010,2017-05-15
s5486,Ram Jaane,Movie,TV-14,1995,2017-05-15
s5487,The Devil's Mistress,Movie,TV-MA,2016,2017-05-15
s5488,Wild Oats,Movie,PG-13,2016,2017-05-13
s5489,All Hail King Julien: Exiled,TV Show,TV-Y7,2017,2017-05-12
s5490,Get Me Roger Stone,Movie,TV-MA,2017,2017-05-12
s5491,Mindhorn,Movie,TV-MA,2017,2017-05-12
s5492,Sahara,Movie,TV-Y7,2017,2017-05-12
s5493,"Norm Macdonald: Hitler's Dog, Gossip & Trickery",Movie,TV-MA,2017,2017-05-09
s5494,Handsome: A Netflix Mystery Movie,Movie,TV-MA,2017,2017-05-05
s5495,Kazoops!,TV Show,TV-Y,2017,2017-05-05
s5496,Simplemente Manu NNa,Movie,TV-MA,2017,2017-05-05
s5497,The Mars Generation,Movie,TV-PG,2017,2017-05-05
s5498,Maria Bamford: Old Baby,Movie,TV-MA,2017,2017-05-02
s5499,A Yellow Bird,Movie,TV-MA,2016,2017-05-01
s5500,Chaahat,Movie,TV-14,1996,2017-05-01
s5501,English Babu Desi Mem,Movie,TV-14,1996,2017-05-01
s5502,He Even Has Your Eyes,Movie,TV-MA,2016,2017-05-01
s5503,In the Shadow of Iris,Movie,TV-MA,2016,2017-05-01
s5504,JFK: The Making of a President,Movie,TV-PG,2017,2017-05-01
s5505,Kiss & Cry,Movie,TV-MA,2017,2017-05-01
s5506,Loev,Movie,TV-MA,2015,2017-05-01
s5507,Mostly Sunny,Movie,TV-MA,2016,2017-05-01
s5508,The Next Skin,Movie,TV-MA,2016,2017-05-01
s5509,Casting JonBenet,Movie,TV-14,2017,2017-04-28
s5510,Jumping Girl,TV Show,TV-14,2015,2017-04-28
s5511,President,TV Show,TV-14,2010,2017-04-28
s5512,Rodney King,Movie,TV-MA,2017,2017-04-28
s5513,Small Crimes,Movie,TV-MA,2017,2017-04-28
s5514,What in the World Happened?,TV Show,TV-14,2015,2017-04-28
s5515,Mar de Plástico,TV Show,TV-MA,2017,2017-04-27
s5516,Dear Zindagi,Movie,TV-14,2016,2017-04-25
s5517,Shepherds and Butchers,Movie,R,2016,2017-04-25
s5518,The 101-Year-Old Man Who Skipped Out on the Bill and Disappeared,Movie,TV-MA,2016,2017-04-25
s5519,Vir Das: Abroad Understanding,Movie,TV-MA,2017,2017-04-25
s5520,Fangbone,TV Show,TV-Y7,2016,2017-04-22
s5521,Girlboss,TV Show,TV-MA,2017,2017-04-21
s5522,Hot Girls Wanted: Turned On,TV Show,TV-MA,2017,2017-04-21
s5523,Sand Castle,Movie,TV-MA,2017,2017-04-21
s5524,The Mr. Peabody and Sherman Show,TV Show,TV-Y7,2017,2017-04-21
s5525,Tramps,Movie,TV-MA,2017,2017-04-21
s5526,Lucas Brothers: On Drugs,Movie,TV-MA,2017,2017-04-18
s5527,Bibi & Tina,Movie,TV-PG,2014,2017-04-15
s5528,Bibi & Tina II,Movie,TV-14,2014,2017-04-15
s5529,Bibi & Tina: Girls Versus Boys,Movie,TV-14,2016,2017-04-15
s5530,Slam,Movie,TV-MA,2017,2017-04-15
s5531,The Wedding Party,Movie,TV-14,2016,2017-04-15
s5532,Arctic Heart,Movie,TV-14,2016,2017-04-14
s5533,Our Lovers,Movie,TV-MA,2016,2017-04-14
s5534,Sandy Wexler,Movie,TV-14,2017,2017-04-14
s5535,Macho,Movie,TV-MA,2016,2017-04-12
s5536,Kevin Hart: What Now?,Movie,R,2016,2017-04-11
s5537,Frat Star,Movie,TV-MA,2017,2017-04-10
s5538,The Miracle,TV Show,TV-14,2016,2017-04-10
s5539,The Get Down,TV Show,TV-MA,2017,2017-04-07
s5540,The Lighthouse of the Orcas,Movie,TV-MA,2016,2017-04-07
s5541,Win It All,Movie,TV-MA,2017,2017-04-07
s5542,Louis C.K. 2017,Movie,Not Rated,2017,2017-04-04
s5543,Burned Cocoon,TV Show,TV-MA,2005,2017-04-01
s5544,Couples Counseling,Movie,TV-MA,2016,2017-04-01
s5545,Deuces,Movie,TV-MA,2016,2017-04-01
s5546,Elaan,Movie,TV-14,1971,2017-04-01
s5547,Five Nights in Maine,Movie,TV-MA,2015,2017-04-01
s5548,Killa,Movie,TV-14,2014,2017-04-01
s5549,Life 2.0,Movie,TV-MA,2010,2017-04-01
s5550,Salaakhen,Movie,TV-14,1975,2017-04-01
s5551,Skins,Movie,TV-MA,2017,2017-04-01
s5552,The Tenth Man,Movie,TV-MA,2016,2017-04-01
s5553,Toro,Movie,TV-MA,2016,2017-04-01
s5554,Bridget Christie: Stand Up for Her,Movie,TV-MA,2016,2017-03-31
s5555,Five Came Back,TV Show,TV-MA,2017,2017-03-31
s5556,Hoff the Record,TV Show,TV-MA,2016,2017-03-31
s5557,The Discovery,Movie,TV-MA,2017,2017-03-31
s5558,Jo Koy: Live from Seattle,Movie,TV-MA,2017,2017-03-28
s5559,Bottersnikes & Gumbles,TV Show,TV-Y7,2017,2017-03-24
s5560,Felipe Neto: My Life Makes No Sense,Movie,TV-MA,2017,2017-03-24
s5561,The C Word,Movie,TV-14,2016,2017-03-24
s5562,The Most Hated Woman in America,Movie,TV-MA,2017,2017-03-24
s5563,Dave Chappelle,TV Show,TV-MA,2017,2017-03-21
s5564,One-Punch Man,TV Show,TV-14,2015,2017-03-20
s5565,Best Worst Thing That Ever Could Have Happened,Movie,TV-MA,2016,2017-03-18
s5566,Deidra & Laney Rob a Train,Movie,TV-14,2017,2017-03-17
s5567,Julie's Greenroom,TV Show,TV-Y,2017,2017-03-17
s5568,Outback Truckers,TV Show,TV-MA,2015,2017-03-17
s5569,Pandora,Movie,TV-MA,2016,2017-03-17
s5570,Samurai Gourmet,TV Show,TV-PG,2017,2017-03-17
s5571,Howards End,Movie,PG,1992,2017-03-16
s5572,Asoka,Movie,R,2001,2017-03-15
s5573,"Bon Cop, Bad Cop",Movie,TV-MA,2006,2017-03-15
s5574,Notes on Blindness,Movie,TV-PG,2016,2017-03-15
s5575,One 2 Ka 4,Movie,TV-14,2001,2017-03-15
s5576,Cheer Squad,TV Show,TV-PG,2016,2017-03-14
s5577,Jim Norton: Mouthful of Shame,Movie,TV-MA,2017,2017-03-14
s5578,100 Meters,Movie,TV-MA,2016,2017-03-10
s5579,Buddy Thunderstruck,TV Show,TV-Y7,2017,2017-03-10
s5580,Burning Sands,Movie,TV-MA,2017,2017-03-10
s5581,One More Time,TV Show,TV-14,2016,2017-03-10
s5582,The Butterfly's Dream,Movie,TV-PG,2013,2017-03-10
s5583,Amy Schumer: The Leather Special,Movie,TV-MA,2017,2017-03-07
s5584,Love Is in the Air,TV Show,TV-14,2010,2017-03-01
s5585,Nila,Movie,TV-MA,2016,2017-03-01
s5586,Tong: Memories,TV Show,TV-MA,2016,2017-03-01
s5587,Mike Birbiglia: Thank God for Jokes,Movie,TV-MA,2017,2017-02-28
s5588,Force 2,Movie,TV-14,2016,2017-02-27
s5589,Jonas,Movie,TV-MA,2015,2017-02-26
s5590,Operações Especiais,Movie,TV-MA,2015,2017-02-25
s5591,I Don't Feel at Home in This World Anymore,Movie,TV-MA,2017,2017-02-24
s5592,Legend Quest,TV Show,TV-Y7,2017,2017-02-24
s5593,The Sound of Your Heart,TV Show,TV-14,2016,2017-02-24
s5594,Love Me As I Am,TV Show,TV-PG,2015,2017-02-22
s5595,Trevor Noah: Afraid of the Dark,Movie,TV-14,2017,2017-02-21
s5596,Boy Missing,Movie,TV-MA,2016,2017-02-19
s5597,Growing Up Wild,Movie,G,2016,2017-02-19
s5598,Tini: The New Life of Violetta,Movie,G,2016,2017-02-19
s5599,Love for Ten: Generation of Youth,TV Show,TV-14,2013,2017-02-17
s5600,Rocky Handsome,Movie,TV-MA,2016,2017-02-17
s5601,A Heavy Heart,Movie,TV-MA,2015,2017-02-15
s5602,Nightmare High,TV Show,TV-14,2016,2017-02-15
s5603,Rush: Beyond the Lighted Stage,Movie,TV-MA,2010,2017-02-15
s5604,Spark,TV Show,TV-PG,2016,2017-02-15
s5605,The Fury of a Patient Man,Movie,TV-MA,2016,2017-02-15
s5606,The Memory of Water,Movie,TV-MA,2015,2017-02-15
s5607,Girlfriend's Day,Movie,TV-MA,2017,2017-02-14
s5608,Katherine Ryan: In Trouble,Movie,TV-MA,2017,2017-02-14
s5609,White Nights,TV Show,TV-14,2016,2017-02-14
s5610,Cyborg 009: Call of Justice,TV Show,TV-14,2017,2017-02-10
s5611,David Brent: Life on the Road,Movie,TV-MA,2016,2017-02-10
s5612,Grillo vs Grillo,Movie,TV-MA,2017,2017-02-10
s5613,Hitler - A Career,Movie,TV-MA,1977,2017-02-10
s5614,"Michael Bolton's Big, Sexy Valentine's Day Special",Movie,TV-MA,2017,2017-02-07
s5615,Daniel Sosa: Sosafado,Movie,TV-MA,2017,2017-02-03
s5616,Imperial Dreams,Movie,TV-MA,2014,2017-02-03
s5617,Dilwale,Movie,TV-PG,2015,2017-02-01
s5618,Happy New Year,Movie,TV-14,2014,2017-02-01
s5619,Haraamkhor,Movie,TV-14,2015,2017-02-01
s5620,Heroes Wanted,Movie,TV-MA,2016,2017-02-01
s5621,The Reconquest,Movie,TV-MA,2016,2017-02-01
s5622,Zapped,Movie,TV-Y,2014,2017-02-01
s5623,Bill Burr: Walk Your Way Out,Movie,TV-MA,2017,2017-01-31
s5624,Semana Santa,Movie,TV-MA,2015,2017-01-31
s5625,Journey to Greenland,Movie,TV-14,2016,2017-01-29
s5626,IBOY,Movie,TV-MA,2017,2017-01-27
s5627,O Silêncio do Céu,Movie,TV-MA,2016,2017-01-25
s5628,Cristela Alonzo: Lower Classy,Movie,TV-MA,2017,2017-01-24
s5629,Gad Gone Wild,Movie,TV-MA,2017,2017-01-23
s5630,Pink,Movie,TV-14,2016,2017-01-20
s5631,Take the 10,Movie,TV-MA,2017,2017-01-20
s5632,Neal Brennan: 3 Mics,Movie,TV-MA,2017,2017-01-17
s5633,Berlin Calling,Movie,TV-MA,2008,2017-01-15
s5634,Sarajevo,Movie,TV-PG,2014,2017-01-15
s5635,Stereo,Movie,TV-MA,2014,2017-01-15
s5636,We Are Young. We Are Strong.,Movie,TV-MA,2014,2017-01-15
s5637,Casablancas: The Man Who Loved Women,Movie,TV-14,2016,2017-01-13
s5638,Clinical,Movie,TV-MA,2017,2017-01-13
s5639,Very Big Shot,Movie,TV-MA,2015,2017-01-12
s5640,Jim Gaffigan: Cinco,Movie,TV-14,2017,2017-01-10
s5641,We're Lalaloopsy,TV Show,TV-Y,2017,2017-01-10
s5642,Under the Shadow,Movie,PG-13,2016,2017-01-07
s5643,Coin Heist,Movie,TV-14,2017,2017-01-06
s5644,LEGO: Marvel Super Heroes: Maximum Overload,Movie,TV-Y7,2013,2017-01-06
s5645,Rampage: President Down,Movie,TV-MA,2016,2017-01-05
s5646,Marvel's Hulk: Where Monsters Dwell,Movie,PG,2016,2017-01-04
s5647,Jen Kirkman: Just Keep Livin’?,Movie,TV-MA,2017,2017-01-03
s5648,Autohead,Movie,TV-MA,2016,2017-01-01
s5649,Bee Movie,Movie,PG,2007,2017-01-01
s5650,Headwinds,Movie,TV-MA,2011,2017-01-01
s5651,Star Trek: Deep Space Nine,TV Show,TV-14,1999,2017-01-01
s5652,Udta Punjab,Movie,TV-MA,2016,2017-01-01
s5653,Mr. Pig,Movie,TV-MA,2016,2016-12-31
s5654,My Runway,TV Show,TV-14,2016,2016-12-30
s5655,AJIN: Demi-Human,TV Show,TV-MA,2016,2016-12-27
s5656,Chasing Cameron,TV Show,TV-14,2016,2016-12-27
s5657,7:19,Movie,TV-MA,2016,2016-12-23
s5658,Garfunkel and Oates: Trying to be Special,Movie,TV-MA,2016,2016-12-23
s5659,Sense8,TV Show,TV-MA,2018,2016-12-23
s5660,A Christmas Special: Miraculous: Tales of Ladybug & Cat Noir,Movie,TV-Y7,2016,2016-12-20
s5661,Gabriel lglesias: I’m Sorry For What I Said When I Was Hungry,Movie,TV-14,2016,2016-12-20
s5662,Barry,Movie,TV-MA,2016,2016-12-16
s5663,Crazyhead,TV Show,TV-MA,2016,2016-12-16
s5664,Sister Cities,Movie,TV-MA,2016,2016-12-16
s5665,3 Türken & ein Baby,Movie,TV-MA,2015,2016-12-15
s5666,Color of Woman,TV Show,TV-PG,2012,2016-12-15
s5667,Eddie - Strongman,Movie,TV-MA,2015,2016-12-15
s5668,Goodbye My Wife,TV Show,TV-14,2012,2016-12-15
s5669,Happy And,TV Show,TV-14,2012,2016-12-15
s5670,Heaven's Garden,TV Show,TV-MA,2011,2016-12-15
s5671,Ice Fantasy,TV Show,TV-14,2016,2016-12-15
s5672,Immortal Classic,TV Show,TV-14,2012,2016-12-15
s5673,InuYasha,TV Show,TV-14,2001,2016-12-15
s5674,K-POP Extreme Survival,TV Show,TV-14,2012,2016-12-15
s5675,Merlin,TV Show,TV-PG,2012,2016-12-15
s5676,Miss Panda & Mr. Hedgehog,TV Show,TV-PG,2012,2016-12-15
s5677,Sand Storm,Movie,TV-PG,2016,2016-12-15
s5678,Tokyo Trial,TV Show,TV-MA,2017,2016-12-13
s5679,Ricardo O'Farrill: Abrazo navideño,Movie,TV-MA,2016,2016-12-12
s5680,Asperger's Are Us,Movie,TV-MA,2016,2016-12-11
s5681,Captive,TV Show,TV-MA,2016,2016-12-09
s5682,Mariah Carey's Merriest Christmas,Movie,TV-G,2015,2016-12-09
s5683,Spectral,Movie,TV-14,2016,2016-12-09
s5684,White Rabbit Project,TV Show,TV-14,2016,2016-12-09
s5685,Miss in Kiss,TV Show,TV-14,2016,2016-12-08
s5686,Other People,Movie,TV-MA,2016,2016-12-08
s5687,The Cuba Libre Story,TV Show,TV-14,2015,2016-12-08
s5688,Blue Jay,Movie,TV-MA,2016,2016-12-06
s5689,One in a Billion,Movie,TV-14,2016,2016-12-06
s5690,Reggie Watts: Spatial,Movie,TV-MA,2016,2016-12-06
s5691,From Dusk Till Dawn,TV Show,TV-MA,2016,2016-12-05
s5692,Mercenary,Movie,TV-MA,2016,2016-12-04
s5693,Lost & Found Music Studios,TV Show,TV-G,2016,2016-12-03
s5694,For the Love of Spock,Movie,TV-14,2016,2016-12-02
s5695,White Girl,Movie,TV-MA,2016,2016-12-02
s5696,#Rucker50,Movie,TV-PG,2016,2016-12-01
s5697,1000 Rupee Note,Movie,TV-14,2014,2016-12-01
s5698,Across Grace Alley,Movie,TV-PG,2013,2016-12-01
s5699,Asu Mare 2,Movie,TV-14,2015,2016-12-01
s5700,Back to 1989,TV Show,TV-PG,2016,2016-12-01
s5701,Bromance,TV Show,TV-PG,2015,2016-12-01
s5702,Interrogation,Movie,TV-MA,2015,2016-12-01
s5703,Rainbow Time,Movie,TV-MA,2016,2016-12-01
s5704,Refresh Man,TV Show,TV-14,2016,2016-12-01
s5705,Richard Pryor: Live in Concert,Movie,TV-MA,1979,2016-12-01
s5706,The Violin Player,Movie,TV-14,2016,2016-12-01
s5707,Beauties of the Night,Movie,TV-MA,2016,2016-11-25
s5708,Gilmore Girls: A Year in the Life,TV Show,TV-14,2016,2016-11-25
s5709,Michael Che Matters,Movie,TV-MA,2016,2016-11-25
s5710,Mercy,Movie,TV-MA,2016,2016-11-22
s5711,The Land of Cards,Movie,TV-14,2012,2016-11-22
s5712,Carlos Ballarta: El amor es de putos,Movie,TV-MA,2016,2016-11-21
s5713,Donald Glover: Weirdo,Movie,TV-MA,2012,2016-11-19
s5714,Colin Quinn: The New York Story,Movie,TV-MA,2016,2016-11-18
s5715,Divines,Movie,TV-MA,2016,2016-11-18
s5716,La Niña,TV Show,TV-MA,2016,2016-11-18
s5717,Paranoid,TV Show,TV-MA,2016,2016-11-17
s5718,Dieter Nuhr: Nuhr in Berlin,Movie,TV-MA,2016,2016-11-15
s5719,Mumbai Cha Raja,Movie,TV-MA,2012,2016-11-15
s5720,True Memoirs of an International Assassin,Movie,TV-14,2016,2016-11-11
s5721,Einsatzgruppen: The Nazi Death Squads,TV Show,TV-MA,2009,2016-11-10
s5722,Kathleen Madigan: Bothering Jesus,Movie,TV-MA,2016,2016-11-10
s5723,Case,TV Show,TV-MA,2015,2016-11-09
s5724,Danger Mouse,TV Show,TV-Y7,2016,2016-11-09
s5725,"Dana Carvey: Straight White Male, 60",Movie,TV-MA,2016,2016-11-04
s5726,The Ivory Game,Movie,TV-14,2016,2016-11-04
s5727,A Grand Night In: The Story of Aardman,Movie,TV-PG,2015,2016-11-01
s5728,Inborn Pair,TV Show,TV-14,2011,2016-11-01
s5729,Just You,TV Show,TV-14,2013,2016-11-01
s5730,Love Around,TV Show,TV-14,2013,2016-11-01
s5731,Love Family,TV Show,TV-MA,2013,2016-11-01
s5732,Love Me or Leave Me,TV Show,TV-14,2012,2016-11-01
s5733,Love Now,TV Show,TV-14,2012,2016-11-01
s5734,Norman Lear: Just Another Version of You,Movie,TV-MA,2016,2016-11-01
s5735,Santa Pac's Merry Berry Day,Movie,TV-Y,2016,2016-11-01
s5736,Spanish Affair 2,Movie,TV-MA,2015,2016-11-01
s5737,Pup Star,Movie,G,2016,2016-10-29
s5738,I Am the Pretty Thing That Lives in the House,Movie,TV-14,2016,2016-10-28
s5739,Into the Inferno,Movie,TV-PG,2016,2016-10-28
s5740,The African Doctor,Movie,TV-14,2016,2016-10-28
s5741,They Are Everywhere,Movie,TV-MA,2016,2016-10-28
s5742,Trailer Park Boys: Out of the Park: Europe,TV Show,TV-MA,2016,2016-10-28
s5743,West Coast,Movie,TV-MA,2016,2016-10-28
s5744,7 años,Movie,TV-MA,2016,2016-10-27
s5745,Containment,TV Show,TV-MA,2016,2016-10-21
s5746,Joe Rogan: Triggered,Movie,TV-MA,2016,2016-10-21
s5747,A Mighty Team,Movie,TV-MA,2016,2016-10-15
s5748,Berserk: The Golden Age Arc I - The Egg of the King,Movie,TV-MA,2012,2016-10-15
s5749,Bleach The Movie: Fade to Black,Movie,TV-PG,2008,2016-10-15
s5750,Bleach the Movie: Hell Verse,Movie,TV-14,2010,2016-10-15
s5751,Blind Date,Movie,TV-14,2015,2016-10-15
s5752,DEATH NOTE,TV Show,TV-14,2006,2016-10-15
s5753,Spotless,TV Show,TV-MA,2015,2016-10-15
s5754,Vampire Knight,TV Show,TV-14,2008,2016-10-15
s5755,Sky Ladder: The Art of Cai Guo-Qiang,Movie,TV-MA,2016,2016-10-14
s5756,Mascots,Movie,TV-MA,2016,2016-10-13
s5757,Justin Timberlake + the Tennessee Kids,Movie,TV-MA,2016,2016-10-12
s5758,13TH,Movie,TV-MA,2016,2016-10-07
s5759,Russell Peters: Almost Famous,Movie,TV-MA,2016,2016-10-07
s5760,StoryBots Super Songs,TV Show,TV-Y,2016,2016-10-07
s5761,The Siege of Jadotville,Movie,TV-MA,2016,2016-10-07
s5762,LEGO Jurassic World: The Indominus Escape,Movie,TV-Y7,2016,2016-10-04
s5763,Be with Me,TV Show,TV-PG,2015,2016-10-01
s5764,Be with You,TV Show,TV-14,2015,2016-10-01
s5765,Bombshell,Movie,TV-MA,2016,2016-10-01
s5766,Chatô: The King of Brazil,Movie,TV-MA,2015,2016-10-01
s5767,Fall in Love with Me,TV Show,TV-14,2014,2016-10-01
s5768,Harud,Movie,TV-MA,2010,2016-10-01
s5769,Love Cheque Charge,TV Show,TV-14,2014,2016-10-01
s5770,Masha's Spooky Stories,TV Show,TV-Y,2012,2016-10-01
s5771,Much Ado About Nothing,Movie,TV-MA,2016,2016-10-01
s5772,Murphy's Law of Love,TV Show,TV-PG,2015,2016-10-01
s5773,My Big Night,Movie,TV-MA,2015,2016-10-01
s5774,My Little Pony Equestria Girls: Legend of Everfree,Movie,TV-Y7,2016,2016-10-01
s5775,Old Money,TV Show,TV-MA,2015,2016-10-01
s5776,Pac's Scary Halloween,Movie,TV-Y7,2016,2016-10-01
s5777,Riphagen - The Untouchable,Movie,TV-14,2016,2016-10-01
s5778,Someone Like You,TV Show,TV-14,2015,2016-10-01
s5779,Umrika,Movie,TV-MA,2015,2016-10-01
s5780,Unchained: The Untold Story of Freestyle Motocross,Movie,TV-MA,2016,2016-10-01
s5781,Welcome Mr. President,Movie,TV-MA,2013,2016-10-01
s5782,When I See You Again,TV Show,TV-14,2015,2016-10-01
s5783,Amanda Knox,Movie,TV-MA,2016,2016-09-30
s5784,Audrie & Daisy,Movie,TV-MA,2016,2016-09-23
s5785,Iliza Shlesinger: Confirmed Kills,Movie,TV-MA,2016,2016-09-23
s5786,VeggieTales in the House,TV Show,TV-Y,2016,2016-09-23
s5787,"Karol Modzelewski, Łukasz „Lotek” Lodkowski No Offense",Movie,TV-MA,2016,2016-09-19
s5788,"Katarzyna Piasecka, Rafał Pacześ Seriously Funny",Movie,TV-MA,2016,2016-09-19
s5789,"Mariusz Kałamaga, Karol Kopiec, Wiolka Walaszczyk Hilarious Trio",Movie,TV-MA,2016,2016-09-19
s5790,"Rafał Banaś, Michał Leja Laugh out Loud",Movie,TV-MA,2016,2016-09-19
s5791,The Best of Rafał Rutkowski Olka Szczęśniak,Movie,TV-MA,2016,2016-09-19
s5792,"Tomasz Jachimek, Jacek Stramik Laugh at Live",Movie,TV-MA,2016,2016-09-19
s5793,ARQ,Movie,TV-MA,2016,2016-09-16
s5794,Cedric the Entertainer: Live from the Ville,Movie,TV-MA,2016,2016-09-16
s5795,Louis C.K.: Hilarious,Movie,Not Rated,2010,2016-09-16
s5796,The White Helmets,Movie,TV-PG,2016,2016-09-16
s5797,Sample This,Movie,TV-14,2012,2016-09-15
s5798,Extremis,Movie,TV-PG,2016,2016-09-13
s5799,Jandino: Whatever it Takes,Movie,TV-MA,2016,2016-09-09
s5800,Chef's Table: France,TV Show,TV-14,2016,2016-09-02
s5801,Kulipari: An Army of Frogs,TV Show,TV-Y7,2016,2016-09-02
s5802,Conspiracy,TV Show,TV-14,2015,2016-09-01
s5803,Dead Set,TV Show,TV-MA,2008,2016-09-01
s5804,Forensic Files,TV Show,TV-MA,2011,2016-09-01
s5805,Saudi Arabia Uncovered,Movie,TV-14,2016,2016-09-01
s5806,The Fierce Wife,TV Show,TV-MA,2010,2016-09-01
s5807,Witches: A Century of Murder,TV Show,TV-14,2015,2016-09-01
s5808,Glitter Force,TV Show,TV-Y7,2016,2016-08-26
s5809,Jeff Foxworthy and Larry the Cable Guy: We’ve Been Thinking...,Movie,TV-14,2016,2016-08-26
s5810,XOXO,Movie,TV-MA,2016,2016-08-26
s5811,I'll Sleep When I'm Dead,Movie,TV-MA,2016,2016-08-19
s5812,Behind Enemy Lines,TV Show,TV-14,2001,2016-08-15
s5813,Caught on Camera,TV Show,TV-MA,2015,2016-08-15
s5814,Louis C.K.: Live at the Comedy Store,Movie,Not Rated,2015,2016-08-15
s5815,Real Crime: Supermarket Heist (Tesco Bomber),Movie,TV-14,2010,2016-08-15
s5816,Jim Gaffigan: Beyond the Pale,Movie,TV-14,2005,2016-08-11
s5817,Jim Gaffigan: King Baby,Movie,TV-PG,2009,2016-08-11
s5818,Jim Gaffigan: Mr. Universe,Movie,TV-14,2012,2016-08-11
s5819,Jim Gaffigan: Obsessed,Movie,TV-14,2014,2016-08-11
s5820,David Cross: Making America Great Again!,Movie,TV-MA,2016,2016-08-05
s5821,Lavell Crawford: Can a Brother Get Some Love?,Movie,TV-MA,2011,2016-08-02
s5822,Children of God,Movie,TV-MA,1994,2016-08-01
s5823,Cocaine,TV Show,TV-14,2005,2016-08-01
s5824,Edge of the Universe,TV Show,TV-G,2008,2016-08-01
s5825,Interview with a Serial Killer,Movie,TV-MA,2008,2016-08-01
s5826,La Esclava Blanca,TV Show,TV-MA,2016,2016-08-01
s5827,Real Crime: Diamond Geezers,Movie,TV-14,2008,2016-08-01
s5828,LEGO Bionicle: The Journey to One,TV Show,TV-Y7,2016,2016-07-29
s5829,Tallulah,Movie,TV-MA,2016,2016-07-29
s5830,Popples,TV Show,TV-Y,2016,2016-07-24
s5831,Rebirth,Movie,TV-MA,2016,2016-07-15
s5832,Tony Robbins: I Am Not Your Guru,Movie,TV-MA,2016,2016-07-15
s5833,Gridlocked,Movie,R,2015,2016-07-14
s5834,Brahman Naman,Movie,TV-MA,2016,2016-07-06
s5835,Kuromukuro,TV Show,TV-14,2016,2016-07-04
s5836,Jim Jefferies: Freedumb,Movie,TV-MA,2016,2016-07-01
s5837,Marco Polo,TV Show,TV-MA,2016,2016-07-01
s5838,X: Past Is Present,Movie,TV-MA,2015,2016-07-01
s5839,Justin Time GO!,TV Show,TV-Y,2016,2016-06-24
s5840,Sofía Niño de Rivera: Exposed,Movie,TV-MA,2016,2016-06-24
s5841,The Fundamentals of Caring,Movie,TV-MA,2016,2016-06-24
s5842,Ip Man 3,Movie,PG-13,2015,2016-06-18
s5843,Bo Burnham: Make Happy,Movie,TV-MA,2016,2016-06-03
s5844,Hibana: Spark,TV Show,TV-MA,2016,2016-06-02
s5845,72 Cutest Animals,TV Show,TV-PG,2016,2016-06-01
s5846,72 Dangerous Places to Live,TV Show,TV-PG,2016,2016-06-01
s5847,The Do-Over,Movie,TV-MA,2016,2016-05-27
s5848,Ali Wong: Baby Cobra,Movie,TV-MA,2016,2016-05-06
s5849,Special Correspondents,Movie,TV-MA,2016,2016-04-29
s5850,Team Foxcatcher,Movie,TV-MA,2016,2016-04-29
s5851,Patton Oswalt: Talking for Clapping,Movie,TV-MA,2016,2016-04-22
s5852,Belgica,Movie,TV-MA,2016,2016-04-15
s5853,Hush,Movie,R,2016,2016-04-08
s5854,Cyborg 009 VS Devilman,TV Show,TV-MA,2015,2016-04-01
s5855,Frank and Cindy,Movie,TV-MA,2007,2016-04-01
s5856,Justin Time,TV Show,TV-Y,2012,2016-04-01
s5857,Terrace House: Boys & Girls in the City,TV Show,TV-14,2016,2016-04-01
s5858,Kung Fu Panda: Secrets of the Scroll,Movie,TV-PG,2016,2016-03-25
s5859,He Never Died,Movie,R,2015,2016-03-18
s5860,Jimmy Carr: Funny Business,Movie,TV-MA,2016,2016-03-18
s5861,My Beautiful Broken Brain,Movie,TV-14,2016,2016-03-18
s5862,Pee-wee's Big Holiday,Movie,TV-PG,2016,2016-03-18
s5863,Netflix Presents: The Characters,TV Show,TV-MA,2016,2016-03-11
s5864,Your lie in April,TV Show,TV-14,2014,2016-03-01
s5865,"Crouching Tiger, Hidden Dragon: Sword of Destiny",Movie,PG-13,2016,2016-02-26
s5866,Marvel Super Hero Adventures: Frost Fight!,Movie,PG,2015,2016-02-24
s5867,Cooked,TV Show,TV-14,2016,2016-02-19
s5868,Care Bears & Cousins,TV Show,TV-Y,2016,2016-02-05
s5869,Hannibal Buress: Comedy Camisado,Movie,TV-MA,2016,2016-02-05
s5870,Turbo FAST,TV Show,TV-Y7,2016,2016-02-05
s5871,Masha's Tales,TV Show,TV-Y,2012,2016-02-01
s5872,Chelsea Does,TV Show,TV-MA,2016,2016-01-23
s5873,Ricardo O'Farrill Abrazo Genial,Movie,TV-MA,2016,2016-01-22
s5874,Ip Man,Movie,R,2008,2016-01-15
s5875,Ip Man 2,Movie,R,2010,2016-01-15
s5876,Tom Segura: Mostly Stories,Movie,TV-MA,2016,2016-01-08
s5877,Marco Polo: One Hundred Eyes,Movie,TV-MA,2015,2015-12-26
s5878,Sammy & Co,TV Show,TV-Y,2014,2015-12-25
s5879,Mike Epps: Don't Take It Personal,Movie,TV-MA,2015,2015-12-18
s5880,The Ridiculous 6,Movie,TV-14,2015,2015-12-11
s5881,"Trailer Park Boys: Drunk, High and Unemployed: Live in Austin",Movie,TV-MA,2015,2015-12-09
s5882,A Very Murray Christmas,Movie,TV-14,2015,2015-12-04
s5883,Atelier,TV Show,TV-PG,2015,2015-12-01
s5884,Naomi and Ely's No Kiss List,Movie,TV-MA,2015,2015-11-18
s5885,John Mulaney: The Comeback Kid,Movie,TV-MA,2015,2015-11-13
s5886,W/ Bob & David,TV Show,TV-MA,2015,2015-11-13
s5887,Manson Family Vacation,Movie,TV-MA,2015,2015-10-27
s5888,Walt Disney Animation Studios Short Films Collection,Movie,TV-Y,2015,2015-10-25
s5889,Hemlock Grove,TV Show,TV-MA,2015,2015-10-23
s5890,Results,Movie,R,2015,2015-10-22
s5891,Anthony Jeselnik: Thoughts and Prayers,Movie,TV-MA,2015,2015-10-16
s5892,Beasts of No Nation,Movie,TV-MA,2015,2015-10-16
s5893,Circle,Movie,TV-MA,2015,2015-10-16
s5894,Winter on Fire: Ukraine's Fight for Freedom,Movie,TV-MA,2015,2015-10-09
s5895,Anjelah Johnson: Not Fancy,Movie,TV-14,2015,2015-10-02
s5896,Wakfu: The Quest for the Six Eliatrope Dofus,TV Show,TV-PG,2014,2015-10-01
s5897,Keith Richards: Under the Influence,Movie,TV-14,2015,2015-09-18
s5898,Cowspiracy: The Sustainability Secret,Movie,TV-PG,2014,2015-09-15
s5899,6 Years,Movie,TV-MA,2015,2015-09-08
s5900,Demetri Martin: Live (At the Time),Movie,TV-MA,2015,2015-08-14
s5901,Wet Hot American Summer,TV Show,TV-MA,2015,2015-07-31
s5902,Tig,Movie,TV-14,2015,2015-07-17
s5903,H2O: Mermaid Adventures,TV Show,TV-Y7,2015,2015-07-15
s5904,Creep,Movie,R,2014,2015-07-14
s5905,Chris Tucker Live,Movie,TV-MA,2015,2015-07-10
s5906,Ralphie May: Imperfectly Yours,Movie,TV-MA,2015,2015-06-29
s5907,"What Happened, Miss Simone?",Movie,TV-14,2015,2015-06-26
s5908,Advantageous,Movie,TV-MA,2015,2015-06-23
s5909,Danger Mouse: Classic Collection,TV Show,TV-Y,1992,2015-06-15
s5910,The Perfect Dictatorship,Movie,TV-MA,2014,2015-06-01
s5911,Hot Girls Wanted,Movie,TV-MA,2015,2015-05-29
s5912,Jen Kirkman: I'm Gonna Die Alone (And I Feel Fine),Movie,TV-MA,2015,2015-05-22
s5913,The Other One: The Long Strange Trip of Bob Weir,Movie,TV-14,2015,2015-05-22
s5914,Chris D'Elia: Incorrigible,Movie,TV-MA,2015,2015-04-17
s5915,Oscar's Oasis,TV Show,TV-Y,2011,2015-03-15
s5916,Aziz Ansari Live at Madison Square Garden,Movie,TV-MA,2015,2015-03-06
s5917,My Own Man,Movie,TV-MA,2015,2015-03-06
s5918,Ralphie May: Unruly,Movie,TV-MA,2015,2015-02-27
s5919,Virunga: Gorillas in Peril,Movie,TV-14,2015,2015-02-13
s5920,Iliza Shlesinger: Freezing Hot,Movie,TV-MA,2015,2015-01-23
s5921,BoJack Horseman Christmas Special: Sabrina's Christmas Wish,Movie,TV-MA,2014,2014-12-19
s5922,Bill Burr: I'm Sorry You Feel That Way,Movie,TV-MA,2014,2014-12-05
s5923,Lilyhammer,TV Show,TV-MA,2014,2014-11-21
s5924,Goosebumps,TV Show,TV-G,1998,2014-11-19
s5925,Chelsea Peretti: One of the Greats,Movie,TV-MA,2014,2014-11-14
s5926,Virunga,Movie,TV-MA,2014,2014-11-07
s5927,E-Team,Movie,TV-MA,2014,2014-10-24
s5928,Wyatt Cenac: Brooklyn,Movie,TV-MA,2014,2014-10-21
s5929,Chelsea Handler: Uganda Be Kidding Me Live,Movie,TV-MA,2014,2014-10-10
s5930,Print the Legend,Movie,TV-14,2014,2014-09-26
s5931,Mission Blue,Movie,TV-PG,2014,2014-08-15
s5932,The Battered Bastards of Baseball,Movie,TV-MA,2014,2014-07-11
s5933,From One Second to the Next,Movie,TV-14,2013,2014-04-15
s5934,The Borgias,TV Show,TV-MA,2013,2014-02-01
s5935,Mitt,Movie,TV-PG,2014,2014-01-24
s5936,The Square,Movie,TV-MA,2013,2014-01-17
s5937,Shrek the Musical,Movie,TV-G,2013,2013-12-29
s5938,The Short Game,Movie,PG,2013,2013-12-12
s5939,Aziz Ansari: Buried Alive,Movie,TV-MA,2013,2013-11-01
s5940,The 4400,TV Show,TV-14,2007,2013-09-01
s5941,Breaking Bad,TV Show,TV-MA,2013,2013-08-02
s5942,Being Elmo: A Puppeteer's Journey,Movie,PG,2011,2012-02-21
s5943,A Stoning in Fulham County,Movie,TV-14,1988,2011-10-01
s5944,Adam: His Song Continues,Movie,TV-MA,1986,2011-10-01
s5945,Hard Lessons,Movie,TV-14,1986,2011-10-01
s5946,In Defense of a Married Man,Movie,TV-14,1990,2011-10-01
s5947,Quiet Victory: The Charlie Wedemeyer Story,Movie,TV-PG,1988,2011-10-01
s5948,Strange Voices,Movie,TV-PG,1987,2011-10-01
s5949,The Ryan White Story,Movie,TV-PG,1989,2011-10-01
s5950,Too Young the Hero,Movie,TV-MA,1988,2011-10-01
s5951,Triumph of the Heart,Movie,TV-PG,1991,2011-10-01
s5952,Unspeakable Acts,Movie,TV-14,1990,2011-10-01
s5953,Victim of Beauty,Movie,TV-14,1991,2011-10-01
s5954,Joseph: King of Dreams,Movie,TV-PG,2000,2011-09-27
s5955,Even the Rain,Movie,TV-MA,2010,2011-05-17
s5956,Splatter,Movie,TV-MA,2009,2009-11-18
s5957,Just Another Love Story,Movie,TV-MA,2007,2009-05-05
s5958,To and From New York,Movie,TV-MA,2006,2008-01-01
s5959,9,Movie,PG-13,2009,2017-11-16
s5960,21,Movie,PG-13,2008,2020-01-01
s5961,187,Movie,R,1997,2019-11-01
s5962,706,Movie,TV-14,2019,2019-04-01
s5963,1920,Movie,TV-MA,2008,2017-12-15
s5964,Oct-01,Movie,TV-14,2014,2019-09-01
s5965,Feb-09,TV Show,TV-14,2018,2019-03-20
s5966,22-Jul,Movie,R,2018,2018-10-10
s5967,15-Aug,Movie,TV-14,2019,2019-03-29
s5968,'89,Movie,TV-PG,2017,2018-05-16
s5969,​Goli Soda 2,Movie,TV-14,2018,2018-09-15
s5970,​Maj Rati ​​Keteki,Movie,TV-14,2017,2018-09-15
s5971,​Mayurakshi,Movie,TV-14,2017,2018-09-15
s5972,(T)ERROR,Movie,NR,2015,2016-06-30
s5973,#cats_the_mewvie,Movie,TV-14,2020,2020-02-05
s5974,#Roxy,Movie,TV-14,2018,2019-04-10
s5975,แผนร้ายนายเจ้าเล่ห์,TV Show,TV-14,2016,2019-03-30
s5976,Ég man þig,Movie,TV-MA,2017,2018-03-27
s5977,Çok Filim Hareketler Bunlar,Movie,TV-MA,2010,2017-03-10
s5978,Æon Flux,Movie,PG-13,2005,2018-02-01
s5979,Şubat,TV Show,TV-MA,2013,2017-01-17
s5980,1 Chance 2 Dance,Movie,TV-PG,2014,2017-07-01
s5981,1 Mile to You,Movie,TV-14,2017,2017-07-07
s5982,"10,000 B.C.",Movie,PG-13,2008,2019-06-01
s5983,100 Days Of Solitude,Movie,TV-MA,2018,2018-07-06
s5984,100 Years: One Woman's Fight for Justice,Movie,TV-14,2016,2018-03-20
s5985,100% Hotter,TV Show,TV-14,2017,2019-11-01
s5986,12 ROUND GUN,Movie,TV-MA,2017,2019-03-14
s5987,12 Years Promise,TV Show,TV-14,2014,2017-05-22
s5988,13 Cameras,Movie,NR,2015,2016-08-13
s5989,13 Sins,Movie,R,2014,2019-01-13
s5990,13TH: A Conversation with Oprah Winfrey & Ava DuVernay,Movie,Not Rated,2017,2017-01-26
s5991,14 Blades,Movie,R,2010,2019-04-03
s5992,14 Cameras,Movie,TV-MA,2018,2018-10-27
s5993,16 Blocks,Movie,PG-13,2006,2019-11-01
s5994,17 Again,Movie,PG-13,2009,2021-01-01
s5995,1BR,Movie,TV-MA,2019,2020-08-23
s5996,1st Summoning,Movie,TV-MA,2018,2019-07-26
s5997,20 Feet From Stardom,Movie,PG-13,2013,2018-09-22
s5998,2015 Dream Concert,Movie,TV-PG,2015,2017-04-28
s5999,2036 Origin Unknown,Movie,TV-14,2018,2018-12-20
s6000,20th Century Women,Movie,R,2016,2019-06-28
s6001,21 & Over,Movie,R,2013,2019-04-16
s6002,21 Sarfarosh: Saragarhi 1897,TV Show,TV-14,2018,2018-12-01
s6003,2307: Winter's Dream,Movie,TV-MA,2016,2018-03-01
s6004,24 Hours to Live,Movie,R,2017,2018-04-07
s6005,"27, el club de los malditos",Movie,TV-MA,2018,2018-05-01
s6006,27: Gone Too Soon,Movie,TV-MA,2017,2018-05-01
s6007,28 Days,Movie,PG-13,2000,2020-09-30
s6008,3 Deewarein,Movie,TV-MA,2003,2019-12-31
s6009,3 Generations,Movie,PG-13,2015,2017-08-28
s6010,3 Heroines,Movie,TV-PG,2016,2019-01-05
s6011,3 Seconds Divorce,Movie,TV-PG,2018,2019-06-15
s6012,30 Days of Luxury,Movie,TV-14,2016,2019-04-18
s6013,30 Minutes or Less,Movie,R,2011,2021-01-01
s6014,300 Miles to Heaven,Movie,TV-14,1989,2019-10-01
s6015,42 Grams,Movie,TV-MA,2017,2018-02-01
s6016,4th Man Out,Movie,NR,2015,2016-05-05
s6017,5 Cowok Jagoan,Movie,TV-MA,2017,2019-01-05
s6018,5 to 7,Movie,R,2014,2017-03-16
s6019,50 First Dates,Movie,PG-13,2004,2020-12-01
s6020,50/50,Movie,R,2011,2019-06-01
s6021,5CM,Movie,TV-14,2012,2018-09-28
s6022,6 Days,Movie,R,2017,2018-02-08
s6023,6-5=2,Movie,TV-MA,2014,2017-11-01
s6024,68 Kill,Movie,R,2017,2019-09-01
s6025,7 (Seven),TV Show,TV-14,2019,2019-07-30
s6026,7 Din Mohabbat In,Movie,TV-PG,2018,2019-05-15
s6027,9 Months That Made You,TV Show,TV-PG,2016,2017-03-01
s6028,A Bad Moms Christmas,Movie,R,2017,2020-02-14
s6029,A Billion Colour Story,Movie,TV-14,2016,2018-04-01
s6030,A Boy Called Po,Movie,PG,2016,2018-01-15
s6031,A Bridge Too Far,Movie,PG,1977,2020-07-01
s6032,A Clockwork Orange,Movie,R,1971,2020-11-01
s6033,A Dangerous Woman,Movie,R,1993,2018-04-01
s6034,A Family Affair,Movie,TV-PG,2015,2016-10-16
s6035,A Family Man,Movie,R,2016,2019-12-15
s6036,A Flying Jatt,Movie,TV-14,2016,2017-11-15
s6037,A Glimpse Inside the Mind of Charles Swan III,Movie,R,2012,2018-07-15
s6038,A Good Wife,TV Show,TV-14,2013,2017-01-01
s6039,A Gray State,Movie,TV-MA,2017,2017-12-25
s6040,A Haunted House,Movie,R,2013,2020-02-21
s6041,A Haunting at Silver Falls: The Return,Movie,TV-14,2019,2019-09-17
s6042,A Holiday Engagement,Movie,TV-G,2011,2019-11-04
s6043,A Kind of Murder,Movie,R,2016,2017-05-01
s6044,A Leaf of Faith,Movie,TV-MA,2018,2018-08-27
s6045,A Man Called God,TV Show,TV-14,2010,2019-03-12
s6046,A Mission in an Old Movie,Movie,TV-MA,2012,2019-04-25
s6047,A Most Violent Year,Movie,R,2014,2018-07-22
s6048,A Murder in the Park,Movie,PG-13,2014,2017-04-28
s6049,A new Capitalism,Movie,TV-14,2017,2018-06-12
s6050,A Night at the Roxbury,Movie,PG-13,1998,2019-12-01
s6051,A Noble Intention,Movie,TV-MA,2015,2016-09-01
s6052,A Patch of Fog,Movie,TV-MA,2015,2017-04-15
s6053,A Perfect Man,Movie,R,2013,2019-06-06
s6054,A Princess for Christmas,Movie,TV-PG,2011,2020-08-28
s6055,A Russell Peters Christmas,Movie,NR,2011,2013-11-01
s6056,A Scandall,Movie,TV-MA,2016,2017-10-15
s6057,A Separation,Movie,PG-13,2011,2019-03-16
s6058,A Serious Man,Movie,R,2009,2018-01-16
s6059,A Sort of Homecoming,Movie,TV-PG,2015,2017-08-01
s6060,A Tale of Love and Darkness,Movie,PG-13,2015,2019-10-25
s6061,A Thin Line Between Love & Hate,Movie,R,1996,2020-12-01
s6062,A Thousand Words,Movie,PG-13,2012,2020-07-01
s6063,A Walk to Remember,Movie,PG,2002,2020-07-01
s6064,A Wednesday,Movie,TV-MA,2008,2018-11-01
s6065,A Week in Watts,Movie,TV-14,2017,2018-02-19
s6066,A Wrinkle in Time,Movie,PG,2018,2018-09-25
s6067,A Young Doctor's Notebook and Other Stories,TV Show,TV-MA,2013,
s6068,A.D. Kingdom and Empire,TV Show,TV-14,2015,2017-12-15
s6069,A.M.I.,Movie,TV-MA,2019,2020-10-01
s6070,A.X.L.,Movie,PG,2018,2019-03-20
s6071,Aşk Tesadüfleri Sever,Movie,TV-MA,2011,2018-04-04
s6072,Aadu 2,Movie,TV-MA,2017,2018-05-15
s6073,Aajcha Divas Majha,Movie,TV-PG,2013,2018-01-01
s6074,Aarakshan,Movie,TV-14,2011,2019-12-31
s6075,Aashayein,Movie,TV-14,2010,2017-10-22
s6076,Aata Pita,Movie,TV-14,2010,2018-01-01
s6077,Abby Sen,Movie,TV-PG,2015,2017-05-01
s6078,Abdo Mota,Movie,TV-MA,2012,2019-04-19
s6079,Abhinetri,Movie,TV-14,2016,2018-05-01
s6080,Abnormal Summit,TV Show,TV-PG,2017,
s6081,Abominable Christmas,Movie,TV-Y7,2012,2016-02-18
s6082,About a Boy,Movie,PG-13,2002,2019-02-01
s6083,Abzurdah,Movie,TV-MA,2015,2016-08-25
s6084,Acapulco La vida va,Movie,TV-MA,2016,2017-06-03
s6085,Across The Line,Movie,TV-MA,2015,2019-04-01
s6086,Across the Universe,Movie,PG-13,2007,2019-01-01
s6087,Act of Valor,Movie,R,2012,2020-06-01
s6088,Act of Vengeance,Movie,NR,2010,2018-09-29
s6089,Acts of Violence,Movie,R,2018,2020-08-01
s6090,Adam Ruins Everything,TV Show,TV-14,2018,2018-09-30
s6091,Addicted to Life,Movie,TV-14,2014,2020-06-12
s6092,Adore,Movie,R,2013,2019-11-20
s6093,Adrishya,Movie,TV-14,2017,2019-12-31
s6094,Adventures in Public School,Movie,NR,2018,2018-08-15
s6095,Africa,TV Show,TV-PG,2013,2016-04-28
s6096,After Porn Ends,Movie,NR,2012,2019-05-27
s6097,After Porn Ends 3,Movie,TV-MA,2018,2018-12-30
s6098,Afterschool,Movie,TV-MA,2008,2020-08-13
s6099,Aftershock,Movie,R,2012,2018-03-07
s6100,Agatha and the Truth of Murder,Movie,TV-MA,2018,2019-01-31
s6101,Age Gap Love,TV Show,TV-MA,2017,2019-07-12
s6102,Age of Glory,TV Show,TV-MA,2010,2017-08-14
s6103,Agent Raghav,TV Show,TV-14,2015,2017-04-15
s6104,Ahista Ahista,Movie,TV-14,2006,2019-12-31
s6105,Ai Weiwei: Never Sorry,Movie,R,2012,2018-03-01
s6106,Ainsley Eats the Streets,TV Show,TV-PG,2014,2019-07-12
s6107,Aisa Yeh Jahaan,Movie,TV-14,2015,2017-10-15
s6108,Aitraaz,Movie,TV-14,2004,2018-03-01
s6109,Alarmoty in the Land of Fire,Movie,TV-MA,2017,2019-08-05
s6110,Albion: The Enchanted Stallion,Movie,TV-PG,2016,2017-07-01
s6111,Alejandro Sanz: What I Was Is What I Am,Movie,TV-MA,2018,2018-08-18
s6112,Alice Doesn't Live Here Anymore,Movie,PG,1974,2019-07-01
s6113,Alien Contact: Outer Space,Movie,TV-PG,2017,2018-01-09
s6114,Aliens Ate My Homework,Movie,PG,2018,2018-03-06
s6115,Alive and Kicking,Movie,TV-14,2016,2017-08-10
s6116,All About Nina,Movie,R,2018,2019-03-18
s6117,All Dogs Go to Heaven,Movie,G,1989,2020-06-01
s6118,All Good Ones Get Away,Movie,TV-MA,2019,2019-07-30
s6119,All Hallows' Eve,Movie,TV-G,2016,2017-08-01
s6120,All Light Will End,Movie,TV-MA,2018,2019-02-02
s6121,All the Boys Love Mandy Lane,Movie,R,2006,2018-07-03
s6122,All the Devil's Men,Movie,R,2018,2019-05-15
s6123,Alone in Berlin,Movie,R,2016,2019-02-15
s6124,Along Came a Spider,Movie,R,2001,2019-10-01
s6125,Alpha and Omega 2: A Howl-iday Adventure,Movie,TV-G,2013,2019-10-01
s6126,Alpha and Omega: The Legend of the Saw Tooth Cave,Movie,TV-Y7,2014,2020-01-01
s6127,Alphablocks,TV Show,TV-Y,2014,2020-05-25
s6128,AlphaGo,Movie,TV-G,2017,2018-01-01
s6129,Always a Bridesmaid,Movie,TV-14,2019,2020-03-03
s6130,Amar Akbar & Tony,Movie,TV-MA,2015,2017-06-20
s6131,Amar Akbar Anthony,Movie,TV-14,1977,2019-12-31
s6132,Amar's Hands,Movie,TV-14,2011,2019-04-26
s6133,America's Book of Secrets,TV Show,TV-14,2014,2019-09-15
s6134,American Anarchist,Movie,TV-MA,2016,2017-06-23
s6135,American Assassin,Movie,R,2017,2020-01-31
s6136,American Beauty,Movie,R,1999,2020-01-01
s6137,American Circumcision,Movie,TV-14,2017,2018-12-16
s6138,American Crime,TV Show,TV-MA,2017,2017-05-30
s6139,American Experience: Ruby Ridge,Movie,TV-MA,2017,2017-04-19
s6140,American Experience: The Circus,TV Show,TV-PG,2018,2019-05-02
s6141,American Experience: The Island Murder,Movie,TV-14,2018,2019-05-01
s6142,American Hangman,Movie,TV-MA,2019,2019-07-30
s6143,American Heist,Movie,R,2014,2019-10-23
s6144,American History X,Movie,R,1998,2019-11-01
s6145,American Honey,Movie,R,2016,2019-04-27
s6146,American Masters: Ted Williams,Movie,TV-MA,2018,2019-04-01
s6147,American Odyssey,TV Show,TV-14,2015,2016-04-05
s6148,American Psycho,Movie,R,2000,2019-09-01
s6149,American Warfighter,Movie,TV-MA,2019,2019-09-13
s6150,Amy,Movie,R,2015,2018-07-26
s6151,An American in Madras,Movie,TV-PG,2013,2017-01-01
s6152,An American Tail,Movie,G,1986,2018-04-01
s6153,An American Tail: Fievel Goes West,Movie,G,1991,2018-04-01
s6154,An American Tail: The Mystery of the Night Monster,Movie,G,1999,2018-04-01
s6155,An American Tail: The Treasures of Manhattan Island,Movie,G,2000,2018-04-01
s6156,An Hour and a Half,Movie,TV-14,2012,2019-04-26
s6157,An Innocent Mistake,TV Show,TV-14,2012,2017-01-01
s6158,An Interview with God,Movie,TV-PG,2018,2019-03-01
s6159,An Upper Egyptian,Movie,TV-MA,2014,2019-06-20
s6160,Anarkali of Aarah,Movie,TV-MA,2017,2017-08-01
s6161,Anchor and Hope,Movie,TV-MA,2017,2019-02-15
s6162,Ancient Aliens,TV Show,TV-14,2018,2019-09-17
s6163,Anesthesia,Movie,R,2015,2018-12-30
s6164,Angel Eyes,Movie,R,2001,2020-09-05
s6165,Anger Management,Movie,PG-13,2003,2019-11-01
s6166,Angry Indian Goddesses,Movie,TV-MA,2015,2017-03-14
s6167,Anjaan: Rural Myths,TV Show,TV-14,2018,2018-12-15
s6168,Anjaan: Special Crimes Unit,TV Show,TV-14,2018,2018-05-01
s6169,Ankur Arora Murder Case,Movie,TV-14,2013,2017-10-15
s6170,Annabelle Hooper and the Ghosts of Nantucket,Movie,TV-PG,2016,2017-08-01
s6171,Another Forever,Movie,TV-PG,2016,2017-03-21
s6172,Ant-Man and the Wasp,Movie,PG-13,2018,2019-01-29
s6173,Antar: Son of Shadad,Movie,TV-MA,2017,2019-05-09
s6174,Antariksha Ke Rakhwale,Movie,TV-Y7,2018,2019-06-18
s6175,Anthony Bourdain: Parts Unknown,TV Show,TV-PG,2018,
s6176,Antidote,Movie,TV-MA,2018,2019-04-14
s6177,Anwar,Movie,TV-14,2007,2019-12-31
s6178,忍者ハットリくん,TV Show,TV-Y7,2012,
s6179,Apache Warrior,Movie,TV-MA,2017,2019-11-01
s6180,APEX: The Story of the Hypercar,Movie,NR,2016,2016-08-01
s6181,Apollo 18,Movie,PG-13,2011,2019-03-09
s6182,April and the Extraordinary World,Movie,PG,2015,2017-10-01
s6183,"Aram, Aram",Movie,TV-14,2015,2017-02-15
s6184,Are We Done Yet?,Movie,TV-14,2018,2019-08-01
s6185,Arisan 2,Movie,TV-14,2011,2018-09-15
s6186,Arthur,Movie,PG-13,2011,2019-04-01
s6187,Arthur Christmas,Movie,PG,2011,2020-01-01
s6188,"As Above, So Below",Movie,R,2014,2018-09-16
s6189,As Good as It Gets,Movie,PG-13,1997,2020-01-01
s6190,Assimilate,Movie,TV-MA,2019,2019-10-25
s6191,Asura: The City of Madness,Movie,NR,2016,2018-02-15
s6192,At All Costs,Movie,TV-MA,2016,2016-12-14
s6193,At First Light,Movie,TV-14,2018,2018-12-27
s6194,ATM,Movie,TV-14,2012,2018-09-05
s6195,Atomic Puppet,TV Show,TV-Y7,2016,2017-12-01
s6196,Attacking the Devil: Harold Evans and the Last Nazi War Crime,Movie,TV-14,2014,2016-05-15
s6197,Attitude Test,Movie,TV-14,2016,2018-08-19
s6198,Auschwitz: Blueprints of Genocide,Movie,TV-PG,1994,2019-01-19
s6199,Aussie Gold Hunters,TV Show,TV-MA,2016,2017-08-01
s6200,Automata,Movie,R,2014,2017-09-08
s6201,Avengers: Infinity War,Movie,PG-13,2018,2018-12-25
s6202,Avicii: True Stories,Movie,TV-MA,2017,2018-12-28
s6203,Azhar,Movie,TV-14,2016,2019-04-12
s6204,B.A. Pass,Movie,TV-14,2013,2018-06-07
s6205,Babam ve Oğlum,Movie,TV-14,2005,2018-04-30
s6206,Babel,Movie,R,2006,2019-01-01
s6207,Bachelor Girls,Movie,TV-MA,2016,2018-03-01
s6208,Back and Forth,Movie,NR,2016,2017-01-05
s6209,Backcountry,Movie,NR,2014,2017-03-30
s6210,Backfire,Movie,TV-MA,2019,2019-04-05
s6211,Backtrack,Movie,R,2015,2018-12-25
s6212,Bad Boys,Movie,R,1995,2019-10-01
s6213,Bad Boys II,Movie,R,2003,2019-10-01
s6214,Bad Education,TV Show,TV-MA,2014,
s6215,Bad Match,Movie,TV-MA,2017,2018-03-11
s6216,Bad Rap,Movie,TV-MA,2016,2017-08-21
s6217,Badalte Rishton Ki Dastaan,TV Show,TV-14,2013,2017-04-01
s6218,Badha,Movie,TV-14,2006,2018-01-01
s6219,Badland,Movie,TV-14,2019,2020-03-26
s6220,Bala Loca,TV Show,TV-MA,2016,2017-04-01
s6221,Balto,Movie,G,1995,2018-04-01
s6222,Balto 2: Wolf Quest,Movie,G,2001,2018-04-01
s6223,Balto 3: Wings of Change,Movie,G,2004,2018-04-01
s6224,Balu Mahi,Movie,TV-MA,2017,2018-03-01
s6225,Bana Masal Anlatma,Movie,TV-14,2015,2017-03-10
s6226,Band Aid,Movie,R,2017,2019-04-12
s6227,Band of Robbers,Movie,NR,2015,2016-04-15
s6228,Bang Rajan 2,Movie,TV-MA,2010,2018-07-25
s6229,Bangkok Bachelors,TV Show,TV-MA,2016,2018-06-04
s6230,Bangkok Hell,Movie,TV-MA,2002,2018-09-14
s6231,Bangkok Traffic (Love) Story,Movie,TV-14,2009,2018-09-05
s6232,Barça Dreams,Movie,TV-MA,2015,2018-09-01
s6233,Barah Aana,Movie,TV-14,2009,2019-12-31
s6234,Barbecue,Movie,TV-MA,2017,2017-08-15
s6235,Barbie & Her Sisters in a Pony Tale,Movie,TV-Y,2013,2017-10-01
s6236,Barbie in A Mermaid Tale,Movie,TV-Y,2010,2017-10-01
s6237,Barbie in Princess Power,Movie,TV-Y,2015,2017-10-01
s6238,Barbie in Rock 'N Royals,Movie,TV-Y,2015,2017-10-01
s6239,Barbie Star Light Adventure,Movie,TV-Y,2016,2017-10-01
s6240,Barbie: A Fairy Secret,Movie,TV-Y7,2010,2017-10-01
s6241,Barbie: Princess Charm School,Movie,TV-Y,2011,2017-10-01
s6242,Barbie: Spy Squad,Movie,TV-Y,2016,2017-10-01
s6243,Barbie: The Princess & the Popstar,Movie,TV-Y,2012,2017-10-01
s6244,Barbie: Video Game Hero,Movie,TV-Y,2017,2017-10-01
s6245,Barely Lethal,Movie,PG-13,2015,2018-07-26
s6246,Barrio Universitario,Movie,TV-14,2013,2018-08-19
s6247,Barsaat,Movie,TV-PG,1995,2018-04-01
s6248,BASEketball,Movie,R,1998,2018-11-01
s6249,Basic Instinct,Movie,R,1992,2020-10-01
s6250,Bat Pat,TV Show,TV-Y,2016,2017-12-31
s6251,Bates Motel,TV Show,TV-MA,2017,2018-02-20
s6252,Bathtubs Over Broadway,Movie,PG-13,2018,2019-05-09
s6253,Battle Creek,TV Show,TV-14,2015,2015-12-31
s6254,Battlefield Recovery,TV Show,TV-PG,2016,2016-08-01
s6255,Bawarchi,Movie,TV-PG,1972,2019-12-31
s6256,Bazaar,Movie,TV-14,1982,2019-12-31
s6257,Be Here Now,Movie,TV-MA,2015,2017-02-28
s6258,Be Somebody,Movie,PG,2016,2019-11-20
s6259,Be-Be-Bears,TV Show,TV-Y,2018,2018-08-29
s6260,Beak & Brain: Genius Birds From Down Under,Movie,TV-G,2013,2017-03-01
s6261,Bean: The Ultimate Disaster Movie,Movie,PG-13,1997,2018-08-01
s6262,Beary Tales,Movie,TV-G,2013,2017-03-01
s6263,Beast Legends,TV Show,TV-PG,2010,2019-02-01
s6264,Beating Again,TV Show,TV-14,2015,2017-05-22
s6265,Beauty & the Beast,TV Show,TV-14,2016,2016-09-19
s6266,Beauty and the Bitches,TV Show,TV-MA,2016,2019-04-23
s6267,Beavis and Butt-head Do America,Movie,PG-13,1996,2019-11-20
s6268,Bebe's Kids,Movie,PG-13,1992,2019-11-20
s6269,Because of Soccer,Movie,TV-14,2008,2018-12-08
s6270,Because We're Heading Out,Movie,TV-14,2016,2019-04-18
s6271,Becoming Jane,Movie,PG-13,2007,2019-01-12
s6272,Bedtime Stories,Movie,PG,2008,2019-03-05
s6273,Before the Flood,Movie,PG,2016,2018-02-01
s6274,"Behind ""The Cove"": The Quiet Japanese Speak Out",Movie,TV-14,2015,2017-08-25
s6275,Behind the Curtain: Todrick Hall,Movie,TV-MA,2017,2018-04-05
s6276,Behind the Newsroom,TV Show,TV-MA,2015,2018-09-14
s6277,Behzat Ç.,TV Show,TV-MA,2010,2017-05-19
s6278,Beiimaan Love,Movie,TV-MA,2016,2017-11-01
s6279,Being AP,Movie,TV-14,2015,2016-08-15
s6280,Being Mary Jane: The Series,TV Show,TV-14,2016,
s6281,Below Her Mouth,Movie,TV-MA,2016,2017-08-01
s6282,Ben 10,TV Show,TV-Y7,2016,2018-09-30
s6283,Beneath the Leaves,Movie,TV-MA,2019,2019-06-08
s6284,Benji: Off the Leash,Movie,PG,2004,2018-03-06
s6285,Benji's Very Own Christmas Story,Movie,TV-G,1978,2018-10-03
s6286,Berlin Kaplani,Movie,TV-14,2012,2017-03-10
s6287,"Berlin, I Love You",Movie,R,2019,2019-06-08
s6288,Best Neighbors,Movie,TV-14,2014,2019-06-06
s6289,Betting on Zero,Movie,TV-PG,2017,2017-06-01
s6290,Bewafaa,Movie,TV-PG,2005,2019-07-21
s6291,Bewildered Bolbol,Movie,TV-14,2010,2019-06-20
s6292,Beyblade: Metal Fusion,TV Show,TV-Y7,2009,2017-12-15
s6293,Beyond All Boundaries,Movie,TV-14,2013,2017-04-01
s6294,Beyond the Clouds,Movie,TV-14,2018,2018-08-10
s6295,Bh Se Bhade,TV Show,TV-PG,2013,2018-04-01
s6296,Bhaage Re Mann,TV Show,TV-14,2015,2017-04-15
s6297,Bhagam Bhag,Movie,TV-14,2006,2019-12-31
s6298,Bheemayan,Movie,TV-Y,2018,2019-05-10
s6299,Bhool Bhulaiyaa,Movie,TV-14,2007,2017-10-22
s6300,Bhoot,Movie,TV-MA,2003,2019-12-31
s6301,Bhouri,Movie,TV-14,2017,2017-12-01
s6302,Big Bad Beetleborgs,TV Show,TV-G,1997,2016-01-01
s6303,Big Bear,Movie,TV-MA,2017,2018-02-28
s6304,Big Daddy,Movie,PG-13,1999,2020-10-01
s6305,"Big Dreams, Small Spaces",TV Show,TV-G,2017,
s6306,Big Fat Liar,Movie,PG,2002,2020-01-15
s6307,Big Kill,Movie,R,2018,2019-06-18
s6308,Big Time,Movie,TV-MA,2017,2018-04-01
s6309,Bigger Fatter Liar,Movie,PG,2017,2017-04-18
s6310,Biggie & Tupac,Movie,R,2002,2019-01-26
s6311,Bill Burr: Let It Go,Movie,NR,2010,2017-11-10
s6312,Billy Elliot,Movie,R,2000,2019-02-01
s6313,Billy Graham: An Extraordinary Journey,Movie,TV-PG,2018,2019-02-28
s6314,Bilu Rakkhosh,Movie,TV-MA,2017,2018-03-15
s6315,Bioscope,Movie,TV-14,2015,2018-08-15
s6316,Birthmarked,Movie,TV-MA,2018,2018-06-28
s6317,Bitch,Movie,R,2017,2018-03-11
s6318,Bitcoin Heist,Movie,TV-14,2016,2017-09-02
s6319,Bitten,TV Show,TV-MA,2016,
s6320,Bitter Daisies,TV Show,TV-MA,2018,2019-03-29
s6321,Bittoo Boss,Movie,TV-14,2012,2020-07-05
s6322,Black & Privileged: Volume 1,Movie,TV-MA,2019,2019-07-12
s6323,Black Hawk Down,Movie,R,2001,2019-01-01
s6324,Black Heart,TV Show,TV-14,2014,2018-10-12
s6325,Black Man White Skin,Movie,TV-PG,2015,2016-06-01
s6326,Black Panther,Movie,PG-13,2018,2018-09-04
s6327,Black Site Delta,Movie,TV-MA,2017,2017-08-09
s6328,Black Snake Moan,Movie,R,2007,2019-11-20
s6329,Black Snow,Movie,TV-MA,2017,2017-07-01
s6330,Blackfish,Movie,PG-13,2013,2020-05-01
s6331,Blackway,Movie,PG-13,2015,2017-12-15
s6332,Blaze,Movie,R,2018,2020-08-30
s6333,Bleed for This,Movie,R,2016,2020-04-11
s6334,Blinky Bill: The Movie,Movie,PG,2015,2017-02-08
s6335,Blockbuster,Movie,TV-MA,2017,2018-01-24
s6336,Blood & Treasures,TV Show,TV-14,2016,2018-07-14
s6337,Blood Father,Movie,R,2016,2020-03-26
s6338,Blow,Movie,R,2001,2019-10-01
s6339,Blue Is the Warmest Color,Movie,NC-17,2013,2016-08-26
s6340,Blue Jasmine,Movie,PG-13,2013,2019-03-08
s6341,Blue Mountain State: The Rise of Thadland,Movie,R,2016,2016-03-01
s6342,Blue Planet II,TV Show,TV-G,2017,2018-12-03
s6343,Blue Ruin,Movie,R,2013,2019-02-25
s6344,Blue Streak,Movie,PG-13,1999,2021-01-01
s6345,Blue Valentine,Movie,R,2010,2018-07-05
s6346,Blurred Lines: Inside the Art World,Movie,TV-MA,2017,2017-12-31
s6347,Bob Lazar: Area 51 & Flying Saucers,Movie,TV-MA,2018,2019-06-18
s6348,Bob Ross: Beauty Is Everywhere,TV Show,TV-G,1991,2016-06-01
s6349,Bob's Broken Sleigh,Movie,TV-G,2015,2015-12-17
s6350,Bobbi Jene,Movie,TV-MA,2017,2018-06-01
s6351,Bobby,Movie,TV-14,1973,2019-12-31
s6352,Bobby Robson: More Than a Manager,Movie,TV-14,2018,2018-12-01
s6353,Bobby Sands: 66 Days,Movie,TV-14,2016,2017-09-28
s6354,Bokeh,Movie,TV-14,2017,2017-06-22
s6355,Bolt,Movie,PG,2008,2018-07-22
s6356,Bombshell: The Hedy Lamarr Story,Movie,TV-14,2017,2018-05-31
s6357,Bon Bini Holland,Movie,TV-MA,2015,2016-09-01
s6358,Bondi Rescue,TV Show,TV-PG,2016,
s6359,Bonnie and Clyde,Movie,R,1967,2021-01-01
s6360,Boom,Movie,TV-MA,2003,2018-03-01
s6361,Border Patrol,TV Show,TV-PG,2016,2019-10-02
s6362,Borderline,TV Show,TV-14,2017,
s6363,Born Strong,Movie,TV-MA,2017,2017-12-31
s6364,Born to Be Free,Movie,TV-14,2016,2017-04-01
s6365,Botched Up Bodies,TV Show,TV-MA,2013,2019-10-02
s6366,Bottom of the World,Movie,TV-MA,2017,2020-05-28
s6367,Boy and the World,Movie,PG,2013,2017-10-01
s6368,Boy Bye,Movie,TV-MA,2016,2019-04-02
s6369,Brain Games,TV Show,TV-G,2016,
s6370,Brampton's Own,Movie,TV-MA,2018,2019-04-19
s6371,Bratz: The Movie,Movie,PG,2007,2020-06-29
s6372,Brave Miss World,TV Show,TV-14,2013,2018-02-17
s6373,Brave New Jersey,Movie,TV-MA,2016,2017-12-15
s6374,Braxton Family Values,TV Show,TV-PG,2014,2020-02-15
s6375,Breaking Free,Movie,TV-MA,2015,2017-12-15
s6376,Breath,Movie,TV-MA,2018,2018-12-05
s6377,Brick,Movie,R,2005,2018-09-01
s6378,Bring It On: Worldwide Showdown,Movie,PG-13,2017,2017-08-29
s6379,Bringing Sexy Back,TV Show,TV-14,2015,2019-10-02
s6380,Brooklyn's Finest,Movie,R,2009,2018-10-01
s6381,Brotherhood of Blades II: The Infernal Battlefield,Movie,TV-MA,2017,2018-11-28
s6382,Brown Nation,TV Show,TV-14,2016,2016-11-15
s6383,Bruno and Boots: Go Jump in the Pool,Movie,TV-PG,2016,2017-06-24
s6384,Bruno and Boots: The Wizzle War,Movie,TV-PG,2017,2017-07-01
s6385,Bruno and Boots: This Can't Be Happening at Macdonald Hall,Movie,TV-PG,2017,2017-06-24
s6386,Buddha,TV Show,TV-PG,2013,2018-04-01
s6387,Buffalo Boys,Movie,TV-MA,2018,2019-04-12
s6388,Bugs,Movie,TV-G,2016,2018-02-20
s6389,Bullitt County,Movie,TV-MA,2018,2019-06-01
s6390,"Bure Kaam Bura Natija, Kyun Bhai Chacha Haan Bhatija",TV Show,TV-PG,2017,2018-03-31
s6391,Burlesque,Movie,PG-13,2010,2019-12-16
s6392,Burlesque: Heart of the Glitter Tribe,Movie,TV-MA,2017,2017-06-01
s6393,Burning,Movie,TV-MA,2018,2019-04-29
s6394,Burnistoun,TV Show,TV-MA,2012,
s6395,Bushwick,Movie,TV-MA,2017,2017-11-24
s6396,Butterfield 8,Movie,TV-14,1960,2019-11-01
s6397,Cézanne et moi,Movie,R,2016,2017-09-07
s6398,Cabin Fever,Movie,R,2016,2019-06-06
s6399,Cabins in the Wild with Dick Strawbridge,TV Show,TV-PG,2017,2018-09-15
s6400,Cahaya Dari Timur Beta Maluku,Movie,TV-14,2014,2018-10-05
s6401,Caida del Cielo,Movie,TV-MA,2016,2017-01-20
s6402,Cain and Abel,TV Show,TV-MA,2009,2019-03-12
s6403,Cake,Movie,TV-MA,2018,2019-05-15
s6404,Calendar Girls,Movie,TV-14,2015,2017-10-15
s6405,Calico Critters,TV Show,TV-Y,2018,2018-11-01
s6406,Calico Critters: A Town of Dreams,Movie,TV-Y,2017,2018-11-01
s6407,Calico Critters: The Treasure of Calico Village,Movie,TV-Y,2017,2018-11-01
s6408,Call Me Francis,TV Show,TV-14,2016,2016-12-16
s6409,Camelia la Texana,TV Show,TV-14,2014,2017-02-01
s6410,Camera Store,Movie,TV-MA,2016,2017-08-20
s6411,Camp Cool Kids,Movie,TV-G,2017,2018-01-01
s6412,Camp X,TV Show,TV-MA,2014,2019-02-01
s6413,Camp X-Ray,Movie,R,2014,2017-01-14
s6414,Can We Get Married?,TV Show,TV-14,2012,2017-05-22
s6415,Can't Hardly Wait,Movie,PG-13,1998,2021-01-01
s6416,Candyman,Movie,R,1992,2019-10-01
s6417,Cannabis,TV Show,TV-MA,2016,2016-12-15
s6418,Capital in the Twenty-First Century,Movie,TV-14,2019,2020-09-08
s6419,Cappuccino,Movie,TV-PG,2017,2018-07-01
s6420,Cardboard Gangsters,Movie,TV-MA,2016,2018-09-15
s6421,Care Bears: Welcome to Care-a-Lot,TV Show,TV-Y,2012,2019-08-02
s6422,Caregiver,Movie,TV-14,2008,2019-03-05
s6423,Carol,Movie,R,2015,2020-10-20
s6424,Carrie,Movie,R,1976,2019-06-01
s6425,Carriers,Movie,PG-13,2009,2019-11-20
s6426,Casa de mi Padre,Movie,R,2012,2012-11-14
s6427,Case Closed,TV Show,TV-14,2015,2019-01-04
s6428,Casino Royale,Movie,PG-13,2006,2020-08-31
s6429,Casino Tycoon,Movie,TV-MA,1992,2018-08-01
s6430,Casino Tycoon 2,Movie,TV-MA,1992,2018-08-16
s6431,Castle of Stars,TV Show,TV-MA,2015,2018-09-07
s6432,Cat on a Hot Tin Roof,Movie,NR,1958,2019-11-01
s6433,Catching the Sun,Movie,TV-14,2015,2016-04-22
s6434,Cats & Dogs: The Revenge of Kitty Galore,Movie,PG,2010,2019-02-01
s6435,Catwalk: Tales from the Cat Show Circuit,Movie,TV-PG,2018,2019-01-07
s6436,Cave,Movie,TV-MA,2016,2017-06-15
s6437,Celluloid Man,Movie,TV-PG,2012,2017-04-01
s6438,Center Stage,Movie,PG-13,2000,2020-01-01
s6439,Chaar Sahibzaade,Movie,TV-PG,2014,2018-11-01
s6440,Chal Dhar Pakad,Movie,TV-14,2010,2018-03-15
s6441,Chal Mere Bhai,Movie,TV-14,2000,2019-12-31
s6442,Chalay Thay Saath,Movie,TV-14,2017,2018-05-15
s6443,Chandani: The Daughter of the Elephant Whisperer,Movie,TV-G,2010,2017-03-01
s6444,Change in the Air,Movie,PG,2018,2020-03-01
s6445,Chaotic Love Poems,Movie,TV-14,2016,2019-01-05
s6446,Chappaquiddick,Movie,PG-13,2017,2018-10-01
s6447,Charlie and the Chocolate Factory,Movie,PG,2005,2020-01-01
s6448,Charlie's Angels: Full Throttle,Movie,PG-13,2003,2019-10-01
s6449,Charlotte's Web,Movie,G,1973,2019-11-23
s6450,Chashme Buddoor,Movie,TV-PG,2013,2017-05-01
s6451,Chasing Amy,Movie,R,1997,2020-01-01
s6452,Chasing Monsters,TV Show,TV-PG,2016,
s6453,Chasing the Dragon,Movie,TV-MA,2017,2018-04-19
s6454,Chasing Trane,Movie,TV-PG,2016,2017-11-13
s6455,Chauthi Koot,Movie,TV-14,2015,2017-02-01
s6456,Cheapest Weddings,TV Show,TV-14,2016,2017-12-01
s6457,Cheers,TV Show,TV-PG,1992,
s6458,Chef & My Fridge,TV Show,TV-PG,2017,
s6459,Chernobyl Diaries,Movie,R,2012,2018-08-01
s6460,Chewin' the Fat,TV Show,TV-14,1999,2016-10-01
s6461,Chewing Gum,TV Show,TV-MA,2017,
s6462,Chhota Bheem Aur Kaala Yodha,Movie,TV-Y7,2018,2019-05-10
s6463,Chhota Bheem Ka Romani Adventure,Movie,TV-Y7,2018,2019-05-10
s6464,Chhota Bheem Ka Troll Se Takkar,Movie,TV-Y7,2018,2019-05-10
s6465,Chhota Bheem Kungfu Dhamaka,Movie,TV-Y7,2019,2019-08-15
s6466,Chicken Kokkachi,Movie,TV-14,2017,2018-07-01
s6467,Chicken Little,Movie,G,2005,2016-03-16
s6468,Chief Daddy,Movie,TV-MA,2018,2019-03-15
s6469,Child's Play,Movie,R,1988,2019-12-31
s6470,Chill with Bob Ross,TV Show,TV-G,1994,2016-12-01
s6471,China Salesman,Movie,TV-MA,2017,2018-09-24
s6472,Chingo Bling: They Can't Deport Us All,Movie,TV-MA,2017,2017-06-01
s6473,Chittagong,Movie,NR,2012,2018-01-01
s6474,Chitty Chitty Bang Bang,Movie,G,1968,2020-01-01
s6475,Chloe,Movie,R,2009,2020-01-01
s6476,Chris Brown: Welcome to My Life,Movie,TV-MA,2017,2017-10-07
s6477,Christian Mingle,Movie,PG,2014,2019-06-06
s6478,Christiane Amanpour: Sex & Love Around the World,TV Show,TV-MA,2018,2018-09-30
s6479,Christmas Crush,Movie,TV-PG,2012,2019-11-04
s6480,Christmas in the Smokies,Movie,TV-G,2015,2019-03-01
s6481,Christmas with the Kranks,Movie,PG,2004,2019-01-01
s6482,Christopher Robin,Movie,PG,2018,2019-03-05
s6483,Chronicle of an Escape,Movie,R,2006,2018-06-15
s6484,Chuck Chicken,TV Show,TV-Y7,2017,2017-11-15
s6485,Chupan Chupai,Movie,TV-14,2017,2019-01-15
s6486,Chupke Chupke,Movie,TV-PG,1975,2019-12-31
s6487,Cirque du Freak: The Vampire's Assistant,Movie,PG-13,2009,2018-04-16
s6488,City in the Sky,TV Show,TV-PG,2016,2017-10-01
s6489,City of God,Movie,R,2002,2020-01-01
s6490,City of Tiny Lights,Movie,TV-MA,2016,2017-07-21
s6491,Civilizations,TV Show,TV-14,2018,2018-10-01
s6492,Clarence Clemons: Who Do I Think I Am?,Movie,TV-MA,2019,2019-11-14
s6493,Clash of the Titans,Movie,PG-13,2010,2019-08-01
s6494,Class of '61,Movie,TV-PG,1993,2018-04-01
s6495,Class Rank,Movie,TV-MA,2018,2018-09-18
s6496,Classic Legends,TV Show,TV-PG,2012,2017-05-15
s6497,Cleopatra Jones,Movie,PG,1973,2019-11-01
s6498,Click,Movie,PG-13,2006,2020-01-01
s6499,Click for Murder,TV Show,TV-14,2017,2017-09-17
s6500,Clive Davis: The Soundtrack of Our Lives,Movie,TV-MA,2017,2019-09-17
s6501,Closed Circuit,Movie,R,2013,2017-10-16
s6502,Cloud Atlas,Movie,R,2012,2017-08-01
s6503,Clouds of Sils Maria,Movie,R,2014,2017-02-12
s6504,Cloverfield,Movie,PG-13,2008,2020-01-01
s6505,Club Friday The Series 6,TV Show,TV-MA,2015,2019-03-09
s6506,Club Friday The Series 7,TV Show,TV-MA,2016,2018-06-18
s6507,Club Friday The Series 8,TV Show,TV-MA,2017,2019-02-02
s6508,Club Friday To Be Continued - Friend & Enemy,TV Show,TV-MA,2016,2018-04-20
s6509,Club Friday To Be Continued - My Beautiful Tomboy,TV Show,TV-MA,2016,2018-04-13
s6510,Club Friday To Be Continued - The Promise,TV Show,TV-MA,2016,2018-04-20
s6511,Coach Carter,Movie,PG-13,2005,2020-01-01
s6512,Code Name: The Cleaner,Movie,PG-13,2007,2019-11-01
s6513,Coffee with D,Movie,TV-PG,2017,2017-11-01
s6514,Cold Case Files,TV Show,TV-14,2017,2019-09-15
s6515,Cold Case Files Classic,TV Show,TV-MA,1999,2020-09-15
s6516,Colkatay Columbus,Movie,TV-14,2016,2017-03-30
s6517,Colonia,Movie,R,2015,2018-07-14
s6518,Colours of Passion,Movie,TV-14,2008,2018-05-25
s6519,Come and Find Me,Movie,R,2016,2019-09-18
s6520,Comedy Bang! Bang!,TV Show,TV-14,2016,
s6521,Comedy High School,TV Show,TV-14,2018,2018-07-01
s6522,Command and Control,Movie,TV-PG,2017,2017-05-15
s6523,Company,Movie,TV-MA,2002,2018-03-01
s6524,Compulsion,Movie,TV-MA,2016,2018-10-04
s6525,Conan Without Borders,TV Show,TV-14,2018,2018-12-31
s6526,Concrete Football,Movie,TV-MA,2016,2017-09-01
s6527,Concussion,Movie,R,2013,2018-08-02
s6528,Conjuring Spirit,Movie,TV-MA,2014,2018-08-28
s6529,Conor McGregor: Notorious,Movie,R,2017,2018-03-21
s6530,Consequences ,Movie,TV-MA,2014,2019-10-25
s6531,Contract,Movie,TV-14,2008,2019-03-02
s6532,Convict,Movie,TV-14,2014,2019-06-13
s6533,Cooking on High,TV Show,TV-MA,2018,2018-06-22
s6534,Cool Hand Luke,Movie,TV-14,1967,2021-01-01
s6535,Cop and a Half: New Recruit,Movie,PG,2017,2017-08-17
s6536,Cop Watchers,Movie,TV-MA,2016,2017-08-01
s6537,Coraline,Movie,PG,2009,2017-03-16
s6538,Counterfeiting in Suburbia,Movie,TV-14,2018,2018-07-01
s6539,Court Justice,TV Show,TV-MA,2017,2019-10-02
s6540,Covered: Alive in Asia,Movie,TV-G,2016,2016-03-31
s6541,Crash,Movie,R,2004,2019-10-01
s6542,CRD,Movie,TV-MA,2016,2019-04-29
s6543,Crime Time,TV Show,TV-MA,2017,2019-01-31
s6544,"Crouching Tiger, Hidden Dragon",Movie,PG-13,2000,2019-03-01
s6545,Cult of Chucky,Movie,R,2017,2017-10-03
s6546,Cutie and the Boxer,Movie,R,2013,2018-06-14
s6547,Daagdi Chaawl,Movie,TV-14,2015,2018-02-15
s6548,Dabbe 6: The Return,Movie,TV-MA,2015,2019-04-17
s6549,Dad,Movie,PG,1989,2018-04-01
s6550,Dad's Army,TV Show,TV-PG,1977,
s6551,Daddy Day Care,Movie,PG,2003,2019-01-01
s6552,Daddy Issues,Movie,TV-MA,2019,2019-09-20
s6553,Daemonium,Movie,NR,2015,2016-12-20
s6554,Daffedar,Movie,TV-14,2017,2018-07-01
s6555,Dagh Ujala,Movie,TV-MA,2015,2018-04-01
s6556,Dallas Buyers Club,Movie,R,2013,2018-01-16
s6557,Dance Academy,TV Show,TV-PG,2013,2017-12-20
s6558,Dance Academy: The Comeback,Movie,TV-PG,2017,2018-07-02
s6559,Dancing Quietly,Movie,TV-MA,2016,2017-04-01
s6560,Dandy,TV Show,TV-MA,2016,2018-03-31
s6561,Dangerous Roads,TV Show,TV-MA,2012,
s6562,Danny Says,Movie,TV-MA,2015,2017-03-02
s6563,Dante's Peak,Movie,PG-13,1997,2019-09-01
s6564,Dare to Be Wild,Movie,TV-PG,2015,2018-04-01
s6565,Dark Chocolate (Bengali Version),Movie,TV-MA,2016,2017-12-15
s6566,Dark Crimes,Movie,R,2016,2019-10-15
s6567,Dark Places,Movie,R,2015,2018-07-26
s6568,Darna Mana Hai,Movie,TV-MA,2003,2019-08-01
s6569,Darr Sabko Lagta Hai,TV Show,TV-MA,2015,2018-03-01
s6570,Darra,Movie,TV-14,2016,2017-10-15
s6571,Daughters of the Dust,Movie,NR,1991,2017-06-10
s6572,Day and Night,TV Show,TV-MA,2017,2018-03-23
s6573,Days We Stared at the Sun,TV Show,TV-MA,2017,2018-03-31
s6574,Dayveon,Movie,TV-MA,2017,2018-01-11
s6575,De Film van Dylan Haegens,Movie,TV-PG,2018,2019-04-17
s6576,De Palma,Movie,R,2015,2018-11-21
s6577,Dead in a Week (Or Your Money Back),Movie,TV-MA,2018,2019-03-01
s6578,Deadline: Sirf 24 Ghante,Movie,TV-14,2006,2019-12-31
s6579,Deadly Scholars,Movie,TV-14,2018,2019-02-15
s6580,Dean,Movie,PG-13,2016,2020-03-15
s6581,Dear Dad,Movie,TV-14,2016,2019-03-02
s6582,Dear Dracula,Movie,TV-Y7-FV,2012,2016-02-18
s6583,Dear Santa,Movie,TV-PG,2011,2019-11-04
s6584,Death at a Funeral,Movie,R,2010,2020-08-01
s6585,Death House,Movie,R,2017,2019-05-05
s6586,Deathgrip,Movie,TV-MA,2017,2018-03-01
s6587,Deep Undercover Collection,TV Show,TV-MA,2017,2018-07-20
s6588,Deep Water,TV Show,TV-MA,2016,2017-07-01
s6589,Deewangee,Movie,TV-MA,2002,2020-01-03
s6590,Defying the Nazis: The Sharps' War,Movie,TV-14,2016,2017-05-01
s6591,Delirium,Movie,R,2018,2018-09-01
s6592,Democrats,Movie,NR,2014,2016-04-25
s6593,Den of Thieves,Movie,R,2018,2020-05-01
s6594,Denis Leary: No Cure For Cancer,Movie,R,1992,2017-08-08
s6595,Desolate,Movie,TV-MA,2018,2020-02-06
s6596,Desolation,Movie,TV-MA,2017,2018-05-08
s6597,Detention Letter,Movie,TV-14,2017,2019-08-05
s6598,Detour,Movie,R,2016,2017-05-25
s6599,Deviant Love,Movie,TV-14,2019,2019-09-13
s6600,Devil's Bride,Movie,TV-MA,2016,2017-06-01
s6601,Devil's Gate,Movie,TV-MA,2017,2020-07-16
s6602,Devlok with Devdutt Pattanaik,TV Show,TV-PG,2017,2018-10-15
s6603,Devrai,Movie,TV-PG,2004,2018-01-01
s6604,Dexter,TV Show,TV-MA,2013,
s6605,Dhamaal,Movie,TV-14,2007,2019-12-31
s6606,Di Renjie zhi Sidatianwang,Movie,TV-14,2018,2019-02-06
s6607,Diana: 7 Days That Shook the World,Movie,TV-PG,2017,2017-07-28
s6608,Diana: In Her Own Words,Movie,TV-PG,2017,2017-12-01
s6609,Diary of a Chambermaid,Movie,NR,2015,2016-12-03
s6610,Die Another Day,Movie,PG-13,2002,2019-12-31
s6611,Dil Hai Tumhaara,Movie,TV-14,2002,2018-04-01
s6612,Dinner for Five,TV Show,TV-MA,2007,2008-02-04
s6613,Dinner for Schmucks,Movie,PG-13,2010,2020-01-01
s6614,Dino Hunt,TV Show,TV-G,2016,2017-08-04
s6615,Disciples Of The 36th Chamber,Movie,TV-14,1985,2018-08-16
s6616,Discovering Bigfoot,Movie,TV-MA,2017,2017-12-15
s6617,Dismissed,Movie,TV-14,2017,2018-02-19
s6618,District 9,Movie,R,2009,2019-11-04
s6619,Diva Brides,TV Show,TV-MA,2017,2019-10-02
s6620,Doctor Zhivago,Movie,PG-13,1965,2019-11-01
s6621,Dog Eat Dog,Movie,TV-MA,2016,2016-12-31
s6622,Dolphin Kick,Movie,TV-PG,2019,2019-06-05
s6623,Dolphin Tale 2,Movie,PG,2014,2019-02-25
s6624,Domino,Movie,R,2019,2019-09-28
s6625,Don Quixote: The Ingenious Gentleman of La Mancha,Movie,TV-14,2015,2018-01-05
s6626,Don Verdean,Movie,PG-13,2015,2020-03-01
s6627,Don't Be Afraid of the Dark,Movie,R,2010,2019-11-02
s6628,Don't Crack Under Pressure,Movie,TV-MA,2015,2020-06-12
s6629,Don't Crack Under Pressure II,Movie,TV-MA,2016,2020-06-12
s6630,Don't Crack Under Pressure III,Movie,TV-14,2017,2020-06-12
s6631,Don't Knock Twice,Movie,R,2016,2019-02-08
s6632,Don't Look Down,Movie,TV-MA,2016,2017-04-01
s6633,Don't Think Twice,Movie,R,2016,2017-05-01
s6634,Donnie Brasco,Movie,R,1997,2020-01-01
s6635,Doom,Movie,R,2005,2020-11-01
s6636,Doomsday Preppers,TV Show,TV-14,2013,2019-03-01
s6637,Doubles Cause Troubles,Movie,TV-14,1989,2018-08-01
s6638,Doubt,Movie,PG-13,2008,2019-03-07
s6639,Down The Fence,Movie,TV-PG,2017,2018-01-15
s6640,Dr. Seuss' The Cat in the Hat,Movie,PG,2003,2019-05-01
s6641,Dr. Seuss' The Grinch,Movie,PG,2018,2019-06-05
s6642,Dragonheart,Movie,PG-13,1996,2020-01-01
s6643,Dragonheart 3: The Sorcerer,Movie,PG-13,2015,2020-01-01
s6644,Dragonheart: A New Beginning,Movie,PG,2000,2020-01-01
s6645,Dragonheart: Battle for the Heartfire,Movie,PG-13,2017,2017-06-13
s6646,Dragonkala Ka Rahasya,Movie,TV-Y,2018,2019-06-18
s6647,Dramaworld,TV Show,TV-14,2016,2016-05-23
s6648,Dream Big: Engineering Our World,Movie,TV-G,2017,2018-07-01
s6649,Dream Boat,Movie,TV-MA,2017,2017-12-01
s6650,Dries,Movie,TV-PG,2017,2018-01-01
s6651,Driven to Dance,Movie,TV-PG,2018,2019-01-16
s6652,"Drugs, Inc.",TV Show,TV-MA,2015,2019-03-23
s6653,Dueños del paraíso,TV Show,TV-14,2015,2017-02-25
s6654,Dukhtar,Movie,TV-14,2014,2016-09-01
s6655,Dum,Movie,TV-14,2003,2018-03-01
s6656,Dumb and Dumberer: When Harry Met Lloyd,Movie,PG-13,2003,2019-10-01
s6657,E-Cigarettes: Miracle or Menace?,Movie,TV-14,2016,2019-02-01
s6658,Earth to Echo,Movie,PG,2014,2019-10-01
s6659,Earth to Luna!,TV Show,TV-Y,2014,2020-04-10
s6660,Earth's Natural Wonders,TV Show,TV-PG,2015,2017-03-01
s6661,Earth's Natural Wonders: Life at the Extremes,TV Show,TV-14,2018,2018-10-01
s6662,East Side Sushi,Movie,PG,2015,2020-09-15
s6663,Easy A,Movie,PG-13,2010,2020-11-01
s6664,Easy Fortune Happy Life,TV Show,TV-MA,2009,2016-09-01
s6665,Eat Pray Love,Movie,PG-13,2010,2019-09-10
s6666,Eddie Murphy: Delirious,Movie,TV-MA,1983,2018-04-15
s6667,Eeda,Movie,TV-14,2018,2018-09-15
s6668,Eh Janam Tumhare Lekhe,Movie,TV-14,2015,2017-12-01
s6669,Ek Cup Chya,Movie,TV-PG,2009,2018-03-15
s6670,Ek Hasina Thi,Movie,TV-MA,2004,2019-08-01
s6671,El último testigo,Movie,R,2012,2018-02-04
s6672,El Barco,TV Show,NR,2013,
s6673,El Cartel,TV Show,TV-MA,2008,2018-08-24
s6674,El Cartel 2,TV Show,TV-MA,2010,2018-08-24
s6675,El Chavo,TV Show,TV-PG,1979,2017-12-31
s6676,El Che,Movie,TV-14,2017,2017-10-15
s6677,El Clon,TV Show,TV-14,2010,2017-05-18
s6678,El fin de ETA,Movie,TV-14,2017,2017-04-08
s6679,El Vato,TV Show,TV-MA,2017,
s6680,El Viaje: Márama y Rombai,Movie,TV-PG,2016,2017-10-18
s6681,Elephants Dream 4 Hour,Movie,TV-MA,2006,2018-08-23
s6682,Elizabeth at 90: A Family Tribute,Movie,TV-G,2016,2017-05-22
s6683,Elizabeth Harvest,Movie,R,2019,2020-08-01
s6684,Elles étaient en guerre (1914-1918),Movie,TV-14,2014,2017-12-31
s6685,Elles étaient en guerre 1939-1945,Movie,TV-MA,2015,2018-03-01
s6686,Elles ont toutes une histoire,Movie,TV-PG,2016,2017-12-31
s6687,Elstree 1976,Movie,TV-PG,2015,2016-09-06
s6688,Emelie,Movie,TV-MA,2016,2018-08-02
s6689,Emma' (Mother),Movie,TV-PG,2016,2018-10-05
s6690,Emo the Musical,Movie,TV-MA,2016,2018-02-01
s6691,Emogenius,TV Show,TV-PG,2017,2018-12-15
s6692,Empire of Scents,Movie,TV-14,2014,2018-01-01
s6693,Employee of the Month,Movie,PG-13,2006,2020-10-01
s6694,Encerrados,TV Show,TV-MA,2018,2018-06-18
s6695,Encounter: The Killing,Movie,TV-14,2002,2019-12-31
s6696,Encounters with Evil,TV Show,TV-14,2016,2019-07-12
s6697,End of Watch,Movie,R,2012,2019-11-23
s6698,Enemigo íntimo,TV Show,TV-MA,2018,2018-08-08
s6699,Enemy,Movie,R,2013,2018-07-15
s6700,Enlighten Us,Movie,TV-14,2016,2017-01-18
s6701,Entanglement,Movie,TV-MA,2018,2018-12-09
s6702,Enter the Dragon,Movie,R,1973,2021-01-01
s6703,Equals,Movie,PG-13,2015,2018-10-28
s6704,Equilibrium,Movie,R,2002,2019-06-08
s6705,"Escape from the ""Liberty"" Cinema",Movie,TV-MA,1990,2019-10-01
s6706,Esperando La Carroza,Movie,NR,1985,2018-07-15
s6707,Estar o no estar,Movie,TV-14,2016,2017-01-14
s6708,Ethirmarai,Movie,TV-14,2018,2018-04-01
s6709,Euphoria,Movie,R,2018,2019-11-01
s6710,Eurovision Song Contest,TV Show,TV-PG,2019,2019-07-23
s6711,Evan Almighty,Movie,PG,2007,2019-04-16
s6712,Event Horizon,Movie,R,1997,2020-01-01
s6713,Every Time I Die,Movie,TV-MA,2019,2020-02-25
s6714,Everybody Knows,Movie,R,2019,2019-06-06
s6715,Everyday Miracles,TV Show,TV-PG,2014,2017-08-01
s6716,Evolution,Movie,PG-13,2001,2019-11-20
s6717,Ex Machina,Movie,R,2015,2018-07-26
s6718,Ex-Boyfriend,TV Show,TV-14,2011,2017-01-01
s6719,Exclusive Edition,TV Show,TV-14,2008,2017-08-14
s6720,Executive Decision,Movie,R,1996,2019-11-01
s6721,Exit Afghanistan,Movie,TV-MA,2013,2016-07-01
s6722,Exit Strategy,Movie,NR,2012,2019-03-03
s6723,Exit Wounds,Movie,R,2001,2019-10-01
s6724,Expo,Movie,TV-14,2019,2019-08-29
s6725,Extras,TV Show,TV-MA,2006,2017-03-31
s6726,Eyyvah Eyyvah,Movie,TV-MA,2010,2017-03-10
s6727,Eyyvah Eyyvah 2,Movie,TV-PG,2011,2017-03-10
s6728,Eyyvah Eyyvah 3,Movie,TV-PG,2014,2017-03-10
s6729,Ezel,TV Show,TV-14,2009,2016-12-26
s6730,F the Prom,Movie,TV-MA,2017,2018-03-05
s6731,Face 2 Face,Movie,TV-MA,2017,2018-01-15
s6732,Fairy Tail,TV Show,TV-MA,2009,2017-04-01
s6733,Fake or Fortune?,TV Show,TV-G,2015,2019-07-26
s6734,Fakta Ladh Mhana,Movie,TV-14,2011,2018-02-15
s6735,Fall Girls,Movie,TV-14,2019,2020-01-01
s6736,Fallen,Movie,R,1998,2019-11-01
s6737,Familiye,Movie,TV-MA,2017,2019-05-01
s6738,Famous in Ahmedabad,Movie,TV-14,2015,2016-12-15
s6739,Fanatic,Movie,TV-14,2019,2019-08-24
s6740,Fandry,Movie,NR,2014,2018-01-01
s6741,Farce,Movie,TV-MA,2017,2019-06-06
s6742,Fatal Destiny,TV Show,TV-MA,2016,2018-07-13
s6743,Father Brown,TV Show,TV-14,2017,
s6744,Fear and Loathing in Las Vegas,Movie,R,1998,2019-11-01
s6745,Fear Files... Har Mod Pe Darr,TV Show,TV-MA,2015,2017-06-01
s6746,Feel Rich,Movie,TV-MA,2017,2017-08-23
s6747,Fiddler on the Roof,Movie,G,1971,2020-07-01
s6748,Fifty,Movie,NR,2015,2015-12-28
s6749,Figaro Pho,Movie,TV-Y7,2008,2016-09-01
s6750,Figures of Speech,Movie,TV-PG,2016,2016-12-21
s6751,Filinta,TV Show,TV-14,2015,2017-04-15
s6752,Filmworker,Movie,TV-MA,2017,2018-11-01
s6753,Filosofi Kopi The Movie,Movie,TV-PG,2015,2018-10-11
s6754,Final Destination,Movie,R,2000,2020-01-01
s6755,Final Destination 2,Movie,R,2003,2020-01-01
s6756,Final Destination 3,Movie,R,2006,2020-01-01
s6757,Fire at Sea,Movie,TV-14,2016,2017-03-21
s6758,Fireflies,Movie,TV-MA,2013,2019-04-24
s6759,First Impression,Movie,TV-14,2018,2019-05-17
s6760,First Kill,Movie,R,2017,2019-09-01
s6761,FirstBorn,Movie,TV-MA,2016,2017-03-31
s6762,Fishpeople,Movie,TV-14,2017,2018-04-01
s6763,Fishtail,Movie,NR,2015,2018-10-01
s6764,Fit for Fashion,TV Show,TV-14,2015,
s6765,Fittest in Dubai,Movie,TV-14,2019,2020-04-15
s6766,Five Elements Ninjas,Movie,R,1982,2019-09-17
s6767,Fix It and Finish It,TV Show,TV-G,2014,
s6768,Flash of Genius,Movie,PG-13,2008,2017-01-16
s6769,Flimflam,Movie,TV-14,2016,2019-06-13
s6770,Flock of Four,Movie,TV-MA,2018,2018-08-01
s6771,Flowering Heart,TV Show,TV-Y7,2016,2019-07-01
s6772,Flying Guillotine 2,Movie,TV-MA,1978,2018-07-31
s6773,Follow Me,Movie,TV-MA,2017,2018-11-16
s6774,Food: Delicious Science,TV Show,TV-PG,2017,2017-10-01
s6775,Footprints in the Sand,TV Show,TV-14,2011,2017-10-16
s6776,Footprints: The Path of Your Life,Movie,PG,2015,2017-06-30
s6777,For Colored Girls,Movie,R,2010,2020-05-01
s6778,For Grace,Movie,TV-PG,2015,2016-03-02
s6779,For Greater Glory,Movie,R,2012,2019-08-02
s6780,For Love or Money,Movie,TV-MA,2019,2019-08-16
s6781,For the Birds,Movie,TV-MA,2018,2019-09-01
s6782,For the Love of Benji,Movie,G,1977,2018-03-06
s6783,For the Win,TV Show,TV-14,2017,2018-12-31
s6784,Forbidden Games: The Justin Fashanu Story,Movie,TV-14,2017,2017-12-01
s6785,Forbidden Planet,Movie,G,1956,2019-11-01
s6786,Forces of Nature,TV Show,TV-PG,2016,2017-03-01
s6787,Forever Chape,Movie,TV-MA,2018,2018-08-02
s6788,Forever Pure,Movie,TV-MA,2016,2017-05-29
s6789,Forget Me Not,TV Show,TV-MA,2011,2017-09-18
s6790,Forks Over Knives,Movie,PG,2011,2019-10-03
s6791,Four Christmases,Movie,PG-13,2008,2021-01-01
s6792,Four Seasons in Havana,TV Show,TV-MA,2016,2016-12-09
s6793,Four Weddings and a Funeral,Movie,R,1994,2019-08-01
s6794,Fracture,Movie,R,2007,2019-04-01
s6795,Frances Ha,Movie,R,2012,2017-10-01
s6796,Frasier,TV Show,TV-PG,2003,
s6797,Freak Show,Movie,TV-MA,2018,2020-08-13
s6798,Fred Claus,Movie,PG,2007,2021-01-01
s6799,Free Willy,Movie,PG,1993,2020-01-01
s6800,Freeway: Crack in the System,Movie,R,2015,2017-12-15
s6801,Freezer's Campaign,Movie,TV-MA,2016,2019-06-06
s6802,French Dirty,Movie,TV-MA,2015,2016-02-04
s6803,Freshman Year,Movie,TV-PG,2019,2020-03-03
s6804,Friday Night Tykes,TV Show,TV-PG,2017,
s6805,Friday the 13th,Movie,R,2009,2020-01-01
s6806,Friend Request,Movie,R,2016,2018-04-18
s6807,Friends,TV Show,TV-14,2003,
s6808,From Japan to Egypt,Movie,TV-14,2017,2019-06-06
s6809,From Paris with Love,Movie,R,2010,2020-09-08
s6810,Froning: The Fittest Man in History,Movie,PG,2016,2018-07-15
s6811,Frozen Planet,TV Show,TV-PG,2011,2016-01-28
s6812,Frozen Planet: On Thin Ice,Movie,TV-PG,2011,2016-01-28
s6813,Frozen Planet: The Epic Journey,Movie,TV-PG,2011,2016-01-28
s6814,Frozen River,Movie,R,2008,2019-07-01
s6815,Full Out,Movie,TV-PG,2015,2016-09-01
s6816,Functional Fitness,Movie,TV-MA,2016,2018-01-01
s6817,Furie,Movie,TV-MA,2019,2019-09-25
s6818,Furthest Witness,Movie,TV-MA,2017,2019-04-24
s6819,G-Force,Movie,PG,2009,2019-03-15
s6820,Gabriel and the Mountain,Movie,TV-MA,2017,2018-11-09
s6821,Gabru: Hip Hop Revolution,TV Show,TV-14,2018,2018-06-01
s6822,Gagarin: First in Space,Movie,TV-14,2013,2017-09-15
s6823,Galavant,TV Show,TV-PG,2016,
s6824,Galih dan Ratna,Movie,TV-PG,2017,2018-09-15
s6825,Game Winning Hit,TV Show,TV-MA,2009,2016-09-01
s6826,Gangs of Hassepur,TV Show,TV-PG,2014,2017-04-15
s6827,Gangs of New York,Movie,R,2002,2019-08-20
s6828,Gargantia on the Verdurous Planet,TV Show,Not Rated,2013,2016-12-01
s6829,Garuda Di Dadaku,Movie,TV-PG,2009,2018-10-09
s6830,Garuda in My Heart 2,Movie,TV-PG,2011,2018-11-30
s6831,Gehenna: Where Death Lives,Movie,TV-MA,2016,2018-12-10
s6832,Gelo,Movie,TV-MA,2016,2017-12-15
s6833,Gemini,Movie,TV-PG,2018,2018-07-01
s6834,Gender Revolution: A Journey with Katie Couric,Movie,TV-PG,2017,2018-02-01
s6835,Genius of the Ancient World,TV Show,TV-PG,2015,2017-08-01
s6836,Genius of the Modern World,TV Show,TV-PG,2016,2017-08-01
s6837,Gentlemen and Gangsters,TV Show,TV-MA,2016,2016-06-01
s6838,George of the Jungle 2,Movie,PG,2003,2016-12-20
s6839,Geronimo Stilton,TV Show,TV-Y,2011,2017-12-31
s6840,Get Him to the Greek,Movie,R,2010,2020-01-16
s6841,Get Santa,Movie,PG,2014,2014-12-12
s6842,Get Shorty,TV Show,TV-MA,2017,2018-11-01
s6843,Get Smart,Movie,PG-13,2008,2019-04-01
s6844,Getting Played,Movie,PG-13,2005,2019-11-01
s6845,Ghayal,Movie,TV-14,1990,2019-12-31
s6846,Ghost House,Movie,TV-MA,2017,2017-12-31
s6847,Ghost Pain,Movie,TV-MA,2013,2019-02-24
s6848,Ghost Rider,Movie,PG-13,2007,2020-10-01
s6849,Ghost Tears,Movie,TV-MA,2014,2019-02-24
s6850,Ghost Town Gold,TV Show,TV-14,2012,2019-10-02
s6851,Ghost Whispers,Movie,TV-14,2013,2019-02-24
s6852,Ghulam-E-Musthafa,Movie,TV-MA,1997,2019-12-31
s6853,Gie,Movie,TV-14,2005,2018-09-15
s6854,Gigi,Movie,G,1958,2019-11-01
s6855,Ginger & Rosa,Movie,PG-13,2012,2018-07-15
s6856,"Girl, Boy, Bakla, Tomboy",Movie,TV-14,2013,2019-02-27
s6857,GLOW: The Story of the Gorgeous Ladies of Wrestling,Movie,NR,2012,2017-03-31
s6858,Glowing Embers,TV Show,TV-14,2010,2017-08-14
s6859,God Bless the Broken Road,Movie,PG,2018,2019-02-09
s6860,God Knows Where I Am,Movie,TV-PG,2016,2018-10-22
s6861,God of War,Movie,NR,2017,2017-12-16
s6862,God's Not Dead,Movie,PG,2014,2020-04-01
s6863,God's Not Dead: A Light in Darkness,Movie,PG,2018,2018-12-04
s6864,God's Own Country,Movie,TV-MA,2017,2018-05-01
s6865,Gol Maal,Movie,TV-PG,1979,2019-12-31
s6866,Golden Time,Movie,TV-Y,2013,2017-11-01
s6867,GoldenEye,Movie,PG-13,1995,2019-12-31
s6868,Goldie,Movie,TV-MA,2019,2020-06-22
s6869,Goldie & Bear,TV Show,TV-Y,2017,
s6870,Goldstone,Movie,R,2016,2018-12-10
s6871,Golmaal: Fun Unlimited,Movie,TV-14,2006,2019-12-31
s6872,Gomorrah,TV Show,TV-MA,2016,
s6873,Gone are the Days,Movie,R,2018,2019-01-01
s6874,Gonul,TV Show,TV-14,2015,2017-07-12
s6875,Good Kids,Movie,R,2016,2017-01-19
s6876,Good Kill,Movie,R,2014,2017-04-02
s6877,Good Kisser,Movie,TV-MA,2019,2020-08-20
s6878,Good Luck,Movie,TV-MA,2012,2019-06-21
s6879,"Good Night, and Good Luck",Movie,PG,2005,2019-06-02
s6880,Good People,Movie,R,2014,2017-09-08
s6881,GoodFellas,Movie,R,1990,2021-01-01
s6882,Gook,Movie,TV-MA,2017,2018-03-06
s6883,Goon,Movie,R,2011,2017-08-15
s6884,Goosebumps 2: Haunted Halloween,Movie,PG,2018,2019-04-25
s6885,Gosford Park,Movie,R,2001,2019-11-01
s6886,Gossip Girl,TV Show,TV-14,2012,
s6887,Gothika,Movie,R,2003,2021-01-01
s6888,Gour Hari Dastaan: The Freedom File,Movie,TV-14,2015,2017-10-15
s6889,Gran Torino,Movie,R,2008,2020-10-01
s6890,Grand Designs,TV Show,TV-14,2017,2019-08-01
s6891,Grand Hotel,TV Show,TV-PG,2013,
s6892,Grand Masti,Movie,TV-MA,2013,2018-03-01
s6893,Grass,Movie,TV-MA,2017,2019-02-14
s6894,Grease,Movie,PG,1978,2019-11-01
s6895,Great Interior Design Challenge,TV Show,TV-PG,2016,
s6896,Great Yellowstone Thaw,TV Show,TV-PG,2017,2017-10-01
s6897,Green Room,Movie,R,2015,2018-11-12
s6898,Green White Green (And All the Beautiful Colours in My Mosaic of Madness),Movie,TV-MA,2016,2018-01-01
s6899,Gringo: The Dangerous Life of John McAfee,Movie,TV-MA,2016,2018-04-01
s6900,Growing Up Coy,Movie,TV-PG,2016,2017-01-06
s6901,Gun Runners,Movie,TV-PG,2015,2017-02-01
s6902,Gunslinger Girl,TV Show,TV-14,2008,
s6903,Guy Martin: Last Flight of the Vulcan Bomber,Movie,TV-G,2015,2019-07-26
s6904,Héroes,Movie,TV-MA,2015,2018-08-19
s6905,Hükümet Kadin,Movie,TV-MA,2013,2017-03-10
s6906,Hükümet Kadin 2,Movie,TV-14,2013,2017-03-10
s6907,Ha Unlimited,TV Show,TV-MA,2016,2018-05-11
s6908,Haapus,Movie,TV-14,2010,2018-03-15
s6909,Hadi İnşallah,Movie,TV-14,2014,2018-04-04
s6910,Hairspray,Movie,PG,2007,2020-01-01
s6911,HALO Legends,Movie,PG-13,2009,2017-05-01
s6912,Halo: The Fall of Reach,Movie,TV-14,2015,2016-03-07
s6913,Hamara Dil Aapke Paas Hai,Movie,TV-14,2000,2018-03-01
s6914,Hamburger Hill,Movie,R,1987,2019-11-23
s6915,Hamza's Suitcase,Movie,TV-14,2017,2019-05-02
s6916,Hangman,Movie,R,2017,2020-05-06
s6917,Hank: Five Years from the Brink,Movie,TV-14,2013,2018-08-25
s6918,Hannibal,TV Show,TV-MA,2015,2020-06-06
s6919,Hans Zimmer: Live in Prague,Movie,TV-G,2017,2018-03-01
s6920,Happy 300 Days,TV Show,TV-14,2013,2017-01-01
s6921,Happy Hunting,Movie,TV-MA,2017,2018-01-01
s6922,Happy Times,Movie,NR,2014,2017-02-08
s6923,Happy Valley,TV Show,TV-MA,2016,
s6924,Happyish,TV Show,TV-MA,2015,2016-07-01
s6925,Hard Tide,Movie,TV-MA,2015,2017-09-06
s6926,Hardcore Henry,Movie,R,2015,2020-08-01
s6927,Harlem Globetrotters: The Team That Changed the World,Movie,TV-14,2005,2019-11-01
s6928,Harold & Kumar Escape from Guantanamo Bay,Movie,R,2008,2019-10-01
s6929,Harold & Kumar Go to White Castle,Movie,R,2004,2020-01-01
s6930,Harold and Lillian: A Hollywood Love Story,Movie,TV-14,2015,2018-11-25
s6931,Harold Shipman - Driven to Kill,TV Show,TV-14,2014,2019-02-01
s6932,Harriet the Spy: Blog Wars,Movie,TV-G,2010,2018-04-15
s6933,Harry & Bunnie,TV Show,TV-Y7,2017,2017-10-15
s6934,Harry and Snowman,Movie,TV-PG,2015,2017-01-15
s6935,Harry Benson: Shoot First,Movie,NR,2016,2017-05-01
s6936,Hart of Dixie,TV Show,TV-PG,2014,
s6937,Haseena Maan Jaayegi,Movie,TV-PG,1999,2018-03-01
s6938,Hati Perempuan,TV Show,TV-14,2015,2017-08-21
s6939,Haunters: The Art of the Scare,Movie,TV-MA,2017,2018-01-02
s6940,Haunting on Fraternity Row,Movie,TV-MA,2018,2019-03-01
s6941,Have You Seen the Listers?,Movie,TV-MA,2017,2019-02-01
s6942,Haven,TV Show,TV-14,2015,
s6943,Havenhurst,Movie,TV-MA,2016,2017-06-10
s6944,Haywire,Movie,R,2011,2020-03-01
s6945,He Named Me Malala,Movie,PG-13,2015,2018-06-01
s6946,He's Out There,Movie,R,2018,2019-01-12
s6947,Head Count,Movie,TV-MA,2018,2019-09-13
s6948,Head On,Movie,TV-MA,1998,2018-08-25
s6949,Heal,Movie,TV-14,2017,2019-02-01
s6950,Heartbreakers,Movie,PG-13,2001,2019-12-31
s6951,Heartthrob,Movie,TV-MA,2017,2018-01-01
s6952,Heavy Rescue: 401,TV Show,TV-MA,2018,2018-06-22
s6953,Hedgehogs,Movie,PG,2016,2019-04-01
s6954,Helix,TV Show,TV-MA,2015,2018-11-10
s6955,Hell and Back,Movie,R,2015,2018-09-06
s6956,Hell on Wheels,TV Show,TV-14,2016,
s6957,Hell or High Water,Movie,R,2016,2019-01-01
s6958,Hellboy,Movie,PG-13,2004,2018-12-01
s6959,Her,Movie,R,2013,2018-07-29
s6960,Her Only Choice,Movie,TV-14,2018,2019-05-02
s6961,Hera Pheri,Movie,TV-14,1976,2019-12-31
s6962,Here Alone,Movie,TV-MA,2016,2017-07-01
s6963,Hero,Movie,TV-MA,1997,2018-08-01
s6964,Herrens veje,TV Show,TV-MA,2018,2019-06-01
s6965,Hickok,Movie,TV-MA,2017,2020-07-24
s6966,Hidden Singer,TV Show,TV-Y7,2015,2017-05-19
s6967,Hide & Seek,Movie,TV-14,2010,2018-03-01
s6968,Hide and Seek,Movie,TV-14,2016,2017-08-19
s6969,Highly Strung,Movie,TV-14,2015,2017-02-01
s6970,Highway Thru Hell,TV Show,TV-PG,2016,
s6971,Highway to Heaven,TV Show,TV-PG,1988,
s6972,Hinterland,TV Show,TV-14,2016,2017-08-01
s6973,Hiroshima: The Real History,Movie,TV-PG,2015,2017-03-31
s6974,Hisss,Movie,TV-MA,2010,2017-12-01
s6975,Historia de un clan,TV Show,TV-MA,2015,2017-01-13
s6976,History of Joy,Movie,TV-14,2017,2018-08-01
s6977,History's Greatest Hoaxes,TV Show,TV-PG,2016,2019-07-12
s6978,Hitch,Movie,PG-13,2005,2020-01-01
s6979,Hitler's Olympics,Movie,TV-PG,2016,2016-08-01
s6980,Hitler's Steel Beast,Movie,TV-14,2017,2017-11-01
s6981,Ho Mann Jahaan,Movie,TV-PG,2015,2017-07-01
s6982,Hogie the Globehopper,TV Show,TV-Y,2016,2017-08-01
s6983,Hokkabaz,Movie,TV-MA,2006,2017-03-10
s6984,Holding the Man,Movie,TV-MA,2015,2016-08-01
s6985,Holidays,Movie,TV-MA,2016,2016-07-15
s6986,Holy Hell,Movie,NR,2016,2016-09-01
s6987,Holy Man 2,Movie,TV-14,2008,2018-07-30
s6988,Holy Man 3,Movie,TV-MA,2010,2018-07-30
s6989,Hombanna,Movie,TV-14,2017,2018-05-01
s6990,Homeland,Movie,TV-PG,2019,2019-10-15
s6991,Honey 2,Movie,PG-13,2011,2019-10-01
s6992,Honey: Rise Up and Dance,Movie,PG-13,2018,2018-04-03
s6993,Hoodwinked Too! Hood vs. Evil,Movie,PG,2011,2018-11-03
s6994,Hope Aur Hum,Movie,TV-14,2018,2018-09-01
s6995,Hope Springs Eternal,Movie,PG,2018,2018-11-08
s6996,Hope: One in a Billion,Movie,TV-14,2017,2019-12-15
s6997,Hormones,TV Show,TV-MA,2015,2018-06-30
s6998,Horns,Movie,R,2013,2019-08-01
s6999,Horror Homes,TV Show,TV-14,2016,2019-10-02
s7000,Horror Story,Movie,TV-14,2013,2019-04-12
s7001,Hostage to the Devil,Movie,TV-14,2016,2017-01-15
s7002,Hostages,Movie,TV-PG,2017,2018-01-29
s7003,Hostiles,Movie,R,2017,2018-08-15
s7004,Hot Bot,Movie,NR,2016,2016-03-01
s7005,Hot Property,Movie,TV-MA,2016,2017-08-13
s7006,Hot Rod,Movie,PG-13,2007,2019-11-20
s7007,Hotel Beau Séjour,TV Show,TV-14,2017,2017-03-16
s7008,Hotel Pacific,Movie,TV-MA,1975,2019-10-01
s7009,Hotel Transylvania 3: Summer Vacation,Movie,PG,2018,2019-01-24
s7010,House at the End of the Street,Movie,PG-13,2012,2020-05-08
s7011,House of Z,Movie,TV-14,2016,2018-01-06
s7012,"Houston, We Have a Problem!",Movie,TV-14,2016,2017-07-20
s7013,How the Beatles Changed the World,Movie,TV-PG,2017,2018-02-01
s7014,How the Grinch Stole Christmas,Movie,PG,2000,2017-06-01
s7015,How to Be a Latin Lover,Movie,PG-13,2017,2019-11-01
s7016,How to Be a Player,Movie,R,1997,2019-11-01
s7017,How to Change the World,Movie,NR,2015,2016-01-01
s7018,How to Live Mortgage Free with Sarah Beeny,TV Show,TV-MA,2018,2018-09-15
s7019,How to Make an American Quilt,Movie,PG-13,1995,2018-04-01
s7020,How to Win the US Presidency,Movie,TV-PG,2016,2016-08-01
s7021,Hridaynath,Movie,TV-14,2012,2018-01-01
s7022,Hulk Vs.,Movie,PG-13,2009,2020-06-01
s7023,Hum Saath-Saath Hain,Movie,TV-G,1999,2018-01-01
s7024,Humko Deewana Kar Gaye,Movie,TV-PG,2006,2017-10-22
s7025,Humsafar,TV Show,TV-PG,2011,2016-12-15
s7026,Hungerford,Movie,TV-MA,2014,2018-06-23
s7027,Hunt to Kill,Movie,R,2010,2020-01-01
s7028,Hunter's Prayer,Movie,R,2015,2019-10-22
s7029,Hunters of the South Seas,TV Show,TV-14,2015,2019-02-01
s7030,Huntik: Secrets and Seekers,TV Show,TV-Y7,2011,
s7031,Hurricane Bianca,Movie,TV-MA,2016,2017-01-01
s7032,Hurricane Bianca: From Russia With Hate,Movie,TV-MA,2018,2018-08-15
s7033,Hustle & Flow,Movie,R,2005,2019-12-01
s7034,Hyori's Bed & Breakfast,TV Show,TV-14,2018,2018-03-29
s7035,Hypersomnia,Movie,TV-MA,2016,2017-06-08
s7036,I Am,Movie,TV-MA,2010,2019-03-04
s7037,I Am Bolt,Movie,PG,2016,2017-10-01
s7038,I Am Jane Doe,Movie,TV-14,2017,2017-05-26
s7039,I Am Maris,Movie,TV-14,2018,2019-04-01
s7040,I Am Me!,TV Show,TV-14,2016,2017-03-03
s7041,I Am Not Madame Bovary,Movie,TV-14,2016,2017-09-02
s7042,I Am Sun Mu,Movie,NR,2015,2017-02-01
s7043,I Am Vengeance,Movie,R,2018,2018-12-22
s7044,I Am Wrath,Movie,R,2016,2019-09-16
s7045,I Don't Know How She Does It,Movie,PG-13,2011,2019-03-23
s7046,I Dream Of Dance,Movie,TV-14,2017,2019-01-31
s7047,I Fine... Thank You... Love You,Movie,TV-14,2014,2018-09-05
s7048,"I, Daniel Blake",Movie,R,2016,2019-04-19
s7049,I'll See You in My Dreams,Movie,PG-13,2015,2019-10-22
s7050,I'm in Love with a Church Girl,Movie,PG,2013,2017-10-01
s7051,I'm Sorry,TV Show,TV-MA,2019,2019-09-13
s7052,Ice Guardians,Movie,TV-MA,2016,2017-10-01
s7053,Iceman,Movie,R,2014,2018-01-23
s7054,Ideachi Kalpana,Movie,TV-14,2010,2018-01-01
s7055,Idiotest,TV Show,TV-PG,2014,2018-12-15
s7056,Igor,Movie,PG,2008,2019-09-01
s7057,Iliza Shlesinger: War Paint,Movie,NR,2013,2013-09-01
s7058,Imagine That,Movie,PG,2009,2019-12-07
s7059,Immoral Tales,Movie,UR,1974,2019-06-06
s7060,In Between,TV Show,TV-14,2012,2017-01-01
s7061,In Search of Fellini,Movie,R,2017,2018-03-19
s7062,In The Deep,Movie,PG-13,2017,2018-01-10
s7063,Incir Receli 2,Movie,TV-14,2014,2017-03-10
s7064,Incoming,Movie,TV-MA,2019,2018-10-26
s7065,Incomplete,Movie,TV-MA,2017,2017-04-08
s7066,Inconceivable,Movie,R,2017,2018-03-01
s7067,Incorruptible,Movie,TV-MA,2015,2017-09-01
s7068,Incredibles 2 (Spanish Version),Movie,PG,2018,2019-02-08
s7069,INDIA,Movie,NR,2014,2017-02-17
s7070,India: Nature's Wonderland,TV Show,TV-PG,2015,2017-03-01
s7071,Indiana Jones and the Kingdom of the Crystal Skull,Movie,PG-13,2008,2019-01-01
s7072,Indiana Jones and the Last Crusade,Movie,PG-13,1989,2019-01-01
s7073,Indiana Jones and the Raiders of the Lost Ark,Movie,PG,1981,2019-01-01
s7074,Indiana Jones and the Temple of Doom,Movie,PG,1984,2019-01-01
s7075,Indiscretion,Movie,TV-MA,2016,2017-02-01
s7076,Inequality for All,Movie,PG,2013,2018-08-29
s7077,Influx,Movie,TV-PG,2016,2018-04-01
s7078,Inglourious Basterds,Movie,R,2009,2019-07-22
s7079,Inkheart,Movie,PG,2008,2019-07-01
s7080,Insan,Movie,TV-14,2005,2018-03-01
s7081,Inside The Freemasons,TV Show,TV-MA,2017,2018-09-15
s7082,Inside the Mind of a Serial Killer,TV Show,TV-14,2015,2019-07-01
s7083,Inside the Mossad,TV Show,TV-14,2017,2019-01-29
s7084,Inst@famous,TV Show,TV-MA,2018,2018-12-31
s7085,Instructions Not Included,Movie,PG-13,2013,2020-01-01
s7086,Intelligence,TV Show,TV-MA,2007,2017-07-19
s7087,Internet Famous,Movie,TV-14,2016,2016-07-21
s7088,Into the Forest,Movie,R,2015,2018-11-07
s7089,Inuyasha the Movie - L'isola del fuoco scarlatto,Movie,TV-PG,2004,2017-09-01
s7090,Inuyasha the Movie - La spada del dominatore del mondo,Movie,TV-14,2003,2017-09-01
s7091,InuYasha: The Movie 2: The Castle Beyond the Looking Glass,Movie,TV-14,2002,2017-09-01
s7092,Invictus,Movie,PG-13,2009,2019-11-01
s7093,Invisible Essence: The Little Prince,Movie,TV-PG,2018,2019-01-14
s7094,Inxeba,Movie,TV-MA,2017,2018-02-01
s7095,Iqbal,Movie,TV-Y7,2006,2018-03-01
s7096,Irada Pakka,Movie,TV-14,2010,2018-03-15
s7097,Iron Cowboy: The Story of the 50.50.50,Movie,TV-14,2018,2019-07-19
s7098,Iron Man & Captain America: Heroes United,Movie,PG,2014,2014-10-12
s7099,Iron Man: Armored Adventures,TV Show,TV-Y7,2011,2020-08-01
s7100,Ishqedarriyaan,Movie,TV-14,2015,2018-03-01
s7101,Islands of the Future,TV Show,TV-PG,2014,2017-03-01
s7102,마녀사냥,TV Show,TV-MA,2015,2018-02-19
s7103,Issaq,Movie,TV-MA,2013,2018-03-01
s7104,It Takes Two,Movie,PG,1995,2019-11-20
s7105,It's Fine,Movie,TV-14,2012,2019-05-03
s7106,It's Now or Never,Movie,TV-MA,2015,2016-03-01
s7107,"It's Okay, Buddy",Movie,TV-14,2017,2019-06-06
s7108,Iverson,Movie,NR,2014,2016-04-01
s7109,최강전사 미니특공대 : 영웅의 탄생,Movie,TV-Y7,2018,2018-09-01
s7110,Jaan-E-Mann: Let's Fall in Love... Again,Movie,TV-14,2006,2019-12-31
s7111,Jack and the Cuckoo-Clock Heart,Movie,PG,2013,2017-02-08
s7112,Jack of all Trades,Movie,TV-MA,2018,2019-07-16
s7113,Jack Taylor,TV Show,TV-MA,2016,2013-03-31
s7114,Jackie Brown,Movie,R,1997,2019-08-01
s7115,Jackpot,Movie,TV-14,2015,2018-10-06
s7116,Jail,Movie,TV-14,2009,2019-12-31
s7117,Jake's Buccaneer Blast,Movie,TV-Y,2014,2017-08-06
s7118,Jal,Movie,TV-14,2013,2017-10-15
s7119,Jalpari: The Desert Mermaid,Movie,TV-14,2012,2018-05-19
s7120,Janaan,Movie,TV-14,2016,2017-09-15
s7121,Japanese Style Originator,TV Show,TV-G,2008,2017-05-01
s7122,Jay and Silent Bob Strike Back,Movie,R,2001,2019-01-01
s7123,Jealousy and medicine,Movie,TV-MA,1973,2019-10-01
s7124,Jeopardy!,TV Show,TV-G,2019,2020-12-18
s7125,Jeremy Scott: The People's Designer,Movie,PG-13,2015,2016-04-01
s7126,Jericho,TV Show,TV-14,2008,2017-08-16
s7127,Jersey Boys,Movie,R,2014,2019-01-01
s7128,Jesus: Countdown to Calvary,Movie,TV-14,2018,2019-04-01
s7129,Jewel's Catch One,Movie,TV-MA,2016,2018-05-01
s7130,Jhansi Ki Rani,TV Show,TV-14,2009,2017-06-01
s7131,Jimi Hendrix,Movie,R,1973,2019-11-01
s7132,JingleKids,TV Show,TV-Y7,2017,2019-04-01
s7133,Jiro Dreams of Sushi,Movie,PG,2011,2019-06-05
s7134,Jis Desh Men Ganga Behti Hai,Movie,TV-14,1960,2019-12-31
s7135,Joe Cocker: Mad Dog with Soul,Movie,TV-14,2017,2017-04-01
s7136,John & Jane,Movie,TV-14,2005,2016-08-15
s7137,John Carter,Movie,PG-13,2012,2019-05-02
s7138,John Day,Movie,TV-MA,2013,2019-12-31
s7139,John Mellencamp: Plain Spoken,Movie,TV-MA,2017,2018-02-01
s7140,Jonathan,Movie,TV-MA,2018,2019-04-16
s7141,Jonathan Strange & Mr Norrell,TV Show,TV-14,2015,2016-08-25
s7142,Jora 10 Numbaria,Movie,TV-MA,2017,2018-01-01
s7143,Juana Brava,TV Show,TV-MA,2015,2017-03-20
s7144,Juana Inés,TV Show,TV-14,2016,2017-01-27
s7145,Judwaa,Movie,TV-14,1997,2019-12-31
s7146,Judy Moody and the Not Bummer Summer,Movie,PG,2011,2019-08-08
s7147,Jugaad,Movie,TV-14,2017,2018-09-15
s7148,Julie & Julia,Movie,PG-13,2009,2021-01-01
s7149,Julius Jr.,TV Show,TV-Y,2014,
s7150,Jumping the Broom,Movie,PG-13,2011,2020-11-01
s7151,Junebug,Movie,R,2005,2019-03-01
s7152,Jupiter Ascending,Movie,PG-13,2015,2019-08-01
s7153,Just Friends,Movie,PG-13,2005,2019-09-01
s7154,"Justice, My Foot!",Movie,TV-14,1992,2018-08-31
s7155,Justin Bieber: Never Say Never,Movie,G,2011,2018-01-01
s7156,K,TV Show,TV-MA,2012,2016-12-01
s7157,K-19: The Widowmaker,Movie,PG-13,2002,2019-11-21
s7158,Kaçak,TV Show,TV-14,2013,2016-12-26
s7159,Kaabil,Movie,TV-14,2017,2017-06-25
s7160,Kaakan,Movie,TV-PG,2015,2018-03-01
s7161,Kaalia,Movie,TV-14,1981,2019-12-31
s7162,Kaaliyan,Movie,TV-PG,2017,2018-08-01
s7163,Kabali (Hindi Version),Movie,TV-MA,2016,2017-12-15
s7164,Kacche Dhaagey,Movie,TV-14,2016,2017-11-01
s7165,Kahlil Gibran's The Prophet,Movie,PG,2014,2017-10-01
s7166,Kajraare,Movie,TV-14,2010,2017-10-22
s7167,Kaleidoscope,Movie,TV-MA,2016,2018-05-08
s7168,Kalki,Movie,TV-14,2017,2018-03-01
s7169,Kanika,Movie,TV-14,2017,2018-03-01
s7170,Karzzzz,Movie,TV-14,2008,2017-10-22
s7171,Kate & Leopold,Movie,PG-13,2001,2020-01-01
s7172,Katha,Movie,TV-PG,1982,2019-12-31
s7173,Katt Williams: Live,Movie,NR,2006,2018-07-19
s7174,Kaviyude Osyath,Movie,TV-14,2017,2018-07-01
s7175,Kay Dyache Bola,Movie,TV-14,2005,2018-01-01
s7176,Ken Burns: The Civil War,TV Show,TV-14,1990,2017-02-22
s7177,Ken Burns: The Roosevelts: An Intimate History,TV Show,TV-PG,2014,2017-02-22
s7178,Ken Burns: The West,TV Show,TV-PG,1996,2017-03-14
s7179,Kevin Hart: Laugh at My Pain,Movie,R,2011,2018-10-01
s7180,Kevin Hart: Let Me Explain,Movie,R,2013,2018-07-13
s7181,Kevin Hart: Seriously Funny,Movie,TV-MA,2010,2018-10-01
s7182,Kevyn Aucoin: Beauty & the Beast in Me,Movie,TV-MA,2017,2019-01-01
s7183,Khaani,TV Show,TV-14,2017,2019-08-01
s7184,Khalnayak,Movie,TV-14,1993,2018-03-01
s7185,Khan: No. 1 Crime Hunter,TV Show,TV-14,2018,2018-05-01
s7186,Khelti Hai Zindagi Aankh Micholi,TV Show,TV-14,2013,2017-04-01
s7187,Khosla Ka Ghosla,Movie,TV-14,2006,2018-08-02
s7188,Khotey Sikkey,TV Show,TV-14,2011,2018-03-15
s7189,Khubsoorat,Movie,TV-PG,1980,2019-12-31
s7190,Khushi,Movie,TV-14,2003,2018-03-01
s7191,Kia and Cosmos,Movie,TV-14,2018,2019-05-01
s7192,Kickboxer: Retaliation,Movie,R,2017,2018-04-26
s7193,Kickboxer: Vengeance,Movie,TV-MA,2016,2016-12-08
s7194,Kicking and Screaming,Movie,R,1995,2019-11-04
s7195,Kid Kulafu,Movie,TV-14,2015,2019-03-04
s7196,Kidnapping Mr. Heineken,Movie,R,2015,2017-09-08
s7197,Kikoriki,TV Show,TV-Y,2010,
s7198,Kill Bill: Vol. 1,Movie,R,2003,2020-01-01
s7199,Kill Bill: Vol. 2,Movie,R,2004,2020-01-01
s7200,Kill Command,Movie,TV-MA,2016,2017-02-23
s7201,Kill Hitler! The Luck of the Devil,Movie,TV-14,2015,2019-05-01
s7202,Kill Ratio,Movie,TV-MA,2016,2017-02-17
s7203,Kill the Irishman,Movie,R,2011,2020-08-21
s7204,Killer Klowns from Outer Space,Movie,PG-13,1988,2020-04-01
s7205,Killers,Movie,PG-13,2010,2021-01-01
s7206,Kills on Wheels,Movie,TV-MA,2016,2018-03-15
s7207,Kilo Two Bravo,Movie,R,2014,2019-03-01
s7208,King Jack,Movie,NR,2015,2016-07-01
s7209,King's Ransom,Movie,PG-13,2005,2019-11-01
s7210,Kingdoms of the Sky,TV Show,TV-PG,2018,2018-10-01
s7211,Kingpin,Movie,PG-13,1996,2020-01-01
s7212,Kings,Movie,R,2017,2018-10-29
s7213,Kis Kisko Pyaar Karoon,Movie,TV-PG,2015,2017-11-01
s7214,Kiss the Girls,Movie,R,1997,2020-01-01
s7215,Kiss The Series,TV Show,TV-14,2016,2019-05-26
s7216,Kitten Rescuers,TV Show,TV-14,2017,2019-10-02
s7217,KL Zombi,Movie,TV-14,2013,2017-08-21
s7218,Knights of Sidonia,TV Show,TV-MA,2015,
s7219,Knock Knock,Movie,R,2015,2020-11-01
s7220,Know Your Enemy - Japan,Movie,TV-14,1945,2017-03-31
s7221,Knowing,Movie,PG-13,2009,2019-10-01
s7222,Koko: The Gorilla Who Talks,Movie,TV-G,2016,2017-03-01
s7223,Kon Kon Kon,TV Show,TV-PG,2014,2018-02-16
s7224,Kon-Tiki,Movie,PG-13,2012,2019-04-26
s7225,Koshish,Movie,TV-14,1972,2019-12-31
s7226,Kraftidioten,Movie,TV-MA,2014,2017-01-05
s7227,Krish Trish and Baltiboy,Movie,TV-Y7,2009,2017-09-08
s7228,Krish Trish and Baltiboy: Battle of Wits,Movie,TV-Y7,2013,2017-09-08
s7229,Krish Trish and Baltiboy: Best Friends Forever,Movie,TV-Y,2016,2017-09-08
s7230,Krish Trish and Baltiboy: Comics of India,Movie,TV-Y7,2012,2017-09-08
s7231,Krish Trish and Baltiboy: Face Your Fears,Movie,TV-Y7,2017,2017-11-17
s7232,Krish Trish and Baltiboy: Oversmartness Never Pays,Movie,TV-Y7,2017,2017-09-08
s7233,Krish Trish and Baltiboy: Part II,Movie,TV-Y7,2010,2017-09-08
s7234,Krish Trish and Baltiboy: The Greatest Trick,Movie,TV-Y7,2013,2017-09-08
s7235,Krisha,Movie,R,2015,2018-11-07
s7236,Krishna Balram,TV Show,TV-Y7,2019,2019-07-08
s7237,Kristy,Movie,NR,2013,2015-10-31
s7238,Krystal,Movie,R,2017,2019-01-01
s7239,Kuldip Patwal: I Didn't Do It!,Movie,TV-MA,2017,2019-12-31
s7240,Kung Fu Hustle,Movie,R,2004,2020-04-01
s7241,Kung Fu Magoo,Movie,TV-Y7,2010,2018-08-01
s7242,Kung Fu Panda: Holiday,Movie,TV-PG,2010,2012-12-01
s7243,Kung Fu Yoga,Movie,TV-PG,2017,2017-10-06
s7244,Kuppivala,Movie,TV-14,2017,2018-08-01
s7245,Kurt & Courtney,Movie,R,1998,2019-01-08
s7246,Kurt Seyit & Sura,TV Show,TV-14,2014,2016-12-26
s7247,Kurtulus Son Durak,Movie,TV-MA,2012,2017-03-10
s7248,Kya Kehna,Movie,TV-PG,2000,2018-04-01
s7249,Kygo: Live at the Hollywood Bowl,Movie,TV-MA,2017,2018-03-12
s7250,Kyun! Ho Gaya Na,Movie,TV-PG,2004,2018-03-01
s7251,La Última Fiesta,Movie,TV-MA,2016,2017-02-01
s7252,LA 92,Movie,R,2017,2018-03-01
s7253,La Bamba,Movie,PG-13,1987,2020-01-01
s7254,La Coppia dei Campioni,Movie,TV-MA,2016,2017-02-15
s7255,La Familia P. Luche,TV Show,TV-14,2012,
s7256,La Femme,TV Show,TV-14,2016,2017-10-16
s7257,La Piloto,TV Show,TV-MA,2017,2018-04-02
s7258,La Rosa de Guadalupe,TV Show,TV-PG,2010,2019-01-15
s7259,La Viuda Negra,TV Show,TV-14,2016,2019-01-15
s7260,Laal Rang,Movie,TV-14,2016,2018-03-01
s7261,Laddaland,Movie,TV-MA,2011,2018-09-07
s7262,Lady Bloodfight,Movie,R,2016,2017-08-05
s7263,Lady in the Water,Movie,PG-13,2006,2019-07-01
s7264,Lady-Like,Movie,NC-17,2018,2019-01-18
s7265,"Lady, la vendedora de rosas",TV Show,TV-14,2015,2018-04-01
s7266,Lalbaug Parel: Zali Mumbai Sonyachi,Movie,TV-MA,2010,2018-03-15
s7267,Land Girls,TV Show,TV-14,2011,2017-08-01
s7268,Larceny,Movie,TV-14,2017,2017-09-15
s7269,Last,TV Show,TV-14,2015,2017-05-22
s7270,Last Ferry,Movie,TV-MA,2019,2020-03-11
s7271,Last Knights,Movie,R,2015,2019-08-01
s7272,Last Night,Movie,R,2010,2019-01-01
s7273,Le K Benzema,Movie,TV-14,2017,2018-05-01
s7274,Le serment des Hitler,Movie,TV-PG,2014,2019-05-01
s7275,Leap Year,Movie,PG,2010,2019-11-15
s7276,LeapFrog: Letter Factory,Movie,TV-Y,2003,2020-04-15
s7277,LeapFrog: Numberland,Movie,TV-Y,2011,2020-04-15
s7278,LeapFrog: Phonics Farm,Movie,TV-Y,2011,2020-04-15
s7279,"LeapFrog: Sing-along, Read-along",Movie,TV-Y,2011,2020-04-15
s7280,Learning Time with Timmy,TV Show,TV-Y,2018,2020-05-15
s7281,Lechmi,Movie,TV-MA,2017,2018-08-01
s7282,Left Behind,Movie,PG-13,2014,2018-12-26
s7283,Legend of the Guardians: The Owls of Ga'Hoole,Movie,PG,2010,2020-01-01
s7284,Legend of the Naga Pearls,Movie,TV-MA,2017,2018-03-30
s7285,Legendary Weapons of China,Movie,TV-14,1982,2018-08-16
s7286,Legends of Strength,TV Show,TV-PG,2017,2019-01-18
s7287,Legion,Movie,R,2010,2019-11-01
s7288,Lego Friends,TV Show,TV-G,2017,
s7289,Lego Friends: Girls on a Mission,TV Show,TV-Y,2018,2019-02-01
s7290,LEGO House - Home of the Brick,Movie,TV-G,2018,2018-06-15
s7291,LEGO Ninjago: Masters of Spinjitzu: Day of the Departed,Movie,TV-Y7-FV,2016,2019-02-01
s7292,Leo & Tig,TV Show,TV-Y,2017,2018-08-20
s7293,Leo the Lion,Movie,TV-Y7-FV,2013,2015-12-20
s7294,"Les Bleus - Une autre histoire de France, 1996-2016",Movie,TV-MA,2016,2017-03-15
s7295,Let There Be Light,Movie,TV-PG,1946,2017-03-31
s7296,Leyla and Mecnun,TV Show,TV-MA,2014,2017-04-15
s7297,Lez Bomb,Movie,TV-14,2018,2019-02-07
s7298,License to Drill: Louisiana,TV Show,TV-PG,2014,2019-10-02
s7299,Life After Beth,Movie,R,2014,2018-07-21
s7300,Life in the Doghouse,Movie,TV-PG,2018,2019-06-01
s7301,Life on Location,TV Show,TV-G,2009,2015-04-22
s7302,Life Story,TV Show,TV-14,2014,2016-06-20
s7303,Lifechanger,Movie,TV-MA,2018,2019-05-28
s7304,Lifeline,Movie,TV-14,1997,2018-08-16
s7305,Like Arrows,Movie,TV-PG,2018,2019-05-06
s7306,Like Water for Chocolate,Movie,R,1992,2019-11-01
s7307,Lila & Eve,Movie,R,2015,2016-02-06
s7308,Limmy's Show!,TV Show,TV-MA,2012,
s7309,Lincoln,Movie,PG-13,2012,2018-02-21
s7310,Lion's Heart,Movie,TV-14,2013,2019-05-09
s7311,Listen Up! The Lives of Quincy Jones,Movie,TV-14,1990,2019-11-01
s7312,Little Dragon Maiden,Movie,TV-14,1983,2018-08-01
s7313,Little Lunch,TV Show,Not Rated,2015,2018-02-01
s7314,Little Lunch: The Halloween Horror Story,Movie,TV-Y7,2016,2018-03-15
s7315,Little Lunch: The Nightmare Before Graduation,Movie,TV-Y7,2016,2018-03-15
s7316,Little Men,Movie,PG,2016,2017-01-12
s7317,Little Nicky,Movie,PG-13,2000,2020-12-01
s7318,Little Singham aur Kaal ka Mahajaal,Movie,TV-Y7-FV,2018,2018-12-01
s7319,Little Singham Bandarpur Mein Hu Ha Hu,Movie,TV-Y7,2019,2019-07-11
s7320,Little Singham in London,Movie,TV-Y7,2019,2019-04-22
s7321,Little Sister,Movie,NR,2016,2017-01-14
s7322,Liv and Maddie,TV Show,TV-G,2017,2017-04-23
s7323,Lizzie Borden Took an Ax,Movie,TV-14,2014,2016-07-25
s7324,Lo and Behold: Reveries of the Connected World,Movie,PG-13,2016,2016-12-23
s7325,Lo que la verdad esconde: El caso Asunta (Operacion Nenúfar),TV Show,TV-14,2017,2019-02-01
s7326,Lo que la vida me robó,TV Show,TV-14,2013,2017-12-31
s7327,"Lock, Stock and Two Smoking Barrels",Movie,R,1998,2019-01-01
s7328,Locke,Movie,R,2013,2018-07-15
s7329,Lockout,Movie,PG-13,2012,2020-05-07
s7330,Loco Love,Movie,TV-MA,2017,2017-07-30
s7331,Logan's Run,Movie,PG,1976,2019-11-01
s7332,LoliRock,TV Show,TV-Y,2016,
s7333,Lolita,Movie,R,1962,2019-11-01
s7334,London Spy,TV Show,TV-MA,2015,2017-03-31
s7335,Long Time Running,Movie,TV-14,2017,2017-11-12
s7336,"Look Out, Officer",Movie,TV-14,1990,2018-08-16
s7337,Look Who's Back,Movie,NR,2015,2016-04-09
s7338,Lorai: Play to Live,Movie,TV-14,2015,2017-09-01
s7339,Los 10 años de Peter Capusotto,TV Show,TV-MA,2015,2018-06-29
s7340,Los Niños Héroes de Chapultepec,Movie,TV-14,2017,2017-12-15
s7341,Los tiempos de Pablo Escobar,TV Show,TV-14,2012,2018-08-01
s7342,Losing Sight of Shore,Movie,TV-14,2017,2017-05-01
s7343,Lost Girl,TV Show,TV-14,2015,
s7344,Love Cuisine,TV Show,TV-MA,2015,2016-08-01
s7345,Love Dot Com: The Social Experiment,Movie,TV-MA,2019,2020-02-17
s7346,Love In A Puff,Movie,TV-MA,2010,2018-08-01
s7347,Love Ni Bhavai,Movie,TV-14,2017,2018-05-01
s7348,Love on Delivery,Movie,TV-14,1994,2018-08-16
s7349,Love Rain,TV Show,TV-PG,2012,2018-05-01
s7350,Love Rhythms - Accidental Daddy,TV Show,TV-MA,2016,2018-06-18
s7351,Love Shot,Movie,TV-MA,2018,2019-07-15
s7352,Love Station,Movie,TV-14,2011,2019-04-25
s7353,Love You... Love You Not,Movie,TV-14,2015,2019-01-05
s7354,Love Your Garden,TV Show,TV-G,2013,2019-07-26
s7355,"Love, Rosie",Movie,R,2014,2019-11-20
s7356,LoveTrue,Movie,TV-MA,2016,2017-05-07
s7357,Loving Annabelle,Movie,TV-MA,2006,2018-07-01
s7358,Loving You,Movie,TV-14,1995,2018-08-16
s7359,Lucha: Playing the Impossible,Movie,TV-PG,2016,2018-07-15
s7360,Lucky Days,TV Show,TV-PG,2010,2016-09-01
s7361,Lucky: No Time for Love,Movie,TV-14,2005,2017-11-15
s7362,Lupt,Movie,TV-14,2018,2019-04-05
s7363,Lusers,Movie,TV-MA,2015,2016-07-15
s7364,Ma Chu Ka,Movie,TV-14,2017,2018-07-01
s7365,Maacher Jhol,Movie,TV-PG,2017,2018-01-01
s7366,Mac & Devin Go to High School,Movie,R,2012,2016-04-20
s7367,Macchli Jal Ki Rani Hai,Movie,TV-MA,2014,2017-10-15
s7368,Mad Max,Movie,R,1979,2020-08-01
s7369,Mad Men,TV Show,TV-14,2014,
s7370,Mad Money,Movie,PG-13,2008,2019-11-01
s7371,Mad Ron's Prevues from Hell,Movie,NR,1987,2010-11-01
s7372,Mad World,Movie,TV-MA,2016,2018-09-20
s7373,Madaari,Movie,TV-14,2016,2017-02-17
s7374,Maddman: The Steve Madden Story,Movie,TV-MA,2017,2018-01-01
s7375,Madre,Movie,TV-MA,2016,2017-08-26
s7376,Maggie & Bianca: Fashion Friends,TV Show,TV-Y7,2017,2019-03-31
s7377,Magi: Adventure of Sinbad,TV Show,TV-14,2016,2016-07-14
s7378,Magic Snowflake,Movie,TV-Y,2013,2015-12-20
s7379,Magnetic,Movie,TV-14,2018,2020-06-12
s7380,Magnus,Movie,TV-PG,2016,2017-02-22
s7381,Mahabharat,Movie,TV-14,2013,2018-08-01
s7382,Maharakshak Devi,TV Show,TV-14,2015,2017-04-15
s7383,Maharakshak: Aryan,TV Show,TV-14,2014,2017-04-01
s7384,Mahi Way,TV Show,TV-14,2010,2018-03-01
s7385,Mahjong Heroes,Movie,TV-PG,1981,2018-08-16
s7386,Mahmut & Meryem,TV Show,TV-14,2013,2016-12-26
s7387,Maine Pyaar Kyun Kiya,Movie,TV-14,2005,2019-12-31
s7388,Maine Pyar Kiya,Movie,TV-PG,1989,2018-01-01
s7389,Mala Kahich Problem Nahi,Movie,TV-PG,2017,2018-11-15
s7390,Malicious,Movie,TV-MA,2018,2019-02-01
s7391,Man of Tai Chi,Movie,R,2013,2018-07-26
s7392,Man Up,Movie,R,2015,2018-09-04
s7393,Man vs Wild with Sunny Leone,TV Show,TV-PG,2018,2018-12-01
s7394,Mandi,Movie,TV-MA,1983,2020-01-01
s7395,Mandobasar Galpo,Movie,TV-14,2017,2018-04-01
s7396,Manglehorn,Movie,PG-13,2014,2017-04-16
s7397,Mango Dreams,Movie,TV-14,2016,2018-03-15
s7398,Manhattan Romance,Movie,TV-14,2014,2017-09-08
s7399,Manolo: The Boy Who Made Shoes for Lizards,Movie,TV-MA,2017,2018-01-15
s7400,Mansfield Park,Movie,PG-13,1999,2020-01-01
s7401,Mantostaan,Movie,TV-MA,2017,2017-12-15
s7402,Mantra,Movie,TV-14,2017,2017-12-15
s7403,Mara,Movie,TV-MA,2017,2019-01-05
s7404,Marauders,Movie,R,2016,2020-12-01
s7405,Marching Orders,TV Show,TV-14,2018,2018-08-03
s7406,Mark Gatiss: A Study in Sherlock,Movie,TV-14,2016,2016-05-01
s7407,Maron,TV Show,TV-MA,2016,
s7408,Maroon,Movie,TV-MA,2016,2017-02-01
s7409,Married at First Sight,TV Show,TV-14,2019,2020-04-13
s7410,Mars,TV Show,TV-PG,2018,
s7411,Martial Arts of Shaolin,Movie,R,1986,2018-08-16
s7412,Martin Lawrence Live: Runteldat,Movie,R,2002,2019-12-01
s7413,Martin Luther: The Idea that Changed the World,Movie,TV-PG,2017,2018-01-01
s7414,Martyrs of Marriage,Movie,TV-14,2016,2018-03-15
s7415,Marvel & ESPN Films Present: 1 of 1: Genesis,Movie,TV-PG,2014,2015-03-15
s7416,Marvel's Iron Man & Hulk: Heroes United,Movie,PG,2013,2014-02-16
s7417,Mary and the Witch's Flower,Movie,PG,2017,2018-07-17
s7418,Mary Poppins Returns,Movie,PG,2018,2019-07-09
s7419,Mary Portas: Secret Shopper,TV Show,TV-14,2016,2019-07-26
s7420,Masoom,Movie,TV-14,1983,2019-12-31
s7421,Master,Movie,NR,2016,2018-02-01
s7422,Mater,Movie,TV-MA,2017,2018-08-01
s7423,Matichya Chuli,Movie,TV-14,2006,2018-02-15
s7424,Max Rose,Movie,TV-14,2013,2017-01-15
s7425,May We Chat,Movie,TV-MA,2014,2018-08-26
s7426,May You Prosper,Movie,TV-14,2017,2019-07-20
s7427,Maya Angelou: And Still I Rise,Movie,TV-PG,2016,2017-05-01
s7428,Maynard,Movie,TV-PG,2017,2018-09-02
s7429,Maza Pati Karodpati,Movie,TV-PG,1988,2018-01-01
s7430,Me and the Alien,Movie,TV-MA,2016,2017-02-14
s7431,Mean Dreams,Movie,R,2016,2019-07-01
s7432,Mean Streets,Movie,R,1973,2019-07-01
s7433,Meditation Park,Movie,TV-PG,2017,2018-03-09
s7434,Medium,Movie,TV-MA,1985,2019-10-01
s7435,Meet the Trumps: From Immigrant to President,Movie,TV-14,2017,2017-10-25
s7436,Mega Food,TV Show,TV-G,2013,2019-07-12
s7437,MegaTruckers,TV Show,TV-PG,2012,2019-07-12
s7438,Melle,Movie,TV-PG,2017,2018-08-01
s7439,Melodies of Life - Born This Way,TV Show,TV-14,2016,2019-06-21
s7440,Melvin Goes to Dinner,Movie,R,2003,2018-07-01
s7441,Memoir of a Murderer,Movie,TV-MA,2017,2018-02-19
s7442,Memory Games,Movie,TV-14,2018,2019-06-19
s7443,Men in Black,Movie,PG-13,1997,2019-10-19
s7444,Men in Black II,Movie,PG-13,2002,2019-10-01
s7445,Menorca,Movie,TV-MA,2016,2017-08-27
s7446,Merantau,Movie,R,2009,2019-02-13
s7447,Mere Papa Hero Hiralal,TV Show,TV-14,2018,2018-05-01
s7448,Merlí,TV Show,TV-MA,2015,2016-12-01
s7449,Merry Men: The Real Yoruba Demons,Movie,TV-MA,2018,2019-09-21
s7450,Mexico Diseña,TV Show,TV-PG,2016,2017-02-01
s7451,Mi Shivajiraje Bhosale Boltoy,Movie,TV-14,2009,2018-01-01
s7452,MI-5,Movie,R,2015,2019-08-01
s7453,Middle School: The Worst Years of My Life,Movie,PG,2016,2019-03-03
s7454,Midnight Misadventures With Mallika Dua,TV Show,TV-14,2018,2019-04-01
s7455,Midnight Special,Movie,PG-13,2016,2020-09-07
s7456,Mighty Morphin Alien Rangers,TV Show,TV-Y7,1996,2016-01-01
s7457,Milk,Movie,R,2008,2017-02-16
s7458,Mini Wolf,TV Show,TV-G,2014,
s7459,Minnaminugu the FireFly,Movie,TV-14,2017,2018-08-01
s7460,Minute to Win It,TV Show,TV-PG,2013,2018-12-15
s7461,Miracle,Movie,PG,2004,2018-06-01
s7462,Mirror Mirror,Movie,PG,2012,2020-04-24
s7463,Mirzya,Movie,TV-MA,2016,2017-02-20
s7464,Miss Dynamite,TV Show,TV-14,2015,2018-05-05
s7465,Miss Hokusai,Movie,PG-13,2015,2017-10-01
s7466,Miss Julie,Movie,PG-13,2014,2015-09-02
s7467,Miss Me This Christmas,Movie,TV-14,2017,2017-12-19
s7468,Miss Representation,Movie,NR,2011,2017-10-20
s7469,Miss Rose,TV Show,TV-MA,2015,2016-08-01
s7470,Miss Sharon Jones!,Movie,TV-MA,2015,2017-01-07
s7471,Miss Stevens,Movie,NR,2016,2016-12-19
s7472,Mission Control: The Unsung Heroes of Apollo,Movie,TV-14,2017,2017-08-13
s7473,Mission of Honor,Movie,TV-MA,2018,2019-07-29
s7474,Mission: Destroy Love,Movie,TV-PG,2014,2017-08-07
s7475,Mississippi Grind,Movie,R,2015,2018-07-26
s7476,Moh Maya Money,Movie,TV-MA,2016,2017-05-01
s7477,Mohawk,Movie,TV-MA,2017,2018-06-30
s7478,Mojave,Movie,R,2015,2018-07-26
s7479,Mokalik (Mechanic),Movie,TV-14,2019,2019-09-01
s7480,Molly's Game,Movie,R,2017,2020-04-01
s7481,Momo Salon,TV Show,TV-14,2014,2017-07-01
s7482,Mona Lisa Smile,Movie,PG-13,2003,2019-01-01
s7483,Money,Movie,R,2016,2017-10-15
s7484,Money for Nothing,TV Show,TV-PG,2015,2019-07-12
s7485,Money Talks,Movie,R,1997,2019-11-01
s7486,Monkey Planet,TV Show,TV-PG,2014,2017-03-31
s7487,Monkey Up,Movie,PG,2016,2016-03-19
s7488,Monopoly (The Bank Of Luck),Movie,TV-MA,2017,2019-06-15
s7489,Monster Family,Movie,PG,2017,2018-04-04
s7490,Monster High 13 Wishes,Movie,TV-Y7,2013,2018-03-01
s7491,"Monster High: Boo York, Boo York",Movie,TV-Y7,2015,2015-09-29
s7492,Monster High: Escape from Skull Shores,Movie,TV-Y7,2012,2018-01-01
s7493,Monster High: Freaky Fusion,Movie,TV-Y7,2014,2018-01-30
s7494,Monster High: Friday Night Frights,Movie,TV-Y7,2013,2018-01-01
s7495,Monster High: Fright On!,Movie,TV-Y7,2011,2018-01-01
s7496,"Monster High: Frights, Camera, Action!",Movie,TV-Y7,2014,2018-01-01
s7497,Monster High: Ghouls Rule,Movie,TV-Y7,2012,2018-03-01
s7498,Monster High: Great Scarrier Reef,Movie,TV-Y7,2016,2017-10-01
s7499,Monster High: Haunted,Movie,TV-Y7,2015,2018-03-24
s7500,Monster High: New Ghoul at School,Movie,TV-Y7,2010,2017-10-01
s7501,"Monster High: Scaris, City of Frights",Movie,TV-G,2013,2015-07-07
s7502,Monster High: Why Do Ghouls Fall in Love?,Movie,TV-Y7,2013,2018-01-01
s7503,Monster Math Squad,TV Show,TV-Y,2012,2020-05-15
s7504,Monster-in-Law,Movie,PG-13,2005,2020-01-01
s7505,Monty Don's French Gardens,TV Show,TV-G,2013,2019-07-26
s7506,Monty Don's Italian Gardens,TV Show,TV-G,2011,2019-07-26
s7507,Moon,Movie,R,2009,2020-01-01
s7508,Moonlight,Movie,R,2016,2019-05-21
s7509,Moonwalkers,Movie,R,2015,2017-09-08
s7510,Moor,Movie,TV-14,2015,2017-11-01
s7511,Morris from America,Movie,R,2016,2018-11-01
s7512,Mortified Nation,Movie,TV-MA,2013,2018-02-01
s7513,Morya,Movie,TV-14,2011,2018-02-15
s7514,Motu Patlu: King of Kings,Movie,TV-Y7-FV,2016,2017-07-06
s7515,Mountain,Movie,PG,2017,2018-10-01
s7516,Movie 43,Movie,R,2013,2019-04-09
s7517,Mr. Church,Movie,PG-13,2016,2018-12-22
s7518,Mr. Deeds,Movie,PG-13,2002,2020-08-01
s7519,Mr. Gaga: A True Story of Love and Dance,Movie,TV-14,2015,2017-06-15
s7520,Mr. Virgin,Movie,TV-14,1984,2018-08-16
s7521,Mr. Woodcock,Movie,PG-13,2007,2019-09-01
s7522,Mr. Young,TV Show,TV-G,2013,
s7523,Ms. Mammy,Movie,TV-14,2012,2019-06-06
s7524,Mud,Movie,PG-13,2012,2021-01-01
s7525,Mujhse Shaadi Karogi,Movie,TV-PG,2004,2019-12-31
s7526,Mune: Guardian of the Moon,Movie,PG,2014,2018-01-26
s7527,Muppets Most Wanted,Movie,PG,2014,2020-09-01
s7528,Murder Party,Movie,NR,2007,2018-09-01
s7529,Murderous Affairs,TV Show,TV-MA,2017,2018-04-17
s7530,Mutant Busters,TV Show,TV-PG,2017,
s7531,Mutiny on the Bounty,Movie,TV-PG,1962,2019-11-01
s7532,My Babysitter's a Vampire: The Movie,Movie,TV-PG,2010,2018-10-17
s7533,My Brother ... Nikhil,Movie,TV-PG,2005,2018-10-30
s7534,My Daddy is in Heaven,Movie,TV-14,2017,2018-06-12
s7535,My Dog is My Guide,Movie,TV-14,2013,2019-04-18
s7536,My Entire High School Sinking Into the Sea,Movie,PG-13,2016,2018-01-23
s7537,My Ex-Ex,Movie,TV-MA,2015,2017-08-15
s7538,My Honor Was Loyalty,Movie,Not Rated,2015,2017-03-01
s7539,My Hotter Half,TV Show,TV-PG,2017,2019-07-22
s7540,My Life as a Zucchini,Movie,PG-13,2016,2017-10-01
s7541,My Life My Story,TV Show,TV-14,2017,2017-11-01
s7542,My Little Pony Equestria Girls: Friendship Games,Movie,TV-Y,2015,2015-12-01
s7543,My Little Pony Equestria Girls: Rainbow Rocks,Movie,TV-Y,2014,2014-12-17
s7544,My Only Mother,Movie,TV-14,2013,2019-03-04
s7545,"My Schoolmate, the Barbarian",Movie,TV-14,2001,2018-08-16
s7546,My Scientology Movie,Movie,TV-MA,2015,2017-07-13
s7547,My Sister's Keeper,Movie,PG-13,2009,2019-09-01
s7548,My Tattoo Addiction,TV Show,TV-MA,2013,2019-02-01
s7549,My True Friend,Movie,TV-MA,2012,2018-07-25
s7550,My Week with Marilyn,Movie,R,2011,2019-05-30
s7551,My Wife and My Wifey,Movie,TV-14,2014,2019-04-18
s7552,Mystery Science Theater 3000,TV Show,TV-14,1999,2018-03-15
s7553,Mythily Veendum Varunnu,Movie,TV-PG,2017,2018-08-01
s7554,Nacho Libre,Movie,PG,2006,2019-11-01
s7555,Naga The Eternal Yogi,Movie,TV-PG,2016,2017-02-05
s7556,Nails,Movie,TV-MA,2017,2018-03-10
s7557,Naledi: A Baby Elephant's Tale,Movie,TV-PG,2016,2020-05-28
s7558,Namak Halaal,Movie,TV-14,1982,2019-12-31
s7559,Namour,Movie,NR,2016,2017-03-15
s7560,Naruto Shippuden : Blood Prison,Movie,TV-14,2011,2017-09-01
s7561,Natalia Valdebenito: Gritona,Movie,TV-MA,2017,2017-11-10
s7562,National Bird,Movie,TV-MA,2016,2017-05-08
s7563,National Lampoon's Loaded Weapon 1,Movie,PG-13,1993,2019-11-01
s7564,National Parks Adventure,Movie,TV-G,2016,2018-02-01
s7565,National Treasure,Movie,PG,2004,2018-06-01
s7566,Natsamrat - Asa Nat Hone Nahi,Movie,TV-14,2016,2018-06-01
s7567,Natural Born Pranksters,Movie,R,2016,2016-09-15
s7568,Natural Selection,Movie,R,2015,2016-12-01
s7569,Nature: Animals With Cameras,TV Show,TV-PG,2018,2018-10-01
s7570,NATURE: Natural Born Hustlers,TV Show,TV-G,2016,2017-03-01
s7571,Nature: Raising the Dinosaur Giant,Movie,TV-G,2016,2017-03-01
s7572,Nature's Great Events (2009),TV Show,TV-PG,2009,2015-10-10
s7573,Nature's Great Events: Diaries,TV Show,TV-PG,2009,2015-04-22
s7574,Nature's Great Race,TV Show,TV-PG,2016,2017-10-01
s7575,Nature's Weirdest Events,TV Show,TV-PG,2015,
s7576,Nazi Concentration Camps,Movie,TV-MA,1945,2017-03-31
s7577,Nazi Mega Weapons,TV Show,TV-PG,2016,
s7578,Neruda,Movie,R,2016,2017-06-26
s7579,Never Heard,Movie,TV-PG,2018,2019-02-15
s7580,New York Minute,Movie,PG,2004,2020-01-01
s7581,Newtown,Movie,NR,2016,2017-04-07
s7582,Next,Movie,PG-13,2007,2019-07-01
s7583,Nibunan,Movie,TV-14,2017,2018-05-01
s7584,Night Comes On,Movie,TV-MA,2018,2020-08-27
s7585,Night Moves,Movie,R,2013,2019-06-30
s7586,Nightcrawler,Movie,R,2014,2020-08-10
s7587,"Nightmare Tenants, Slum Landlords",TV Show,TV-MA,2016,
s7588,Nights in Rodanthe,Movie,PG-13,2008,2019-07-01
s7589,Ninja Hattori,TV Show,TV-Y7,1981,2018-12-23
s7590,Ninja Turtles: The Next Mutation,TV Show,TV-G,1997,2016-01-01
s7591,No Entry,Movie,TV-PG,2005,2018-03-01
s7592,No Estoy Loca,Movie,TV-MA,2018,2018-05-04
s7593,No Reservations,Movie,PG,2007,2019-10-01
s7594,Nobel,TV Show,R,2016,2016-12-10
s7595,Norm of the North: Family Vacation,Movie,TV-Y7,2020,2020-05-25
s7596,Norm of the North: Keys to the Kingdom,Movie,TV-PG,2019,2020-08-21
s7597,Norm of the North: King Sized Adventure,Movie,TV-PG,2019,2019-09-09
s7598,North & South,TV Show,NR,2004,2017-03-31
s7599,Not Alone,Movie,TV-14,2017,2018-01-01
s7600,NOVA: Bird Brain,Movie,TV-G,2017,2019-07-01
s7601,NOVA: Black Hole Apocalypse,Movie,TV-G,2018,2019-07-01
s7602,NOVA: Building Chernobyl's MegaTomb,Movie,TV-PG,2017,2019-07-01
s7603,NOVA: Chinese Chariot Revealed,Movie,TV-PG,2017,2019-07-01
s7604,NOVA: Day the Dinosaurs Died,Movie,TV-PG,2017,2019-07-01
s7605,NOVA: Death Dive to Saturn,Movie,TV-G,2017,2019-07-01
s7606,NOVA: Decoding the Weather Machine,Movie,TV-14,2018,2019-07-01
s7607,NOVA: Eclipse Over America,Movie,TV-G,2017,2019-07-01
s7608,NOVA: Extreme Animal Weapons,Movie,TV-PG,2017,2019-07-01
s7609,NOVA: First Face of America,Movie,TV-PG,2018,2019-07-01
s7610,NOVA: Holocaust Escape Tunnel,Movie,TV-14,2017,2019-07-01
s7611,NOVA: Killer Floods,Movie,TV-PG,2017,2019-07-01
s7612,NOVA: Killer Hurricanes,Movie,TV-PG,2017,2019-07-01
s7613,NOVA: Killer Volcanoes,Movie,TV-PG,2017,2019-07-01
s7614,NOVA: Poisoned Water,Movie,TV-PG,2017,2019-07-01
s7615,NOVA: Prediction by the Numbers,Movie,TV-G,2018,2019-07-01
s7616,NOVA: Secrets of the Shining Knight,Movie,TV-PG,2017,2019-07-01
s7617,NOVA: Thai Cave Rescue,Movie,TV-PG,2018,2019-07-01
s7618,NOVA: The Impossible Flight,Movie,TV-PG,2018,2019-07-01
s7619,Nova: Ultimate Mars Challenge,Movie,TV-G,2012,2019-07-01
s7620,November Criminals,Movie,PG-13,2017,2020-07-03
s7621,Now and Then,Movie,PG-13,1995,2019-08-02
s7622,Now More Than Ever: The History of Chicago,Movie,TV-MA,2016,2018-01-01
s7623,Nowhere Boy,Movie,R,2009,2018-04-14
s7624,NSU German History X,TV Show,TV-MA,2016,2016-07-07
s7625,Nuestra Lucha Libre,TV Show,TV-MA,2018,2018-08-15
s7626,Numbered,Movie,TV-PG,2012,2017-12-31
s7627,Numero Zero. The Roots of Italian Rap,Movie,TV-MA,2015,2018-04-15
s7628,Nura: Rise of the Yokai Clan: Demon Capital,TV Show,TV-MA,2011,2016-12-01
s7629,Nurse Jackie,TV Show,TV-MA,2015,
s7630,Nurses Who Kill,TV Show,TV-14,2016,2017-08-01
s7631,Nymphomaniac: Volume 1,Movie,NR,2013,2018-01-01
s7632,Nymphomaniac: Volume II,Movie,TV-MA,2013,2018-08-25
s7633,"O-Negative, Love Can’t Be Designed",TV Show,TV-MA,2016,2018-04-13
s7634,Oasis: Supersonic,Movie,R,2016,2018-12-28
s7635,Obvious Child,Movie,R,2014,2018-07-19
s7636,Océans,Movie,G,2009,2019-09-19
s7637,Occupation,Movie,R,2018,2019-01-03
s7638,Ocean's Eleven,Movie,TV-PG,1960,2019-11-01
s7639,Ocean's Thirteen,Movie,PG-13,2007,2019-10-01
s7640,Ocean's Twelve,Movie,PG-13,2004,2019-10-01
s7641,OCTB,TV Show,TV-14,2017,2018-02-05
s7642,Off Course,Movie,TV-MA,2015,2016-09-01
s7643,Officer Downe,Movie,R,2016,2017-03-30
s7644,Oh My Ghost 2,Movie,TV-MA,2011,2018-07-25
s7645,Oh My Ghost 3,Movie,TV-MA,2012,2018-08-16
s7646,Oh My Ghost 4,Movie,TV-MA,2015,2018-07-25
s7647,Oh No! It's an Alien Invasion,TV Show,TV-Y7-FV,2014,
s7648,Oklahoma City,Movie,TV-14,2017,2017-04-19
s7649,Oliver Stone's Untold History of the United States,TV Show,TV-PG,2013,2016-11-15
s7650,Ollie & Moon,TV Show,TV-Y,2018,2018-03-28
s7651,Omar and Salma 3,Movie,TV-MA,2012,2019-04-25
s7652,On the Wrong Track,Movie,TV-14,1983,2018-08-02
s7653,On Yoga The Architecture of Peace,Movie,TV-14,2017,2018-01-10
s7654,Onaatah,Movie,TV-14,2016,2018-05-01
s7655,Once In A Lifetime Sessions with Moby,Movie,TV-14,2018,2018-08-01
s7656,Once In A Lifetime Sessions with Nile Rodgers,Movie,TV-PG,2018,2018-08-01
s7657,Once In A Lifetime Sessions with Noel Gallagher,Movie,TV-MA,2018,2018-08-01
s7658,Once In A Lifetime Sessions with TLC,Movie,TV-PG,2018,2018-08-01
s7659,Once Upon a Time in London,Movie,TV-MA,2019,2020-04-15
s7660,Once Upon a Time in the West,Movie,PG-13,1968,2019-11-20
s7661,One Day,Movie,TV-PG,2016,2018-09-05
s7662,One Direction: This Is Us,Movie,PG,2013,2019-10-01
s7663,One Heart: The A.R. Rahman Concert Film,Movie,TV-G,2017,2017-11-01
s7664,One Last Thing,Movie,TV-MA,2018,2019-08-25
s7665,One More Shot,Movie,TV-MA,2017,2018-01-15
s7666,One Night Stand,Movie,TV-MA,2016,2017-10-15
s7667,One Strange Rock,TV Show,TV-PG,2018,2019-02-02
s7668,Only God Forgives,Movie,R,2013,2018-05-15
s7669,Only the Dead,Movie,TV-MA,2015,2018-11-15
s7670,Open Season,Movie,PG,2006,2019-09-01
s7671,Operation Chromite,Movie,NR,2016,2018-01-15
s7672,Operation Gold Rush,TV Show,TV-14,2016,2019-02-01
s7673,Operation Mekong,Movie,TV-MA,2016,2017-08-05
s7674,Operation Odessa,Movie,TV-MA,2018,2020-04-01
s7675,Operation Ouch!,TV Show,TV-PG,2012,2020-08-01
s7676,Operation Proposal,TV Show,TV-PG,2012,2016-07-01
s7677,Operation Red Sea,Movie,TV-MA,2018,2018-11-27
s7678,Operator,Movie,TV-MA,2016,2017-02-16
s7679,Opium and the Kung Fu Master,Movie,TV-MA,1984,2018-08-16
s7680,Origins Collection,TV Show,TV-PG,2018,
s7681,Oru Vishsheshapetta Biryani Kissa,Movie,TV-14,2017,2018-08-01
s7682,OtherLife,Movie,TV-MA,2017,2017-10-15
s7683,Ottaal,Movie,TV-PG,2014,2017-03-15
s7684,Our Godfather,Movie,TV-MA,2019,2019-09-10
s7685,Our House,Movie,PG-13,2018,2020-06-01
s7686,Our Shining Days,Movie,TV-PG,2017,2018-07-01
s7687,Outlawed,Movie,TV-MA,2018,2019-02-15
s7688,P,Movie,TV-MA,2006,2019-05-31
s7689,P Se PM Tak,Movie,TV-14,2015,2018-08-01
s7690,P. King Duckling,TV Show,TV-Y,2016,2017-11-07
s7691,P.S. I Love You,Movie,PG-13,2007,2019-04-01
s7692,Paathi,Movie,TV-14,2017,2018-07-01
s7693,Pablo Escobar: Angel or Demon?,Movie,NR,2007,2018-03-23
s7694,Pacific Heat,TV Show,TV-14,2016,2016-12-02
s7695,Pahuyut Fighting Beat,Movie,TV-MA,2007,2018-07-26
s7696,Paid in Full,Movie,R,2002,2019-11-01
s7697,Paint It Black,Movie,R,2016,2018-02-01
s7698,Painted Faces,Movie,TV-PG,1988,2018-08-16
s7699,Pajanimals,TV Show,TV-Y,2011,2020-03-31
s7700,Palio,Movie,TV-14,2015,2016-06-30
s7701,Palm Trees in the Snow,Movie,TV-MA,2015,2016-05-01
s7702,Panic Room,Movie,R,2002,2019-08-01
s7703,Papa the Great,Movie,TV-PG,2000,2017-12-08
s7704,Paper Year,Movie,TV-MA,2018,2019-04-20
s7705,Paranormal Activity,Movie,R,2007,2020-01-01
s7706,Paranormal Survivor,TV Show,TV-14,2016,
s7707,Pardes,Movie,TV-14,1997,2018-03-01
s7708,Pareeth Pandaari,Movie,TV-PG,2017,2018-07-01
s7709,Paris Is Burning,Movie,R,1990,2017-02-01
s7710,Parks and Recreation,TV Show,TV-14,2015,
s7711,Pasión de Gavilanes,TV Show,TV-14,2003,2017-05-04
s7712,Passenger 57,Movie,R,1992,2021-01-01
s7713,Patiala House,Movie,TV-PG,2011,2017-10-22
s7714,Patient Seventeen,Movie,TV-14,2017,2018-01-29
s7715,Patriot Games,Movie,R,1992,2020-01-01
s7716,Patron Mutlu Son Istiyor,Movie,TV-MA,2014,2017-03-10
s7717,Paul Blart: Mall Cop,Movie,PG,2009,2020-11-01
s7718,Paulettante Veedu,Movie,TV-14,2016,2018-07-01
s7719,Pawn Stars,TV Show,TV-14,2010,2019-09-15
s7720,Paying Guests,Movie,TV-14,2009,2018-07-01
s7721,Pee Mak,Movie,TV-MA,2013,2018-09-01
s7722,Pee-wee's Playhouse,TV Show,TV-PG,1990,
s7723,Pee-wee's Playhouse: Christmas Special,Movie,TV-PG,1988,2014-12-18
s7724,Pekak,Movie,TV-MA,2016,2017-08-25
s7725,Penelope,Movie,PG,2006,2019-04-01
s7726,Penny Dreadful,TV Show,TV-MA,2016,2016-09-17
s7727,People You May Know,Movie,TV-MA,2016,2017-02-28
s7728,Perfect Bid: The Contestant Who Knew Too Much,Movie,TV-MA,2017,2019-04-30
s7729,Perfect Stranger,Movie,R,2007,2019-01-01
s7730,Person of Interest,TV Show,TV-14,2016,
s7731,Personal Shopper,Movie,R,2016,2019-02-01
s7732,Peter and the Farm,Movie,TV-MA,2016,2017-03-09
s7733,Peter Rabbit,Movie,PG,2018,2018-08-18
s7734,Phamous,Movie,TV-MA,2018,2019-12-31
s7735,Phantom Boy,Movie,PG,2015,2017-10-01
s7736,Philadelphia,Movie,PG-13,1993,2019-07-01
s7737,Phir Se,Movie,TV-14,2015,2018-01-15
s7738,Phobia 2,Movie,TV-MA,2009,2018-09-05
s7739,Phone Swap,Movie,TV-14,2012,2019-09-01
s7740,Phullu,Movie,TV-14,2017,2019-12-31
s7741,Pick of the Litter,Movie,TV-PG,2018,2020-08-02
s7742,Pierre Jackson,Movie,TV-MA,2018,2019-06-29
s7743,Pimpal,Movie,TV-PG,2017,2018-11-15
s7744,Pioneers of African-American Cinema,TV Show,TV-14,1946,2017-02-01
s7745,Pitaah,Movie,TV-MA,2002,2018-03-01
s7746,"Pizza, birra, faso",Movie,TV-MA,1998,2018-03-15
s7747,"Plaire, aimer et courir vite",Movie,TV-MA,2018,2019-07-13
s7748,Planet Earth II,TV Show,TV-G,2016,2017-12-25
s7749,Planet Earth: The Complete Collection,TV Show,TV-PG,2006,2015-04-22
s7750,Planet Hulk,Movie,TV-14,2010,2020-06-01
s7751,Planetarium,Movie,TV-MA,2016,2018-01-01
s7752,Platoon,Movie,R,1986,2020-11-01
s7753,Playing for Time,Movie,TV-14,1980,2017-12-01
s7754,Playing Hard,Movie,TV-MA,2018,2019-04-05
s7755,Pope Francis: A Man of His Word,Movie,PG,2018,2019-01-03
s7756,Popeye,Movie,PG,1980,2019-11-24
s7757,Portlandia,TV Show,TV-14,2018,2019-09-25
s7758,Porto,Movie,TV-MA,2016,2018-04-16
s7759,Postcards from London,Movie,TV-MA,2018,2019-02-19
s7760,Powder,TV Show,TV-14,2010,2018-02-15
s7761,Power Battle Watch Car,TV Show,TV-Y7,2016,2017-06-01
s7762,Power Rangers Dino Charge,TV Show,TV-Y7,2015,2015-12-02
s7763,Power Rangers Dino Super Charge,TV Show,TV-Y7,2016,2016-10-15
s7764,Power Rangers Dino Thunder,TV Show,TV-Y7,2004,2016-01-01
s7765,Power Rangers in Space,TV Show,TV-Y7,1998,2016-01-01
s7766,Power Rangers Jungle Fury,TV Show,TV-Y7,2008,2016-01-01
s7767,Power Rangers Lightspeed Rescue,TV Show,TV-Y7,2000,2016-01-01
s7768,Power Rangers Lost Galaxy,TV Show,TV-Y7,1999,2016-01-01
s7769,Power Rangers Mystic Force,TV Show,TV-Y7,2006,2016-01-01
s7770,Power Rangers Ninja Storm,TV Show,TV-Y7,2003,2016-01-01
s7771,Power Rangers Operation Overdrive,TV Show,TV-Y7,2007,2016-01-01
s7772,Power Rangers RPM,TV Show,TV-Y7,2009,2016-01-01
s7773,Power Rangers S.P.D.,TV Show,TV-Y7,2005,2016-01-01
s7774,Power Rangers Samurai,TV Show,TV-Y7,2011,2016-01-01
s7775,"Power Rangers Samurai: Christmas Together, Friends Forever (Christmas Special)",Movie,TV-Y7,2011,2016-01-01
s7776,Power Rangers Samurai: Clash of the Red Rangers,Movie,TV-Y7,2011,2016-01-01
s7777,Power Rangers Samurai: Party Monsters (Halloween Special),Movie,TV-Y7,2011,2016-01-01
s7778,Power Rangers Super Megaforce,TV Show,TV-Y7,2014,2016-01-01
s7779,Power Rangers Super Megaforce: The Legendary Battle (Extended),Movie,TV-Y7,2014,2016-01-01
s7780,Power Rangers Super Samurai,TV Show,TV-Y7,2012,2016-01-01
s7781,Power Rangers Super Samurai: Stuck on Christmas,Movie,TV-Y7,2012,2016-01-01
s7782,Power Rangers Super Samurai: Trickster Treat,Movie,TV-Y7,2012,2016-01-01
s7783,Power Rangers Time Force,TV Show,TV-Y7,2001,2016-01-01
s7784,Power Rangers Turbo,TV Show,TV-Y7,1997,2016-01-01
s7785,Power Rangers Wild Force,TV Show,TV-Y7,2002,2016-01-01
s7786,Power Rangers Zeo,TV Show,TV-Y7,1996,2016-01-01
s7787,Power Rangers: Megaforce,TV Show,TV-Y7,2013,2016-01-01
s7788,Power Rangers: Megaforce: Raising Spirits,Movie,TV-Y7,2013,2016-01-01
s7789,Power Rangers: Megaforce: The Robo Knight Before Christmas,Movie,TV-Y7,2013,2016-01-01
s7790,Prague,Movie,TV-MA,2013,2017-12-01
s7791,Prelude to War,Movie,TV-14,1942,2017-03-31
s7792,Premachi Goshta,Movie,TV-14,2013,2018-02-15
s7793,Prescription Thugs,Movie,NR,2015,2016-04-15
s7794,Primal Fear,Movie,R,1996,2019-12-01
s7795,Prince Charming,Movie,TV-14,1984,2018-08-31
s7796,Prince Jai Aur Dumdaar Viru,TV Show,TV-Y,2017,2020-10-18
s7797,Princess Cyd,Movie,TV-MA,2017,2018-02-05
s7798,Professor Mack,Movie,TV-MA,2018,2019-08-06
s7799,Prohibition: A Film by Ken Burns and Lynn Novick,TV Show,TV-PG,2011,2017-02-22
s7800,Prosecuting Evil: The Extraordinary World of Ben Ferencz,Movie,TV-MA,2019,2019-06-01
s7801,Psiconautas,TV Show,TV-MA,2016,2018-04-15
s7802,Pukar,Movie,TV-14,2000,2018-03-01
s7803,Pulp Fiction,Movie,R,1994,2019-01-01
s7804,Punjab 1984,Movie,TV-14,2014,2017-11-01
s7805,Pusher,Movie,R,2012,2017-12-27
s7806,Pyaar Ka Punchnama,Movie,TV-14,2011,2017-05-01
s7807,Pyaar Tune Kya Kiya,TV Show,TV-14,2014,
s7808,Q Ball,Movie,TV-MA,2019,2020-03-11
s7809,Qué pena tu serie,TV Show,TV-MA,2015,2016-11-04
s7810,Quantum of Solace,Movie,PG-13,2008,2020-08-31
s7811,Queen of No Marriage,TV Show,TV-MA,2009,2016-08-01
s7812,Queen of the Desert,Movie,PG-13,2015,2019-04-06
s7813,Queens of Comedy,TV Show,TV-MA,2017,2018-05-01
s7814,Queens vs. Kings,TV Show,TV-14,2018,2018-10-25
s7815,R.L. Stine's Mostly Ghostly,Movie,PG,2008,2018-08-01
s7816,Rab Se Sohna Isshq,TV Show,TV-14,2012,2017-06-01
s7817,Race to Witch Mountain,Movie,PG,2009,2019-07-01
s7818,Rachel Getting Married,Movie,R,2008,2019-09-01
s7819,Radical: the Controversial Saga of Dada Figueiredo,Movie,TV-MA,2013,2017-04-12
s7820,Radiopetti,Movie,TV-PG,2015,2017-01-01
s7821,Raging Bull,Movie,R,1980,2019-10-01
s7822,Rahasya,Movie,TV-14,2015,2018-03-01
s7823,Raiders!: The Story of the Greatest Fan Film Ever Made,Movie,NR,2015,2016-09-16
s7824,Railroad Tigers,Movie,TV-14,2016,2017-08-19
s7825,Raja Hindustani,Movie,TV-14,1996,2017-05-01
s7826,Rajnigandha,Movie,TV-PG,1974,2019-12-31
s7827,Ralph Breaks the Internet: Wreck-It Ralph 2,Movie,PG,2018,2019-06-11
s7828,Ram Teri Ganga Maili,Movie,TV-14,1985,2019-12-31
s7829,Ramayan,TV Show,TV-14,2012,2018-04-01
s7830,Ramen Shop,Movie,TV-PG,2018,2019-07-31
s7831,Ramji Londonwaley,Movie,TV-14,2005,2019-12-31
s7832,Rampant,Movie,TV-MA,2018,2019-05-26
s7833,Ranbhool,Movie,TV-MA,2010,2018-03-15
s7834,Rangreza,Movie,TV-14,2017,2018-08-01
s7835,Rats,Movie,NR,2016,2016-12-16
s7836,Razia Sultan,TV Show,TV-14,2015,2017-04-01
s7837,Reaction,Movie,TV-14,2011,2019-06-20
s7838,Ready,Movie,TV-PG,2011,2017-10-22
s7839,Reality of Dream,TV Show,TV-MA,2015,2018-07-31
s7840,Rebel Without a Cause,Movie,PG-13,1955,2019-11-01
s7841,Rebelde,TV Show,TV-14,2004,2017-12-31
s7842,Recall,Movie,TV-MA,2018,2019-06-25
s7843,Rectify,TV Show,TV-MA,2016,2017-03-04
s7844,Red Christmas,Movie,TV-MA,2016,2017-12-11
s7845,Red Dawn,Movie,PG-13,1984,2019-12-31
s7846,Red Oleanders Raktokarobi,Movie,TV-14,2017,2018-09-15
s7847,Red Trees,Movie,TV-PG,2017,2018-03-24
s7848,Red vs. Blue,TV Show,NR,2015,
s7849,Refugee,Movie,TV-PG,2016,2017-03-10
s7850,Regatta,Movie,TV-MA,2015,2019-05-09
s7851,Reggie Yates Outside Man,TV Show,TV-MA,2017,
s7852,Reincarnated,Movie,R,2012,2016-06-13
s7853,Rembat,Movie,TV-PG,2015,2017-08-21
s7854,Remember,Movie,R,2015,2018-07-26
s7855,Remember Me,Movie,PG-13,2010,2020-08-01
s7856,Rememory,Movie,PG-13,2017,2020-06-01
s7857,Republic of Doyle,TV Show,TV-14,2014,2020-05-28
s7858,Resident Evil: Afterlife,Movie,R,2010,2020-01-01
s7859,Residente,Movie,TV-MA,2017,2018-01-01
s7860,Restless Creature: Wendy Whelan,Movie,TV-MA,2016,2017-09-26
s7861,Return To The 36th Chamber,Movie,R,1980,2018-08-16
s7862,Revelations,Movie,NR,2016,2017-03-01
s7863,Revenge,TV Show,TV-MA,2017,2019-05-02
s7864,Revenge of the Green Dragons,Movie,R,2014,2018-07-21
s7865,Revolting Rhymes,TV Show,TV-PG,2017,2018-02-01
s7866,Revolutionary Road,Movie,R,2008,2019-11-01
s7867,Rezeta,Movie,NR,2012,2016-12-03
s7868,"Rica, Famosa, Latina",TV Show,TV-MA,2016,2019-04-26
s7869,Righteous Kill,Movie,R,2008,2019-06-01
s7870,Ringan,Movie,TV-14,2015,2018-05-01
s7871,Ripper Street,TV Show,TV-MA,2017,2017-09-08
s7872,Rise of the Zombie,Movie,TV-MA,2013,2017-12-15
s7873,Rishta.com,TV Show,TV-14,2010,2018-03-15
s7874,Rivaaz,Movie,TV-MA,2011,2017-11-01
s7875,Road to Sangam,Movie,TV-14,2010,2019-12-31
s7876,Road to Yesterday,Movie,TV-14,2015,2016-07-01
s7877,Roberto Saviano: Writing Under Police Protection,Movie,TV-14,2016,2018-05-01
s7878,Robin Hood: The Rebellion,Movie,TV-14,2018,2019-05-01
s7879,Robotech,TV Show,TV-MA,1985,2016-10-01
s7880,Rocky,Movie,PG,1976,2019-08-01
s7881,Rocky II,Movie,PG,1979,2019-08-01
s7882,Rocky III,Movie,PG,1982,2019-08-01
s7883,Rocky IV,Movie,PG,1985,2019-08-01
s7884,Rocky V,Movie,PG-13,1990,2019-08-01
s7885,Roger Corman's Death Race 2050,Movie,R,2017,2017-01-17
s7886,Roh's Beauty,Movie,TV-MA,2014,2019-04-19
s7887,Roll Red Roll,Movie,TV-MA,2018,2019-08-08
s7888,Rolling Papers,Movie,TV-MA,2015,2017-09-08
s7889,Romeo Ranjha,Movie,TV-14,2014,2017-11-01
s7890,Room,Movie,R,2015,2018-07-19
s7891,Room for Rent,Movie,TV-MA,2017,2019-03-01
s7892,Room on the Broom,Movie,TV-Y7,2012,2019-07-01
s7893,Roonpi Secret Love,TV Show,TV-14,2016,2019-06-21
s7894,Roots,Movie,TV-PG,2016,2017-11-01
s7895,Rosemary's Baby,Movie,R,1968,2019-11-01
s7896,Rounders,Movie,R,1998,2019-11-01
s7897,Royal Pains,TV Show,TV-PG,2016,
s7898,Rubi,TV Show,TV-PG,2004,2017-12-31
s7899,Rukh,Movie,TV-MA,2017,2018-04-01
s7900,Rumble,Movie,TV-MA,2016,2017-09-15
s7901,Rumble in the Bronx,Movie,R,1995,2019-11-01
s7902,Rumor Has It,Movie,PG-13,2005,2019-08-01
s7903,Run,Movie,TV-14,2004,2018-03-01
s7904,Runaway Bride,Movie,PG,1999,2020-12-01
s7905,Running for Grace,Movie,TV-14,2018,2019-06-19
s7906,Running Out Of Time,Movie,TV-14,2018,2019-08-01
s7907,Rurouni Kenshin,TV Show,TV-14,1998,
s7908,Russell Madness,Movie,PG,2015,2015-05-10
s7909,Russell Peters vs. the World,TV Show,NR,2013,2013-10-14
s7910,Russell Peters: Notorious,Movie,NR,2013,2013-10-14
s7911,Rustom,Movie,TV-14,2016,2017-01-06
s7912,S Is for Stanley,Movie,TV-MA,2016,2017-06-15
s7913,S.W.A.T.,Movie,PG-13,2003,2021-01-01
s7914,Saath Saath,Movie,TV-14,1982,2019-12-31
s7915,Sacro GRA,Movie,TV-MA,2013,2017-03-21
s7916,Sadece Sen,Movie,TV-MA,2014,2017-03-10
s7917,Sadie's Last Days on Earth,Movie,TV-14,2016,2017-08-22
s7918,Sadma,Movie,TV-14,1983,2019-12-31
s7919,Sadqay Tumhare,TV Show,TV-PG,2014,2016-12-15
s7920,Saeed Mirza: The Leftist Sufi,Movie,TV-MA,2016,2017-05-01
s7921,Safety Not Guaranteed,Movie,R,2012,2020-08-13
s7922,Saheb Bibi Golaam,Movie,TV-MA,2016,2017-01-01
s7923,Sairat,Movie,TV-14,2016,2018-04-01
s7924,Sakhi,Movie,TV-PG,2007,2018-02-15
s7925,Salem: His Sister's Father,Movie,TV-14,2014,2019-06-22
s7926,Samantaral,Movie,TV-MA,2017,2018-09-15
s7927,Samarppanam,Movie,TV-PG,2017,2018-03-01
s7928,Sameer Abu Alneel,Movie,TV-14,2013,2019-06-06
s7929,Samson,Movie,PG-13,2018,2018-12-14
s7930,Samudri Lootere,Movie,TV-Y,2018,2019-06-18
s7931,San Pietro,Movie,TV-14,1945,2017-03-31
s7932,Sanai Choughade,Movie,TV-14,2008,2018-01-01
s7933,Sangam,Movie,TV-14,1964,2019-12-31
s7934,Santa Claws,Movie,TV-PG,2014,2017-11-17
s7935,Santa's Apprentice,Movie,TV-G,2010,2015-12-20
s7936,Sarah's Key,Movie,PG-13,2010,2019-09-21
s7937,Sardaar ji,Movie,TV-14,2015,2017-12-01
s7938,Sardaarji 2,Movie,TV-PG,2016,2017-10-15
s7939,Sarivar Sari,Movie,TV-14,2005,2018-02-15
s7940,Sarvopari Palakkaran,Movie,TV-14,2017,2018-07-01
s7941,Sat Sri Akal,Movie,TV-14,2008,2019-01-30
s7942,Satan & Adam,Movie,TV-MA,2018,2019-06-01
s7943,Satrangi,TV Show,TV-PG,2014,2017-04-01
s7944,Satrangi Re,Movie,TV-14,2012,2018-03-15
s7945,Satte Pe Satta,Movie,TV-14,1982,2019-12-31
s7946,Saturday Church,Movie,TV-MA,2017,2020-10-06
s7947,Savage Dog,Movie,TV-MA,2017,2017-11-01
s7948,Savage Raghda,Movie,TV-MA,2018,2019-06-13
s7949,Save Our Shelter,TV Show,TV-G,2015,2018-08-18
s7950,Saving Mr. Banks,Movie,PG-13,2013,2019-03-02
s7951,Saving Zoë,Movie,R,2019,2020-01-15
s7952,Say When,Movie,R,2014,2018-07-19
s7953,Scales: Mermaids Are Real,Movie,PG,2017,2020-01-23
s7954,Scandal,TV Show,TV-14,2018,
s7955,Scandal in Sorrento,Movie,TV-PG,1955,2020-11-13
s7956,Scary Movie,Movie,R,2000,2020-01-01
s7957,Scary Movie 5,Movie,PG-13,2013,2020-08-12
s7958,Schindler's List,Movie,R,1993,2018-04-01
s7959,School Daze,Movie,R,1988,2020-11-01
s7960,Scooby-Doo on Zombie Island,Movie,TV-PG,1998,2019-12-15
s7961,Scott Pilgrim vs. the World,Movie,PG-13,2010,2018-09-16
s7962,Scream 2,Movie,R,1997,2019-10-01
s7963,Scream 3,Movie,R,2000,2019-07-01
s7964,Seal Team Six: The Raid on Osama Bin Laden,Movie,TV-MA,2012,2020-01-01
s7965,Searching for Bobby Fischer,Movie,PG,1993,2020-12-07
s7966,Searching for Sugar Man,Movie,PG-13,2012,2019-12-01
s7967,Season of the Witch,Movie,PG-13,2011,2019-04-26
s7968,Secret,Movie,TV-PG,2007,2018-07-01
s7969,Secret Affair,TV Show,TV-14,2014,2017-05-22
s7970,Secret in Their Eyes,Movie,PG-13,2015,2018-04-01
s7971,Secrets of Althorp - The Spencers,Movie,TV-PG,2013,2017-04-22
s7972,Secrets of Chatsworth,Movie,TV-PG,2013,2017-02-22
s7973,Secrets of Henry VIII's Palace: Hampton Court,Movie,TV-PG,2013,2017-02-22
s7974,Secrets of Her Majesty's Secret Service,Movie,TV-PG,2014,2017-02-22
s7975,Secrets of Highclere Castle,Movie,TV-PG,2013,2017-02-22
s7976,Secrets of Scotland Yard,Movie,TV-14,2013,2017-04-22
s7977,Secrets of Selfridges,Movie,TV-PG,2014,2017-04-22
s7978,Secrets of the Tower of London,Movie,TV-PG,2013,2017-02-22
s7979,Secrets of Underground London,Movie,TV-PG,2014,2017-04-22
s7980,Secrets of Westminster,Movie,TV-PG,2014,2017-04-22
s7981,Sen Kimsin?,Movie,TV-14,2012,2017-03-10
s7982,Senna,Movie,PG-13,2010,2019-10-01
s7983,Sensitive Skin,TV Show,TV-MA,2016,
s7984,"Septiembre, un llanto en silencio",Movie,TV-MA,2017,2018-03-10
s7985,Servant of the People,TV Show,TV-14,2015,2017-03-01
s7986,Set Up,Movie,R,2011,2020-01-10
s7987,Sex and the City 2,Movie,R,2010,2021-01-01
s7988,Sex and the City: The Movie,Movie,R,2008,2021-01-01
s7989,Sex Doll,Movie,UR,2016,2017-07-10
s7990,"Sexo, Pudor y Lagrimas",Movie,R,1999,2017-12-15
s7991,SGT. Will Gardner,Movie,TV-MA,2019,2019-05-19
s7992,Shadow of Truth,TV Show,TV-MA,2016,2017-01-27
s7993,Shahanpan Dega Deva,Movie,TV-14,2011,2018-01-01
s7994,Shaka Zulu,TV Show,TV-14,1986,2019-01-10
s7995,Shakti: The Power,Movie,TV-MA,2002,2018-03-01
s7996,Shanghai,Movie,TV-14,2012,2018-03-01
s7997,Shararat,Movie,TV-PG,2002,2018-03-01
s7998,Shark Busters,Movie,TV-14,2002,2018-08-16
s7999,Shark Night,Movie,PG-13,2011,2019-11-02
s8000,Shaurya: It Takes Courage to Make Right... Right,Movie,TV-14,2008,2018-03-01
s8001,She Did That,Movie,TV-PG,2019,2020-02-04
s8002,Shelter,Movie,R,2010,2017-12-29
s8003,Sherlock,TV Show,TV-14,2017,2017-05-15
s8004,Sherlock Holmes,Movie,PG-13,2009,2021-01-01
s8005,Shiva,Movie,TV-MA,1990,2019-12-31
s8006,Shopkins: Chef Club,Movie,TV-Y,2016,2018-11-15
s8007,Shopkins: Wild,Movie,TV-Y,2018,2018-11-15
s8008,Shopkins: World Vacation,Movie,TV-Y,2017,2018-11-15
s8009,Shorgul,Movie,TV-14,2016,2018-10-30
s8010,Short Term 12,Movie,R,2013,2019-07-18
s8011,Shorts,Movie,PG,2009,2019-07-01
s8012,SHOT! The Psycho-Spiritual Mantra of Rock,Movie,TV-MA,2016,2017-08-10
s8013,Shuddhi,Movie,TV-14,2017,2018-03-01
s8014,Shutter,Movie,TV-MA,2004,2018-09-05
s8015,Sicilian Ghost Story,Movie,TV-MA,2017,2019-07-06
s8016,Sid the Science Kid,TV Show,TV-Y,2008,2020-03-31
s8017,Siddhant,Movie,TV-G,2014,2018-10-30
s8018,Silencer,Movie,TV-MA,2018,2018-12-03
s8019,Silent Hill: Revelation,Movie,R,2012,2019-12-13
s8020,Silicon Cowboys,Movie,TV-PG,2016,2017-04-01
s8021,Silver Spoon,TV Show,TV-MA,2015,2017-09-15
s8022,Sin senos no hay paraíso,TV Show,TV-14,2008,2017-05-15
s8023,Sin Senos sí Hay Paraíso,TV Show,TV-MA,2018,
s8024,Singh Saab the Great,Movie,TV-14,2013,2017-07-15
s8025,Single,Movie,TV-PG,2015,2018-09-28
s8026,Singularity,Movie,PG-13,2017,2018-06-01
s8027,Sinister Circle,Movie,TV-MA,2017,2019-10-01
s8028,Siren,Movie,TV-MA,2016,2020-01-01
s8029,Sister Code,Movie,R,2015,2016-02-14
s8030,Skin Trade,Movie,R,2014,2018-12-17
s8031,Skin Wars,TV Show,TV-14,2016,2016-10-01
s8032,Skin Wars: Fresh Paint,TV Show,TV-14,2016,2018-12-15
s8033,Skiptrace,Movie,PG-13,2016,2019-07-04
s8034,Sky on Fire,Movie,TV-MA,2016,2017-08-05
s8035,Skydancers,Movie,TV-G,2014,2018-06-27
s8036,Skyline,Movie,PG-13,2010,2019-01-16
s8037,Sleeping with Other People,Movie,R,2015,2017-10-02
s8038,Sleepover,Movie,PG,2004,2020-03-01
s8039,Sling Blade,Movie,R,1996,2019-11-01
s8040,Sliver,Movie,R,1993,2020-01-01
s8041,Slobby's World,TV Show,TV-MA,2018,2018-12-31
s8042,Slow West,Movie,R,2015,2018-07-26
s8043,Small Soldiers,Movie,PG-13,1998,2019-06-01
s8044,Smart People,Movie,R,2008,2019-07-12
s8045,Smash: Motorized Mayhem,Movie,TV-MA,2017,2017-05-15
s8046,SMOSH: The Movie,Movie,PG-13,2015,2015-09-22
s8047,Sniper: Special Ops,Movie,R,2016,2020-01-10
s8048,Socha Na Tha,Movie,TV-14,2005,2018-07-01
s8049,Social Animals,Movie,TV-MA,2018,2019-03-19
s8050,Soekarno,Movie,TV-MA,2013,2019-01-05
s8051,Solo Con Tu Pareja,Movie,NR,1991,2018-09-01
s8052,Solo: A Star Wars Story,Movie,PG-13,2018,2019-01-09
s8053,Solo: A Star Wars Story (Spanish Version),Movie,PG-13,2018,2019-01-09
s8054,Solomon Kane,Movie,R,2009,2018-02-15
s8055,Some Freaks,Movie,TV-MA,2017,2017-12-18
s8056,Something's Gotta Give,Movie,PG-13,2003,2019-08-01
s8057,Son of a Gun,Movie,R,2014,2018-07-19
s8058,Sons of Ben,Movie,NR,2016,2016-12-10
s8059,Sotus The Series,TV Show,TV-MA,2016,2019-05-25
s8060,Soul Surfer,Movie,PG,2011,2020-05-17
s8061,Soul to Keep,Movie,TV-MA,2019,2019-07-01
s8062,Sour Grapes,Movie,NR,2016,2016-11-18
s8063,Space Racers,TV Show,TV-Y,2014,2020-03-31
s8064,Sparkle,Movie,PG,1976,2019-11-01
s8065,Spartacus,TV Show,TV-MA,2013,
s8066,Speech & Debate,Movie,PG-13,2017,2017-07-06
s8067,Speed Is My Need,Movie,TV-14,2019,2020-01-09
s8068,Spider-Man 3,Movie,PG-13,2007,2019-11-01
s8069,Spider-Man: Into the Spider-Verse,Movie,PG,2018,2019-06-26
s8070,Spitfire: The Plane that Saved the World,Movie,TV-14,2018,2019-11-01
s8071,Splash and Bubbles,TV Show,TV-Y,2018,
s8072,Spotlight,Movie,R,2015,2020-07-22
s8073,Spring Breakers,Movie,R,2012,2021-01-10
s8074,Sprinter,Movie,TV-MA,2018,2020-04-15
s8075,Spy Kids,Movie,PG,2001,2019-04-01
s8076,Spy Kids 2: The Island of Lost Dreams,Movie,PG,2002,2019-03-08
s8077,Spy Kids 3: Game Over,Movie,PG,2003,2019-04-01
s8078,Spy Time,Movie,TV-MA,2015,2016-06-01
s8079,St. Agatha,Movie,TV-MA,2018,2019-08-08
s8080,Staged Killer,Movie,TV-14,2019,2019-06-28
s8081,Standoff,Movie,R,2015,2018-12-11
s8082,Star Men,Movie,TV-14,2015,2017-02-05
s8083,Star Wars: Episode VIII: The Last Jedi,Movie,PG-13,2017,2018-06-26
s8084,Star-Crossed,TV Show,TV-14,2014,2015-04-16
s8085,Starred Up,Movie,TV-MA,2013,2019-08-29
s8086,Station Horizon,TV Show,TV-MA,2015,2016-09-01
s8087,Stealing History,Movie,TV-PG,2006,2016-07-01
s8088,Step Brothers,Movie,R,2008,2019-11-01
s8089,Step Outside,Movie,TV-14,2018,2019-06-06
s8090,Stephanie,Movie,R,2017,2018-09-01
s8091,Sthaniya Sambaad,Movie,TV-14,2010,2018-03-15
s8092,Still,Movie,TV-MA,2010,2018-09-14
s8093,Stink!,Movie,TV-PG,2015,2018-11-01
s8094,Stoked,TV Show,TV-PG,2010,2017-12-16
s8095,Stone Age,TV Show,TV-Y7,2017,2019-07-01
s8096,Stonehearst Asylum,Movie,PG-13,2014,2017-09-08
s8097,Stop at Nothing: The Lance Armstrong Story,Movie,NR,2014,2015-02-15
s8098,Storage Wars: Northern Treasures,TV Show,TV-MA,2015,2019-07-22
s8099,Story of an Egg,Movie,TV-PG,2017,2017-10-15
s8100,Straight Up,Movie,TV-MA,2020,2020-06-26
s8101,Strange but True,Movie,PG-13,2019,2020-08-30
s8102,Stranger than Fiction,Movie,PG-13,2006,2020-10-01
s8103,Strawberry Shortcake: Berry Bitty Adventures,TV Show,TV-Y,2015,2016-01-01
s8104,Strictly Ballroom,Movie,PG,1992,2020-01-01
s8105,Strike a Pose,Movie,TV-MA,2016,2017-04-07
s8106,Stripes,Movie,R,1981,2019-09-01
s8107,Striptease,Movie,R,1996,2021-01-01
s8108,Strong Girl Bong-soon,TV Show,TV-14,2017,2019-11-24
s8109,Stronger Than the World,Movie,NR,2016,2017-02-11
s8110,Strongland,TV Show,TV-PG,2018,2019-01-18
s8111,Stuart Little 2,Movie,PG,2002,2020-01-01
s8112,Submission,Movie,TV-MA,2019,2019-11-11
s8113,Suburra,Movie,NR,2015,2015-10-14
s8114,Suckseed,Movie,TV-MA,2011,2018-09-05
s8115,Sudani from Nigeria,Movie,TV-14,2018,2018-08-01
s8116,Suicide (Hitabdut),Movie,TV-MA,2014,2016-07-01
s8117,Suite Française,Movie,TV-MA,2014,2017-06-05
s8118,Suits,TV Show,TV-MA,2018,2019-12-01
s8119,Summer Night,Movie,TV-MA,2019,2020-03-19
s8120,Summer of '92,Movie,TV-MA,2015,2016-07-10
s8121,Sunrise,Movie,TV-MA,2014,2017-03-15
s8122,Super Bheem,TV Show,TV-Y,2019,2019-06-28
s8123,Super Bheem Bana Vajraveer,Movie,TV-Y7,2018,2019-06-18
s8124,Super Dark Times,Movie,TV-MA,2017,2018-01-01
s8125,Super Nani,Movie,TV-PG,2014,2018-03-01
s8126,Super Wings,TV Show,TV-Y,2020,2020-12-01
s8127,Superbad,Movie,R,2007,2021-01-01
s8128,Superfly,Movie,R,1972,2019-11-01
s8129,Superman Returns,Movie,PG-13,2006,2019-10-01
s8130,SuperNature: Wild Flyers,TV Show,TV-PG,2016,2017-03-01
s8131,Superstar,Movie,PG-13,1999,2019-11-20
s8132,Surat Dari Praha,Movie,TV-14,2016,2018-10-09
s8133,Surviving R. Kelly Part II: The Reckoning,TV Show,TV-MA,2020,2020-04-13
s8134,Survivors Guide to Prison,Movie,TV-MA,2017,2018-05-24
s8135,Susanne Bartsch: On Top,Movie,TV-MA,2017,2018-12-10
s8136,Sustainable,Movie,TV-G,2016,2017-03-01
s8137,Swami,Movie,TV-PG,1977,2019-12-31
s8138,Swami Baba Ramdev: The Untold Story,TV Show,TV-14,2018,2018-05-01
s8139,Sweeney Todd: The Demon Barber of Fleet Street,Movie,R,2007,2020-01-01
s8140,Sweet Virginia,Movie,R,2017,2019-12-01
s8141,Swiss Army Man,Movie,R,2016,2019-01-30
s8142,Sword Master,Movie,TV-MA,2016,2017-06-10
s8143,Sword Masters: Two Champions of Shaolin,Movie,R,1980,2018-08-16
s8144,Sym-Bionic Titan,TV Show,TV-PG,2010,2019-12-15
s8145,Taal,Movie,TV-PG,1999,2018-03-01
s8146,Tahaan,Movie,TV-14,2008,2018-07-15
s8147,Take Me Home Tonight,Movie,R,2011,2019-05-16
s8148,Taken,TV Show,TV-14,2018,
s8149,Tales of the City (1993),TV Show,TV-MA,1993,2019-06-28
s8150,Tamanchey,Movie,TV-MA,2014,2017-10-15
s8151,Tarif de nuit,Movie,TV-MA,2015,2018-03-01
s8152,Tarzan,Movie,G,1999,2018-06-23
s8153,Tarzan 2,Movie,G,2005,2017-06-23
s8154,Tattah,Movie,TV-14,2013,2019-05-09
s8155,Tayo the Little Bus Movie: Mission Ace,Movie,TV-Y7,2016,2019-07-01
s8156,Teach Us All,Movie,TV-14,2017,2017-09-25
s8157,Teen Patti,Movie,TV-PG,2010,2018-03-01
s8158,Teenage Cocktail,Movie,TV-MA,2016,2017-01-15
s8159,Teenage Mutant Ninja Turtles,Movie,PG,2007,2019-05-01
s8160,Teenage Mutant Ninja Turtles II: The Secret of the Ooze,Movie,PG,1991,2020-01-01
s8161,Teenage Mutant Ninja Turtles: The Movie,Movie,PG,1990,2020-01-01
s8162,Tees Maar Khan,Movie,TV-PG,2010,2018-08-02
s8163,Tellur Aliens,Movie,TV-Y7,2016,2016-12-01
s8164,Temporada de Caza,Movie,TV-MA,2017,2018-07-15
s8165,Ten Years,Movie,TV-MA,2015,2019-02-12
s8166,Teresa,TV Show,TV-PG,2010,2017-12-31
s8167,Terminator 3: Rise of the Machines,Movie,R,2003,2020-01-01
s8168,Terminator Salvation,Movie,PG-13,2009,2020-01-01
s8169,Terra,Movie,TV-PG,2015,2016-05-01
s8170,Terrifier,Movie,TV-MA,2017,2018-09-01
s8171,Teshan,Movie,TV-PG,2016,2017-10-15
s8172,Tezz,Movie,TV-MA,2012,2017-12-01
s8173,Th Eena Meena Deeka Chase Comedy Show,TV Show,TV-Y7,2015,2018-03-31
s8174,Thackeray,TV Show,TV-MA,2019,2019-05-25
s8175,That '70s Show,TV Show,TV-14,2005,
s8176,The 2000s,TV Show,TV-MA,2018,2019-02-19
s8177,The 24 Hour War,Movie,TV-MA,2016,2019-11-15
s8178,The 4th Company,Movie,TV-MA,2016,2018-04-06
s8179,The Accountant of Auschwitz,Movie,TV-14,2018,2019-07-01
s8180,The Adderall Diaries,Movie,R,2015,2018-07-15
s8181,The Adjusters,TV Show,TV-PG,2010,2017-09-18
s8182,The Adventure Club,Movie,TV-Y7,2016,2017-05-10
s8183,The Adventures of Figaro Pho,TV Show,TV-Y7,2015,
s8184,The Adventures of Sharkboy and Lavagirl,Movie,PG,2005,2020-12-02
s8185,The Adventures of Tintin,Movie,PG,2011,2019-11-20
s8186,The Aerial,Movie,TV-MA,2007,2018-04-01
s8187,The Age of Shadows,Movie,TV-MA,2016,2018-01-01
s8188,The American President,Movie,PG-13,1995,2021-01-01
s8189,The Amityville Horror,Movie,R,2005,2020-01-01
s8190,The Andy Griffith Show,TV Show,TV-G,1967,
s8191,The Angry Birds Movie 2,Movie,PG,2019,2020-02-27
s8192,The Animal People,Movie,TV-MA,2019,2020-03-11
s8193,The Ant's Scream,Movie,TV-14,2010,2019-06-13
s8194,The Apartment,TV Show,TV-PG,2014,
s8195,The Apostate,Movie,TV-MA,2015,2017-05-10
s8196,The Art of the Steal,Movie,R,2013,2018-12-08
s8197,The Art of War,Movie,R,2000,2020-07-01
s8198,The Assignment,Movie,R,2016,2020-03-15
s8199,The Autopsy of Jane Doe,Movie,R,2016,2018-12-30
s8200,The Bachelor,TV Show,TV-14,2009,2019-12-01
s8201,The Bachelors,Movie,TV-14,2017,2018-02-21
s8202,The Bad Education Movie,Movie,TV-MA,2015,2018-12-15
s8203,The Bad Kids,Movie,TV-MA,2016,2017-04-01
s8204,The Bare-Footed Kid,Movie,TV-14,1993,2018-08-16
s8205,The Basement,Movie,TV-MA,2018,2019-04-09
s8206,The Battle of Midway,Movie,TV-14,1942,2017-03-31
s8207,The Beat,TV Show,TV-MA,2012,2017-09-18
s8208,The Beginning of Life: The Series,TV Show,TV-PG,2016,2016-11-11
s8209,The Bible's Buried Secrets,TV Show,TV-14,2011,2019-02-01
s8210,The Big Catch,TV Show,TV-PG,2015,2019-02-01
s8211,The Bill Murray Stories: Life Lessons Learned From a Mythical Man,Movie,TV-MA,2018,2018-12-31
s8212,The Black Room,Movie,TV-MA,2016,2017-08-07
s8213,The Blackcoat's Daughter,Movie,R,2015,2019-05-18
s8214,The Bleeder,Movie,R,2016,2019-03-29
s8215,The Blue Planet: A Natural History of the Oceans,TV Show,TV-G,2001,2015-10-10
s8216,The Bomb,Movie,TV-14,2016,2017-08-01
s8217,The Bomb Squad,TV Show,TV-MA,2011,2019-02-01
s8218,The Book of Eli,Movie,R,2010,2019-07-01
s8219,The Boss's Daughter,Movie,TV-MA,2015,2017-03-10
s8220,The Bounty Hunter,Movie,PG-13,2010,2019-10-01
s8221,The Box,Movie,PG-13,2009,2019-06-01
s8222,The Boy,Movie,PG-13,2016,2020-06-01
s8223,The Boy in the Striped Pajamas,Movie,PG-13,2008,2019-01-01
s8224,The Brave One,Movie,R,2007,2019-11-01
s8225,The Brawler,Movie,TV-MA,2019,2019-05-18
s8226,The Breadwinner,Movie,PG-13,2017,2018-02-20
s8227,The Break-Up,Movie,PG-13,2006,2019-07-16
s8228,The Bridge,Movie,TV-14,2017,2019-09-01
s8229,The Brothers Grimm,Movie,PG-13,2005,2019-07-01
s8230,The Bucket List,Movie,PG-13,2007,2019-10-01
s8231,The Bulbul's Nest,Movie,TV-MA,2013,2019-05-09
s8232,The Bund,Movie,TV-14,1983,2018-09-20
s8233,The Bye Bye Man,Movie,PG-13,2017,2019-04-01
s8234,The Bygone,Movie,TV-MA,2019,2020-03-23
s8235,The Cakemaker,Movie,TV-14,2017,2018-12-04
s8236,The Calling,TV Show,TV-MA,2018,2019-04-01
s8237,The Captive,Movie,R,2014,2018-07-20
s8238,The Car,Movie,PG,1977,2020-06-01
s8239,The Carter Effect,Movie,TV-MA,2017,2018-05-01
s8240,The Case for Christ,Movie,TV-PG,2017,2017-11-21
s8241,The Cell,Movie,TV-MA,2017,2019-06-13
s8242,The CEO,Movie,TV-14,2016,2019-09-01
s8243,The Charnel House,Movie,R,2016,2017-02-04
s8244,The Chefs' Line,TV Show,TV-14,2017,2019-08-01
s8245,The Chord,Movie,TV-MA,2010,2019-06-20
s8246,The Chosen,Movie,TV-14,2016,2017-04-14
s8247,The Chosen Ones,Movie,TV-MA,2015,2016-05-08
s8248,The Christmas Candle,Movie,PG,2013,2019-11-01
s8249,The Christmas Project,Movie,TV-PG,2016,2019-03-01
s8250,The Cincinnati Kid,Movie,TV-14,1965,2019-11-01
s8251,The Code,TV Show,TV-PG,2011,2018-02-01
s8252,The Company Men,Movie,R,2010,2018-07-28
s8253,The Competition,Movie,TV-14,2018,2019-07-23
s8254,The Confirmation,Movie,PG-13,2016,2019-02-06
s8255,The Congress,Movie,TV-MA,2013,2019-08-23
s8256,The Consul's Son,Movie,TV-14,2011,2019-04-25
s8257,The Craft,Movie,R,1996,2020-01-01
s8258,The Cravings,TV Show,TV-14,2016,
s8259,The Croods,Movie,PG,2013,2019-07-29
s8260,The Crow,Movie,R,1994,2019-01-01
s8261,The Cruise,Movie,TV-PG,1970,2019-10-01
s8262,The Crying Game,Movie,R,1992,2020-01-01
s8263,The Curse of Oak Island,TV Show,TV-PG,2016,2019-09-15
s8264,The D Train,Movie,R,2015,2017-04-02
s8265,The Damned Rain,Movie,TV-14,2009,2018-01-01
s8266,The Dancer,Movie,TV-MA,2011,2018-12-08
s8267,The Dark Crystal,Movie,PG,1982,2019-05-01
s8268,The Dark Side of Life: Mumbai City,Movie,TV-MA,2018,2019-12-31
s8269,The Darkest Dawn,Movie,TV-MA,2016,2018-06-23
s8270,The Daughter,Movie,TV-MA,2015,2017-04-26
s8271,The Dawn Wall,Movie,TV-MA,2017,2019-03-04
s8272,The Day My Butt Went Psycho!,TV Show,TV-Y7,2015,
s8273,The Departed,Movie,R,2006,2021-01-01
s8274,The Desert Bride,Movie,TV-14,2017,2018-11-08
s8275,The Detained,Movie,TV-14,2017,2019-02-15
s8276,The Devil and Father Amorth,Movie,TV-PG,2017,2018-07-23
s8277,The Devil Inside,Movie,R,2012,2019-11-20
s8278,The Devil Is a Part-Timer!,TV Show,TV-14,2013,2019-04-01
s8279,The Devil We Know,Movie,TV-14,2018,2019-01-15
s8280,The Diabolical,Movie,TV-MA,2015,2018-08-01
s8281,The Dreamer,Movie,TV-PG,2009,2018-10-04
s8282,The Drowning,Movie,TV-MA,2016,2017-09-01
s8283,The Drunk and on Drugs Happy Funtime Hour,TV Show,TV-MA,2011,2018-08-24
s8284,The Duel,Movie,R,2016,2019-06-02
s8285,The Dukes of Hazzard,Movie,PG-13,2005,2020-01-01
s8286,The Dukes of Hazzard: The Beginning,Movie,R,2007,2020-01-01
s8287,The Eichmann Show,Movie,TV-MA,2015,2017-08-31
s8288,The Eighties,TV Show,TV-PG,2016,2018-09-30
s8289,The End of the Tour,Movie,R,2015,2018-07-26
s8290,The Endless,Movie,TV-MA,2017,2018-09-19
s8291,The Evil Dead,Movie,TV-MA,1981,2020-01-10
s8292,The Exception,Movie,R,2016,2019-07-26
s8293,The Eyes of My Mother,Movie,R,2016,2017-04-06
s8294,The Fear,TV Show,TV-MA,2012,2017-03-31
s8295,The Fear of 13,Movie,TV-MA,2015,2016-06-01
s8296,The Feels,Movie,TV-MA,2018,2018-07-01
s8297,The Fighter,Movie,R,2010,2019-01-13
s8298,The Figurine (Araromire),Movie,TV-14,2009,2019-10-01
s8299,The Final Destination,Movie,R,2009,2020-01-01
s8300,The First Line,Movie,TV-14,2014,2016-09-20
s8301,The First Temptation of Christ,Movie,TV-MA,2019,2019-12-03
s8302,The First Wives Club,Movie,PG,1996,2019-11-20
s8303,The Five,TV Show,TV-MA,2016,2017-09-15
s8304,The Five Venoms,Movie,R,1978,2018-07-31
s8305,The Flintstones,Movie,PG,1994,2019-10-01
s8306,The Flintstones in Viva Rock Vegas,Movie,PG,2000,2019-10-01
s8307,The Flying Guillotine,Movie,TV-MA,1975,2018-07-28
s8308,The Forbidden Kingdom,Movie,PG-13,2008,2019-07-01
s8309,The Force,Movie,TV-MA,2017,2018-01-29
s8310,The Foreigner,Movie,R,2017,2020-02-14
s8311,The Forgotten,Movie,TV-MA,2014,2017-09-11
s8312,The Fosters,TV Show,TV-14,2017,
s8313,The Founder,Movie,PG-13,2016,2020-08-21
s8314,The Free Man,Movie,TV-PG,2016,2017-10-01
s8315,The Frozen Ground,Movie,R,2013,2020-08-27
s8316,The Furchester Hotel,TV Show,TV-Y,2015,
s8317,The Future of Water,TV Show,TV-PG,2007,2016-07-01
s8318,The Gathering,Movie,TV-14,2003,2018-12-08
s8319,The Gentleman Driver,Movie,TV-MA,2018,2019-01-31
s8320,The Ghost Who Walks,Movie,TV-MA,2019,2020-04-07
s8321,The Girl with the Dragon Tattoo,Movie,R,2011,2021-01-05
s8322,The Golden Years with Javed Akhtar,TV Show,TV-G,2016,2017-06-01
s8323,The Golem,Movie,TV-MA,2018,2019-06-26
s8324,The Good Catholic,Movie,PG-13,2017,2018-01-24
s8325,The Good Neighbor,Movie,TV-MA,2016,2016-12-05
s8326,"The Goods: Live Hard, Sell Hard",Movie,R,2009,2019-11-20
s8327,The Gospel of John,Movie,TV-14,2014,2018-10-20
s8328,The Gospel of Luke,Movie,TV-14,2015,2018-10-19
s8329,The Gospel of Mark,Movie,TV-14,2015,2018-10-19
s8330,The Gospel of Matthew,Movie,TV-14,2014,2018-10-19
s8331,The Great Battle,Movie,TV-MA,2018,2019-04-08
s8332,The Great British Baking Show: Masterclass,TV Show,TV-PG,2018,2018-12-01
s8333,The Great Gambler,Movie,TV-14,1979,2019-12-31
s8334,The Great Raid,Movie,R,2005,2019-11-01
s8335,The Great Train Robbery,TV Show,NR,2013,2017-03-31
s8336,The Green Hornet,Movie,PG-13,2011,2020-04-18
s8337,The Guild,TV Show,TV-MA,2013,2019-03-02
s8338,The Hatred,Movie,R,2017,2017-12-11
s8339,The Haunting of Molly Hartley,Movie,PG-13,2008,2018-10-04
s8340,The Healer,Movie,TV-14,2017,2020-06-01
s8341,The Heat: A Kitchen (R)evolution,Movie,TV-MA,2018,2019-05-07
s8342,The Help,Movie,PG-13,2011,2020-06-01
s8343,The Heretics,Movie,TV-MA,2017,2019-09-04
s8344,The Heroes of Evil,Movie,TV-MA,2015,2016-06-01
s8345,The Heyday of the Insensitive Bastards,Movie,TV-MA,2017,2018-02-26
s8346,The Hollow Point,Movie,R,2016,2017-03-16
s8347,The Holy Man,Movie,TV-14,2005,2018-07-25
s8348,The Homecoming,TV Show,TV-PG,2015,2017-06-02
s8349,The House on Coco Road,Movie,TV-14,2016,2017-06-30
s8350,The House That Made Me,TV Show,TV-PG,2015,2017-03-31
s8351,The Human Factor: The Untold Story of the Bombay Film Orchestras,Movie,TV-PG,2013,2017-04-01
s8352,The Humanity Bureau,Movie,R,2017,2018-12-18
s8353,The Hundred-Foot Journey,Movie,PG,2014,2019-01-31
s8354,The Hunt,TV Show,TV-PG,2015,2017-05-14
s8355,The Hurricane Heist,Movie,PG-13,2018,2018-09-26
s8356,The Hurt Business,Movie,PG-13,2016,2017-02-01
s8357,The Imaginarium of Doctor Parnassus,Movie,PG-13,2009,2019-03-08
s8358,The Inbetweeners,TV Show,TV-MA,2010,
s8359,The Incident,Movie,TV-MA,2014,2017-06-19
s8360,The Incredible Story of the Giant Pear,Movie,TV-G,2018,2019-03-01
s8361,The Incredibles 2,Movie,PG,2018,2019-01-30
s8362,The Indian in the Cupboard,Movie,PG,1995,2020-11-01
s8363,The Informant!,Movie,R,2009,2018-08-01
s8364,The Intent,Movie,TV-MA,2016,2017-05-15
s8365,The Intent 2: The Come Up,Movie,TV-MA,2018,2019-02-21
s8366,The Invention of Lying,Movie,PG-13,2009,2020-01-01
s8367,The Investigator: A British Crime Story,TV Show,TV-MA,2018,2020-03-05
s8368,The Invitation,Movie,TV-MA,2015,2016-07-08
s8369,The Irish Mob,TV Show,TV-MA,2008,2016-12-01
s8370,The Iron Lady,Movie,PG-13,2011,2019-07-07
s8371,The Jack King Affair,Movie,TV-14,2015,2018-01-02
s8372,The Jaime Maussan Show,TV Show,TV-PG,2010,2017-12-01
s8373,The Jane Austen Book Club,Movie,PG-13,2007,2019-03-08
s8374,The Jungle Book,TV Show,TV-Y7,2010,2019-05-11
s8375,The Jungle School,Movie,TV-PG,2013,2018-10-30
s8376,The Keeping Hours,Movie,PG-13,2017,2018-09-01
s8377,The Kindness Diaries,TV Show,TV-PG,2019,2019-05-01
s8378,The King's Speech,Movie,R,2010,2018-06-02
s8379,The L Word,TV Show,TV-MA,2009,
s8380,The Lady in Dignity,TV Show,TV-MA,2017,2018-01-30
s8381,The Lake House,Movie,PG,2006,2019-09-01
s8382,The Lamb,Movie,PG,2017,2018-06-04
s8383,The Land of the Enlightened,Movie,TV-MA,2016,2017-01-01
s8384,The Last Days of Chez Nous,Movie,R,1992,2016-11-01
s8385,The Last Exorcism,Movie,PG-13,2010,2019-09-01
s8386,The Last Face,Movie,R,2016,2020-01-13
s8387,The Last Hangover,Movie,TV-MA,2018,2018-12-21
s8388,The Last Man on the Moon,Movie,TV-PG,2014,2016-05-26
s8389,The Last Resort,Movie,TV-14,2018,2019-04-21
s8390,The Last Whistle,Movie,PG,2019,2019-10-26
s8391,The Legend of 420,Movie,TV-MA,2017,2017-12-01
s8392,The Legend of Michael Mishra,Movie,TV-14,2016,2019-04-01
s8393,The Liar,TV Show,TV-14,2013,2017-10-21
s8394,The Little Hours,Movie,R,2017,2018-12-23
s8395,The Little Mermaid,Movie,PG,2018,2018-12-01
s8396,The Little Prince,Movie,PG,2015,2020-11-06
s8397,The Lives of Others,Movie,R,2006,2019-03-15
s8398,The Lizzie Borden Chronicles,TV Show,TV-14,2015,2016-02-01
s8399,The Lobster,Movie,R,2015,2018-12-02
s8400,The Lodgers,Movie,R,2017,2018-08-23
s8401,The Long Goodbye: The Kara Tippetts Story,Movie,TV-PG,2019,2019-06-23
s8402,The Longest Yard,Movie,R,1974,2019-11-20
s8403,The Longshots,Movie,PG,2008,2019-01-30
s8404,The Look of Silence,Movie,PG-13,2014,2016-02-26
s8405,The Lord of the Rings: The Return of the King,Movie,PG-13,2003,2020-01-01
s8406,The Lord of the Rings: The Two Towers,Movie,PG-13,2002,2020-01-01
s8407,The Love Guru,Movie,PG-13,2008,2019-11-20
s8408,The Lovers and the Despot,Movie,TV-14,2016,2017-02-23
s8409,The lynx,Movie,TV-14,1982,2019-10-01
s8410,The Mad Monk,Movie,TV-14,1993,2018-08-16
s8411,The Magic Pill,Movie,TV-PG,2017,2018-04-24
s8412,The Making of Frozen Planet,TV Show,TV-PG,2012,2016-01-28
s8413,The Man Who Would Be Polka King,Movie,TV-14,2009,2018-01-12
s8414,The Mask of Zorro,Movie,PG-13,1998,2020-01-01
s8415,The Matrix,Movie,R,1999,2019-11-01
s8416,The Matrix Reloaded,Movie,R,2003,2019-11-01
s8417,The Matrix Revolutions,Movie,R,2003,2019-11-01
s8418,The Mayo Clinic,Movie,TV-14,2018,2019-04-19
s8419,The Mayor,Movie,TV-MA,2017,2017-09-30
s8420,"The Memphis Belle: A Story of a
Flying Fortress",Movie,TV-PG,1944,2017-03-31
s8421,The Men Who Stare at Goats,Movie,R,2009,2019-06-04
s8422,The Messengers,TV Show,TV-14,2015,2016-04-17
s8423,The Mind of a Chef,TV Show,TV-PG,2016,
s8424,The Minimighty Kids,TV Show,TV-G,2012,
s8425,The Ministry of Time,TV Show,TV-MA,2017,
s8426,The Model,Movie,TV-MA,2016,2016-12-06
s8427,The Monster,Movie,R,2016,2019-01-09
s8428,The Monster of Mangatiti,Movie,TV-MA,2015,2015-12-15
s8429,The Mortified Guide,TV Show,TV-MA,2018,2018-02-14
s8430,The Most Beautiful Hands of Delhi,TV Show,TV-MA,2017,2017-07-20
s8431,The Muppets,Movie,PG,2011,2020-09-01
s8432,The Murder Detectives,TV Show,TV-MA,2015,2017-03-31
s8433,The Music of Silence,Movie,TV-PG,2017,2018-07-01
s8434,The Naked Gun 2 1/2: The Smell of Fear,Movie,PG-13,1991,2020-01-01
s8435,The Naked Gun: From the Files of Police Squad!,Movie,PG-13,1988,2021-01-01
s8436,The Natural,Movie,PG,1984,2020-01-01
s8437,The Negro Soldier,Movie,TV-14,1944,2017-03-31
s8438,The Netflix Afterparty,TV Show,TV-MA,2021,2021-01-02
s8439,The New Romantic,Movie,TV-MA,2018,2019-04-15
s8440,The Nineties,TV Show,TV-14,2017,2018-09-30
s8441,The NSU-Complex,Movie,TV-14,2016,2016-12-28
s8442,The Nutcracker and the Four Realms,Movie,PG,2018,2019-05-28
s8443,The Office (U.S.),TV Show,TV-14,2012,
s8444,The One I Love,Movie,R,2014,2019-05-30
s8445,The Only Mother To You All,Movie,TV-PG,2008,2019-02-27
s8446,The Other Guys,Movie,PG-13,2010,2020-02-01
s8447,The Parole Officer,Movie,R,2001,2018-08-01
s8448,The Pass,Movie,NR,2016,2019-01-01
s8449,The Peacemaker,Movie,R,1997,2020-01-01
s8450,The Pelican Brief,Movie,PG-13,1993,2019-11-01
s8451,The Perfect Day,Movie,TV-14,2018,2018-09-01
s8452,The Perks of Being a Wallflower,Movie,PG-13,2012,2020-04-01
s8453,The Phantom of the Opera,Movie,PG-13,2004,2019-06-01
s8454,The Physician,Movie,R,2013,2015-07-15
s8455,The Pink Panther,Movie,PG,2006,2019-07-01
s8456,The Pirate Fairy,Movie,G,2014,2014-06-15
s8457,The Pirates of Somalia,Movie,R,2017,2018-03-01
s8458,The Pirates! Band of Misfits,Movie,PG,2012,2020-10-01
s8459,The Place Beyond the Pines,Movie,R,2012,2017-05-16
s8460,The Plan,Movie,TV-MA,2015,2018-03-01
s8461,The Player,Movie,TV-MA,2012,2019-06-20
s8462,The Polar Express,Movie,G,2004,2021-01-01
s8463,The Power of Grayskull: The Definitive History of He-Man and the Masters of the Universe,Movie,TV-14,2017,2018-08-24
s8464,The President's Barber,Movie,TV-MA,2004,2017-10-01
s8465,The Prince,Movie,R,2014,2019-02-22
s8466,The Prince & Me,Movie,PG,2004,2020-10-01
s8467,The Princess and the Frog,Movie,G,2009,2019-07-16
s8468,The Prison,Movie,TV-MA,2017,2017-11-18
s8469,The Pursuit,Movie,TV-14,2019,2019-08-07
s8470,The Pursuit of Happyness,Movie,PG-13,2006,2019-10-01
s8471,The Push,Movie,TV-MA,2018,2019-06-07
s8472,The Pyramid Code,TV Show,TV-PG,2009,2016-02-08
s8473,The Rainbow Troops,Movie,TV-PG,2008,2018-10-21
s8474,The Rainmaker,Movie,PG-13,1997,2019-11-20
s8475,The Rap Game,TV Show,TV-14,2016,2019-09-15
s8476,The Rat Race,Movie,TV-PG,2010,2017-01-01
s8477,The Real Football Factories,TV Show,TV-MA,2006,2017-12-29
s8478,The Real Miyagi,Movie,TV-PG,2015,2017-06-16
s8479,The Rebound,Movie,TV-MA,2016,2019-02-28
s8480,The Redeemed and the Dominant: Fittest on Earth,Movie,TV-14,2017,2018-07-01
s8481,The Rehearsal,Movie,TV-MA,2016,2018-01-01
s8482,The Republic of Imbaba,Movie,TV-14,2015,2019-06-06
s8483,The Returned,TV Show,TV-MA,2015,2019-02-17
s8484,The Rezort,Movie,TV-MA,2016,2017-01-16
s8485,The Rift: The Dark Side of the Moon,Movie,TV-MA,2016,2018-02-26
s8486,The Right One,Movie,TV-14,2011,2019-06-13
s8487,The Ring,Movie,PG-13,2002,2020-01-01
s8488,The Riot Club,Movie,R,2014,2017-03-16
s8489,The River Thief,Movie,NR,2016,2017-01-14
s8490,The River Wild,Movie,PG-13,1994,2018-09-01
s8491,The Road to Calvary,TV Show,TV-14,2017,2018-09-01
s8492,The Rolling Stones: Olé Olé Olé! A Trip Across Latin America,Movie,TV-MA,2016,2019-03-22
s8493,The Roommate,Movie,PG-13,2011,2020-04-01
s8494,The Rover,Movie,R,2014,2018-07-19
s8495,THE RUM DIARY,Movie,R,2011,2019-12-06
s8496,The Runner,Movie,R,2015,2017-09-08
s8497,The Salvation,Movie,R,2014,2017-03-02
s8498,The Sapphires,Movie,PG-13,2012,2019-04-26
s8499,The Score,Movie,R,2001,2019-11-28
s8500,The Sea of Trees,Movie,PG-13,2015,2018-11-08
s8501,The Search for Life in Space,Movie,TV-G,2016,2018-04-01
s8502,The Secret Life of Pets 2,Movie,PG,2019,2019-12-27
s8503,The Seven Five,Movie,R,2014,2017-04-14
s8504,The Seventies,TV Show,TV-PG,2015,2018-09-30
s8505,The Shaukeens,Movie,TV-MA,2014,2018-03-01
s8506,The Show,Movie,TV-MA,2017,2020-06-01
s8507,The Sign of Venus,Movie,TV-14,1955,2020-11-13
s8508,The Signal,Movie,PG-13,2014,2018-07-13
s8509,The Similars,Movie,NR,2015,2017-01-15
s8510,The Sinking Of Van Der Wijck,Movie,TV-14,2013,2018-09-28
s8511,The Sniffer,TV Show,TV-MA,2017,
s8512,The Social Network,Movie,PG-13,2010,2020-04-01
s8513,The Space Between Us,Movie,PG-13,2016,2019-06-01
s8514,The Spectacular Now,Movie,R,2013,2018-07-15
s8515,The spiral,Movie,TV-MA,1978,2019-10-01
s8516,The Spy Next Door,Movie,PG,2010,2020-11-01
s8517,The Spy Who Fell to Earth,Movie,TV-MA,2019,2019-04-05
s8518,The Stanford Prison Experiment,Movie,R,2015,2017-06-17
s8519,The Story of God with Morgan Freeman,TV Show,TV-14,2017,
s8520,The Story of Us with Morgan Freeman,TV Show,TV-14,2017,2019-02-01
s8521,The Student,Movie,TV-14,2017,2019-03-15
s8522,The Sunshine Makers,Movie,TV-MA,2015,2017-03-09
s8523,The Super,Movie,R,2017,2019-02-16
s8524,The Super Mario Bros. Super Show!,TV Show,TV-Y7,1989,2016-05-22
s8525,The Surrounding Game,Movie,TV-14,2018,2018-08-30
s8526,The Taking of Pelham 123,Movie,R,2009,2019-09-01
s8527,The Talented Mr. Ripley,Movie,R,1999,2020-01-01
s8528,The Texas Chainsaw Massacre,Movie,R,1974,2019-10-22
s8529,The Thief and the Imbecile,Movie,TV-14,2013,2019-06-06
s8530,The Tiger Hunter,Movie,TV-14,2016,2018-04-09
s8531,The Tigers of Scotland,Movie,TV-G,2017,2018-11-01
s8532,The Time Machine,Movie,PG-13,2002,2019-11-23
s8533,The Time Traveler's Wife,Movie,PG-13,2009,2019-10-01
s8534,The Traffickers,TV Show,TV-MA,2016,2018-01-22
s8535,The Tribes of Palos Verdes,Movie,R,2017,2019-12-01
s8536,The Trigger Effect,Movie,R,1996,2018-01-01
s8537,The Trip to Spain,Movie,TV-MA,2016,2017-12-12
s8538,The Trust,Movie,R,2015,2019-04-01
s8539,The Truth About Alcohol,Movie,TV-14,2016,2017-08-01
s8540,The Tudors,TV Show,TV-MA,2010,
s8541,The Tuxedo,Movie,PG-13,2002,2019-11-01
s8542,The Twilight Zone (Original Series),TV Show,TV-14,1963,2017-07-01
s8543,The Ugly Truth,Movie,R,2009,2019-04-25
s8544,The Unborn Child,Movie,TV-MA,2011,2018-07-30
s8545,The Underwear,TV Show,TV-MA,2017,2018-06-19
s8546,The Universe,TV Show,TV-14,2009,2019-09-15
s8547,The Unknown Girl,Movie,TV-MA,2016,2017-12-12
s8548,The Unknown Known,Movie,PG-13,2013,2019-02-22
s8549,The Vatican Tapes,Movie,PG-13,2015,2020-04-20
s8550,The Vietnam War: A Film by Ken Burns and Lynn Novick,TV Show,TV-MA,2017,2018-06-20
s8551,The Walls of the Moon,Movie,TV-14,2015,2019-04-18
s8552,The War: A Film by Ken Burns and Lynn Novick,TV Show,TV-14,2007,2017-02-22
s8553,The Water Diviner,Movie,R,2014,2019-10-07
s8554,The Water Horse: Legend of the Deep,Movie,PG,2007,2018-11-01
s8555,The Waterboy,Movie,PG-13,1998,2017-03-08
s8556,The Wedding Curse,Movie,TV-PG,2006,2019-03-21
s8557,The Wedding Party 2: Destination Dubai,Movie,TV-14,2017,2019-09-21
s8558,The West Wing,TV Show,TV-14,2005,
s8559,The Witch,Movie,R,2015,2018-09-17
s8560,The Witch Files,Movie,TV-14,2018,2019-02-01
s8561,The Womanizer,TV Show,TV-MA,2010,2016-09-01
s8562,The Women Who Kill Lions,Movie,TV-MA,2016,2017-08-01
s8563,The Women's Balcony,Movie,TV-PG,2016,2017-12-19
s8564,The Workshop,Movie,TV-MA,2017,2018-11-10
s8565,The World Is Not Enough,Movie,PG-13,1999,2019-12-31
s8566,The World's Most Wanted Animal,Movie,TV-PG,2018,2019-04-01
s8567,The Wrong Babysitter,Movie,TV-14,2017,2019-06-18
s8568,The Year of Happiness and Love,TV Show,TV-PG,2009,2016-09-01
s8569,The Young Offenders,Movie,TV-MA,2016,2017-03-09
s8570,The Young Vagabond,Movie,TV-14,1985,2018-08-16
s8571,Theater of Life,Movie,TV-PG,2016,2017-07-18
s8572,Theeram,Movie,TV-14,2017,2018-07-01
s8573,"Thelonious Monk: Straight, No Chaser",Movie,PG-13,1988,2019-11-01
s8574,Theo Who Lived,Movie,TV-14,2016,2016-12-16
s8575,ThirTEEN Terrors,TV Show,TV-14,2014,2019-03-01
s8576,This Is My Love,TV Show,TV-14,2015,2017-05-22
s8577,This Is Not What I Expected,Movie,TV-PG,2017,2017-10-14
s8578,This Was Tomorrow,Movie,NR,2015,2015-12-15
s8579,Thithi,Movie,TV-MA,2015,2017-03-09
s8580,Thong Dee Fun Khao,Movie,TV-MA,2017,2018-01-15
s8581,Thor: Ragnarok,Movie,PG-13,2017,2018-06-05
s8582,Thor: Tales of Asgard,Movie,TV-Y7,2011,2020-04-15
s8583,Thorne: Scaredy Cat,Movie,NR,2010,2016-11-02
s8584,Thorne: Sleepyhead,Movie,NR,2010,2016-11-02
s8585,Three,Movie,TV-MA,2016,2017-06-03
s8586,Three-Quarters Decent,Movie,TV-14,2010,2019-06-20
s8587,Thumper,Movie,TV-MA,2017,2018-02-05
s8588,Thunderbolt,Movie,TV-PG,1947,2017-03-31
s8589,Tientsin Mystic,TV Show,TV-14,2017,2018-02-09
s8590,Tik Tok,Movie,TV-14,2016,2017-07-01
s8591,Tikli and Laxmi Bomb,Movie,TV-MA,2017,2018-08-01
s8592,Time Please,Movie,TV-14,2013,2018-01-01
s8593,Timeless Season,TV Show,TV-14,2009,2017-09-18
s8594,Timeline,TV Show,TV-14,2014,2018-02-23
s8595,Tinker Bell and the Legend of the NeverBeast,Movie,G,2014,2015-05-17
s8596,Tinker',Movie,TV-14,2018,2019-03-19
s8597,Tip the Mouse,TV Show,TV-Y,2014,2017-09-01
s8598,To Be a Miss,Movie,TV-14,2016,2017-01-01
s8599,"To Wong Foo, Thanks for Everything! Julie Newmar",Movie,PG-13,1995,2019-08-01
s8600,Toast of London,TV Show,TV-MA,2015,2017-09-01
s8601,Tobot,TV Show,TV-Y7,2018,2019-09-11
s8602,Tokyo Idols,Movie,TV-14,2017,2017-10-01
s8603,Tom and Jerry: The Magic Ring,Movie,TV-Y7,2001,2019-12-15
s8604,Tomorrow Never Dies,Movie,PG-13,1997,2019-12-31
s8605,Top 10 Secrets and Mysteries,TV Show,TV-14,2018,2019-03-15
s8606,Top Grier,TV Show,TV-MA,2018,2018-12-31
s8607,Tope: The Bait,Movie,TV-14,2016,2018-03-01
s8608,Tortilla Soup,Movie,PG-13,2001,2020-09-15
s8609,Total Frat Movie,Movie,NR,2016,2016-12-19
s8610,Towies,TV Show,TV-MA,2016,2017-12-27
s8611,Tracers,Movie,PG-13,2015,2019-10-22
s8612,Traffic Signal,Movie,TV-MA,2007,2019-12-31
s8613,Train of the Dead,Movie,TV-MA,2007,2018-07-25
s8614,Train to Busan,Movie,TV-MA,2016,2017-03-18
s8615,Trainspotting,Movie,R,1996,2019-10-01
s8616,Traitor,Movie,PG-13,2008,2018-07-01
s8617,Transcendence,Movie,PG-13,2014,2018-11-01
s8618,Trash,Movie,R,2014,2019-01-01
s8619,Trash Fire,Movie,R,2016,2017-02-02
s8620,Treasures from the Wreck of the Unbelievable,Movie,TV-G,2017,2018-01-01
s8621,Tree Man,Movie,TV-PG,2015,2016-11-01
s8622,Tremors,Movie,PG-13,1990,2020-01-01
s8623,Tremors 2: Aftershocks,Movie,PG-13,1995,2020-01-01
s8624,Tremors 3: Back to Perfection,Movie,PG,2001,2020-01-01
s8625,Tremors 4: The Legend Begins,Movie,PG-13,2004,2020-01-01
s8626,Tremors 5:  Bloodline,Movie,PG-13,2015,2020-01-01
s8627,Tremors 6: A Cold Day in Hell,Movie,PG-13,2018,2018-05-01
s8628,Trespass Against Us,Movie,R,2016,2019-02-22
s8629,"Trikal (Past, Present, Future)",Movie,TV-14,1985,2019-12-31
s8630,Trimurti,Movie,TV-PG,1995,2018-03-01
s8631,Trip to Bhangarh: Asia's Most Haunted Place,Movie,TV-MA,2014,2017-11-01
s8632,Trixie Mattel: Moving Parts,Movie,TV-MA,2019,2020-03-27
s8633,Trophy,Movie,TV-MA,2017,2018-02-13
s8634,Trotsky,TV Show,TV-MA,2017,2018-12-10
s8635,Troy: The Odyssey,Movie,TV-MA,2017,2018-03-12
s8636,True Grit,Movie,G,1969,2020-01-01
s8637,True to the Game,Movie,R,2017,2018-03-01
s8638,Trumbo,Movie,R,2015,2020-05-19
s8639,Tucker and Dale vs. Evil,Movie,R,2010,2019-03-29
s8640,Tukaram,Movie,TV-PG,2012,2018-02-15
s8641,Tunisian Victory,Movie,TV-14,1944,2017-03-31
s8642,Turbo,Movie,PG,2013,2019-09-12
s8643,Tusk,Movie,R,2014,2018-07-24
s8644,Twice,Movie,TV-14,2010,2017-12-31
s8645,Twin Peaks,TV Show,TV-14,1990,2017-07-01
s8646,Twinsanity,Movie,TV-MA,2018,2019-03-15
s8647,Twirlywoos,TV Show,TV-Y,2018,2020-05-15
s8648,"Twisted Trunk, Big Fat Body",Movie,TV-14,2015,2017-01-15
s8649,Two Graves,Movie,TV-MA,2018,2019-05-01
s8650,Two Lovers and a Bear,Movie,R,2016,2017-05-02
s8651,Tyke Elephant Outlaw,Movie,TV-14,2015,2015-12-01
s8652,Tyson,Movie,R,2008,2019-03-01
s8653,Ugly,Movie,NR,2013,2017-03-01
s8654,Ugly Duckling,TV Show,TV-14,2015,2019-02-15
s8655,Una,Movie,R,2016,2018-04-01
s8656,Unaccompanied Minors,Movie,PG,2006,2019-10-01
s8657,Unacknowledged,Movie,TV-MA,2017,2017-08-21
s8658,Under an Arctic Sky,Movie,TV-14,2017,2017-12-15
s8659,Under The Skin,Movie,R,2013,2018-07-15
s8660,Undercover Grandpa,Movie,PG-13,2016,2017-11-01
s8661,Undercover: How to Operate Behind Enemy Lines,Movie,TV-PG,1943,2017-03-31
s8662,Unfinished Song,Movie,PG-13,2012,2019-07-22
s8663,Union Leader,Movie,TV-14,2017,2019-12-31
s8664,Unruly Friends,Movie,TV-14,2011,2019-06-20
s8665,Up in the Air,Movie,R,2009,2020-01-01
s8666,Urvi,Movie,TV-MA,2017,2018-01-15
s8667,Used Goods,Movie,TV-14,2018,2019-09-01
s8668,USS Indianapolis: Men of Courage,Movie,R,2016,2019-09-25
s8669,V for Vendetta,Movie,R,2005,2018-10-01
s8670,V.R. Troopers,TV Show,TV-G,1995,2016-01-01
s8671,Vantage Point,Movie,PG-13,2008,2019-11-01
s8672,Veerappan,Movie,TV-14,2016,2017-10-15
s8673,Veerey Ki Wedding,Movie,TV-14,2018,2019-12-31
s8674,Vegas Baby,Movie,TV-14,2016,2017-07-04
s8675,Viceroy's House,Movie,NR,2017,2017-12-12
s8676,Victor,Movie,PG-13,2015,2017-07-24
s8677,Viking Destiny,Movie,R,2018,2019-02-02
s8678,Vikings Unearthed,Movie,TV-PG,2016,2017-03-01
s8679,Vincent N Roxxy,Movie,R,2016,2017-09-02
s8680,ViR: The Robot Boy,TV Show,TV-Y7,2013,2018-03-31
s8681,Viswasapoorvam Mansoor,Movie,TV-14,2017,2018-07-01
s8682,Vitti Dandu,Movie,TV-14,2014,2017-07-15
s8683,Vizontele Tuuba,Movie,NR,2004,2017-03-10
s8684,Vodka Diaries,Movie,TV-14,2018,2019-12-31
s8685,Vroomiz,TV Show,TV-Y,2016,
s8686,VS.,Movie,TV-MA,2018,2019-06-19
s8687,Waar,Movie,TV-MA,2013,2017-07-01
s8688,Waarrior Savitri,Movie,TV-14,2016,2017-11-01
s8689,Waiting,Movie,TV-MA,2015,2018-05-01
s8690,Waiting...,Movie,R,2005,2020-09-23
s8691,Wake Up,TV Show,TV-14,2017,2018-03-31
s8692,Wakefield,Movie,R,2016,2019-03-02
s8693,Walk with Me,Movie,TV-PG,2017,2017-12-26
s8694,Walking Out,Movie,PG-13,2017,2019-10-01
s8695,War,Movie,R,2007,2019-04-01
s8696,War Chhod Na Yaar,Movie,TV-14,2013,2019-03-02
s8697,War Horse,Movie,PG-13,2011,2019-05-06
s8698,War on Everyone,Movie,R,2016,2019-12-03
s8699,Warda,Movie,TV-14,2014,2019-04-18
s8700,Warehoused,Movie,TV-14,2015,2017-11-01
s8701,Wartime Portraits,TV Show,TV-MA,2014,2016-09-15
s8702,Water & Power: A California Heist,Movie,PG,2017,2018-02-01
s8703,Waterschool,Movie,TV-G,2018,2018-07-25
s8704,We Are Your Friends,Movie,R,2015,2020-01-27
s8705,We Belong Together,Movie,TV-14,2018,2019-07-16
s8706,We Need to Talk,Movie,TV-MA,2016,2016-09-01
s8707,We the Animals,Movie,R,2018,2019-02-11
s8708,"We, the Marines",Movie,TV-PG,2017,2018-07-01
s8709,We're No Animals,Movie,TV-MA,2015,2017-08-15
s8710,Weather forecast,Movie,TV-MA,1983,2019-10-01
s8711,Weeds,TV Show,TV-MA,2012,2014-04-01
s8712,Weeds on Fire,Movie,TV-MA,2016,2018-09-27
s8713,Weird Wonders of the World,TV Show,TV-PG,2016,
s8714,Welcome 2 Karachi,Movie,TV-MA,2015,2018-03-01
s8715,Welcome to Monster High: The Origin Story,Movie,TV-Y7,2016,2017-10-01
s8716,Welcome to New York,Movie,R,2014,2017-03-23
s8717,Welcome to Willits,Movie,TV-MA,2017,2018-02-06
s8718,Westerplatte Resists,Movie,TV-MA,1967,2019-10-01
s8719,Westside vs. the World,Movie,TV-MA,2019,2019-08-09
s8720,What a Wonderful Family!,Movie,TV-14,2017,2018-07-01
s8721,What Happens to My Family,TV Show,TV-14,2016,2017-05-05
s8722,What Is Love?,TV Show,TV-14,2012,2017-01-01
s8723,What Lies Beneath,Movie,PG-13,2000,2020-01-01
s8724,What Makes a Psychopath?,Movie,TV-14,2017,2019-02-01
s8725,What Still Remains,Movie,TV-14,2018,2018-12-21
s8726,What's Up With Love?,Movie,R,2002,2018-12-08
s8727,When Calls the Heart,TV Show,TV-PG,2017,2018-12-29
s8728,When Hari Got Married,Movie,NR,2013,2016-12-25
s8729,When Two Worlds Collide,Movie,TV-14,2016,2016-11-30
s8730,Where the Money Is,Movie,PG-13,2000,2020-01-15
s8731,Where's the Money,Movie,R,2017,2018-01-22
s8732,While We're Young,Movie,R,2015,2017-10-23
s8733,White Chamber,Movie,TV-MA,2018,2019-08-01
s8734,White Island,Movie,TV-MA,2016,2017-09-25
s8735,Who the F**k Is That Guy?,Movie,TV-MA,2017,2017-09-01
s8736,Who's That Knocking at My Door?,Movie,R,1967,2019-07-01
s8737,Who's the One,TV Show,TV-14,2011,2017-01-01
s8738,Why Are We Getting So Fat?,Movie,TV-14,2016,2019-02-01
s8739,Why Knot,Movie,TV-MA,2016,2017-10-15
s8740,Why We Fight: The Battle of Russia,Movie,TV-PG,1943,2017-03-31
s8741,Wild Alaska,TV Show,TV-PG,2015,2017-03-31
s8742,Wild Arabia,TV Show,TV-PG,2013,2017-03-31
s8743,Wild Wild West,Movie,PG-13,1999,2020-01-01
s8744,Wildlife,Movie,PG-13,2018,2020-09-01
s8745,Williams,Movie,TV-MA,2017,2017-11-04
s8746,Willy Wonka & the Chocolate Factory,Movie,G,1971,2020-01-01
s8747,Winnie,Movie,TV-14,2017,2018-02-26
s8748,Winsanity,TV Show,TV-G,2016,2018-12-15
s8749,Winter of Our Dreams,Movie,NR,1981,2016-11-01
s8750,Winter Sun,TV Show,TV-MA,2014,2017-08-01
s8751,Winter's Bone,Movie,R,2010,2019-03-01
s8752,Wish I Was Here,Movie,R,2014,2018-08-16
s8753,Wish Man,Movie,TV-14,2019,2019-12-03
s8754,Withdrawn,Movie,TV-MA,2017,2018-05-01
s8755,Wolves,Movie,R,2016,2019-03-29
s8756,Women Behind Bars,TV Show,TV-14,2010,
s8757,Woodstock,Movie,TV-MA,2019,2019-08-13
s8758,World Trade Center,Movie,PG-13,2006,2019-11-20
s8759,World's Busiest Cities,TV Show,TV-PG,2017,2019-02-01
s8760,World's Weirdest Homes,Movie,TV-PG,2015,2019-02-01
s8761,Would You Rather,Movie,TV-MA,2013,2019-06-05
s8762,Wrong No.,Movie,TV-14,2015,2017-07-01
s8763,Wrong Side Raju,Movie,TV-MA,2016,2017-10-01
s8764,WWII: Report from the Aleutians,Movie,TV-PG,1943,2017-03-31
s8765,Wyatt Earp,Movie,PG-13,1994,2020-01-01
s8766,XX,Movie,R,2017,2017-06-22
s8767,XXx,Movie,PG-13,2002,2019-01-01
s8768,XXX: State of the Union,Movie,PG-13,2005,2019-01-01
s8769,Y Tu Mamá También,Movie,R,2001,2017-06-01
s8770,Y.M.I.: Yeh Mera India,Movie,TV-MA,2008,2018-03-01
s8771,Yaadein,Movie,TV-14,2001,2018-03-01
s8772,Yaara O Dildaara,Movie,TV-14,2011,2017-11-01
s8773,Yamla Pagla Deewana 2,Movie,TV-14,2013,2017-05-01
s8774,Yanda Kartavya Aahe,Movie,TV-PG,2006,2018-01-01
s8775,يوم الدين,Movie,TV-14,2018,2019-10-22
s8776,Yeh Meri Family,TV Show,TV-PG,2018,2018-08-31
s8777,Yellowbird,Movie,PG,2014,2015-08-05
s8778,Yes or No,Movie,TV-PG,2010,2018-12-06
s8779,Yes or No 2,Movie,TV-PG,2012,2018-11-08
s8780,Yes or No 2.5,Movie,TV-PG,2015,2018-11-08
s8781,Yo-Kai Watch,TV Show,TV-Y7,2015,2016-04-01
s8782,Yo-Kai Watch: The Movie,Movie,TV-Y7,2016,2016-12-01
s8783,Yoga Hosers,Movie,PG-13,2016,2016-12-02
s8784,Yoko,TV Show,TV-Y,2016,2018-06-23
s8785,Yoko and His Friends,Movie,TV-Y,2015,2018-06-23
s8786,YOM,TV Show,TV-Y7,2016,2018-06-07
s8787,You Can Tutu,Movie,TV-G,2017,2017-12-31
s8788,You Can’t Fight Christmas,Movie,TV-PG,2017,2017-12-19
s8789,You Carry Me,Movie,TV-MA,2015,2016-07-01
s8790,You Changed My Life,Movie,TV-PG,2009,2019-02-27
s8791,You Don't Mess with the Zohan,Movie,UR,2008,2019-09-01
s8792,Young Adult,Movie,R,2011,2019-11-20
s8793,Young Tiger,Movie,NR,1973,2016-11-01
s8794,"Yours, Mine and Ours",Movie,PG,2005,2019-11-20
s8795,اشتباك,Movie,TV-14,2016,2018-10-11
s8796,Yu-Gi-Oh! Arc-V,TV Show,TV-Y7,2015,2018-05-01
s8797,Yunus Emre,TV Show,TV-PG,2016,2017-01-17
s8798,Zak Storm,TV Show,TV-Y7,2016,2018-09-13
s8799,Zed Plus,Movie,TV-MA,2014,2019-12-31
s8800,Zenda,Movie,TV-14,2009,2018-02-15
s8801,Zindagi Gulzar Hai,TV Show,TV-PG,2012,2016-12-15
s8802,Zinzana,Movie,TV-MA,2015,2016-03-09
s8803,Zodiac,Movie,R,2007,2019-11-20
s8804,Zombie Dumb,TV Show,TV-Y7,2018,2019-07-01
s8805,Zombieland,Movie,R,2009,2019-11-01
s8806,Zoom,Movie,PG,2006,2020-01-11
s8807,Zubaan,Movie,TV-14,2015,2019-03-02
