user_id,persona,tenure_days,days_since_last_watch,total_sessions,avg_sessions_per_week,recent_30d_sessions,prior_30d_sessions,session_trend_ratio,avg_completion_rate,genre_diversity,favorite_genre
1,weekend_watcher,147,0,80,6.222222222222222,28,18,1.5555555555555556,0.6965023340847846,9,Stand-Up Comedy
2,casual_viewer,418,0,95,7.388888888888888,27,37,0.7297297297297297,0.5962447041797205,5,Documentaries
3,weekend_watcher,608,1,72,5.6,17,21,0.8095238095238095,0.7000850875543311,7,Children & Family Movies
4,churning_user,389,8,63,4.8999999999999995,10,15,0.6666666666666666,0.2849833302874316,3,TV Dramas
5,power_binger,347,0,246,19.133333333333333,88,74,1.1891891891891893,0.8491611452533085,9,Sci-Fi & Fantasy
6,new_user,2,0,1,0.07777777777777778,1,0,2.0,0.8202346593331704,13,Documentaries
7,weekend_watcher,646,1,81,6.3,32,31,1.032258064516129,0.6862387673544253,4,Children & Family Movies
8,weekend_watcher,529,3,68,5.288888888888889,20,24,0.8333333333333334,0.7417965210712534,4,Stand-Up Comedy
9,power_binger,488,0,233,18.12222222222222,81,68,1.1911764705882353,0.8407610082977492,8,TV Dramas
10,casual_viewer,422,0,92,7.155555555555555,29,29,1.0,0.5826729304932895,3,Comedies
11,casual_viewer,122,1,80,6.222222222222222,25,30,0.8333333333333334,0.6044256030060944,6,Romantic Movies
12,new_user,1,90,0,0.0,0,0,0.0,0.0,10,Sports Movies
13,churning_user,227,7,53,4.122222222222222,7,15,0.4666666666666667,0.3190583295659853,7,Crime TV Shows
14,weekend_watcher,453,3,75,5.833333333333333,18,25,0.72,0.7109954496468834,9,Kids' TV
15,casual_viewer,338,1,93,7.233333333333333,36,25,1.44,0.5549979513934808,3,Documentaries
16,casual_viewer,466,0,93,7.233333333333333,23,32,0.71875,0.6417532284727422,8,Romantic Movies
17,churning_user,150,17,47,3.6555555555555554,5,15,0.3333333333333333,0.28472085849957246,3,TV Dramas
18,power_binger,628,0,264,20.53333333333333,87,91,0.9560439560439561,0.8469363485228996,8,Sci-Fi & Fantasy
19,weekend_watcher,429,0,74,5.7555555555555555,31,19,1.631578947368421,0.7069418444928293,6,Children & Family Movies
20,churning_user,78,3,57,4.433333333333334,16,20,0.8,0.3230513164162866,4,Thrillers
21,weekend_watcher,319,1,56,4.355555555555555,15,19,0.7894736842105263,0.7414388392066756,9,Children & Family Movies
22,casual_viewer,230,0,86,6.688888888888888,30,35,0.8571428571428571,0.6362206442955187,4,Comedies
23,new_user,1,90,0,0.0,0,0,0.0,0.0,9,International Movies
24,weekend_watcher,365,0,77,5.988888888888889,27,19,1.4210526315789473,0.6995775147146087,6,Stand-Up Comedy
25,weekend_watcher,647,0,78,6.066666666666666,23,23,1.0,0.6995098257476828,6,Romantic Movies
26,power_binger,376,0,244,18.977777777777778,75,95,0.7894736842105263,0.8557259508772693,8,TV Dramas
27,casual_viewer,172,0,95,7.388888888888888,29,40,0.725,0.5514479825697094,7,Documentaries
28,power_binger,264,0,256,19.91111111111111,73,87,0.8390804597701149,0.8607893216654372,8,Crime TV Shows
29,power_binger,686,0,245,19.055555555555554,88,71,1.2394366197183098,0.8469605808774834,4,Thrillers
30,churning_user,178,2,65,5.055555555555555,13,16,0.8125,0.3393492538732069,5,Crime TV Shows
31,weekend_watcher,189,1,63,4.8999999999999995,23,19,1.2105263157894737,0.692892168663806,7,Children & Family Movies
32,new_user,22,1,20,1.5555555555555556,20,0,2.0,0.492806995148036,13,Music & Musicals
33,casual_viewer,726,1,90,7.0,33,31,1.064516129032258,0.5670115911588828,4,Comedies
34,casual_viewer,563,1,98,7.622222222222222,35,37,0.9459459459459459,0.6160218246963304,8,Romantic Movies
35,casual_viewer,607,0,86,6.688888888888888,21,33,0.6363636363636364,0.583991653864414,6,Romantic Movies
36,power_binger,522,0,288,22.4,103,84,1.2261904761904763,0.8360919976277886,7,Crime TV Shows
37,power_binger,471,1,241,18.744444444444444,73,94,0.776595744680851,0.8525982033488865,5,Thrillers
38,casual_viewer,201,0,77,5.988888888888889,21,34,0.6176470588235294,0.5871522042611091,5,Comedies
39,casual_viewer,408,0,80,6.222222222222222,29,30,0.9666666666666667,0.6182589541132203,5,Documentaries
40,churning_user,266,4,52,4.044444444444444,4,19,0.21052631578947367,0.3173055780073305,5,TV Dramas
41,casual_viewer,472,3,90,7.0,23,31,0.7419354838709677,0.6015180704428152,7,Comedies
42,weekend_watcher,582,1,86,6.688888888888888,38,30,1.2666666666666666,0.6632974739691764,6,Stand-Up Comedy
43,weekend_watcher,473,0,87,6.766666666666667,28,36,0.7777777777777778,0.7019710657021769,5,Kids' TV
44,casual_viewer,373,0,94,7.311111111111111,34,27,1.2592592592592593,0.6168859106422361,6,Romantic Movies
45,weekend_watcher,134,0,70,5.444444444444445,30,22,1.3636363636363635,0.7298607474026612,7,Stand-Up Comedy
46,weekend_watcher,281,0,88,6.844444444444444,34,36,0.9444444444444444,0.6661755439128559,9,Romantic Movies
47,casual_viewer,284,2,83,6.455555555555556,15,30,0.5,0.5946618396295171,7,Romantic Movies
48,casual_viewer,313,0,88,6.844444444444444,21,36,0.5833333333333334,0.610563791868798,4,Romantic Movies
49,churning_user,434,0,48,3.7333333333333334,7,9,0.7777777777777778,0.32959323233937315,5,Thrillers
50,power_binger,288,0,274,21.31111111111111,100,87,1.1494252873563218,0.8520464468948189,9,Crime TV Shows
51,power_binger,535,0,259,20.144444444444442,89,100,0.89,0.8499945121995404,6,Thrillers
52,power_binger,298,0,227,17.655555555555555,62,77,0.8051948051948052,0.8612717323195443,4,Crime TV Shows
53,weekend_watcher,595,0,78,6.066666666666666,21,27,0.7777777777777778,0.6830427885584276,4,Stand-Up Comedy
54,churning_user,371,0,52,4.044444444444444,7,14,0.5,0.30792787947978206,7,TV Dramas
55,weekend_watcher,410,0,77,5.988888888888889,27,26,1.0384615384615385,0.7034803676472235,6,Kids' TV
56,weekend_watcher,276,0,84,6.533333333333333,37,21,1.7619047619047619,0.7004818650206752,5,Stand-Up Comedy
57,casual_viewer,729,1,73,5.677777777777777,22,19,1.1578947368421053,0.5587536243873934,6,Documentaries
58,churning_user,203,5,57,4.433333333333334,7,14,0.5,0.30893103139907746,4,Crime TV Shows
59,power_binger,366,0,273,21.23333333333333,88,94,0.9361702127659575,0.8441042825460123,9,TV Dramas
60,power_binger,497,0,254,19.755555555555556,98,75,1.3066666666666666,0.8494319714572405,9,Crime TV Shows
61,churning_user,239,3,61,4.7444444444444445,10,17,0.5882352941176471,0.2711052536487546,8,Crime TV Shows
62,casual_viewer,410,6,88,6.844444444444444,23,28,0.8214285714285714,0.6106309252380728,3,Documentaries
63,churning_user,68,5,28,2.1777777777777776,9,13,0.6923076923076923,0.3023635989067155,7,Crime TV Shows
64,weekend_watcher,567,0,64,4.977777777777778,23,21,1.0952380952380953,0.7207294158518862,7,Children & Family Movies
65,churning_user,391,6,63,4.8999999999999995,11,21,0.5238095238095238,0.2818922961100326,5,Crime TV Shows
66,churning_user,230,8,68,5.288888888888889,11,23,0.4782608695652174,0.36997659729669435,7,Crime TV Shows
67,churning_user,328,6,62,4.822222222222222,11,19,0.5789473684210527,0.2693043955756649,8,Thrillers
68,casual_viewer,577,2,84,6.533333333333333,25,28,0.8928571428571429,0.6249431072597732,6,Documentaries
69,power_binger,185,0,247,19.21111111111111,78,83,0.9397590361445783,0.8480175502099705,5,Sci-Fi & Fantasy
70,casual_viewer,404,3,80,6.222222222222222,25,24,1.0416666666666667,0.6050198324410634,6,Comedies
71,casual_viewer,722,1,83,6.455555555555556,29,30,0.9666666666666667,0.5980878212327649,6,Romantic Movies
72,casual_viewer,426,0,95,7.388888888888888,29,33,0.8787878787878788,0.6147122041691405,4,Comedies
73,weekend_watcher,476,0,77,5.988888888888889,29,23,1.2608695652173914,0.6717614864254428,4,Children & Family Movies
74,casual_viewer,100,2,83,6.455555555555556,29,22,1.3181818181818181,0.5915340777098134,3,Documentaries
75,power_binger,727,0,272,21.155555555555555,86,91,0.945054945054945,0.849040724971698,4,Thrillers
76,casual_viewer,126,7,84,6.533333333333333,21,33,0.6363636363636364,0.6019188268934572,3,Documentaries
77,casual_viewer,294,1,96,7.466666666666667,38,28,1.3571428571428572,0.6095068750622816,5,Comedies
78,churning_user,243,3,59,4.588888888888889,7,22,0.3181818181818182,0.278150843449908,8,Crime TV Shows
79,churning_user,312,0,59,4.588888888888889,8,13,0.6153846153846154,0.28711145884753647,7,Thrillers
80,weekend_watcher,459,0,111,8.633333333333333,38,32,1.1875,0.7146006884455937,6,Kids' TV
81,churning_user,313,6,65,5.055555555555555,9,14,0.6428571428571429,0.319772148378012,7,Crime TV Shows
82,casual_viewer,309,1,90,7.0,24,36,0.6666666666666666,0.6006649950830744,7,Documentaries
83,weekend_watcher,645,0,90,7.0,30,38,0.7894736842105263,0.7153994811970978,8,Children & Family Movies
84,power_binger,326,0,299,23.255555555555553,104,92,1.1304347826086956,0.845686575665903,8,Sci-Fi & Fantasy
85,power_binger,586,0,253,19.677777777777777,102,77,1.3246753246753247,0.8448281204333468,4,TV Dramas
86,power_binger,703,0,238,18.51111111111111,75,76,0.9868421052631579,0.8507445997228994,4,Sci-Fi & Fantasy
87,weekend_watcher,285,0,69,5.366666666666666,18,28,0.6428571428571429,0.6864157137690795,5,Children & Family Movies
88,casual_viewer,712,0,87,6.766666666666667,33,22,1.5,0.5991648400387931,7,Comedies
89,power_binger,613,0,256,19.91111111111111,73,100,0.73,0.8479171829310852,4,Thrillers
90,churning_user,415,0,52,4.044444444444444,8,16,0.5,0.28602931020896727,5,Thrillers
91,power_binger,339,0,260,20.22222222222222,85,81,1.0493827160493827,0.8401862187416002,7,TV Dramas
92,churning_user,361,1,60,4.666666666666666,8,15,0.5333333333333333,0.2955014650650286,3,Thrillers
93,casual_viewer,451,0,108,8.4,29,33,0.8787878787878788,0.6116471535553814,5,Comedies
94,casual_viewer,302,0,96,7.466666666666667,20,44,0.45454545454545453,0.602673244351381,8,Documentaries
95,casual_viewer,136,0,79,6.144444444444444,26,24,1.0833333333333333,0.6033277421806753,4,Documentaries
96,churning_user,178,6,61,4.7444444444444445,7,19,0.3684210526315789,0.3268713544499309,5,Crime TV Shows
97,casual_viewer,457,0,97,7.544444444444444,31,29,1.0689655172413792,0.599624770607861,4,Romantic Movies
98,power_binger,461,1,252,19.599999999999998,68,101,0.6732673267326733,0.8559904895218602,9,Crime TV Shows
99,power_binger,500,0,281,21.855555555555554,82,101,0.8118811881188119,0.84747012647235,9,Thrillers
100,new_user,7,0,4,0.3111111111111111,4,0,2.0,0.7527024591274469,14,Kids' TV
101,new_user,3,1,4,0.3111111111111111,4,0,2.0,0.5267301235979434,11,Documentaries
102,churning_user,475,14,55,4.277777777777778,6,20,0.3,0.276414818013542,6,TV Dramas
103,casual_viewer,336,0,93,7.233333333333333,37,25,1.48,0.5996772551695633,4,Comedies
104,new_user,11,8,3,0.23333333333333334,3,0,2.0,0.369610025166813,11,Music & Musicals
105,weekend_watcher,203,1,82,6.377777777777777,24,38,0.631578947368421,0.7143413385936588,8,Kids' TV
106,weekend_watcher,535,3,67,5.211111111111111,19,23,0.8260869565217391,0.7085163001519262,4,Children & Family Movies
107,casual_viewer,210,1,88,6.844444444444444,27,26,1.0384615384615385,0.6159693891717892,5,Romantic Movies
108,casual_viewer,104,0,96,7.466666666666667,23,41,0.5609756097560976,0.5967636347295803,4,Comedies
109,power_binger,425,0,279,21.7,75,110,0.6818181818181818,0.8514587767936744,4,Sci-Fi & Fantasy
110,new_user,17,0,12,0.9333333333333333,12,0,2.0,0.4535666020209026,12,Horror Movies
111,casual_viewer,104,0,98,7.622222222222222,33,32,1.03125,0.5765955786683746,5,Documentaries
112,casual_viewer,658,1,99,7.699999999999999,30,35,0.8571428571428571,0.6012718025610874,4,Documentaries
113,casual_viewer,216,0,92,7.155555555555555,44,20,2.2,0.5883486364749813,6,Comedies
114,churning_user,481,0,52,4.044444444444444,8,21,0.38095238095238093,0.2754843885505782,4,Crime TV Shows
115,power_binger,578,0,294,22.866666666666667,95,107,0.8878504672897196,0.848229480044254,6,Sci-Fi & Fantasy
116,weekend_watcher,198,0,77,5.988888888888889,24,29,0.8275862068965517,0.705482457641877,6,Stand-Up Comedy
117,weekend_watcher,345,0,67,5.211111111111111,28,17,1.6470588235294117,0.6935271078839512,5,Stand-Up Comedy
118,weekend_watcher,484,0,85,6.611111111111111,32,23,1.391304347826087,0.6878884769195283,8,Romantic Movies
119,casual_viewer,504,0,95,7.388888888888888,31,37,0.8378378378378378,0.5983915948236611,5,Comedies
120,churning_user,136,9,75,5.833333333333333,11,23,0.4782608695652174,0.32133108065023064,8,Crime TV Shows
121,churning_user,260,1,51,3.9666666666666663,7,11,0.6363636363636364,0.25917425945483463,6,Thrillers
122,churning_user,234,0,54,4.2,10,15,0.6666666666666666,0.3357728222948171,8,TV Dramas
123,power_binger,716,0,263,20.455555555555556,89,85,1.0470588235294118,0.8570457099642173,4,Thrillers
124,casual_viewer,457,0,112,8.71111111111111,34,34,1.0,0.5654557763597959,5,Comedies
125,power_binger,542,0,265,20.61111111111111,87,86,1.0116279069767442,0.8553867234387312,7,TV Dramas
126,casual_viewer,206,0,97,7.544444444444444,38,24,1.5833333333333333,0.6051661722975287,4,Comedies
127,casual_viewer,338,4,93,7.233333333333333,27,36,0.75,0.6071360343908165,8,Documentaries
128,power_binger,529,0,273,21.23333333333333,97,88,1.1022727272727273,0.8559339733894402,5,Thrillers
129,power_binger,624,0,261,20.3,75,95,0.7894736842105263,0.8482440598358048,7,Sci-Fi & Fantasy
130,churning_user,248,4,55,4.277777777777778,7,16,0.4375,0.2964928451525822,4,Crime TV Shows
131,power_binger,547,0,281,21.855555555555554,90,101,0.8910891089108911,0.8554638876033314,4,Sci-Fi & Fantasy
132,new_user,10,1,6,0.4666666666666667,6,0,2.0,0.46827348143271014,14,Romantic Movies
133,churning_user,233,0,60,4.666666666666666,13,17,0.7647058823529411,0.2781898925946417,7,TV Dramas
134,casual_viewer,390,0,88,6.844444444444444,29,29,1.0,0.5723047594666458,8,Documentaries
135,churning_user,415,0,57,4.433333333333334,7,13,0.5384615384615384,0.3238591832602167,5,Crime TV Shows
136,power_binger,578,0,254,19.755555555555556,91,81,1.123456790123457,0.856201066077013,4,Thrillers
137,new_user,2,0,1,0.07777777777777778,1,0,2.0,0.6815015662495649,10,Romantic TV Shows
138,casual_viewer,94,2,81,6.3,24,30,0.8,0.5658869657415774,8,Comedies
139,weekend_watcher,234,3,75,5.833333333333333,23,18,1.2777777777777777,0.6616468744143674,8,Romantic Movies
140,power_binger,354,0,254,19.755555555555556,80,89,0.898876404494382,0.8548112939485857,4,Thrillers
141,casual_viewer,187,0,87,6.766666666666667,24,25,0.96,0.632085549488857,4,Documentaries
142,casual_viewer,120,0,104,8.088888888888889,30,30,1.0,0.5732318847886713,4,Documentaries
143,new_user,14,0,8,0.6222222222222222,8,0,2.0,0.4233498853451717,8,Romantic TV Shows
144,churning_user,497,5,55,4.277777777777778,6,19,0.3157894736842105,0.3074292642696738,6,Thrillers
145,casual_viewer,241,0,75,5.833333333333333,15,29,0.5172413793103449,0.623403352411763,5,Comedies
146,casual_viewer,169,0,104,8.088888888888889,26,44,0.5909090909090909,0.5758105925900597,7,Romantic Movies
147,casual_viewer,649,0,94,7.311111111111111,28,33,0.8484848484848485,0.5969833877320055,6,Romantic Movies
148,churning_user,184,1,65,5.055555555555555,8,15,0.5333333333333333,0.27005307691954605,7,TV Dramas
149,casual_viewer,295,1,100,7.777777777777778,29,39,0.7435897435897436,0.6298028676483138,8,Documentaries
150,power_binger,526,0,272,21.155555555555555,96,76,1.263157894736842,0.8421747580970443,9,Thrillers
151,weekend_watcher,296,0,76,5.9111111111111105,29,23,1.2608695652173914,0.6938961447302315,8,Stand-Up Comedy
152,weekend_watcher,274,2,79,6.144444444444444,26,27,0.9629629629629629,0.6828975904399316,6,Stand-Up Comedy
153,power_binger,697,0,227,17.655555555555555,76,77,0.987012987012987,0.8588835619358306,8,Sci-Fi & Fantasy
154,churning_user,479,8,75,5.833333333333333,5,26,0.19230769230769232,0.2803021904769308,8,TV Dramas
155,power_binger,361,1,257,19.988888888888887,82,101,0.8118811881188119,0.8456327737157198,8,Sci-Fi & Fantasy
156,churning_user,156,4,62,4.822222222222222,9,19,0.47368421052631576,0.29238721334092593,5,Crime TV Shows
157,casual_viewer,599,6,87,6.766666666666667,26,28,0.9285714285714286,0.5895140235606043,3,Comedies
158,churning_user,493,7,51,3.9666666666666663,3,16,0.1875,0.28922201221145477,6,TV Dramas
159,weekend_watcher,143,0,80,6.222222222222222,26,29,0.896551724137931,0.7115299398500965,4,Children & Family Movies
160,weekend_watcher,454,2,62,4.822222222222222,19,21,0.9047619047619048,0.6989241339957377,5,Children & Family Movies
161,power_binger,688,0,274,21.31111111111111,90,96,0.9375,0.8564017642232423,9,Crime TV Shows
162,new_user,16,0,16,1.2444444444444445,16,0,2.0,0.42969837194113636,13,Independent Movies
163,casual_viewer,697,2,86,6.688888888888888,22,27,0.8148148148148148,0.6038660065185639,4,Romantic Movies
164,power_binger,684,0,274,21.31111111111111,100,93,1.075268817204301,0.8454797008912142,4,TV Dramas
165,churning_user,80,6,39,3.033333333333333,4,11,0.36363636363636365,0.3745254974911984,3,Crime TV Shows
166,casual_viewer,495,1,79,6.144444444444444,27,26,1.0384615384615385,0.586979146313563,4,Documentaries
167,weekend_watcher,224,1,80,6.222222222222222,26,27,0.9629629629629629,0.7109599252874579,8,Stand-Up Comedy
168,weekend_watcher,172,1,72,5.6,27,20,1.35,0.7019206231441449,4,Stand-Up Comedy
169,casual_viewer,727,1,86,6.688888888888888,33,22,1.5,0.5864820097713866,4,Romantic Movies
170,new_user,12,0,14,1.0888888888888888,14,0,2.0,0.5122854190677179,11,Horror Movies
171,casual_viewer,181,0,99,7.699999999999999,30,29,1.0344827586206897,0.6012502930322238,3,Documentaries
172,churning_user,371,18,60,4.666666666666666,6,19,0.3157894736842105,0.32805829240782347,3,TV Dramas
173,casual_viewer,427,1,85,6.611111111111111,19,29,0.6551724137931034,0.6277038977644671,8,Documentaries
174,new_user,1,90,0,0.0,0,0,0.0,0.0,8,British TV Shows
175,power_binger,206,0,271,21.077777777777776,96,86,1.1162790697674418,0.8459876284547552,6,Thrillers
176,power_binger,650,0,283,22.01111111111111,92,91,1.010989010989011,0.8461258476843491,4,TV Dramas
177,casual_viewer,101,0,98,7.622222222222222,33,35,0.9428571428571428,0.5937107097298453,8,Comedies
178,new_user,18,0,20,1.5555555555555556,20,0,2.0,0.4825838411021068,14,Horror Movies
179,weekend_watcher,411,0,74,5.7555555555555555,30,23,1.3043478260869565,0.6869857152216041,9,Children & Family Movies
180,weekend_watcher,313,0,78,6.066666666666666,32,22,1.4545454545454546,0.6907802901926341,6,Kids' TV
181,weekend_watcher,389,0,69,5.366666666666666,27,18,1.5,0.7139845813456278,5,Romantic Movies
182,weekend_watcher,381,0,63,4.8999999999999995,17,26,0.6538461538461539,0.7025839727893647,6,Children & Family Movies
183,churning_user,194,4,59,4.588888888888889,5,24,0.20833333333333334,0.27002954807617807,6,Thrillers
184,casual_viewer,582,0,77,5.988888888888889,20,21,0.9523809523809523,0.6520061057385588,3,Comedies
185,weekend_watcher,98,1,89,6.922222222222222,27,29,0.9310344827586207,0.6890354297048826,9,Children & Family Movies
186,churning_user,258,0,63,4.8999999999999995,8,12,0.6666666666666666,0.29469261006427117,3,Crime TV Shows
187,casual_viewer,285,0,72,5.6,18,23,0.782608695652174,0.6083783948712479,8,Comedies
188,power_binger,250,0,253,19.677777777777777,83,80,1.0375,0.8438050564201232,4,Sci-Fi & Fantasy
189,weekend_watcher,709,0,84,6.533333333333333,29,27,1.0740740740740742,0.6818311139956184,6,Kids' TV
190,casual_viewer,175,0,80,6.222222222222222,27,26,1.0384615384615385,0.5851961325619163,7,Comedies
191,new_user,4,0,4,0.3111111111111111,4,0,2.0,0.5027749095655917,10,Kids' TV
192,casual_viewer,201,0,105,8.166666666666666,29,34,0.8529411764705882,0.6132284584838255,5,Documentaries
193,power_binger,686,0,255,19.833333333333332,80,88,0.9090909090909091,0.8465660006805592,9,Sci-Fi & Fantasy
194,weekend_watcher,146,0,88,6.844444444444444,29,30,0.9666666666666667,0.6985068197343712,6,Children & Family Movies
195,power_binger,529,0,245,19.055555555555554,80,73,1.095890410958904,0.8544389162164286,5,TV Dramas
196,power_binger,450,1,260,20.22222222222222,83,94,0.8829787234042553,0.8590770541412285,6,Crime TV Shows
197,churning_user,260,2,60,4.666666666666666,3,18,0.16666666666666666,0.25672887516324366,3,Crime TV Shows
198,weekend_watcher,224,0,84,6.533333333333333,29,26,1.1153846153846154,0.7120398840858585,6,Romantic Movies
199,power_binger,571,0,232,18.044444444444444,77,70,1.1,0.8537926181932154,5,Thrillers
200,casual_viewer,417,0,104,8.088888888888889,34,36,0.9444444444444444,0.5822872807616016,8,Documentaries
201,weekend_watcher,179,0,75,5.833333333333333,24,21,1.1428571428571428,0.688284723063766,8,Children & Family Movies
202,new_user,12,1,8,0.6222222222222222,8,0,2.0,0.5842630433572569,9,Crime TV Shows
203,churning_user,439,15,57,4.433333333333334,8,16,0.5,0.3184209793444118,4,Crime TV Shows
204,power_binger,394,0,258,20.066666666666666,83,90,0.9222222222222223,0.849018251201515,8,Crime TV Shows
205,power_binger,695,0,275,21.38888888888889,105,91,1.1538461538461537,0.8560976573607484,6,TV Dramas
206,casual_viewer,444,0,86,6.688888888888888,22,36,0.6111111111111112,0.5935646325120234,4,Documentaries
207,power_binger,248,0,245,19.055555555555554,87,81,1.0740740740740742,0.850920875217106,7,Sci-Fi & Fantasy
208,churning_user,486,1,47,3.6555555555555554,9,13,0.6923076923076923,0.2601981481402064,3,TV Dramas
209,power_binger,275,0,260,20.22222222222222,99,85,1.1647058823529413,0.8444206142446163,9,Crime TV Shows
210,churning_user,428,4,58,4.511111111111111,17,15,1.1333333333333333,0.25950990400169344,5,TV Dramas
211,churning_user,483,3,63,4.8999999999999995,12,22,0.5454545454545454,0.2826505999787746,7,Crime TV Shows
212,churning_user,161,0,56,4.355555555555555,11,12,0.9166666666666666,0.29503793609546675,6,TV Dramas
213,power_binger,535,0,257,19.988888888888887,91,76,1.1973684210526316,0.8505226338730668,6,Sci-Fi & Fantasy
214,weekend_watcher,292,0,85,6.611111111111111,22,33,0.6666666666666666,0.7200187833432689,5,Romantic Movies
215,weekend_watcher,376,1,74,5.7555555555555555,23,17,1.3529411764705883,0.6983394294584303,9,Kids' TV
216,weekend_watcher,701,0,79,6.144444444444444,23,25,0.92,0.6943817957021858,9,Children & Family Movies
217,power_binger,627,0,237,18.433333333333334,81,78,1.0384615384615385,0.8452040920822598,6,Crime TV Shows
218,power_binger,354,0,266,20.688888888888886,104,71,1.4647887323943662,0.8490084803565275,5,Thrillers
219,new_user,6,2,2,0.15555555555555556,2,0,2.0,0.12614706088107397,9,TV Dramas
220,casual_viewer,692,0,97,7.544444444444444,35,32,1.09375,0.6077987281864701,7,Documentaries
221,casual_viewer,563,0,92,7.155555555555555,27,34,0.7941176470588235,0.6068330996778444,8,Romantic Movies
222,casual_viewer,254,3,104,8.088888888888889,29,38,0.7631578947368421,0.6147032649288948,7,Comedies
223,churning_user,386,0,63,4.8999999999999995,10,14,0.7142857142857143,0.30035487370428016,8,Crime TV Shows
224,new_user,23,0,17,1.3222222222222222,17,0,2.0,0.5144705238924218,15,Documentaries
225,casual_viewer,497,0,76,5.9111111111111105,27,27,1.0,0.6140067699827021,3,Romantic Movies
226,new_user,4,0,6,0.4666666666666667,6,0,2.0,0.42188662284087813,11,Documentaries
227,power_binger,533,0,254,19.755555555555556,85,85,1.0,0.8420294051792274,9,Crime TV Shows
228,churning_user,166,1,57,4.433333333333334,7,18,0.3888888888888889,0.3291943375332591,3,Thrillers
229,churning_user,498,0,62,4.822222222222222,8,19,0.42105263157894735,0.2901429633161077,3,Thrillers
230,power_binger,338,0,267,20.766666666666666,89,101,0.8811881188118812,0.8423323616538839,6,TV Dramas
231,power_binger,674,0,265,20.61111111111111,85,100,0.85,0.8447775050207372,9,Crime TV Shows
232,casual_viewer,111,3,85,6.611111111111111,23,40,0.575,0.5683430985717794,6,Comedies
233,new_user,2,1,1,0.07777777777777778,1,0,2.0,0.6990844510731122,12,Romantic Movies
234,churning_user,268,1,54,4.2,12,17,0.7058823529411765,0.2967686200878507,4,TV Dramas
235,new_user,8,1,4,0.3111111111111111,4,0,2.0,0.521455374470326,12,Sci-Fi & Fantasy
236,weekend_watcher,693,1,72,5.6,25,30,0.8333333333333334,0.68096482359064,4,Romantic Movies
237,casual_viewer,450,0,91,7.0777777777777775,38,26,1.4615384615384615,0.638347167704115,7,Documentaries
238,weekend_watcher,434,0,86,6.688888888888888,26,26,1.0,0.6592182955142859,9,Children & Family Movies
239,power_binger,492,0,284,22.08888888888889,104,85,1.223529411764706,0.8484692171093009,8,Sci-Fi & Fantasy
240,power_binger,651,0,265,20.61111111111111,104,78,1.3333333333333333,0.8550448403456249,7,Thrillers
241,weekend_watcher,708,0,90,7.0,26,32,0.8125,0.7070313899166689,5,Stand-Up Comedy
242,weekend_watcher,102,0,69,5.366666666666666,20,25,0.8,0.7167058203733212,5,Stand-Up Comedy
243,casual_viewer,721,0,95,7.388888888888888,33,31,1.064516129032258,0.603001862251431,7,Documentaries
244,churning_user,400,5,63,4.8999999999999995,11,19,0.5789473684210527,0.2750354209362328,8,Crime TV Shows
245,churning_user,106,7,66,5.133333333333333,11,23,0.4782608695652174,0.3008053701934173,3,Thrillers
246,weekend_watcher,375,0,85,6.611111111111111,23,38,0.6052631578947368,0.7262985761972011,4,Children & Family Movies
247,churning_user,304,8,39,3.033333333333333,5,9,0.5555555555555556,0.35731121556453477,8,TV Dramas
248,casual_viewer,665,0,87,6.766666666666667,30,26,1.1538461538461537,0.6208389191111742,3,Comedies
249,casual_viewer,704,1,87,6.766666666666667,29,28,1.0357142857142858,0.5915428449895498,5,Romantic Movies
250,casual_viewer,199,0,93,7.233333333333333,32,30,1.0666666666666667,0.6054552021914925,5,Documentaries
251,churning_user,275,3,57,4.433333333333334,10,20,0.5,0.31162981570760945,5,Thrillers
252,weekend_watcher,608,0,79,6.144444444444444,28,27,1.037037037037037,0.701535954710707,6,Children & Family Movies
253,casual_viewer,515,0,91,7.0777777777777775,25,30,0.8333333333333334,0.580681516413427,4,Romantic Movies
254,casual_viewer,115,1,89,6.922222222222222,28,30,0.9333333333333333,0.624816604925447,7,Comedies
255,casual_viewer,620,4,84,6.533333333333333,26,30,0.8666666666666667,0.5867165960936962,4,Romantic Movies
256,weekend_watcher,713,0,76,5.9111111111111105,31,26,1.1923076923076923,0.731789650579136,4,Romantic Movies
257,weekend_watcher,109,2,82,6.377777777777777,31,29,1.0689655172413792,0.7272484342429638,9,Children & Family Movies
258,power_binger,404,0,264,20.53333333333333,88,86,1.0232558139534884,0.8488875343618554,4,Sci-Fi & Fantasy
259,power_binger,289,0,245,19.055555555555554,84,81,1.037037037037037,0.8546881031927529,9,Thrillers
260,churning_user,292,7,67,5.211111111111111,7,17,0.4117647058823529,0.30424485502275567,5,Crime TV Shows
261,power_binger,429,0,267,20.766666666666666,91,88,1.0340909090909092,0.8401024699873801,8,TV Dramas
262,weekend_watcher,622,0,87,6.766666666666667,34,29,1.1724137931034482,0.6892114546442742,7,Kids' TV
263,casual_viewer,275,0,94,7.311111111111111,25,27,0.9259259259259259,0.6496781085436665,3,Comedies
264,power_binger,480,0,235,18.27777777777778,77,80,0.9625,0.8484128787659371,6,TV Dramas
265,new_user,18,1,14,1.0888888888888888,14,0,2.0,0.42054273031183814,10,Documentaries
266,power_binger,364,0,241,18.744444444444444,82,78,1.0512820512820513,0.8603083577546919,5,TV Dramas
267,casual_viewer,657,0,76,5.9111111111111105,22,27,0.8148148148148148,0.5631257892895157,7,Romantic Movies
268,power_binger,591,0,227,17.655555555555555,59,87,0.6781609195402298,0.856525643796769,7,Thrillers
269,power_binger,585,0,289,22.477777777777778,75,116,0.646551724137931,0.8598881523031033,6,Sci-Fi & Fantasy
270,power_binger,569,0,263,20.455555555555556,92,90,1.0222222222222221,0.8584764989202648,6,Crime TV Shows
271,power_binger,328,0,228,17.733333333333334,58,80,0.725,0.8433838949141633,5,Crime TV Shows
272,power_binger,196,0,257,19.988888888888887,77,89,0.8651685393258427,0.8495092201342037,6,TV Dramas
273,power_binger,368,0,260,20.22222222222222,81,104,0.7788461538461539,0.8431854354890935,8,Thrillers
274,churning_user,79,1,27,2.1,7,5,1.4,0.30211590894036205,7,Crime TV Shows
275,churning_user,220,2,56,4.355555555555555,10,18,0.5555555555555556,0.299183716329209,8,TV Dramas
276,casual_viewer,711,0,72,5.6,28,23,1.2173913043478262,0.594179348887481,8,Comedies
277,casual_viewer,684,0,83,6.455555555555556,27,32,0.84375,0.6105957599110475,4,Comedies
278,churning_user,413,6,53,4.122222222222222,8,15,0.5333333333333333,0.30452495848786115,5,Crime TV Shows
279,weekend_watcher,574,0,76,5.9111111111111105,26,21,1.2380952380952381,0.7098088045301598,7,Kids' TV
280,weekend_watcher,366,0,76,5.9111111111111105,33,15,2.2,0.7120265212818586,6,Children & Family Movies
281,power_binger,655,0,241,18.744444444444444,78,76,1.0263157894736843,0.8534186636457548,6,Thrillers
282,power_binger,305,0,259,20.144444444444442,99,69,1.434782608695652,0.8541845053064444,5,Sci-Fi & Fantasy
283,casual_viewer,652,0,90,7.0,33,27,1.2222222222222223,0.5736291953101648,6,Romantic Movies
284,casual_viewer,370,0,84,6.533333333333333,21,24,0.875,0.5950468259659087,7,Documentaries
285,churning_user,347,1,54,4.2,7,11,0.6363636363636364,0.2909228498996961,3,Crime TV Shows
286,casual_viewer,320,0,81,6.3,31,30,1.0333333333333334,0.6026643653054977,3,Documentaries
287,power_binger,659,1,233,18.12222222222222,68,78,0.8717948717948718,0.8511127198748238,8,Crime TV Shows
288,casual_viewer,405,0,81,6.3,24,30,0.8,0.6077944104173542,7,Documentaries
289,churning_user,152,1,54,4.2,10,10,1.0,0.2924892252746219,3,Thrillers
290,power_binger,682,0,224,17.42222222222222,74,69,1.0724637681159421,0.8501274702025635,5,TV Dramas
291,weekend_watcher,466,2,76,5.9111111111111105,30,22,1.3636363636363635,0.7019722484404101,9,Kids' TV
292,power_binger,487,0,233,18.12222222222222,75,76,0.9868421052631579,0.8537613673166354,8,Thrillers
293,new_user,4,1,2,0.15555555555555556,2,0,2.0,0.578890141639538,9,Horror Movies
294,power_binger,481,0,277,21.544444444444444,89,93,0.956989247311828,0.8441128342434261,8,Sci-Fi & Fantasy
295,weekend_watcher,692,3,69,5.366666666666666,20,24,0.8333333333333334,0.6869411304690334,8,Stand-Up Comedy
296,new_user,16,0,17,1.3222222222222222,17,0,2.0,0.5183023750236204,9,Action & Adventure
297,new_user,20,1,10,0.7777777777777778,10,0,2.0,0.4888409456481869,12,Sports Movies
298,weekend_watcher,570,1,72,5.6,25,25,1.0,0.6926149897933378,9,Stand-Up Comedy
299,weekend_watcher,272,0,66,5.133333333333333,28,17,1.6470588235294117,0.6949838961438325,7,Children & Family Movies
300,churning_user,98,4,51,3.9666666666666663,10,13,0.7692307692307693,0.31435430042978746,7,TV Dramas
301,weekend_watcher,726,4,63,4.8999999999999995,27,18,1.5,0.7185364950373991,8,Kids' TV
302,power_binger,333,0,232,18.044444444444444,78,79,0.9873417721518988,0.851131295831294,6,Thrillers
303,churning_user,306,0,70,5.444444444444445,9,22,0.4090909090909091,0.3364119747676109,7,Thrillers
304,churning_user,259,1,72,5.6,12,22,0.5454545454545454,0.2701782941964843,8,Thrillers
305,weekend_watcher,556,3,71,5.522222222222222,26,23,1.1304347826086956,0.72434847658327,5,Children & Family Movies
306,casual_viewer,294,0,93,7.233333333333333,31,30,1.0333333333333334,0.6169015983303765,7,Documentaries
307,casual_viewer,483,2,81,6.3,23,25,0.92,0.5998181001662938,8,Comedies
308,churning_user,435,4,78,6.066666666666666,15,29,0.5172413793103449,0.3119322802268004,5,TV Dramas
309,casual_viewer,365,0,100,7.777777777777778,32,36,0.8888888888888888,0.5810939063768058,5,Documentaries
310,power_binger,620,0,226,17.577777777777776,72,80,0.9,0.849993696988474,9,Sci-Fi & Fantasy
311,casual_viewer,220,0,77,5.988888888888889,24,28,0.8571428571428571,0.5543191520442861,7,Romantic Movies
312,casual_viewer,686,0,90,7.0,30,30,1.0,0.609590310058217,7,Documentaries
313,casual_viewer,117,0,93,7.233333333333333,29,29,1.0,0.5556573579513697,4,Documentaries
314,casual_viewer,319,0,78,6.066666666666666,22,27,0.8148148148148148,0.6189042198835566,7,Documentaries
315,casual_viewer,705,0,101,7.855555555555555,32,34,0.9411764705882353,0.5864987549563542,5,Romantic Movies
316,casual_viewer,134,0,87,6.766666666666667,30,32,0.9375,0.5632242382652403,4,Romantic Movies
317,casual_viewer,537,4,100,7.777777777777778,26,41,0.6341463414634146,0.6323035989520732,6,Documentaries
318,churning_user,251,0,57,4.433333333333334,5,16,0.3125,0.2584880141813206,3,Crime TV Shows
319,casual_viewer,90,0,85,6.611111111111111,32,33,0.9696969696969697,0.6389124172742893,7,Comedies
320,new_user,10,0,9,0.7,9,0,2.0,0.6693422139100832,8,Horror Movies
321,new_user,21,2,12,0.9333333333333333,12,0,2.0,0.6155653974430711,8,Stand-Up Comedy
322,casual_viewer,287,0,92,7.155555555555555,27,28,0.9642857142857143,0.6152883839949349,6,Romantic Movies
323,casual_viewer,319,0,97,7.544444444444444,27,32,0.84375,0.5872360740687063,6,Comedies
324,churning_user,391,1,49,3.811111111111111,6,13,0.46153846153846156,0.2815455074275581,6,Thrillers
325,weekend_watcher,701,1,81,6.3,24,30,0.8,0.6892338201968866,4,Children & Family Movies
326,churning_user,154,2,71,5.522222222222222,8,20,0.4,0.27111108762831,4,TV Dramas
327,weekend_watcher,354,0,72,5.6,20,28,0.7142857142857143,0.7165307442266866,9,Children & Family Movies
328,churning_user,373,2,62,4.822222222222222,11,20,0.55,0.2773209258972113,7,Thrillers
329,churning_user,355,7,54,4.2,11,16,0.6875,0.30530907481319436,5,Crime TV Shows
330,casual_viewer,649,2,86,6.688888888888888,28,28,1.0,0.6140058714382963,4,Documentaries
331,weekend_watcher,133,0,76,5.9111111111111105,29,18,1.6111111111111112,0.6763052334715575,5,Kids' TV
332,casual_viewer,623,2,96,7.466666666666667,30,34,0.8823529411764706,0.5810032454798898,5,Documentaries
333,churning_user,406,2,53,4.122222222222222,9,11,0.8181818181818182,0.2831652559589598,5,TV Dramas
334,weekend_watcher,434,1,77,5.988888888888889,30,20,1.5,0.7055390654746775,9,Stand-Up Comedy
335,power_binger,510,0,259,20.144444444444442,86,88,0.9772727272727273,0.8501126543006442,5,Sci-Fi & Fantasy
336,churning_user,316,4,67,5.211111111111111,13,17,0.7647058823529411,0.29620962192982553,6,TV Dramas
337,power_binger,684,0,274,21.31111111111111,84,111,0.7567567567567568,0.8486129753076119,5,Thrillers
338,weekend_watcher,593,2,71,5.522222222222222,27,21,1.2857142857142858,0.7009691831434458,6,Stand-Up Comedy
339,power_binger,414,0,265,20.61111111111111,92,85,1.0823529411764705,0.8475348057977904,6,Crime TV Shows
340,new_user,4,0,3,0.23333333333333334,3,0,2.0,0.7352426653424082,11,Children & Family Movies
341,power_binger,369,0,249,19.366666666666667,90,73,1.2328767123287672,0.8671104434341321,6,Thrillers
342,new_user,12,0,8,0.6222222222222222,8,0,2.0,0.5962608024196491,12,Documentaries
343,weekend_watcher,219,1,84,6.533333333333333,20,30,0.6666666666666666,0.6937612311997263,9,Romantic Movies
344,churning_user,150,13,59,4.588888888888889,5,17,0.29411764705882354,0.2725121676860918,5,Crime TV Shows
345,weekend_watcher,453,0,62,4.822222222222222,17,29,0.5862068965517241,0.7149022018329695,6,Kids' TV
346,weekend_watcher,230,2,63,4.8999999999999995,26,23,1.1304347826086956,0.6853145998588254,5,Kids' TV
347,new_user,30,0,24,1.8666666666666667,24,0,2.0,0.4450255890033121,11,TV Dramas
348,casual_viewer,198,2,98,7.622222222222222,25,35,0.7142857142857143,0.5963580578578733,6,Romantic Movies
349,churning_user,356,11,60,4.666666666666666,5,15,0.3333333333333333,0.31123952757133083,7,TV Dramas
350,power_binger,361,0,253,19.677777777777777,81,76,1.0657894736842106,0.8600167828875177,6,Crime TV Shows
351,churning_user,357,0,56,4.355555555555555,14,13,1.0769230769230769,0.27534737222592276,3,Thrillers
352,power_binger,440,0,271,21.077777777777776,85,104,0.8173076923076923,0.8553969149041458,4,TV Dramas
353,churning_user,433,8,53,4.122222222222222,8,18,0.4444444444444444,0.31857584543850465,4,TV Dramas
354,churning_user,405,0,75,5.833333333333333,10,17,0.5882352941176471,0.2798279624184453,3,TV Dramas
355,casual_viewer,318,1,84,6.533333333333333,35,27,1.2962962962962963,0.5822185016728718,3,Documentaries
356,churning_user,263,1,56,4.355555555555555,9,16,0.5625,0.2896524529690271,5,Crime TV Shows
357,weekend_watcher,545,0,79,6.144444444444444,33,24,1.375,0.7043281274243474,4,Stand-Up Comedy
358,weekend_watcher,447,0,81,6.3,29,27,1.0740740740740742,0.6949113912810996,9,Stand-Up Comedy
359,casual_viewer,632,0,95,7.388888888888888,35,36,0.9722222222222222,0.6035267146781544,7,Documentaries
360,churning_user,275,1,59,4.588888888888889,12,12,1.0,0.25837287687404265,5,Thrillers
361,new_user,24,1,18,1.4,18,0,2.0,0.5540717394878109,12,TV Comedies
362,power_binger,709,1,248,19.288888888888888,91,66,1.378787878787879,0.8528759141094542,5,Thrillers
363,power_binger,447,0,276,21.466666666666665,87,108,0.8055555555555556,0.8492922449332587,5,Crime TV Shows
364,power_binger,287,0,267,20.766666666666666,93,100,0.93,0.8535204561484502,7,Thrillers
365,churning_user,297,2,65,5.055555555555555,13,15,0.8666666666666667,0.3119460797299051,8,Thrillers
366,casual_viewer,330,0,96,7.466666666666667,38,21,1.8095238095238095,0.5849077055979759,7,Romantic Movies
367,weekend_watcher,444,0,60,4.666666666666666,19,20,0.95,0.7237702887267421,6,Stand-Up Comedy
368,churning_user,458,1,55,4.277777777777778,13,11,1.1818181818181819,0.28921926640251794,7,Crime TV Shows
369,casual_viewer,119,0,93,7.233333333333333,27,35,0.7714285714285715,0.617395541912156,4,Romantic Movies
370,weekend_watcher,555,0,71,5.522222222222222,22,27,0.8148148148148148,0.6779834550763663,8,Kids' TV
371,weekend_watcher,597,0,71,5.522222222222222,31,22,1.4090909090909092,0.6974130387882005,7,Stand-Up Comedy
372,casual_viewer,625,1,86,6.688888888888888,24,25,0.96,0.6317957565903775,5,Documentaries
373,casual_viewer,103,0,90,7.0,32,26,1.2307692307692308,0.6030485322236777,7,Romantic Movies
374,casual_viewer,719,0,84,6.533333333333333,25,24,1.0416666666666667,0.5967887922387716,5,Romantic Movies
375,power_binger,667,0,249,19.366666666666667,85,85,1.0,0.8440141997805339,5,Thrillers
376,power_binger,267,0,268,20.844444444444445,93,73,1.273972602739726,0.8556877709390783,7,TV Dramas
377,new_user,12,0,10,0.7777777777777778,10,0,2.0,0.664740547382253,11,Thrillers
378,casual_viewer,655,1,80,6.222222222222222,24,27,0.8888888888888888,0.6176606761808188,7,Comedies
379,casual_viewer,442,3,82,6.377777777777777,26,23,1.1304347826086956,0.5786294622476069,5,Romantic Movies
380,weekend_watcher,321,3,79,6.144444444444444,23,29,0.7931034482758621,0.6625543636458667,6,Romantic Movies
381,churning_user,369,1,62,4.822222222222222,12,19,0.631578947368421,0.29732163005644907,3,Crime TV Shows
382,new_user,17,0,11,0.8555555555555555,11,0,2.0,0.35490204797259367,12,International Movies
383,weekend_watcher,659,0,64,4.977777777777778,15,23,0.6521739130434783,0.6991267522203162,7,Romantic Movies
384,casual_viewer,137,0,75,5.833333333333333,30,16,1.875,0.5835206660426376,7,Comedies
385,casual_viewer,153,0,121,9.411111111111111,34,40,0.85,0.6219993219981724,3,Comedies
386,new_user,2,1,1,0.07777777777777778,1,0,2.0,0.06277501321988918,15,Dramas
387,weekend_watcher,576,2,83,6.455555555555556,33,26,1.2692307692307692,0.7028732694908859,6,Stand-Up Comedy
388,new_user,20,2,16,1.2444444444444445,16,0,2.0,0.49281546458423015,8,Sci-Fi & Fantasy
389,power_binger,647,0,249,19.366666666666667,95,72,1.3194444444444444,0.8537838002550754,8,TV Dramas
390,weekend_watcher,386,0,72,5.6,24,24,1.0,0.7401179467639923,5,Children & Family Movies
391,churning_user,229,0,66,5.133333333333333,9,19,0.47368421052631576,0.3282963026371059,8,Crime TV Shows
392,power_binger,679,0,259,20.144444444444442,94,82,1.146341463414634,0.8474470012572987,5,Thrillers
393,churning_user,76,2,45,3.5,9,21,0.42857142857142855,0.32206587792567587,3,TV Dramas
394,churning_user,301,2,65,5.055555555555555,12,20,0.6,0.29313400556904656,7,Thrillers
395,power_binger,664,0,236,18.355555555555554,87,69,1.2608695652173914,0.8592665289702105,9,Sci-Fi & Fantasy
396,casual_viewer,552,0,95,7.388888888888888,27,38,0.7105263157894737,0.6286115006520782,8,Romantic Movies
397,weekend_watcher,651,1,80,6.222222222222222,29,32,0.90625,0.6926569726745477,7,Stand-Up Comedy
398,casual_viewer,495,0,84,6.533333333333333,24,27,0.8888888888888888,0.57339974305571,4,Comedies
399,casual_viewer,552,0,96,7.466666666666667,24,39,0.6153846153846154,0.5754577857883033,6,Documentaries
400,casual_viewer,538,1,85,6.611111111111111,28,26,1.0769230769230769,0.5960607777027765,3,Comedies
401,casual_viewer,506,0,97,7.544444444444444,34,36,0.9444444444444444,0.5821078046071382,5,Comedies
402,new_user,23,2,16,1.2444444444444445,16,0,2.0,0.5085352091820756,8,TV Dramas
403,weekend_watcher,353,0,77,5.988888888888889,24,25,0.96,0.7055516104447133,8,Kids' TV
404,power_binger,243,0,260,20.22222222222222,94,85,1.1058823529411765,0.8412377228133505,6,Crime TV Shows
405,new_user,27,2,18,1.4,18,0,2.0,0.5643064805736359,10,Thrillers
406,weekend_watcher,669,0,85,6.611111111111111,22,34,0.6470588235294118,0.7038356977801342,4,Romantic Movies
407,casual_viewer,676,1,89,6.922222222222222,25,28,0.8928571428571429,0.5999674357173466,6,Documentaries
408,weekend_watcher,285,2,82,6.377777777777777,27,33,0.8181818181818182,0.7058689869088379,9,Children & Family Movies
409,power_binger,687,0,274,21.31111111111111,83,106,0.7830188679245284,0.8530895424070079,9,Sci-Fi & Fantasy
410,new_user,9,0,11,0.8555555555555555,11,0,2.0,0.5624615866148064,13,Docuseries
411,churning_user,437,8,54,4.2,5,21,0.23809523809523808,0.32350375555834154,4,Thrillers
412,churning_user,283,3,55,4.277777777777778,8,15,0.5333333333333333,0.28198626455833015,7,TV Dramas
413,power_binger,306,0,253,19.677777777777777,85,92,0.9239130434782609,0.8653880056273114,4,Crime TV Shows
414,weekend_watcher,480,1,66,5.133333333333333,16,19,0.8421052631578947,0.7241271685048457,9,Children & Family Movies
415,power_binger,302,0,251,19.522222222222222,84,83,1.0120481927710843,0.8529051004344036,9,TV Dramas
416,casual_viewer,552,1,88,6.844444444444444,29,33,0.8787878787878788,0.5680686327181321,8,Documentaries
417,power_binger,244,1,241,18.744444444444444,95,65,1.4615384615384615,0.8469422132816459,9,TV Dramas
418,weekend_watcher,100,3,68,5.288888888888889,25,23,1.0869565217391304,0.6554926808131756,4,Kids' TV
419,power_binger,251,0,255,19.833333333333332,88,84,1.0476190476190477,0.843893750897361,8,Crime TV Shows
420,new_user,27,0,20,1.5555555555555556,20,0,2.0,0.3827716310628963,14,Reality TV
421,churning_user,249,3,59,4.588888888888889,4,20,0.2,0.293611234626128,8,Crime TV Shows
422,power_binger,691,0,255,19.833333333333332,83,88,0.9431818181818182,0.8464679110133011,9,Thrillers
423,power_binger,719,0,261,20.3,93,90,1.0333333333333334,0.8538345102221885,4,Sci-Fi & Fantasy
424,power_binger,654,0,263,20.455555555555556,76,100,0.76,0.838892932054836,9,Crime TV Shows
425,churning_user,492,0,56,4.355555555555555,9,21,0.42857142857142855,0.3057426705585195,5,Crime TV Shows
426,weekend_watcher,417,1,82,6.377777777777777,32,27,1.1851851851851851,0.6932846953805633,5,Romantic Movies
427,casual_viewer,429,0,108,8.4,32,28,1.1428571428571428,0.6023260302980573,4,Romantic Movies
428,weekend_watcher,681,0,74,5.7555555555555555,28,26,1.0769230769230769,0.6812810001958187,7,Children & Family Movies
429,power_binger,548,0,252,19.599999999999998,91,73,1.2465753424657535,0.8593661062579641,7,Sci-Fi & Fantasy
430,weekend_watcher,452,0,68,5.288888888888889,16,28,0.5714285714285714,0.6740962122761176,6,Kids' TV
431,new_user,24,0,19,1.4777777777777776,19,0,2.0,0.469575171507082,14,Dramas
432,weekend_watcher,643,0,75,5.833333333333333,19,30,0.6333333333333333,0.7025740941643636,7,Kids' TV
433,churning_user,225,5,61,4.7444444444444445,10,9,1.1111111111111112,0.3141222136251061,6,Crime TV Shows
434,weekend_watcher,477,2,71,5.522222222222222,29,23,1.2608695652173914,0.6882207725004224,8,Stand-Up Comedy
435,power_binger,660,1,266,20.688888888888886,107,79,1.3544303797468353,0.8523367640175622,6,TV Dramas
436,casual_viewer,628,0,99,7.699999999999999,22,33,0.6666666666666666,0.5999301379682267,4,Romantic Movies
437,power_binger,482,0,268,20.844444444444445,89,94,0.9468085106382979,0.8500168183810958,6,Thrillers
438,churning_user,203,14,49,3.811111111111111,6,14,0.42857142857142855,0.2743964883226066,3,TV Dramas
439,weekend_watcher,276,1,70,5.444444444444445,24,23,1.0434782608695652,0.7015525462026301,7,Stand-Up Comedy
440,churning_user,157,1,64,4.977777777777778,10,17,0.5882352941176471,0.3123527740858978,3,Crime TV Shows
441,weekend_watcher,424,0,80,6.222222222222222,20,31,0.6451612903225806,0.714215124832107,5,Romantic Movies
442,power_binger,440,0,267,20.766666666666666,76,85,0.8941176470588236,0.8561856941129651,9,Thrillers
443,weekend_watcher,148,1,73,5.677777777777777,26,22,1.1818181818181819,0.6942838647818204,9,Children & Family Movies
444,power_binger,319,0,257,19.988888888888887,95,94,1.0106382978723405,0.8444367614085394,4,Thrillers
445,casual_viewer,457,0,93,7.233333333333333,24,30,0.8,0.5970545785796431,4,Documentaries
446,weekend_watcher,162,1,81,6.3,28,22,1.2727272727272727,0.6691531251204096,9,Stand-Up Comedy
447,new_user,28,0,28,2.1777777777777776,28,0,2.0,0.4864345350775375,13,Romantic Movies
448,churning_user,303,7,57,4.433333333333334,6,15,0.4,0.2819112651375086,3,Thrillers
449,power_binger,410,0,278,21.62222222222222,101,94,1.074468085106383,0.8649604473769018,7,Sci-Fi & Fantasy
450,churning_user,96,2,62,4.822222222222222,16,12,1.3333333333333333,0.26277625866299326,4,Thrillers
451,power_binger,234,0,259,20.144444444444442,85,92,0.9239130434782609,0.8622291799136648,8,Thrillers
452,weekend_watcher,202,0,81,6.3,28,26,1.0769230769230769,0.7112697177107458,4,Children & Family Movies
453,weekend_watcher,621,0,79,6.144444444444444,32,24,1.3333333333333333,0.6871030649446266,4,Kids' TV
454,power_binger,464,0,240,18.666666666666664,81,75,1.08,0.8496119729055586,4,Sci-Fi & Fantasy
455,power_binger,345,0,264,20.53333333333333,81,94,0.8617021276595744,0.8451753319301543,7,TV Dramas
456,power_binger,685,0,242,18.822222222222223,87,75,1.16,0.8483180252472866,5,Thrillers
457,new_user,6,1,3,0.23333333333333334,3,0,2.0,0.44833523462803626,15,International TV Shows
458,casual_viewer,433,0,94,7.311111111111111,30,27,1.1111111111111112,0.5712753294710431,7,Comedies
459,weekend_watcher,617,2,75,5.833333333333333,24,23,1.0434782608695652,0.6987238939156795,5,Kids' TV
460,churning_user,378,10,61,4.7444444444444445,11,17,0.6470588235294118,0.26859429653431377,6,TV Dramas
461,churning_user,480,0,47,3.6555555555555554,10,8,1.25,0.2801998866530134,7,Crime TV Shows
462,power_binger,708,0,269,20.92222222222222,96,88,1.0909090909090908,0.8389234811992494,4,Crime TV Shows
463,new_user,28,2,15,1.1666666666666665,15,0,2.0,0.5362864383393171,10,Stand-Up Comedy
464,casual_viewer,612,1,89,6.922222222222222,31,22,1.4090909090909092,0.5656308065199478,3,Romantic Movies
465,churning_user,99,8,46,3.5777777777777775,5,19,0.2631578947368421,0.29132346701790224,7,TV Dramas
466,churning_user,241,6,69,5.366666666666666,8,25,0.32,0.2739134729371894,6,Crime TV Shows
467,churning_user,76,3,52,4.044444444444444,7,21,0.3333333333333333,0.29021466440909305,8,TV Dramas
468,new_user,22,0,15,1.1666666666666665,15,0,2.0,0.6150538088899948,14,Sci-Fi & Fantasy
469,power_binger,724,0,240,18.666666666666664,84,77,1.0909090909090908,0.8543447987273566,9,Thrillers
470,churning_user,348,0,65,5.055555555555555,7,18,0.3888888888888889,0.30922824763092266,3,Thrillers
471,casual_viewer,722,0,104,8.088888888888889,24,40,0.6,0.6284015204784362,4,Romantic Movies
472,casual_viewer,336,1,117,9.1,40,31,1.2903225806451613,0.5878623634841522,5,Documentaries
473,power_binger,291,0,241,18.744444444444444,84,80,1.05,0.8568090991604391,6,TV Dramas
474,power_binger,232,0,249,19.366666666666667,84,85,0.9882352941176471,0.843845872375474,7,Sci-Fi & Fantasy
475,casual_viewer,204,0,86,6.688888888888888,29,34,0.8529411764705882,0.6224408632190028,8,Romantic Movies
476,casual_viewer,220,0,103,8.011111111111111,37,31,1.1935483870967742,0.6138462001453262,8,Comedies
477,casual_viewer,669,1,95,7.388888888888888,22,36,0.6111111111111112,0.578044079324654,3,Documentaries
478,churning_user,196,4,43,3.344444444444444,7,12,0.5833333333333334,0.2911730360165716,6,Crime TV Shows
479,churning_user,110,2,59,4.588888888888889,7,17,0.4117647058823529,0.27523770949446813,6,TV Dramas
480,casual_viewer,654,0,100,7.777777777777778,28,32,0.875,0.5676819024044224,6,Documentaries
481,casual_viewer,694,2,85,6.611111111111111,27,30,0.9,0.6115934147945209,4,Comedies
482,casual_viewer,603,0,91,7.0777777777777775,27,33,0.8181818181818182,0.6067483836616439,7,Romantic Movies
483,churning_user,301,10,44,3.422222222222222,5,11,0.45454545454545453,0.2777472512024144,5,Crime TV Shows
484,casual_viewer,492,0,93,7.233333333333333,31,30,1.0333333333333334,0.5868164513293419,7,Romantic Movies
485,power_binger,621,0,270,21.0,96,94,1.0212765957446808,0.8570550435508564,7,Thrillers
486,casual_viewer,663,0,83,6.455555555555556,24,26,0.9230769230769231,0.630398451636276,4,Documentaries
487,casual_viewer,541,0,83,6.455555555555556,25,26,0.9615384615384616,0.6003752494742927,5,Comedies
488,casual_viewer,556,0,89,6.922222222222222,15,31,0.4838709677419355,0.6174503672165373,7,Romantic Movies
489,churning_user,113,3,59,4.588888888888889,9,21,0.42857142857142855,0.27082732981611635,4,TV Dramas
490,churning_user,243,1,52,4.044444444444444,8,16,0.5,0.345782529392496,7,Crime TV Shows
491,weekend_watcher,357,1,88,6.844444444444444,30,24,1.25,0.7040822540303108,8,Children & Family Movies
492,churning_user,485,1,67,5.211111111111111,13,20,0.65,0.31001099618097955,5,Thrillers
493,churning_user,279,4,64,4.977777777777778,5,16,0.3125,0.29494772805881897,5,TV Dramas
494,casual_viewer,662,0,102,7.933333333333333,31,31,1.0,0.603012971598605,3,Romantic Movies
495,weekend_watcher,175,0,73,5.677777777777777,28,21,1.3333333333333333,0.7100283121134189,4,Romantic Movies
496,churning_user,295,1,63,4.8999999999999995,7,17,0.4117647058823529,0.2925022644063664,6,Crime TV Shows
497,casual_viewer,358,3,87,6.766666666666667,25,35,0.7142857142857143,0.5751839605717145,5,Romantic Movies
498,churning_user,346,7,52,4.044444444444444,8,15,0.5333333333333333,0.36765486471747594,7,Thrillers
499,casual_viewer,252,0,82,6.377777777777777,23,31,0.7419354838709677,0.5993041689908981,8,Documentaries
500,churning_user,402,2,65,5.055555555555555,8,19,0.42105263157894735,0.28602875545566186,3,TV Dramas
501,weekend_watcher,572,0,78,6.066666666666666,19,25,0.76,0.687214052119776,4,Romantic Movies
502,weekend_watcher,198,1,77,5.988888888888889,30,25,1.2,0.7071412927466716,8,Romantic Movies
503,new_user,6,0,6,0.4666666666666667,6,0,2.0,0.4265000689008682,14,Independent Movies
504,churning_user,439,9,60,4.666666666666666,8,17,0.47058823529411764,0.26041523985783394,6,Thrillers
505,churning_user,203,0,56,4.355555555555555,10,15,0.6666666666666666,0.3037984457323268,8,Thrillers
506,weekend_watcher,92,0,87,6.766666666666667,28,30,0.9333333333333333,0.7126575070484173,4,Kids' TV
507,casual_viewer,277,0,104,8.088888888888889,30,31,0.967741935483871,0.5839830095647142,4,Romantic Movies
508,weekend_watcher,264,0,80,6.222222222222222,35,21,1.6666666666666667,0.6904583122111076,8,Kids' TV
509,casual_viewer,554,1,97,7.544444444444444,28,35,0.8,0.5571932890083121,3,Documentaries
510,power_binger,438,0,260,20.22222222222222,89,93,0.956989247311828,0.841923929081616,6,Sci-Fi & Fantasy
511,power_binger,536,0,238,18.51111111111111,72,95,0.7578947368421053,0.8442422327489313,6,TV Dramas
512,weekend_watcher,413,1,57,4.433333333333334,24,16,1.5,0.6853443042734567,8,Children & Family Movies
513,power_binger,284,0,228,17.733333333333334,83,77,1.077922077922078,0.8543299632223007,6,Thrillers
514,casual_viewer,510,0,102,7.933333333333333,26,41,0.6341463414634146,0.5838047226783597,5,Romantic Movies
515,casual_viewer,375,0,94,7.311111111111111,27,34,0.7941176470588235,0.6144118138389472,8,Comedies
516,power_binger,245,0,221,17.188888888888886,72,64,1.125,0.8432011627903582,4,Thrillers
517,casual_viewer,491,0,96,7.466666666666667,30,36,0.8333333333333334,0.5985230600470351,5,Romantic Movies
518,weekend_watcher,132,0,82,6.377777777777777,36,22,1.6363636363636365,0.6976784713111726,8,Children & Family Movies
519,power_binger,216,1,233,18.12222222222222,75,69,1.0869565217391304,0.8408727716949139,8,Sci-Fi & Fantasy
520,weekend_watcher,440,0,76,5.9111111111111105,23,22,1.0454545454545454,0.7215540269320099,5,Stand-Up Comedy
521,weekend_watcher,494,1,81,6.3,33,32,1.03125,0.7121953841349363,4,Children & Family Movies
522,casual_viewer,177,0,81,6.3,18,35,0.5142857142857142,0.6018591838707777,5,Romantic Movies
523,power_binger,494,0,259,20.144444444444442,88,87,1.0114942528735633,0.8475370565252103,7,TV Dramas
524,churning_user,99,2,64,4.977777777777778,16,17,0.9411764705882353,0.31038882559076386,5,Crime TV Shows
525,power_binger,383,0,276,21.466666666666665,75,95,0.7894736842105263,0.8503370275481474,6,TV Dramas
526,casual_viewer,92,0,100,7.777777777777778,30,41,0.7317073170731707,0.6093253861089617,3,Comedies
527,new_user,17,1,7,0.5444444444444444,7,0,2.0,0.3994497729257083,9,Comedies
528,new_user,25,2,13,1.011111111111111,13,0,2.0,0.47254453395956897,13,Kids' TV
529,weekend_watcher,469,0,68,5.288888888888889,21,20,1.05,0.7018977555062674,6,Kids' TV
530,casual_viewer,270,0,82,6.377777777777777,27,23,1.173913043478261,0.5941631250946613,3,Romantic Movies
531,churning_user,123,5,62,4.822222222222222,10,14,0.7142857142857143,0.29850241668527755,7,TV Dramas
532,weekend_watcher,124,1,71,5.522222222222222,25,22,1.1363636363636365,0.6872874289364393,7,Romantic Movies
533,casual_viewer,696,1,102,7.933333333333333,32,37,0.8648648648648649,0.598625706407533,3,Romantic Movies
534,churning_user,462,2,36,2.8,4,10,0.4,0.3166150131603521,3,Crime TV Shows
535,power_binger,550,0,258,20.066666666666666,86,88,0.9772727272727273,0.8531414398434591,5,Thrillers
536,casual_viewer,216,0,101,7.855555555555555,26,42,0.6190476190476191,0.5998369299004586,6,Documentaries
537,churning_user,195,9,54,4.2,6,10,0.6,0.2900279522863045,4,Crime TV Shows
538,power_binger,498,0,233,18.12222222222222,75,80,0.9375,0.8495320937295643,4,Thrillers
539,power_binger,326,0,263,20.455555555555556,93,87,1.0689655172413792,0.863513214367912,7,Sci-Fi & Fantasy
540,weekend_watcher,159,2,52,4.044444444444444,17,17,1.0,0.7405711908500975,8,Romantic Movies
541,new_user,10,0,13,1.011111111111111,13,0,2.0,0.5998298545671915,15,Thrillers
542,churning_user,90,6,55,4.277777777777778,6,10,0.6,0.3005147181633063,5,Thrillers
543,weekend_watcher,571,0,88,6.844444444444444,31,27,1.1481481481481481,0.6980796390498143,7,Stand-Up Comedy
544,new_user,17,1,9,0.7,9,0,2.0,0.5142702579616839,12,Sports Movies
545,power_binger,239,0,258,20.066666666666666,77,103,0.7475728155339806,0.8546290085546254,8,Crime TV Shows
546,casual_viewer,663,0,93,7.233333333333333,24,30,0.8,0.6273723191953796,6,Romantic Movies
547,casual_viewer,577,0,82,6.377777777777777,29,27,1.0740740740740742,0.5987404412571474,3,Romantic Movies
548,power_binger,591,0,250,19.444444444444443,88,79,1.1139240506329113,0.8445148642540843,9,Thrillers
549,weekend_watcher,107,2,82,6.377777777777777,32,22,1.4545454545454546,0.6895939874571315,9,Children & Family Movies
550,casual_viewer,230,1,73,5.677777777777777,18,31,0.5806451612903226,0.6316883200188761,7,Comedies
551,casual_viewer,347,0,96,7.466666666666667,24,40,0.6,0.5801162553653719,8,Documentaries
552,power_binger,520,1,265,20.61111111111111,76,92,0.8260869565217391,0.852773059016561,8,Thrillers
553,power_binger,511,2,244,18.977777777777778,86,68,1.2647058823529411,0.8386951438002278,8,Thrillers
554,new_user,4,1,2,0.15555555555555556,2,0,2.0,0.37618635694311076,14,Docuseries
555,power_binger,496,0,258,20.066666666666666,86,82,1.048780487804878,0.8552187200941358,6,Thrillers
556,casual_viewer,519,1,81,6.3,24,31,0.7741935483870968,0.5890057285903758,8,Comedies
557,casual_viewer,558,1,94,7.311111111111111,29,36,0.8055555555555556,0.5808971372085204,7,Documentaries
558,casual_viewer,147,0,94,7.311111111111111,37,24,1.5416666666666667,0.5843588687481844,7,Romantic Movies
559,churning_user,330,0,64,4.977777777777778,8,14,0.5714285714285714,0.30318873380137246,5,TV Dramas
560,casual_viewer,237,0,87,6.766666666666667,26,32,0.8125,0.6153779632949438,5,Comedies
561,power_binger,304,0,243,18.9,70,93,0.7526881720430108,0.8427890775283047,8,Thrillers
562,casual_viewer,519,1,86,6.688888888888888,29,27,1.0740740740740742,0.6434214175451889,5,Documentaries
563,weekend_watcher,424,0,82,6.377777777777777,30,22,1.3636363636363635,0.6633080463346663,6,Kids' TV
564,churning_user,412,2,47,3.6555555555555554,7,14,0.5,0.28321859075378536,3,Crime TV Shows
565,churning_user,368,1,48,3.7333333333333334,7,18,0.3888888888888889,0.27927035614712065,6,Thrillers
566,churning_user,335,7,54,4.2,6,15,0.4,0.30627627388614026,3,TV Dramas
567,weekend_watcher,231,3,80,6.222222222222222,23,36,0.6388888888888888,0.7049263089480533,7,Kids' TV
568,power_binger,372,0,275,21.38888888888889,93,88,1.0568181818181819,0.857617893579958,7,Thrillers
569,casual_viewer,623,1,89,6.922222222222222,27,24,1.125,0.5941144789016602,5,Comedies
570,churning_user,284,0,71,5.522222222222222,9,16,0.5625,0.3213268037478262,7,Crime TV Shows
571,casual_viewer,384,0,90,7.0,31,29,1.0689655172413792,0.6115860240725856,5,Documentaries
572,weekend_watcher,453,3,72,5.6,20,20,1.0,0.6793327682875369,5,Stand-Up Comedy
573,casual_viewer,469,0,94,7.311111111111111,28,29,0.9655172413793104,0.5800953256130837,5,Documentaries
574,weekend_watcher,469,0,86,6.688888888888888,37,22,1.6818181818181819,0.6638338871780587,9,Kids' TV
575,weekend_watcher,212,1,70,5.444444444444445,27,23,1.173913043478261,0.6843618445332552,6,Stand-Up Comedy
576,churning_user,147,11,48,3.7333333333333334,8,11,0.7272727272727273,0.25818495558249754,5,TV Dramas
577,new_user,7,0,2,0.15555555555555556,2,0,2.0,0.7605279277262822,12,Children & Family Movies
578,churning_user,264,2,56,4.355555555555555,11,19,0.5789473684210527,0.2566291754752088,7,TV Dramas
579,weekend_watcher,712,2,67,5.211111111111111,13,27,0.48148148148148145,0.729672323368076,6,Stand-Up Comedy
580,casual_viewer,103,1,82,6.377777777777777,26,23,1.1304347826086956,0.6037354503514387,4,Comedies
581,casual_viewer,210,0,82,6.377777777777777,23,31,0.7419354838709677,0.6366497999747353,6,Comedies
582,churning_user,327,5,69,5.366666666666666,11,19,0.5789473684210527,0.3105447146229567,4,TV Dramas
583,power_binger,267,0,263,20.455555555555556,82,89,0.9213483146067416,0.8483995276177987,6,Sci-Fi & Fantasy
584,casual_viewer,591,1,99,7.699999999999999,31,39,0.7948717948717948,0.6342565302325165,3,Documentaries
585,new_user,10,0,11,0.8555555555555555,11,0,2.0,0.5859141162998781,8,Sports Movies
586,churning_user,439,0,48,3.7333333333333334,12,10,1.2,0.3409163662674594,3,TV Dramas
587,power_binger,585,0,248,19.288888888888888,87,85,1.0235294117647058,0.8547661943427124,5,Crime TV Shows
588,casual_viewer,394,0,91,7.0777777777777775,20,42,0.47619047619047616,0.5779755468886463,8,Romantic Movies
589,power_binger,361,0,275,21.38888888888889,96,83,1.1566265060240963,0.8585528787660297,5,Thrillers
590,power_binger,417,0,238,18.51111111111111,70,77,0.9090909090909091,0.8560290185719807,4,TV Dramas
591,new_user,30,0,31,2.411111111111111,31,0,2.0,0.46666247982301456,15,Sci-Fi & Fantasy
592,casual_viewer,155,0,104,8.088888888888889,21,38,0.5526315789473685,0.607090416675488,3,Documentaries
593,casual_viewer,640,0,92,7.155555555555555,28,31,0.9032258064516129,0.5994102879816368,3,Romantic Movies
594,churning_user,268,1,55,4.277777777777778,10,17,0.5882352941176471,0.3180600887516295,5,Crime TV Shows
595,power_binger,311,0,242,18.822222222222223,82,86,0.9534883720930233,0.858113510479007,8,TV Dramas
596,casual_viewer,226,0,101,7.855555555555555,41,33,1.2424242424242424,0.6156753139765896,6,Documentaries
597,weekend_watcher,282,0,61,4.7444444444444445,21,15,1.4,0.7226240758846956,4,Romantic Movies
598,churning_user,111,1,73,5.677777777777777,16,19,0.8421052631578947,0.2701039452049127,4,TV Dramas
599,new_user,4,1,2,0.15555555555555556,2,0,2.0,0.5733079099767603,14,Children & Family Movies
600,churning_user,209,1,68,5.288888888888889,9,22,0.4090909090909091,0.28180183012572974,6,Crime TV Shows
601,casual_viewer,116,2,89,6.922222222222222,32,25,1.28,0.61657222875149,4,Documentaries
602,weekend_watcher,528,1,80,6.222222222222222,27,27,1.0,0.6590189035153482,9,Stand-Up Comedy
603,new_user,25,3,17,1.3222222222222222,17,0,2.0,0.5361832076240731,9,TV Comedies
604,weekend_watcher,241,1,76,5.9111111111111105,25,24,1.0416666666666667,0.7181330443125878,5,Kids' TV
605,new_user,28,0,23,1.7888888888888888,23,0,2.0,0.5080586502001381,9,Reality TV
606,weekend_watcher,542,0,65,5.055555555555555,28,19,1.4736842105263157,0.7332397661064175,7,Children & Family Movies
607,weekend_watcher,644,1,83,6.455555555555556,26,31,0.8387096774193549,0.7078013418666909,6,Stand-Up Comedy
608,power_binger,490,0,280,21.77777777777778,101,85,1.188235294117647,0.8543785516426845,7,Sci-Fi & Fantasy
609,weekend_watcher,368,2,77,5.988888888888889,22,25,0.88,0.6996522399440745,6,Romantic Movies
610,casual_viewer,97,1,86,6.688888888888888,27,31,0.8709677419354839,0.5749426299487812,6,Romantic Movies
611,churning_user,482,2,67,5.211111111111111,10,16,0.625,0.3123860780746525,4,Thrillers
612,churning_user,208,7,59,4.588888888888889,10,22,0.45454545454545453,0.30257827543337695,3,Crime TV Shows
613,new_user,18,4,12,0.9333333333333333,12,0,2.0,0.46353694339403484,13,Romantic TV Shows
614,new_user,24,0,16,1.2444444444444445,16,0,2.0,0.33373766011360523,12,Sports Movies
615,casual_viewer,323,0,78,6.066666666666666,29,23,1.2608695652173914,0.5883585380261,7,Romantic Movies
616,weekend_watcher,331,0,76,5.9111111111111105,29,20,1.45,0.662256581633144,8,Romantic Movies
617,weekend_watcher,315,0,71,5.522222222222222,25,21,1.1904761904761905,0.7244883961391577,9,Children & Family Movies
618,casual_viewer,352,0,79,6.144444444444444,21,32,0.65625,0.6054796282102047,4,Documentaries
619,power_binger,339,0,253,19.677777777777777,92,89,1.0337078651685394,0.8456230337363912,9,Crime TV Shows
620,power_binger,341,0,238,18.51111111111111,94,74,1.2702702702702702,0.8553089321928591,4,Sci-Fi & Fantasy
621,weekend_watcher,255,0,71,5.522222222222222,32,26,1.2307692307692308,0.6819570645746051,6,Kids' TV
622,casual_viewer,208,0,90,7.0,31,23,1.3478260869565217,0.6157971588276978,8,Romantic Movies
623,new_user,9,3,6,0.4666666666666667,6,0,2.0,0.4671122257598425,10,Docuseries
624,casual_viewer,683,2,88,6.844444444444444,27,30,0.9,0.5845476179368685,3,Romantic Movies
625,new_user,30,1,28,2.1777777777777776,28,0,2.0,0.4505323965305684,15,Stand-Up Comedy
626,casual_viewer,287,3,85,6.611111111111111,31,24,1.2916666666666667,0.6092899454795276,3,Documentaries
627,weekend_watcher,501,1,64,4.977777777777778,20,24,0.8333333333333334,0.6724605365361274,5,Romantic Movies
628,power_binger,213,0,229,17.81111111111111,73,82,0.8902439024390244,0.8569700870235939,4,Sci-Fi & Fantasy
629,churning_user,474,1,58,4.511111111111111,11,16,0.6875,0.34935733968671073,4,Thrillers
630,weekend_watcher,136,0,78,6.066666666666666,25,21,1.1904761904761905,0.6785040353719948,6,Stand-Up Comedy
631,new_user,16,0,13,1.011111111111111,13,0,2.0,0.5143404827773665,10,Romantic TV Shows
632,weekend_watcher,394,1,83,6.455555555555556,29,25,1.16,0.7025373193076402,9,Stand-Up Comedy
633,power_binger,615,0,250,19.444444444444443,87,82,1.0609756097560976,0.8620129731401799,5,Crime TV Shows
634,casual_viewer,211,0,100,7.777777777777778,29,33,0.8787878787878788,0.6036041919170344,3,Romantic Movies
635,power_binger,350,0,244,18.977777777777778,81,76,1.0657894736842106,0.8539442451021886,9,Thrillers
636,power_binger,618,0,254,19.755555555555556,86,86,1.0,0.8491355457145072,4,Crime TV Shows
637,churning_user,477,4,46,3.5777777777777775,12,11,1.0909090909090908,0.26392022005181237,6,Crime TV Shows
638,weekend_watcher,142,0,67,5.211111111111111,21,22,0.9545454545454546,0.6570167432078752,5,Kids' TV
639,weekend_watcher,557,1,70,5.444444444444445,19,21,0.9047619047619048,0.6884734414050645,8,Children & Family Movies
640,weekend_watcher,494,0,86,6.688888888888888,29,25,1.16,0.70313079980356,4,Stand-Up Comedy
641,weekend_watcher,192,0,62,4.822222222222222,21,24,0.875,0.6931314709979641,6,Children & Family Movies
642,weekend_watcher,260,1,70,5.444444444444445,20,26,0.7692307692307693,0.6996984942759998,6,Kids' TV
643,power_binger,225,0,257,19.988888888888887,75,89,0.8426966292134831,0.8507657380381134,5,Crime TV Shows
644,casual_viewer,569,1,84,6.533333333333333,22,32,0.6875,0.5761100057792581,5,Romantic Movies
645,churning_user,79,0,48,3.7333333333333334,8,17,0.47058823529411764,0.29602325546608055,4,Crime TV Shows
646,weekend_watcher,312,1,79,6.144444444444444,26,37,0.7027027027027027,0.6966763547544751,8,Romantic Movies
647,power_binger,535,0,273,21.23333333333333,94,93,1.010752688172043,0.856762050138986,4,Crime TV Shows
648,churning_user,183,3,49,3.811111111111111,8,15,0.5333333333333333,0.29568301340764636,7,Thrillers
649,churning_user,63,0,35,2.7222222222222223,10,23,0.43478260869565216,0.30683892512234634,7,TV Dramas
650,power_binger,531,0,253,19.677777777777777,85,86,0.9883720930232558,0.8511190137850584,6,Thrillers
651,casual_viewer,341,0,85,6.611111111111111,21,32,0.65625,0.6052293583447523,7,Romantic Movies
652,weekend_watcher,102,0,75,5.833333333333333,33,22,1.5,0.6996940403280764,9,Romantic Movies
653,churning_user,152,0,65,5.055555555555555,13,14,0.9285714285714286,0.32843869178163565,4,TV Dramas
654,casual_viewer,332,0,109,8.477777777777778,30,44,0.6818181818181818,0.5850998665611447,4,Romantic Movies
655,weekend_watcher,416,1,69,5.366666666666666,24,24,1.0,0.7278286141496126,6,Stand-Up Comedy
656,casual_viewer,676,0,113,8.788888888888888,32,38,0.8421052631578947,0.5794073178671479,5,Romantic Movies
657,weekend_watcher,196,2,88,6.844444444444444,29,29,1.0,0.6937974318690002,5,Children & Family Movies
658,casual_viewer,502,0,79,6.144444444444444,28,28,1.0,0.5837631890605373,3,Comedies
659,churning_user,87,2,42,3.2666666666666666,9,16,0.5625,0.314800268912244,7,Crime TV Shows
660,casual_viewer,353,5,72,5.6,12,26,0.46153846153846156,0.6428675345256748,8,Romantic Movies
661,casual_viewer,492,2,86,6.688888888888888,26,29,0.896551724137931,0.6186977789160669,4,Documentaries
662,weekend_watcher,276,0,71,5.522222222222222,21,28,0.75,0.6913463565846877,6,Children & Family Movies
663,power_binger,417,0,253,19.677777777777777,84,93,0.9032258064516129,0.857599683841964,7,Thrillers
664,power_binger,710,0,244,18.977777777777778,80,78,1.0256410256410255,0.8543947901940203,6,TV Dramas
665,casual_viewer,441,1,79,6.144444444444444,25,29,0.8620689655172413,0.5910609828156914,3,Documentaries
666,weekend_watcher,639,2,75,5.833333333333333,21,26,0.8076923076923077,0.7356648812630427,8,Kids' TV
667,weekend_watcher,705,0,87,6.766666666666667,30,29,1.0344827586206897,0.701206657940626,5,Kids' TV
668,new_user,7,1,6,0.4666666666666667,6,0,2.0,0.4324770596187973,10,Romantic TV Shows
669,casual_viewer,156,2,82,6.377777777777777,24,26,0.9230769230769231,0.599240909844831,8,Comedies
670,casual_viewer,118,0,82,6.377777777777777,22,27,0.8148148148148148,0.5846355715825428,5,Romantic Movies
671,power_binger,475,0,247,19.21111111111111,93,73,1.273972602739726,0.8424431450315443,5,Crime TV Shows
672,churning_user,467,3,56,4.355555555555555,12,9,1.3333333333333333,0.31106359918524185,4,Thrillers
673,new_user,18,2,13,1.011111111111111,13,0,2.0,0.6118200863488912,10,International Movies
674,weekend_watcher,573,2,81,6.3,34,24,1.4166666666666667,0.7003690330442752,7,Children & Family Movies
675,churning_user,339,1,66,5.133333333333333,11,21,0.5238095238095238,0.28860823045188433,4,Crime TV Shows
676,casual_viewer,620,1,101,7.855555555555555,32,27,1.1851851851851851,0.6160966197698842,7,Documentaries
677,new_user,11,1,8,0.6222222222222222,8,0,2.0,0.30885443693680803,10,Independent Movies
678,casual_viewer,543,0,89,6.922222222222222,30,28,1.0714285714285714,0.5914830320155697,8,Documentaries
679,power_binger,614,0,275,21.38888888888889,93,84,1.1071428571428572,0.8430812497249014,9,Crime TV Shows
680,casual_viewer,659,0,86,6.688888888888888,24,41,0.5853658536585366,0.5549824273756951,7,Documentaries
681,power_binger,523,0,282,21.933333333333334,92,97,0.9484536082474226,0.8617965193654987,7,Thrillers
682,casual_viewer,402,2,96,7.466666666666667,31,28,1.1071428571428572,0.6057506109661727,5,Documentaries
683,power_binger,196,0,239,18.58888888888889,86,74,1.162162162162162,0.8395479939350337,4,Thrillers
684,casual_viewer,588,3,97,7.544444444444444,30,38,0.7894736842105263,0.559048647165941,7,Documentaries
685,churning_user,365,2,53,4.122222222222222,5,20,0.25,0.23377879568917978,7,Thrillers
686,casual_viewer,238,1,98,7.622222222222222,29,38,0.7631578947368421,0.607568047210954,8,Documentaries
687,casual_viewer,490,0,84,6.533333333333333,27,28,0.9642857142857143,0.6071409836938789,8,Documentaries
688,new_user,10,4,8,0.6222222222222222,8,0,2.0,0.5586316053120386,15,Crime TV Shows
689,weekend_watcher,235,1,85,6.611111111111111,26,39,0.6666666666666666,0.6956228504648926,6,Stand-Up Comedy
690,churning_user,258,1,63,4.8999999999999995,11,18,0.6111111111111112,0.31621036020422655,7,Thrillers
691,casual_viewer,162,0,76,5.9111111111111105,22,24,0.9166666666666666,0.5549086357506973,3,Documentaries
692,weekend_watcher,528,2,73,5.677777777777777,17,28,0.6071428571428571,0.6975765285739001,8,Children & Family Movies
693,casual_viewer,726,0,73,5.677777777777777,25,21,1.1904761904761905,0.5984445925782694,5,Documentaries
694,casual_viewer,185,1,89,6.922222222222222,25,33,0.7575757575757576,0.6088424361283044,3,Comedies
695,new_user,26,1,18,1.4,18,0,2.0,0.5120918494008238,8,Horror Movies
696,churning_user,409,20,50,3.888888888888889,5,15,0.3333333333333333,0.2974325178451962,4,Crime TV Shows
697,weekend_watcher,166,1,75,5.833333333333333,29,25,1.16,0.7142078677454343,6,Romantic Movies
698,churning_user,448,0,59,4.588888888888889,9,22,0.4090909090909091,0.32243584985423857,6,Crime TV Shows
699,churning_user,71,2,35,2.7222222222222223,9,17,0.5294117647058824,0.30329837524549,5,Crime TV Shows
700,casual_viewer,304,0,76,5.9111111111111105,22,25,0.88,0.6038214288396612,4,Comedies
701,casual_viewer,466,1,94,7.311111111111111,23,39,0.5897435897435898,0.6107862758591666,7,Documentaries
702,casual_viewer,421,0,83,6.455555555555556,24,30,0.8,0.5548986590578626,7,Documentaries
703,power_binger,229,0,253,19.677777777777777,97,73,1.3287671232876712,0.8529324546439223,6,TV Dramas
704,weekend_watcher,360,1,89,6.922222222222222,28,31,0.9032258064516129,0.6709702383878166,5,Children & Family Movies
705,casual_viewer,110,1,104,8.088888888888889,33,32,1.03125,0.5981074915833021,4,Documentaries
706,churning_user,162,1,49,3.811111111111111,10,12,0.8333333333333334,0.33534528220365756,8,Crime TV Shows
707,weekend_watcher,107,1,76,5.9111111111111105,27,27,1.0,0.6916989644998894,5,Romantic Movies
708,weekend_watcher,544,3,65,5.055555555555555,18,24,0.75,0.688514277967383,8,Stand-Up Comedy
709,casual_viewer,592,0,99,7.699999999999999,28,40,0.7,0.5848811106113809,5,Romantic Movies
710,casual_viewer,145,0,75,5.833333333333333,23,22,1.0454545454545454,0.6000156081394293,7,Romantic Movies
711,new_user,20,0,23,1.7888888888888888,23,0,2.0,0.50882776955562,10,Romantic TV Shows
712,churning_user,198,5,66,5.133333333333333,11,17,0.6470588235294118,0.2755893366829599,7,Thrillers
713,weekend_watcher,384,0,80,6.222222222222222,27,31,0.8709677419354839,0.6955582419294825,6,Kids' TV
714,new_user,2,1,1,0.07777777777777778,1,0,2.0,0.8239851352323216,10,International Movies
715,weekend_watcher,173,1,76,5.9111111111111105,24,26,0.9230769230769231,0.7263687742122313,4,Children & Family Movies
716,power_binger,470,1,227,17.655555555555555,75,62,1.2096774193548387,0.8436625566120016,6,Thrillers
717,churning_user,410,0,64,4.977777777777778,8,24,0.3333333333333333,0.32830244178945606,8,TV Dramas
718,power_binger,350,0,267,20.766666666666666,103,86,1.197674418604651,0.8491725605773688,4,Sci-Fi & Fantasy
719,churning_user,274,10,58,4.511111111111111,6,20,0.3,0.2811748107575336,6,Thrillers
720,new_user,15,1,14,1.0888888888888888,14,0,2.0,0.45618648798104855,8,Stand-Up Comedy
721,churning_user,278,7,59,4.588888888888889,6,21,0.2857142857142857,0.3133677785113314,6,Thrillers
722,casual_viewer,359,0,100,7.777777777777778,35,23,1.5217391304347827,0.5544907563819449,8,Comedies
723,power_binger,241,0,255,19.833333333333332,88,83,1.0602409638554218,0.857651042779012,9,Crime TV Shows
724,new_user,30,2,18,1.4,18,0,2.0,0.4968796245124359,8,Children & Family Movies
725,power_binger,327,0,236,18.355555555555554,79,93,0.8494623655913979,0.8536099538308247,8,Crime TV Shows
726,power_binger,594,0,233,18.12222222222222,86,73,1.178082191780822,0.863682585651567,6,Crime TV Shows
727,casual_viewer,382,1,66,5.133333333333333,24,22,1.0909090909090908,0.5460864311703834,7,Romantic Movies
728,power_binger,400,0,255,19.833333333333332,83,95,0.8736842105263158,0.8306851939448615,5,Crime TV Shows
729,casual_viewer,534,0,88,6.844444444444444,30,34,0.8823529411764706,0.6016748861572042,8,Documentaries
730,churning_user,80,0,42,3.2666666666666666,6,13,0.46153846153846156,0.2901416832658518,7,Thrillers
731,casual_viewer,695,0,86,6.688888888888888,30,32,0.9375,0.5847951177727558,5,Comedies
732,power_binger,192,0,276,21.466666666666665,109,79,1.379746835443038,0.8463803082208281,4,Crime TV Shows
733,power_binger,454,0,232,18.044444444444444,79,85,0.9294117647058824,0.8445324956088968,4,TV Dramas
734,casual_viewer,655,0,75,5.833333333333333,25,25,1.0,0.5756180702749459,8,Documentaries
735,power_binger,461,0,229,17.81111111111111,79,80,0.9875,0.8292234558997095,9,Thrillers
736,churning_user,335,4,57,4.433333333333334,10,19,0.5263157894736842,0.2798843835305148,8,TV Dramas
737,casual_viewer,255,0,97,7.544444444444444,36,30,1.2,0.5871801211849127,8,Documentaries
738,casual_viewer,182,0,95,7.388888888888888,30,33,0.9090909090909091,0.578172920339151,6,Comedies
739,casual_viewer,640,0,93,7.233333333333333,26,28,0.9285714285714286,0.5961808301058922,8,Comedies
740,casual_viewer,444,1,98,7.622222222222222,35,30,1.1666666666666667,0.5935887015752734,5,Documentaries
741,power_binger,680,0,260,20.22222222222222,98,82,1.1951219512195121,0.8482018975429112,8,Crime TV Shows
742,power_binger,365,0,266,20.688888888888886,78,93,0.8387096774193549,0.8429691286154646,4,Sci-Fi & Fantasy
743,weekend_watcher,695,0,76,5.9111111111111105,31,16,1.9375,0.6724337850843227,4,Stand-Up Comedy
744,power_binger,693,0,235,18.27777777777778,76,66,1.1515151515151516,0.8471175353628169,4,Thrillers
745,churning_user,214,0,53,4.122222222222222,10,14,0.7142857142857143,0.3194336836180351,7,Crime TV Shows
746,casual_viewer,176,0,87,6.766666666666667,26,34,0.7647058823529411,0.5916837467243388,5,Documentaries
747,casual_viewer,573,0,90,7.0,25,34,0.7352941176470589,0.589226521545891,4,Romantic Movies
748,casual_viewer,598,0,106,8.244444444444444,36,42,0.8571428571428571,0.571647338341666,4,Documentaries
749,weekend_watcher,300,0,65,5.055555555555555,31,16,1.9375,0.6962765212765635,4,Children & Family Movies
750,weekend_watcher,662,1,74,5.7555555555555555,27,25,1.08,0.690096274558309,9,Children & Family Movies
751,casual_viewer,718,0,94,7.311111111111111,33,31,1.064516129032258,0.6182370747758292,8,Romantic Movies
752,casual_viewer,126,0,108,8.4,23,31,0.7419354838709677,0.6347725729417918,6,Romantic Movies
753,casual_viewer,493,2,79,6.144444444444444,23,24,0.9583333333333334,0.6026276428353913,8,Documentaries
754,casual_viewer,570,0,99,7.699999999999999,35,33,1.0606060606060606,0.6186836601682593,6,Documentaries
755,churning_user,390,3,52,4.044444444444444,11,11,1.0,0.29391610830861975,6,Thrillers
756,casual_viewer,332,1,93,7.233333333333333,23,38,0.6052631578947368,0.6364536358969732,5,Comedies
757,casual_viewer,263,1,85,6.611111111111111,25,31,0.8064516129032258,0.6102096446683078,7,Comedies
758,new_user,3,0,1,0.07777777777777778,1,0,2.0,0.533221824178284,14,Docuseries
759,power_binger,300,0,227,17.655555555555555,77,69,1.1159420289855073,0.8402108628100933,4,Crime TV Shows
760,casual_viewer,286,0,102,7.933333333333333,40,25,1.6,0.6290167540047061,6,Documentaries
761,weekend_watcher,596,1,74,5.7555555555555555,26,27,0.9629629629629629,0.7051574169514186,7,Stand-Up Comedy
762,power_binger,676,0,244,18.977777777777778,76,77,0.987012987012987,0.8577195187820271,8,Sci-Fi & Fantasy
763,power_binger,345,0,232,18.044444444444444,84,77,1.0909090909090908,0.8377967003190296,8,Crime TV Shows
764,power_binger,235,0,255,19.833333333333332,78,90,0.8666666666666667,0.8514181945696793,6,Crime TV Shows
765,new_user,24,2,23,1.7888888888888888,23,0,2.0,0.5008534195269313,9,Reality TV
766,power_binger,568,0,272,21.155555555555555,86,92,0.9347826086956522,0.8551669251326052,7,Crime TV Shows
767,power_binger,523,0,264,20.53333333333333,79,84,0.9404761904761905,0.8446885414837291,7,TV Dramas
768,power_binger,343,0,237,18.433333333333334,88,69,1.2753623188405796,0.8616579984663839,8,Sci-Fi & Fantasy
769,power_binger,493,0,237,18.433333333333334,73,84,0.8690476190476191,0.8495674048063818,8,Thrillers
770,churning_user,251,4,54,4.2,10,12,0.8333333333333334,0.31284480276740717,8,Thrillers
771,casual_viewer,210,0,93,7.233333333333333,33,22,1.5,0.5746037509249167,4,Documentaries
772,churning_user,267,2,67,5.211111111111111,8,24,0.3333333333333333,0.2871891392665937,6,Crime TV Shows
773,churning_user,207,2,53,4.122222222222222,8,17,0.47058823529411764,0.28937473042204187,3,Thrillers
774,weekend_watcher,535,1,96,7.466666666666667,29,35,0.8285714285714286,0.664486967972011,7,Stand-Up Comedy
775,power_binger,238,0,260,20.22222222222222,86,97,0.8865979381443299,0.8529152283388356,5,TV Dramas
776,weekend_watcher,530,1,72,5.6,27,25,1.08,0.7014091383439184,6,Romantic Movies
777,churning_user,68,0,29,2.2555555555555555,8,13,0.6153846153846154,0.22258777359822504,6,Crime TV Shows
778,power_binger,239,0,257,19.988888888888887,76,82,0.926829268292683,0.8614428980865865,7,Crime TV Shows
779,weekend_watcher,346,1,71,5.522222222222222,24,25,0.96,0.6972022191538038,5,Children & Family Movies
780,weekend_watcher,300,1,69,5.366666666666666,24,19,1.263157894736842,0.7273758515009717,7,Children & Family Movies
781,casual_viewer,688,0,89,6.922222222222222,23,27,0.8518518518518519,0.5698712703148964,3,Comedies
782,new_user,28,0,15,1.1666666666666665,15,0,2.0,0.5199864873050836,13,International TV Shows
783,casual_viewer,369,1,92,7.155555555555555,27,26,1.0384615384615385,0.6119263358322984,4,Romantic Movies
784,churning_user,452,5,59,4.588888888888889,10,21,0.47619047619047616,0.29643001727486434,6,TV Dramas
785,new_user,27,3,23,1.7888888888888888,23,0,2.0,0.5214206431107758,9,British TV Shows
786,casual_viewer,220,1,104,8.088888888888889,28,41,0.6829268292682927,0.6263423651296518,6,Romantic Movies
787,weekend_watcher,577,0,91,7.0777777777777775,36,23,1.565217391304348,0.6837847010046699,6,Stand-Up Comedy
788,casual_viewer,659,0,97,7.544444444444444,25,38,0.6578947368421053,0.6024847104857355,6,Romantic Movies
789,weekend_watcher,697,3,67,5.211111111111111,26,25,1.04,0.7012436895345978,5,Kids' TV
790,churning_user,316,10,58,4.511111111111111,9,17,0.5294117647058824,0.2922978449489563,4,TV Dramas
791,casual_viewer,398,2,75,5.833333333333333,31,20,1.55,0.6020379260665095,4,Comedies
792,casual_viewer,370,1,95,7.388888888888888,36,35,1.0285714285714285,0.5892823238809303,3,Comedies
793,casual_viewer,201,2,80,6.222222222222222,20,26,0.7692307692307693,0.6258774537837963,7,Comedies
794,power_binger,671,0,262,20.377777777777776,93,83,1.1204819277108433,0.842445158250845,9,Sci-Fi & Fantasy
795,power_binger,323,0,252,19.599999999999998,91,77,1.1818181818181819,0.8539548309806007,9,TV Dramas
796,casual_viewer,193,1,93,7.233333333333333,33,29,1.1379310344827587,0.6053169694424693,7,Romantic Movies
797,power_binger,443,0,297,23.099999999999998,107,105,1.019047619047619,0.8575289794329666,8,Crime TV Shows
798,power_binger,595,0,276,21.466666666666665,93,85,1.0941176470588236,0.8570304006641648,7,Crime TV Shows
799,weekend_watcher,164,0,66,5.133333333333333,24,22,1.0909090909090908,0.7354068211180609,6,Romantic Movies
800,weekend_watcher,381,0,68,5.288888888888889,28,17,1.6470588235294117,0.680917238730582,7,Children & Family Movies
801,weekend_watcher,198,3,99,7.699999999999999,32,34,0.9411764705882353,0.6875043894781223,5,Romantic Movies
802,casual_viewer,329,1,88,6.844444444444444,24,26,0.9230769230769231,0.5999726705346842,8,Romantic Movies
803,weekend_watcher,598,0,86,6.688888888888888,25,37,0.6756756756756757,0.6805050710697533,6,Romantic Movies
804,churning_user,331,1,59,4.588888888888889,7,20,0.35,0.29554388507859597,8,TV Dramas
805,power_binger,593,0,252,19.599999999999998,81,84,0.9642857142857143,0.8476048510271725,8,Sci-Fi & Fantasy
806,power_binger,389,0,254,19.755555555555556,86,79,1.0886075949367089,0.8565595413678806,5,Thrillers
807,churning_user,207,5,60,4.666666666666666,7,15,0.4666666666666667,0.3002658273389199,8,Thrillers
808,power_binger,666,0,275,21.38888888888889,95,91,1.043956043956044,0.8519909989713551,5,TV Dramas
809,churning_user,320,4,76,5.9111111111111105,7,25,0.28,0.30698554376034687,5,Thrillers
810,new_user,29,1,14,1.0888888888888888,14,0,2.0,0.5702016355724837,11,Dramas
811,power_binger,589,0,281,21.855555555555554,81,95,0.8526315789473684,0.8482280286142995,8,TV Dramas
812,power_binger,617,0,297,23.099999999999998,99,79,1.2531645569620253,0.8568421193327334,7,Crime TV Shows
813,new_user,17,1,10,0.7777777777777778,10,0,2.0,0.43218505662250867,10,TV Comedies
814,churning_user,438,4,52,4.044444444444444,7,15,0.4666666666666667,0.2786854214806868,6,Crime TV Shows
815,power_binger,454,0,263,20.455555555555556,91,94,0.9680851063829787,0.8496090158141205,7,Sci-Fi & Fantasy
816,weekend_watcher,522,0,78,6.066666666666666,30,25,1.2,0.7255676293911825,8,Stand-Up Comedy
817,weekend_watcher,410,1,75,5.833333333333333,29,25,1.16,0.6867518112364247,9,Kids' TV
818,churning_user,290,10,58,4.511111111111111,11,16,0.6875,0.3248205207079471,6,Thrillers
819,churning_user,170,6,60,4.666666666666666,13,22,0.5909090909090909,0.29007449233805604,5,TV Dramas
820,casual_viewer,385,0,86,6.688888888888888,26,22,1.1818181818181819,0.5966857652764368,3,Romantic Movies
821,power_binger,210,0,268,20.844444444444445,72,93,0.7741935483870968,0.8506347476910057,4,Thrillers
822,churning_user,63,0,23,1.7888888888888888,9,13,0.6923076923076923,0.2894106464945138,6,Crime TV Shows
823,casual_viewer,529,0,87,6.766666666666667,23,34,0.6764705882352942,0.5946832155866557,5,Documentaries
824,churning_user,407,1,51,3.9666666666666663,7,16,0.4375,0.28591206516794293,8,Crime TV Shows
825,weekend_watcher,596,0,73,5.677777777777777,24,19,1.263157894736842,0.6966150152233425,6,Stand-Up Comedy
826,power_binger,408,0,241,18.744444444444444,77,78,0.9871794871794872,0.8403198166839259,8,Sci-Fi & Fantasy
827,churning_user,379,4,51,3.9666666666666663,10,8,1.25,0.34969129004420696,7,Crime TV Shows
828,casual_viewer,203,0,97,7.544444444444444,29,37,0.7837837837837838,0.5853400409672653,6,Documentaries
829,weekend_watcher,286,0,69,5.366666666666666,27,26,1.0384615384615385,0.701057967537554,5,Stand-Up Comedy
830,casual_viewer,674,0,80,6.222222222222222,25,27,0.9259259259259259,0.6087106909177586,3,Documentaries
831,churning_user,301,1,70,5.444444444444445,6,25,0.24,0.2542164302881571,3,Thrillers
832,churning_user,101,7,52,4.044444444444444,11,8,1.375,0.30280591833332443,5,Thrillers
833,casual_viewer,158,1,105,8.166666666666666,32,30,1.0666666666666667,0.6238208421245613,4,Documentaries
834,churning_user,287,3,50,3.888888888888889,5,15,0.3333333333333333,0.28992664695629283,3,Crime TV Shows
835,weekend_watcher,369,2,72,5.6,23,23,1.0,0.7067001111364495,8,Children & Family Movies
836,churning_user,298,0,71,5.522222222222222,12,15,0.8,0.31994597256656937,6,TV Dramas
837,weekend_watcher,640,2,69,5.366666666666666,24,22,1.0909090909090908,0.6764585333866251,7,Children & Family Movies
838,new_user,10,4,5,0.3888888888888889,5,0,2.0,0.6672878945789931,11,British TV Shows
839,casual_viewer,265,0,94,7.311111111111111,26,35,0.7428571428571429,0.60447214340848,3,Romantic Movies
840,churning_user,177,10,62,4.822222222222222,6,18,0.3333333333333333,0.23116768893929623,7,Crime TV Shows
841,power_binger,699,0,254,19.755555555555556,87,74,1.1756756756756757,0.8260787344180874,8,Crime TV Shows
842,weekend_watcher,386,3,60,4.666666666666666,18,21,0.8571428571428571,0.6714470163537666,5,Romantic Movies
843,churning_user,237,5,54,4.2,8,11,0.7272727272727273,0.330126475705362,4,Thrillers
844,casual_viewer,636,0,90,7.0,30,30,1.0,0.6045276719190726,4,Comedies
845,power_binger,348,0,277,21.544444444444444,89,113,0.7876106194690266,0.842384682309273,7,Sci-Fi & Fantasy
846,weekend_watcher,471,0,79,6.144444444444444,26,30,0.8666666666666667,0.6965038166077682,6,Kids' TV
847,casual_viewer,704,1,80,6.222222222222222,19,28,0.6785714285714286,0.627827848715002,6,Comedies
848,churning_user,127,3,40,3.111111111111111,9,9,1.0,0.34493358751546066,4,Thrillers
849,power_binger,532,0,244,18.977777777777778,79,86,0.9186046511627907,0.8593676543417851,8,TV Dramas
850,new_user,10,0,11,0.8555555555555555,11,0,2.0,0.5557455465118989,9,Dramas
851,power_binger,523,0,242,18.822222222222223,65,85,0.7647058823529411,0.8556719962482073,7,TV Dramas
852,power_binger,566,0,264,20.53333333333333,73,99,0.7373737373737373,0.8402000603765175,7,Sci-Fi & Fantasy
853,weekend_watcher,386,1,90,7.0,38,23,1.6521739130434783,0.6652304251018484,6,Romantic Movies
854,new_user,1,90,0,0.0,0,0,0.0,0.0,13,Comedies
855,casual_viewer,314,0,88,6.844444444444444,33,25,1.32,0.5820075998769094,8,Documentaries
856,casual_viewer,109,0,98,7.622222222222222,33,34,0.9705882352941176,0.6133588767340945,8,Comedies
857,weekend_watcher,261,1,80,6.222222222222222,20,29,0.6896551724137931,0.7072722265172056,8,Kids' TV
858,weekend_watcher,435,0,88,6.844444444444444,31,27,1.1481481481481481,0.7210175691034567,8,Kids' TV
859,casual_viewer,307,0,89,6.922222222222222,28,28,1.0,0.5989222136686213,5,Comedies
860,churning_user,364,4,52,4.044444444444444,4,16,0.25,0.30971378719470716,4,Crime TV Shows
861,weekend_watcher,596,2,78,6.066666666666666,25,28,0.8928571428571429,0.6985118771608311,5,Kids' TV
862,weekend_watcher,109,2,75,5.833333333333333,28,28,1.0,0.7037265704314903,9,Children & Family Movies
863,weekend_watcher,670,0,83,6.455555555555556,32,25,1.28,0.7033165220718043,4,Kids' TV
864,churning_user,232,3,53,4.122222222222222,7,13,0.5384615384615384,0.28844047326798433,4,Thrillers
865,power_binger,316,0,242,18.822222222222223,74,84,0.8809523809523809,0.8414819416137165,8,Thrillers
866,new_user,10,0,11,0.8555555555555555,11,0,2.0,0.4633475975582867,14,Romantic TV Shows
867,weekend_watcher,207,0,78,6.066666666666666,24,33,0.7272727272727273,0.6861672142507834,4,Stand-Up Comedy
868,weekend_watcher,492,0,84,6.533333333333333,24,36,0.6666666666666666,0.7025883855901125,6,Children & Family Movies
869,power_binger,620,0,248,19.288888888888888,87,77,1.12987012987013,0.8511581877160165,7,Crime TV Shows
870,casual_viewer,632,0,82,6.377777777777777,24,26,0.9230769230769231,0.572436811691224,8,Comedies
871,weekend_watcher,159,0,76,5.9111111111111105,23,22,1.0454545454545454,0.715764697865727,7,Romantic Movies
872,power_binger,310,0,258,20.066666666666666,87,92,0.9456521739130435,0.8492494207417907,4,Crime TV Shows
873,new_user,26,0,18,1.4,18,0,2.0,0.48438083011569116,10,Romantic Movies
874,casual_viewer,661,0,94,7.311111111111111,31,25,1.24,0.6073663532417625,8,Comedies
875,weekend_watcher,445,0,66,5.133333333333333,17,24,0.7083333333333334,0.6933862877688397,4,Children & Family Movies
876,weekend_watcher,642,0,65,5.055555555555555,18,28,0.6428571428571429,0.6964595987339839,7,Kids' TV
877,casual_viewer,104,0,91,7.0777777777777775,23,31,0.7419354838709677,0.6004010877372068,7,Romantic Movies
878,casual_viewer,483,0,93,7.233333333333333,29,23,1.2608695652173914,0.5963193929645498,3,Romantic Movies
879,churning_user,210,6,61,4.7444444444444445,9,15,0.6,0.30305112442093507,3,Crime TV Shows
880,churning_user,299,9,57,4.433333333333334,7,22,0.3181818181818182,0.28027612808868474,6,Crime TV Shows
881,casual_viewer,123,0,80,6.222222222222222,32,22,1.4545454545454546,0.605119356535484,4,Documentaries
882,churning_user,435,1,73,5.677777777777777,9,25,0.36,0.28535921308236933,6,Thrillers
883,new_user,17,0,15,1.1666666666666665,15,0,2.0,0.5030068363388626,14,International Movies
884,casual_viewer,699,1,81,6.3,28,25,1.12,0.5947360388528478,4,Documentaries
885,power_binger,380,0,262,20.377777777777776,79,94,0.8404255319148937,0.8400158406148474,9,Thrillers
886,casual_viewer,386,0,75,5.833333333333333,31,20,1.55,0.6058290489545971,6,Romantic Movies
887,casual_viewer,226,0,90,7.0,29,22,1.3181818181818181,0.5897906473588356,8,Comedies
888,power_binger,636,0,235,18.27777777777778,73,75,0.9733333333333334,0.8476033229268548,4,TV Dramas
889,power_binger,676,0,268,20.844444444444445,105,79,1.3291139240506329,0.8447847600132534,6,Sci-Fi & Fantasy
890,churning_user,123,21,49,3.811111111111111,5,12,0.4166666666666667,0.32629117957759757,7,TV Dramas
891,casual_viewer,638,2,82,6.377777777777777,30,23,1.3043478260869565,0.6167886861079505,3,Romantic Movies
892,new_user,28,1,15,1.1666666666666665,15,0,2.0,0.4270068605106514,15,British TV Shows
893,casual_viewer,284,4,89,6.922222222222222,21,33,0.6363636363636364,0.5714267701410312,5,Documentaries
894,power_binger,722,0,246,19.133333333333333,73,86,0.8488372093023255,0.8538742380562785,4,Sci-Fi & Fantasy
895,weekend_watcher,716,0,63,4.8999999999999995,19,23,0.8260869565217391,0.6928626648999883,5,Kids' TV
896,weekend_watcher,365,1,70,5.444444444444445,24,25,0.96,0.7266000797298229,4,Kids' TV
897,casual_viewer,157,0,106,8.244444444444444,30,45,0.6666666666666666,0.5689450251791485,7,Documentaries
898,casual_viewer,622,1,82,6.377777777777777,22,24,0.9166666666666666,0.6117512768601704,4,Romantic Movies
899,power_binger,657,0,282,21.933333333333334,91,85,1.0705882352941176,0.853242339527544,5,Sci-Fi & Fantasy
900,churning_user,304,4,67,5.211111111111111,10,19,0.5263157894736842,0.2699206025886199,3,TV Dramas
901,casual_viewer,330,0,93,7.233333333333333,31,27,1.1481481481481481,0.583473749250451,7,Documentaries
902,casual_viewer,131,0,84,6.533333333333333,28,21,1.3333333333333333,0.6263830347778834,7,Comedies
903,power_binger,616,1,301,23.41111111111111,105,98,1.0714285714285714,0.8584446242889849,8,Thrillers
904,casual_viewer,669,0,103,8.011111111111111,33,35,0.9428571428571428,0.601005006254012,5,Romantic Movies
905,new_user,3,0,2,0.15555555555555556,2,0,2.0,0.7429302234381991,11,Romantic TV Shows
906,churning_user,456,4,53,4.122222222222222,7,9,0.7777777777777778,0.2300148738966055,3,Crime TV Shows
907,casual_viewer,552,0,72,5.6,28,26,1.0769230769230769,0.6329686439404413,8,Romantic Movies
908,power_binger,579,0,249,19.366666666666667,73,86,0.8488372093023255,0.8587390733068657,8,TV Dramas
909,casual_viewer,191,0,80,6.222222222222222,21,30,0.7,0.5772716902406966,3,Documentaries
910,casual_viewer,342,2,86,6.688888888888888,23,33,0.696969696969697,0.615342962274564,5,Documentaries
911,weekend_watcher,145,0,87,6.766666666666667,29,27,1.0740740740740742,0.6760829213062411,9,Romantic Movies
912,weekend_watcher,225,0,87,6.766666666666667,21,30,0.7,0.704047381885522,4,Stand-Up Comedy
913,new_user,6,0,8,0.6222222222222222,8,0,2.0,0.5047191939858571,14,Comedies
914,new_user,23,0,17,1.3222222222222222,17,0,2.0,0.5997489705513167,9,International Movies
915,new_user,11,0,13,1.011111111111111,13,0,2.0,0.5667053478325349,11,Action & Adventure
916,new_user,25,3,16,1.2444444444444445,16,0,2.0,0.3680321083435051,14,International TV Shows
917,power_binger,593,0,249,19.366666666666667,82,65,1.2615384615384615,0.8597953126750838,4,TV Dramas
918,power_binger,262,0,266,20.688888888888886,85,74,1.1486486486486487,0.8427721066140562,5,Thrillers
919,casual_viewer,374,0,74,5.7555555555555555,20,22,0.9090909090909091,0.6115676453723061,8,Comedies
920,churning_user,316,6,55,4.277777777777778,7,14,0.5,0.2644687145309105,8,Thrillers
921,power_binger,729,0,280,21.77777777777778,102,90,1.1333333333333333,0.8438726483566396,4,Sci-Fi & Fantasy
922,weekend_watcher,578,0,66,5.133333333333333,23,21,1.0952380952380953,0.7258572335987862,5,Children & Family Movies
923,churning_user,307,4,72,5.6,7,17,0.4117647058823529,0.25571253611093564,6,Thrillers
924,churning_user,243,1,64,4.977777777777778,8,22,0.36363636363636365,0.2827083778305189,6,Thrillers
925,power_binger,452,0,248,19.288888888888888,88,91,0.967032967032967,0.8472353392396272,9,Thrillers
926,casual_viewer,450,1,93,7.233333333333333,35,30,1.1666666666666667,0.5998143128222254,4,Comedies
927,power_binger,683,0,282,21.933333333333334,92,95,0.968421052631579,0.847091543565283,9,Thrillers
928,weekend_watcher,464,2,67,5.211111111111111,21,22,0.9545454545454546,0.6975832775298842,4,Stand-Up Comedy
929,churning_user,240,6,42,3.2666666666666666,4,14,0.2857142857142857,0.28727408694588136,4,Crime TV Shows
930,weekend_watcher,152,0,80,6.222222222222222,30,22,1.3636363636363635,0.7015195616842238,7,Stand-Up Comedy
931,casual_viewer,391,0,73,5.677777777777777,22,26,0.8461538461538461,0.6162846994355564,5,Romantic Movies
932,casual_viewer,123,0,112,8.71111111111111,38,38,1.0,0.6067244738616925,8,Documentaries
933,casual_viewer,386,1,89,6.922222222222222,34,24,1.4166666666666667,0.6166162261859168,3,Comedies
934,weekend_watcher,650,2,91,7.0777777777777775,30,26,1.1538461538461537,0.708034129308228,7,Children & Family Movies
935,weekend_watcher,530,1,75,5.833333333333333,29,22,1.3181818181818181,0.6813693843004325,5,Romantic Movies
936,casual_viewer,391,1,97,7.544444444444444,27,38,0.7105263157894737,0.5928662520871121,8,Romantic Movies
937,new_user,14,0,10,0.7777777777777778,10,0,2.0,0.38657828703580477,14,Horror Movies
938,power_binger,651,0,256,19.91111111111111,73,92,0.7934782608695652,0.8426976729623015,4,TV Dramas
939,weekend_watcher,197,3,76,5.9111111111111105,26,20,1.3,0.7272179808948527,5,Children & Family Movies
940,power_binger,286,0,274,21.31111111111111,100,96,1.0416666666666667,0.8366097735774886,5,TV Dramas
941,casual_viewer,589,1,86,6.688888888888888,26,30,0.8666666666666667,0.6052583051399733,5,Documentaries
942,weekend_watcher,294,0,56,4.355555555555555,20,17,1.1764705882352942,0.6818575322137771,8,Children & Family Movies
943,power_binger,378,0,243,18.9,87,75,1.16,0.8486000090988352,6,Thrillers
944,casual_viewer,636,1,92,7.155555555555555,30,27,1.1111111111111112,0.6144235416249935,7,Comedies
945,casual_viewer,118,0,88,6.844444444444444,34,24,1.4166666666666667,0.623405832142235,7,Romantic Movies
946,casual_viewer,354,3,86,6.688888888888888,17,38,0.4473684210526316,0.585255074535117,8,Documentaries
947,weekend_watcher,366,0,71,5.522222222222222,16,33,0.48484848484848486,0.7409002137240002,5,Kids' TV
948,weekend_watcher,451,3,75,5.833333333333333,29,24,1.2083333333333333,0.7426539580953325,5,Romantic Movies
949,weekend_watcher,534,2,79,6.144444444444444,19,34,0.5588235294117647,0.6990772542114885,5,Stand-Up Comedy
950,casual_viewer,534,4,85,6.611111111111111,26,36,0.7222222222222222,0.5932153061512017,5,Documentaries
951,churning_user,431,6,64,4.977777777777778,10,20,0.5,0.3124838664829884,4,Thrillers
952,casual_viewer,686,2,86,6.688888888888888,26,36,0.7222222222222222,0.6179078231163962,4,Documentaries
953,casual_viewer,456,0,103,8.011111111111111,30,31,0.967741935483871,0.5802591041198478,7,Comedies
954,power_binger,641,0,269,20.92222222222222,88,80,1.1,0.8481572778863102,9,Crime TV Shows
955,new_user,11,5,4,0.3111111111111111,4,0,2.0,0.41596795844715906,10,Docuseries
956,weekend_watcher,386,0,78,6.066666666666666,27,26,1.0384615384615385,0.722629572575144,4,Romantic Movies
957,weekend_watcher,137,0,94,7.311111111111111,35,26,1.3461538461538463,0.7172187669820006,9,Kids' TV
958,churning_user,361,8,56,4.355555555555555,9,16,0.5625,0.34397562736786635,7,Thrillers
959,casual_viewer,455,0,93,7.233333333333333,26,33,0.7878787878787878,0.6093808969733174,8,Documentaries
960,churning_user,188,0,55,4.277777777777778,6,21,0.2857142857142857,0.3148681813154512,5,Crime TV Shows
961,churning_user,181,0,51,3.9666666666666663,8,12,0.6666666666666666,0.34138639742138327,5,TV Dramas
962,casual_viewer,683,0,100,7.777777777777778,38,29,1.3103448275862069,0.6056650562197147,8,Romantic Movies
963,power_binger,726,0,285,22.166666666666664,104,77,1.3506493506493507,0.8384926651727141,5,Thrillers
964,power_binger,569,0,261,20.3,81,89,0.9101123595505618,0.8401733808949067,8,Thrillers
965,new_user,14,1,10,0.7777777777777778,10,0,2.0,0.42598845246152245,8,Sports Movies
966,casual_viewer,497,0,69,5.366666666666666,24,20,1.2,0.591161246126571,6,Comedies
967,new_user,20,0,19,1.4777777777777776,19,0,2.0,0.45720019972922515,15,TV Comedies
968,power_binger,353,0,266,20.688888888888886,86,90,0.9555555555555556,0.8569826627762446,8,Thrillers
969,churning_user,455,0,47,3.6555555555555554,10,17,0.5882352941176471,0.3257737478668295,3,Crime TV Shows
970,casual_viewer,292,0,94,7.311111111111111,34,24,1.4166666666666667,0.5896160179483325,6,Documentaries
971,casual_viewer,702,0,89,6.922222222222222,25,32,0.78125,0.5956841142054218,7,Romantic Movies
972,power_binger,473,0,272,21.155555555555555,88,89,0.9887640449438202,0.8369090604408995,8,Sci-Fi & Fantasy
973,power_binger,674,0,233,18.12222222222222,78,78,1.0,0.8450941636331633,6,TV Dramas
974,new_user,29,2,22,1.711111111111111,22,0,2.0,0.5607328722233249,12,International TV Shows
975,casual_viewer,641,3,97,7.544444444444444,23,33,0.696969696969697,0.6150684451201845,4,Comedies
976,churning_user,366,1,60,4.666666666666666,8,17,0.47058823529411764,0.329748297614848,4,Thrillers
977,casual_viewer,466,2,88,6.844444444444444,22,34,0.6470588235294118,0.5765612303494183,7,Documentaries
978,casual_viewer,663,2,95,7.388888888888888,32,33,0.9696969696969697,0.6061725573904695,8,Documentaries
979,churning_user,99,1,62,4.822222222222222,6,17,0.35294117647058826,0.30519827481952627,3,Crime TV Shows
980,power_binger,672,0,272,21.155555555555555,92,102,0.9019607843137255,0.8448800106261725,8,Thrillers
981,new_user,24,3,24,1.8666666666666667,24,0,2.0,0.4378630793630898,11,Horror Movies
982,weekend_watcher,284,1,76,5.9111111111111105,26,23,1.1304347826086956,0.68360923776303,4,Stand-Up Comedy
983,weekend_watcher,704,0,96,7.466666666666667,30,34,0.8823529411764706,0.7259237366167627,7,Romantic Movies
984,casual_viewer,319,0,96,7.466666666666667,23,39,0.5897435897435898,0.5890900490371443,4,Documentaries
985,power_binger,671,0,256,19.91111111111111,78,83,0.9397590361445783,0.849819154412185,4,Crime TV Shows
986,new_user,26,0,19,1.4777777777777776,19,0,2.0,0.4580111270310093,15,Romantic Movies
987,casual_viewer,155,0,92,7.155555555555555,26,38,0.6842105263157895,0.6101179478565807,3,Comedies
988,power_binger,565,0,258,20.066666666666666,95,73,1.3013698630136987,0.8482811564313193,7,TV Dramas
989,casual_viewer,486,1,97,7.544444444444444,28,22,1.2727272727272727,0.6022022173926609,5,Romantic Movies
990,weekend_watcher,325,1,74,5.7555555555555555,19,31,0.6129032258064516,0.6663476211578919,6,Stand-Up Comedy
991,churning_user,445,6,66,5.133333333333333,10,19,0.5263157894736842,0.32733215773596874,5,TV Dramas
992,weekend_watcher,237,4,56,4.355555555555555,19,23,0.8260869565217391,0.6729472839004919,9,Stand-Up Comedy
993,weekend_watcher,257,0,92,7.155555555555555,32,32,1.0,0.6684050269097197,9,Romantic Movies
994,casual_viewer,581,0,83,6.455555555555556,21,18,1.1666666666666667,0.6088048352847824,7,Romantic Movies
995,new_user,1,0,1,0.07777777777777778,1,0,2.0,0.5427341178825793,14,Kids' TV
996,casual_viewer,98,1,91,7.0777777777777775,29,31,0.9354838709677419,0.5714702632000767,4,Comedies
997,churning_user,202,5,58,4.511111111111111,8,15,0.5333333333333333,0.34009249079175413,5,Crime TV Shows
998,power_binger,247,0,281,21.855555555555554,110,76,1.4473684210526316,0.8494831781414417,8,TV Dramas
999,new_user,19,0,11,0.8555555555555555,11,0,2.0,0.5333872077374356,15,Stand-Up Comedy
1000,casual_viewer,127,0,87,6.766666666666667,29,23,1.2608695652173914,0.5848735210488359,8,Romantic Movies
1001,power_binger,361,0,269,20.92222222222222,85,98,0.8673469387755102,0.8525648022903712,4,TV Dramas
1002,casual_viewer,238,0,103,8.011111111111111,35,35,1.0,0.5842477549753363,8,Comedies
1003,power_binger,223,0,254,19.755555555555556,87,79,1.1012658227848102,0.8559100089653747,8,Sci-Fi & Fantasy
1004,power_binger,319,0,257,19.988888888888887,75,87,0.8620689655172413,0.8511902150719729,6,Crime TV Shows
1005,churning_user,242,1,59,4.588888888888889,10,12,0.8333333333333334,0.25784922710505204,3,Crime TV Shows
1006,casual_viewer,679,1,87,6.766666666666667,28,26,1.0769230769230769,0.5973045250313522,4,Documentaries
1007,new_user,7,0,8,0.6222222222222222,8,0,2.0,0.44997842387149445,15,Horror Movies
1008,casual_viewer,101,0,100,7.777777777777778,28,33,0.8484848484848485,0.621352320179441,6,Comedies
1009,weekend_watcher,563,1,80,6.222222222222222,26,29,0.896551724137931,0.6904237321618045,6,Kids' TV
1010,casual_viewer,129,4,97,7.544444444444444,36,31,1.1612903225806452,0.5951044804726733,8,Comedies
1011,churning_user,239,12,45,3.5,6,14,0.42857142857142855,0.32952404443380484,6,Thrillers
1012,churning_user,277,2,75,5.833333333333333,9,26,0.34615384615384615,0.3003596532123506,5,Thrillers
1013,casual_viewer,323,1,86,6.688888888888888,31,22,1.4090909090909092,0.6408663224384892,6,Comedies
1014,new_user,4,1,6,0.4666666666666667,6,0,2.0,0.2859181179966313,11,Docuseries
1015,casual_viewer,624,0,79,6.144444444444444,30,26,1.1538461538461537,0.6050689937607018,8,Documentaries
1016,power_binger,483,0,259,20.144444444444442,88,84,1.0476190476190477,0.8476502736441686,6,Sci-Fi & Fantasy
1017,churning_user,317,18,54,4.2,1,21,0.047619047619047616,0.29325679237867447,5,TV Dramas
1018,weekend_watcher,575,0,77,5.988888888888889,26,26,1.0,0.7232673637952055,5,Children & Family Movies
1019,power_binger,343,0,244,18.977777777777778,78,92,0.8478260869565217,0.8539637082218996,6,Thrillers
1020,casual_viewer,722,1,105,8.166666666666666,35,36,0.9722222222222222,0.5926856171767358,8,Comedies
1021,weekend_watcher,702,0,89,6.922222222222222,26,34,0.7647058823529411,0.6812333071206749,5,Stand-Up Comedy
1022,weekend_watcher,724,0,73,5.677777777777777,23,23,1.0,0.672128018387947,4,Kids' TV
1023,new_user,27,0,20,1.5555555555555556,20,0,2.0,0.46350818805555194,10,TV Comedies
1024,churning_user,371,1,53,4.122222222222222,4,16,0.25,0.30085030227160153,5,TV Dramas
1025,churning_user,406,9,65,5.055555555555555,7,23,0.30434782608695654,0.317035408915273,5,Thrillers
1026,casual_viewer,127,0,93,7.233333333333333,21,38,0.5526315789473685,0.5821339393985615,4,Documentaries
1027,new_user,12,4,5,0.3888888888888889,5,0,2.0,0.560094381096758,8,Horror Movies
1028,casual_viewer,241,1,88,6.844444444444444,29,31,0.9354838709677419,0.5825084034874909,7,Documentaries
1029,weekend_watcher,579,1,73,5.677777777777777,29,28,1.0357142857142858,0.6671230818667051,4,Stand-Up Comedy
1030,casual_viewer,297,0,88,6.844444444444444,22,31,0.7096774193548387,0.5765922242549849,5,Comedies
1031,churning_user,352,3,60,4.666666666666666,11,16,0.6875,0.31583224875005594,3,Thrillers
1032,weekend_watcher,410,0,78,6.066666666666666,20,33,0.6060606060606061,0.7181703318688317,9,Romantic Movies
1033,churning_user,235,2,74,5.7555555555555555,12,18,0.6666666666666666,0.3117845855922498,6,Crime TV Shows
1034,new_user,14,1,9,0.7,9,0,2.0,0.39689041879166737,8,International Movies
1035,casual_viewer,133,0,84,6.533333333333333,28,28,1.0,0.6174429181000306,6,Documentaries
1036,churning_user,344,0,51,3.9666666666666663,7,11,0.6363636363636364,0.3034216238121502,3,Thrillers
1037,casual_viewer,570,0,93,7.233333333333333,28,34,0.8235294117647058,0.584203118851541,3,Documentaries
1038,casual_viewer,106,1,102,7.933333333333333,25,35,0.7142857142857143,0.600055269325659,5,Comedies
1039,casual_viewer,473,0,84,6.533333333333333,37,24,1.5416666666666667,0.576552213815154,3,Comedies
1040,power_binger,555,2,255,19.833333333333332,83,85,0.9764705882352941,0.844304217411226,7,Sci-Fi & Fantasy
1041,power_binger,576,0,235,18.27777777777778,73,84,0.8690476190476191,0.8603394523888501,9,Crime TV Shows
1042,churning_user,131,1,59,4.588888888888889,7,17,0.4117647058823529,0.27728717716428025,6,TV Dramas
1043,churning_user,249,4,58,4.511111111111111,10,12,0.8333333333333334,0.2792451244318325,8,TV Dramas
1044,churning_user,319,5,62,4.822222222222222,12,15,0.8,0.31053864225157607,5,Crime TV Shows
1045,power_binger,595,0,227,17.655555555555555,86,71,1.2112676056338028,0.8418956130727169,7,Crime TV Shows
1046,casual_viewer,627,0,91,7.0777777777777775,36,24,1.5,0.5819849680994342,5,Comedies
1047,power_binger,536,0,261,20.3,89,86,1.0348837209302326,0.8561463034207882,8,TV Dramas
1048,weekend_watcher,437,0,81,6.3,29,30,0.9666666666666667,0.711587402618205,9,Stand-Up Comedy
1049,weekend_watcher,197,2,68,5.288888888888889,20,23,0.8695652173913043,0.6773121327449945,9,Children & Family Movies
1050,casual_viewer,238,2,97,7.544444444444444,30,30,1.0,0.5952846695119562,4,Romantic Movies
1051,churning_user,456,5,57,4.433333333333334,9,14,0.6428571428571429,0.29201172858137886,4,Crime TV Shows
1052,power_binger,430,0,247,19.21111111111111,91,73,1.2465753424657535,0.8524615305177304,7,Crime TV Shows
1053,casual_viewer,302,1,85,6.611111111111111,24,21,1.1428571428571428,0.6026051705377423,6,Documentaries
1054,power_binger,196,0,250,19.444444444444443,84,79,1.0632911392405062,0.8569547191266353,5,Crime TV Shows
1055,casual_viewer,273,0,94,7.311111111111111,24,29,0.8275862068965517,0.6217849033868343,5,Comedies
1056,churning_user,450,14,56,4.355555555555555,5,21,0.23809523809523808,0.3026850866642626,4,Thrillers
1057,new_user,11,2,8,0.6222222222222222,8,0,2.0,0.3839972779201731,9,Docuseries
1058,casual_viewer,343,4,84,6.533333333333333,29,28,1.0357142857142858,0.6013590725772315,6,Romantic Movies
1059,churning_user,127,1,55,4.277777777777778,10,14,0.7142857142857143,0.3212690821532762,7,Thrillers
1060,weekend_watcher,605,0,80,6.222222222222222,23,25,0.92,0.7105423317082495,8,Romantic Movies
1061,new_user,8,0,7,0.5444444444444444,7,0,2.0,0.6619418483987525,13,Stand-Up Comedy
1062,churning_user,101,8,50,3.888888888888889,4,20,0.2,0.2934910273093231,7,TV Dramas
1063,casual_viewer,279,0,88,6.844444444444444,39,25,1.56,0.5814418788835481,5,Documentaries
1064,churning_user,297,9,67,5.211111111111111,9,21,0.42857142857142855,0.2510031401325281,4,Crime TV Shows
1065,casual_viewer,237,0,95,7.388888888888888,29,35,0.8285714285714286,0.6245476747311051,5,Documentaries
1066,new_user,11,1,7,0.5444444444444444,7,0,2.0,0.44203331600862317,15,Independent Movies
1067,casual_viewer,576,1,104,8.088888888888889,33,26,1.2692307692307692,0.605662257255101,8,Documentaries
1068,churning_user,332,4,54,4.2,14,13,1.0769230769230769,0.3229293986424332,8,Thrillers
1069,power_binger,523,1,221,17.188888888888886,81,70,1.1571428571428573,0.8447209552494456,5,Thrillers
1070,casual_viewer,264,3,96,7.466666666666667,30,38,0.7894736842105263,0.5933340080752605,4,Comedies
1071,weekend_watcher,140,1,58,4.511111111111111,21,19,1.105263157894737,0.7111086351334491,8,Children & Family Movies
1072,churning_user,312,8,69,5.366666666666666,9,20,0.45,0.31499184192591234,5,Crime TV Shows
1073,casual_viewer,721,0,88,6.844444444444444,32,23,1.391304347826087,0.5662527935454275,7,Comedies
1074,new_user,30,2,20,1.5555555555555556,20,0,2.0,0.5915784715219378,9,International TV Shows
1075,weekend_watcher,684,3,70,5.444444444444445,23,27,0.8518518518518519,0.7249968497336016,9,Romantic Movies
1076,casual_viewer,382,6,93,7.233333333333333,22,38,0.5789473684210527,0.6054208392900583,5,Romantic Movies
1077,churning_user,172,5,39,3.033333333333333,5,15,0.3333333333333333,0.36096389125218736,4,TV Dramas
1078,casual_viewer,507,5,100,7.777777777777778,22,33,0.6666666666666666,0.5793547796868157,4,Documentaries
1079,churning_user,178,0,63,4.8999999999999995,7,11,0.6363636363636364,0.2754840440592548,3,TV Dramas
1080,casual_viewer,273,1,93,7.233333333333333,24,31,0.7741935483870968,0.6212820103266385,4,Documentaries
1081,casual_viewer,106,1,71,5.522222222222222,22,27,0.8148148148148148,0.6131980123583619,7,Comedies
1082,new_user,29,1,21,1.6333333333333333,21,0,2.0,0.5394161542805485,14,Thrillers
1083,new_user,8,4,2,0.15555555555555556,2,0,2.0,0.6896336247777354,10,Docuseries
1084,weekend_watcher,630,2,73,5.677777777777777,22,26,0.8461538461538461,0.7194242879711822,5,Kids' TV
1085,new_user,13,1,10,0.7777777777777778,10,0,2.0,0.5607368344569621,10,Sci-Fi & Fantasy
1086,weekend_watcher,391,0,87,6.766666666666667,28,29,0.9655172413793104,0.6885867568699664,4,Kids' TV
1087,weekend_watcher,197,0,73,5.677777777777777,22,26,0.8461538461538461,0.7132044499962955,9,Kids' TV
1088,weekend_watcher,464,4,72,5.6,22,27,0.8148148148148148,0.7004269769101684,4,Romantic Movies
1089,casual_viewer,254,0,97,7.544444444444444,32,33,0.9696969696969697,0.6079166807094367,8,Romantic Movies
1090,casual_viewer,649,0,100,7.777777777777778,34,35,0.9714285714285714,0.5642238942646443,7,Romantic Movies
1091,casual_viewer,422,2,83,6.455555555555556,18,29,0.6206896551724138,0.6053952412569948,6,Documentaries
1092,churning_user,109,23,51,3.9666666666666663,3,12,0.25,0.25519779623614114,4,TV Dramas
1093,casual_viewer,648,0,81,6.3,24,26,0.9230769230769231,0.5993654413527094,4,Romantic Movies
1094,casual_viewer,417,1,97,7.544444444444444,27,34,0.7941176470588235,0.6166846606147528,6,Romantic Movies
1095,churning_user,469,4,55,4.277777777777778,7,15,0.4666666666666667,0.28037189015146835,4,TV Dramas
1096,casual_viewer,581,2,94,7.311111111111111,29,30,0.9666666666666667,0.5838908803851447,7,Romantic Movies
1097,casual_viewer,363,0,97,7.544444444444444,28,33,0.8484848484848485,0.6375296845850112,8,Romantic Movies
1098,weekend_watcher,103,1,92,7.155555555555555,26,27,0.9629629629629629,0.7247053600732478,5,Children & Family Movies
1099,weekend_watcher,450,1,84,6.533333333333333,36,27,1.3333333333333333,0.7117455729368766,8,Children & Family Movies
1100,power_binger,275,0,256,19.91111111111111,85,91,0.9340659340659341,0.8427056569571856,5,Sci-Fi & Fantasy
1101,power_binger,327,0,250,19.444444444444443,79,86,0.9186046511627907,0.8447130294803377,7,Crime TV Shows
1102,casual_viewer,306,0,94,7.311111111111111,28,26,1.0769230769230769,0.5982897759534751,5,Romantic Movies
1103,weekend_watcher,595,1,74,5.7555555555555555,28,18,1.5555555555555556,0.7224620433276288,7,Children & Family Movies
1104,weekend_watcher,710,3,69,5.366666666666666,21,24,0.875,0.6518514658557403,7,Kids' TV
1105,power_binger,618,0,259,20.144444444444442,82,84,0.9761904761904762,0.8454507715020088,4,Sci-Fi & Fantasy
1106,weekend_watcher,199,0,69,5.366666666666666,21,26,0.8076923076923077,0.6738319311963008,7,Romantic Movies
1107,power_binger,635,0,242,18.822222222222223,84,84,1.0,0.8497984301339578,8,Sci-Fi & Fantasy
1108,casual_viewer,620,0,77,5.988888888888889,23,28,0.8214285714285714,0.6456669280781063,6,Romantic Movies
1109,new_user,3,0,3,0.23333333333333334,3,0,2.0,0.6247471080279395,14,Children & Family Movies
1110,power_binger,505,0,268,20.844444444444445,89,87,1.0229885057471264,0.8575055360355418,6,TV Dramas
1111,power_binger,485,0,286,22.244444444444444,95,95,1.0,0.860133309305229,7,Thrillers
1112,casual_viewer,324,2,86,6.688888888888888,29,34,0.8529411764705882,0.5858007231093795,6,Comedies
1113,churning_user,396,4,56,4.355555555555555,10,12,0.8333333333333334,0.3244464280257836,3,Thrillers
1114,new_user,25,0,18,1.4,18,0,2.0,0.5756240589979116,11,Children & Family Movies
1115,new_user,29,2,13,1.011111111111111,13,0,2.0,0.2852492808375194,15,Music & Musicals
1116,power_binger,582,0,261,20.3,91,90,1.011111111111111,0.8605059193768163,5,Thrillers
1117,power_binger,682,0,236,18.355555555555554,83,74,1.1216216216216217,0.8482902127247695,7,Thrillers
1118,weekend_watcher,350,0,72,5.6,22,19,1.1578947368421053,0.7127838210628751,7,Romantic Movies
1119,casual_viewer,583,0,81,6.3,24,30,0.8,0.6024638017832644,6,Documentaries
1120,weekend_watcher,702,2,62,4.822222222222222,22,15,1.4666666666666666,0.7164317997705697,8,Romantic Movies
1121,churning_user,279,1,58,4.511111111111111,7,13,0.5384615384615384,0.26894076920309135,7,Thrillers
1122,power_binger,469,0,251,19.522222222222222,84,82,1.024390243902439,0.847491737666272,4,Thrillers
1123,weekend_watcher,509,1,57,4.433333333333334,16,24,0.6666666666666666,0.6805221915643066,8,Stand-Up Comedy
1124,power_binger,511,0,233,18.12222222222222,77,89,0.8651685393258427,0.852715039252672,8,Thrillers
1125,casual_viewer,509,0,108,8.4,41,36,1.1388888888888888,0.606063888667858,6,Documentaries
1126,churning_user,318,0,46,3.5777777777777775,7,13,0.5384615384615384,0.29356011461040443,6,Thrillers
1127,churning_user,297,1,66,5.133333333333333,11,19,0.5789473684210527,0.3025624207979073,3,Crime TV Shows
1128,churning_user,475,1,63,4.8999999999999995,12,19,0.631578947368421,0.2772222963091792,8,Thrillers
1129,churning_user,221,3,51,3.9666666666666663,4,17,0.23529411764705882,0.3137386065087415,7,Thrillers
1130,new_user,29,1,26,2.022222222222222,26,0,2.0,0.486957933111744,11,Sci-Fi & Fantasy
1131,new_user,11,1,13,1.011111111111111,13,0,2.0,0.5179944734586625,10,Docuseries
1132,churning_user,203,3,54,4.2,5,20,0.25,0.3107342483270535,5,TV Dramas
1133,power_binger,576,0,278,21.62222222222222,93,86,1.0813953488372092,0.8527411753227003,4,Crime TV Shows
1134,weekend_watcher,718,1,77,5.988888888888889,24,28,0.8571428571428571,0.6936281991346698,9,Children & Family Movies
1135,new_user,27,1,20,1.5555555555555556,20,0,2.0,0.4873564253551864,12,Sci-Fi & Fantasy
1136,casual_viewer,252,0,106,8.244444444444444,35,40,0.875,0.6103955537658114,6,Comedies
1137,casual_viewer,627,0,91,7.0777777777777775,37,25,1.48,0.5955173991882952,4,Comedies
1138,casual_viewer,445,0,103,8.011111111111111,27,35,0.7714285714285715,0.5943680108178755,4,Comedies
1139,power_binger,602,0,266,20.688888888888886,97,95,1.0210526315789474,0.8569204490242385,5,Sci-Fi & Fantasy
1140,churning_user,193,7,72,5.6,8,19,0.42105263157894735,0.278223461254685,3,TV Dramas
1141,casual_viewer,644,0,93,7.233333333333333,27,29,0.9310344827586207,0.5976974928487728,7,Documentaries
1142,weekend_watcher,262,0,72,5.6,29,23,1.2608695652173914,0.705091497049659,4,Romantic Movies
1143,weekend_watcher,585,0,91,7.0777777777777775,19,34,0.5588235294117647,0.6922661644589424,6,Kids' TV
1144,weekend_watcher,118,1,70,5.444444444444445,25,21,1.1904761904761905,0.6890643458593845,6,Children & Family Movies
1145,casual_viewer,293,0,100,7.777777777777778,33,29,1.1379310344827587,0.5851051772934343,5,Comedies
1146,casual_viewer,525,1,98,7.622222222222222,25,32,0.78125,0.6097389783578953,7,Romantic Movies
1147,weekend_watcher,694,0,80,6.222222222222222,28,24,1.1666666666666667,0.6961563945772002,4,Stand-Up Comedy
1148,weekend_watcher,295,3,82,6.377777777777777,28,30,0.9333333333333333,0.6813975698754201,4,Kids' TV
1149,casual_viewer,204,0,94,7.311111111111111,35,30,1.1666666666666667,0.6114318092334877,6,Romantic Movies
1150,weekend_watcher,488,3,77,5.988888888888889,28,27,1.037037037037037,0.7000477242202624,6,Romantic Movies
1151,power_binger,382,0,228,17.733333333333334,75,78,0.9615384615384616,0.8376434241180097,7,Sci-Fi & Fantasy
1152,weekend_watcher,380,2,79,6.144444444444444,30,25,1.2,0.7302123558289256,5,Stand-Up Comedy
1153,power_binger,191,0,248,19.288888888888888,86,76,1.131578947368421,0.8524777687997529,9,Sci-Fi & Fantasy
1154,power_binger,373,0,254,19.755555555555556,87,88,0.9886363636363636,0.8457005434516378,5,Crime TV Shows
1155,churning_user,141,3,58,4.511111111111111,8,17,0.47058823529411764,0.32335946535197807,7,Thrillers
1156,power_binger,270,0,254,19.755555555555556,80,82,0.975609756097561,0.8487661372860213,9,Crime TV Shows
1157,power_binger,635,0,260,20.22222222222222,94,82,1.146341463414634,0.8391692063549419,4,TV Dramas
1158,power_binger,235,0,260,20.22222222222222,81,82,0.9878048780487805,0.8606397169741277,5,TV Dramas
1159,casual_viewer,212,2,106,8.244444444444444,26,38,0.6842105263157895,0.6019895479158607,8,Documentaries
1160,weekend_watcher,315,0,56,4.355555555555555,26,16,1.625,0.72461760139295,7,Romantic Movies
1161,power_binger,196,0,236,18.355555555555554,76,74,1.027027027027027,0.8586141642263163,7,TV Dramas
1162,churning_user,356,8,58,4.511111111111111,7,20,0.35,0.29029257260843605,5,TV Dramas
1163,weekend_watcher,131,0,64,4.977777777777778,28,22,1.2727272727272727,0.6788436734552961,4,Kids' TV
1164,power_binger,216,0,271,21.077777777777776,86,97,0.8865979381443299,0.8541247084519306,6,Thrillers
1165,power_binger,307,0,247,19.21111111111111,81,96,0.84375,0.8391358061403692,7,Sci-Fi & Fantasy
1166,weekend_watcher,270,2,75,5.833333333333333,31,23,1.3478260869565217,0.7033562124199966,6,Romantic Movies
1167,weekend_watcher,647,1,91,7.0777777777777775,25,37,0.6756756756756757,0.7030041694463091,7,Children & Family Movies
1168,churning_user,475,14,62,4.822222222222222,11,18,0.6111111111111112,0.31614526624150807,4,Thrillers
1169,weekend_watcher,605,0,82,6.377777777777777,25,25,1.0,0.7034236516724588,7,Romantic Movies
1170,power_binger,634,0,252,19.599999999999998,80,97,0.8247422680412371,0.8542880151702845,4,Crime TV Shows
1171,casual_viewer,177,1,104,8.088888888888889,32,42,0.7619047619047619,0.5897566319142116,7,Romantic Movies
1172,weekend_watcher,348,0,87,6.766666666666667,33,29,1.1379310344827587,0.7113036981546881,5,Children & Family Movies
1173,casual_viewer,700,0,94,7.311111111111111,30,28,1.0714285714285714,0.5840081569683744,3,Romantic Movies
1174,weekend_watcher,425,0,73,5.677777777777777,22,24,0.9166666666666666,0.6936501460288412,7,Kids' TV
1175,churning_user,459,1,58,4.511111111111111,9,16,0.5625,0.30296655962636726,8,Crime TV Shows
1176,weekend_watcher,304,5,75,5.833333333333333,24,31,0.7741935483870968,0.6966548166216168,5,Kids' TV
1177,casual_viewer,100,0,104,8.088888888888889,28,29,0.9655172413793104,0.5882468909726761,6,Documentaries
1178,casual_viewer,94,0,103,8.011111111111111,36,35,1.0285714285714285,0.6139930913702156,7,Documentaries
1179,casual_viewer,118,1,99,7.699999999999999,23,36,0.6388888888888888,0.6095712462575998,6,Comedies
1180,casual_viewer,666,1,85,6.611111111111111,23,32,0.71875,0.60903640795276,4,Documentaries
1181,weekend_watcher,316,0,78,6.066666666666666,29,20,1.45,0.6754006227405548,6,Children & Family Movies
1182,power_binger,328,0,271,21.077777777777776,87,97,0.8969072164948454,0.8423009624682306,6,Thrillers
1183,power_binger,224,0,261,20.3,107,83,1.2891566265060241,0.8500307007340213,4,TV Dramas
1184,power_binger,638,0,265,20.61111111111111,96,83,1.1566265060240963,0.843685473118975,5,Sci-Fi & Fantasy
1185,power_binger,284,0,248,19.288888888888888,87,87,1.0,0.845519015129425,6,Sci-Fi & Fantasy
1186,weekend_watcher,387,0,74,5.7555555555555555,23,29,0.7931034482758621,0.7092753488836248,7,Stand-Up Comedy
1187,casual_viewer,171,2,92,7.155555555555555,25,39,0.6410256410256411,0.5848445057300414,3,Romantic Movies
1188,new_user,13,0,13,1.011111111111111,13,0,2.0,0.5904410647052166,15,International Movies
1189,power_binger,504,0,227,17.655555555555555,78,75,1.04,0.8606338271047638,6,Sci-Fi & Fantasy
1190,churning_user,332,7,48,3.7333333333333334,8,15,0.5333333333333333,0.26646924831956803,5,Thrillers
1191,casual_viewer,660,0,96,7.466666666666667,32,25,1.28,0.5968321353589724,3,Comedies
1192,casual_viewer,195,0,87,6.766666666666667,28,28,1.0,0.6330781748761232,8,Documentaries
1193,weekend_watcher,619,4,71,5.522222222222222,19,25,0.76,0.7056435971219904,8,Children & Family Movies
1194,new_user,5,90,0,0.0,0,0,0.0,0.0,9,Documentaries
1195,weekend_watcher,724,0,73,5.677777777777777,30,24,1.25,0.7291685929365737,8,Children & Family Movies
1196,power_binger,239,0,271,21.077777777777776,86,89,0.9662921348314607,0.850939463114874,6,Thrillers
1197,casual_viewer,146,1,108,8.4,34,31,1.096774193548387,0.6089324987844312,5,Romantic Movies
1198,churning_user,478,1,62,4.822222222222222,8,18,0.4444444444444444,0.23881899250043176,4,TV Dramas
1199,casual_viewer,443,0,92,7.155555555555555,25,30,0.8333333333333334,0.597251341561164,7,Comedies
1200,weekend_watcher,210,2,76,5.9111111111111105,21,16,1.3125,0.6969914364700223,4,Stand-Up Comedy
1201,churning_user,282,1,55,4.277777777777778,10,15,0.6666666666666666,0.2979067064128234,4,Crime TV Shows
1202,churning_user,110,2,53,4.122222222222222,3,16,0.1875,0.28704520490282587,8,TV Dramas
1203,weekend_watcher,629,1,82,6.377777777777777,32,18,1.7777777777777777,0.7089780655545997,7,Stand-Up Comedy
1204,weekend_watcher,164,1,71,5.522222222222222,31,17,1.8235294117647058,0.6901203338776517,6,Kids' TV
1205,power_binger,222,0,260,20.22222222222222,83,90,0.9222222222222223,0.8539755001640195,8,Crime TV Shows
1206,power_binger,388,0,251,19.522222222222222,82,72,1.1388888888888888,0.8466019231774788,7,TV Dramas
1207,churning_user,424,4,48,3.7333333333333334,8,9,0.8888888888888888,0.3254920695266687,8,TV Dramas
1208,casual_viewer,616,1,84,6.533333333333333,21,32,0.65625,0.5944643793089845,7,Documentaries
1209,casual_viewer,465,0,101,7.855555555555555,38,32,1.1875,0.5693545608495691,7,Documentaries
1210,casual_viewer,606,0,79,6.144444444444444,25,31,0.8064516129032258,0.6063282021490563,4,Documentaries
1211,weekend_watcher,203,0,73,5.677777777777777,29,22,1.3181818181818181,0.6739310511985555,4,Romantic Movies
1212,weekend_watcher,541,2,76,5.9111111111111105,22,23,0.9565217391304348,0.6938075361706489,6,Romantic Movies
1213,churning_user,296,2,49,3.811111111111111,6,18,0.3333333333333333,0.25157870984959857,4,Crime TV Shows
1214,casual_viewer,459,0,84,6.533333333333333,20,34,0.5882352941176471,0.6407405619463423,6,Comedies
1215,casual_viewer,656,0,87,6.766666666666667,22,37,0.5945945945945946,0.6370036569599302,7,Comedies
1216,churning_user,210,3,50,3.888888888888889,6,8,0.75,0.30515110351767727,6,Thrillers
1217,casual_viewer,213,1,92,7.155555555555555,31,32,0.96875,0.6167774212365168,6,Documentaries
1218,churning_user,286,10,64,4.977777777777778,6,22,0.2727272727272727,0.27188383620237155,6,Crime TV Shows
1219,churning_user,110,4,65,5.055555555555555,8,20,0.4,0.30496461989791945,4,Thrillers
1220,power_binger,459,0,262,20.377777777777776,86,78,1.1025641025641026,0.8583938050853396,6,Sci-Fi & Fantasy
1221,power_binger,381,0,252,19.599999999999998,82,81,1.0123456790123457,0.8576135501213894,7,TV Dramas
1222,casual_viewer,386,1,91,7.0777777777777775,27,24,1.125,0.5896180246695119,6,Documentaries
1223,weekend_watcher,366,0,73,5.677777777777777,23,27,0.8518518518518519,0.6896306078932856,7,Stand-Up Comedy
1224,churning_user,325,1,61,4.7444444444444445,11,13,0.8461538461538461,0.3250572786407057,7,Thrillers
1225,power_binger,233,0,260,20.22222222222222,82,87,0.9425287356321839,0.8524903964898899,6,Crime TV Shows
1226,weekend_watcher,146,0,82,6.377777777777777,33,21,1.5714285714285714,0.7254090855049758,6,Romantic Movies
1227,casual_viewer,298,1,95,7.388888888888888,28,30,0.9333333333333333,0.6259328627079456,5,Comedies
1228,casual_viewer,233,2,94,7.311111111111111,27,36,0.75,0.5884177673639723,5,Documentaries
1229,new_user,7,1,7,0.5444444444444444,7,0,2.0,0.4132720920479426,8,Sci-Fi & Fantasy
1230,power_binger,558,1,282,21.933333333333334,89,101,0.8811881188118812,0.8433104827692995,6,TV Dramas
1231,casual_viewer,300,1,75,5.833333333333333,18,28,0.6428571428571429,0.6007918301203006,6,Romantic Movies
1232,churning_user,86,6,51,3.9666666666666663,8,19,0.42105263157894735,0.2740050137348612,3,Crime TV Shows
1233,power_binger,676,1,264,20.53333333333333,76,88,0.8636363636363636,0.8454620327456416,9,Crime TV Shows
1234,churning_user,162,0,54,4.2,9,14,0.6428571428571429,0.26189895090924337,4,Crime TV Shows
1235,casual_viewer,405,0,88,6.844444444444444,27,33,0.8181818181818182,0.5872160775692385,3,Documentaries
1236,power_binger,715,0,278,21.62222222222222,100,88,1.1363636363636365,0.8515642048619502,9,Sci-Fi & Fantasy
1237,casual_viewer,266,2,101,7.855555555555555,26,35,0.7428571428571429,0.6020009457797212,8,Romantic Movies
1238,casual_viewer,372,0,98,7.622222222222222,36,37,0.972972972972973,0.5867280764000469,8,Documentaries
1239,power_binger,256,0,267,20.766666666666666,82,99,0.8282828282828283,0.8560877052797379,7,Thrillers
1240,power_binger,502,0,238,18.51111111111111,81,63,1.2857142857142858,0.8565030216059719,5,Sci-Fi & Fantasy
1241,weekend_watcher,171,1,78,6.066666666666666,24,28,0.8571428571428571,0.7103606028393826,5,Stand-Up Comedy
1242,casual_viewer,597,2,85,6.611111111111111,27,30,0.9,0.602517380397325,7,Comedies
1243,casual_viewer,466,0,82,6.377777777777777,24,30,0.8,0.6232523773836033,8,Comedies
1244,power_binger,416,0,271,21.077777777777776,89,87,1.0229885057471264,0.8480588207381039,6,Sci-Fi & Fantasy
1245,casual_viewer,444,0,103,8.011111111111111,26,37,0.7027027027027027,0.5759692976907689,6,Romantic Movies
1246,casual_viewer,479,2,79,6.144444444444444,23,23,1.0,0.5984924372156696,5,Documentaries
1247,churning_user,409,0,56,4.355555555555555,12,15,0.8,0.25814665962922967,4,Thrillers
1248,casual_viewer,303,0,84,6.533333333333333,25,25,1.0,0.603663739060619,6,Romantic Movies
1249,weekend_watcher,445,0,69,5.366666666666666,26,24,1.0833333333333333,0.7435217410155751,6,Children & Family Movies
1250,new_user,24,0,20,1.5555555555555556,20,0,2.0,0.5091006079212212,13,British TV Shows
1251,power_binger,693,0,283,22.01111111111111,99,99,1.0,0.8540835660102121,5,Thrillers
1252,power_binger,535,0,241,18.744444444444444,81,82,0.9878048780487805,0.8460298335009778,5,Crime TV Shows
1253,power_binger,195,0,246,19.133333333333333,76,69,1.1014492753623188,0.8468171279224184,8,Thrillers
1254,churning_user,111,5,67,5.211111111111111,8,22,0.36363636363636365,0.29200632300191026,5,Crime TV Shows
1255,power_binger,224,0,244,18.977777777777778,78,80,0.975,0.8584145695923793,5,Thrillers
1256,weekend_watcher,393,0,64,4.977777777777778,20,19,1.0526315789473684,0.7066934186176657,9,Children & Family Movies
1257,weekend_watcher,232,1,85,6.611111111111111,35,18,1.9444444444444444,0.7216757411396322,5,Romantic Movies
1258,weekend_watcher,462,0,70,5.444444444444445,24,25,0.96,0.6877326719653069,9,Children & Family Movies
1259,churning_user,326,8,57,4.433333333333334,5,14,0.35714285714285715,0.28757378725859234,7,Crime TV Shows
1260,new_user,8,3,6,0.4666666666666667,6,0,2.0,0.5545022173965649,8,Stand-Up Comedy
1261,power_binger,479,0,314,24.42222222222222,88,102,0.8627450980392157,0.8501684278422338,9,Crime TV Shows
1262,casual_viewer,581,0,107,8.322222222222221,34,31,1.096774193548387,0.5975559027044102,5,Romantic Movies
1263,casual_viewer,459,0,95,7.388888888888888,31,28,1.1071428571428572,0.61713717677036,4,Documentaries
1264,new_user,25,1,17,1.3222222222222222,17,0,2.0,0.5744672552918573,10,TV Dramas
1265,churning_user,61,0,23,1.7888888888888888,5,17,0.29411764705882354,0.2977993416663918,3,Thrillers
1266,weekend_watcher,161,0,71,5.522222222222222,19,30,0.6333333333333333,0.6964150152393676,7,Children & Family Movies
1267,power_binger,525,0,260,20.22222222222222,80,97,0.8247422680412371,0.8462144861917064,8,Crime TV Shows
1268,new_user,11,3,13,1.011111111111111,13,0,2.0,0.5093166873382254,8,Reality TV
1269,casual_viewer,541,0,108,8.4,34,36,0.9444444444444444,0.6283103506494904,4,Comedies
1270,casual_viewer,463,1,100,7.777777777777778,32,28,1.1428571428571428,0.5977444453522602,7,Comedies
1271,new_user,26,0,18,1.4,18,0,2.0,0.4504774093058759,8,TV Comedies
1272,casual_viewer,526,0,92,7.155555555555555,29,33,0.8787878787878788,0.5756757748805083,4,Documentaries
1273,casual_viewer,492,0,101,7.855555555555555,33,33,1.0,0.6526484136292221,4,Documentaries
1274,churning_user,223,1,62,4.822222222222222,13,16,0.8125,0.3243713421930764,5,TV Dramas
1275,power_binger,357,0,269,20.92222222222222,84,82,1.024390243902439,0.8606376901962529,9,Thrillers
1276,casual_viewer,91,0,98,7.622222222222222,23,29,0.7931034482758621,0.5804305225935393,5,Documentaries
1277,power_binger,384,0,270,21.0,94,76,1.236842105263158,0.8577227325995928,5,Sci-Fi & Fantasy
1278,power_binger,627,0,252,19.599999999999998,90,74,1.2162162162162162,0.8463727987704999,4,Crime TV Shows
1279,weekend_watcher,539,1,72,5.6,29,26,1.1153846153846154,0.6921115723061501,4,Kids' TV
1280,churning_user,100,2,54,4.2,11,15,0.7333333333333333,0.28703835005367995,7,Crime TV Shows
1281,casual_viewer,230,2,76,5.9111111111111105,30,20,1.5,0.6099667953954281,4,Comedies
1282,casual_viewer,469,0,94,7.311111111111111,28,33,0.8484848484848485,0.6203513208935904,6,Comedies
1283,casual_viewer,394,0,80,6.222222222222222,19,31,0.6129032258064516,0.6169179637581287,5,Romantic Movies
1284,churning_user,247,0,67,5.211111111111111,10,21,0.47619047619047616,0.28582591133051916,8,TV Dramas
1285,new_user,29,0,24,1.8666666666666667,24,0,2.0,0.4831947152224467,10,Music & Musicals
1286,new_user,28,3,20,1.5555555555555556,20,0,2.0,0.5771732098855755,11,Docuseries
1287,casual_viewer,420,0,75,5.833333333333333,19,32,0.59375,0.5778614419819014,4,Comedies
1288,casual_viewer,396,0,95,7.388888888888888,26,26,1.0,0.6498124599692446,8,Comedies
1289,casual_viewer,191,0,91,7.0777777777777775,22,39,0.5641025641025641,0.5715874462545348,3,Comedies
1290,churning_user,380,3,49,3.811111111111111,8,12,0.6666666666666666,0.28067036388795963,4,Crime TV Shows
1291,casual_viewer,576,0,100,7.777777777777778,30,29,1.0344827586206897,0.6112721620571198,3,Romantic Movies
1292,churning_user,86,2,60,4.666666666666666,12,11,1.0909090909090908,0.31414521113535093,6,Thrillers
1293,churning_user,267,1,61,4.7444444444444445,17,15,1.1333333333333333,0.3447854586588899,3,Crime TV Shows
1294,casual_viewer,420,1,94,7.311111111111111,30,30,1.0,0.5552242526608799,5,Romantic Movies
1295,casual_viewer,393,0,86,6.688888888888888,30,24,1.25,0.6001275473753985,4,Romantic Movies
1296,casual_viewer,558,6,108,8.4,30,31,0.967741935483871,0.6178378256181938,4,Documentaries
1297,power_binger,505,0,275,21.38888888888889,99,86,1.1511627906976745,0.8464447028186746,4,TV Dramas
1298,power_binger,637,0,273,21.23333333333333,95,86,1.1046511627906976,0.8593670760138248,6,Thrillers
1299,weekend_watcher,170,0,75,5.833333333333333,25,22,1.1363636363636365,0.709239069301319,8,Kids' TV
1300,casual_viewer,449,1,84,6.533333333333333,27,24,1.125,0.6068908401959685,4,Documentaries
1301,casual_viewer,268,0,96,7.466666666666667,30,26,1.1538461538461537,0.5741617544790378,8,Comedies
1302,churning_user,251,0,58,4.511111111111111,9,12,0.75,0.28115330386439585,5,TV Dramas
1303,weekend_watcher,598,1,71,5.522222222222222,31,18,1.7222222222222223,0.6953502574221768,7,Stand-Up Comedy
1304,casual_viewer,570,0,99,7.699999999999999,33,31,1.064516129032258,0.626973532436632,7,Comedies
1305,weekend_watcher,279,0,70,5.444444444444445,32,20,1.6,0.6641742695818558,9,Children & Family Movies
1306,new_user,15,0,10,0.7777777777777778,10,0,2.0,0.6472241633556781,10,Action & Adventure
1307,churning_user,316,0,51,3.9666666666666663,7,19,0.3684210526315789,0.3362763695244359,4,Thrillers
1308,churning_user,349,7,58,4.511111111111111,6,19,0.3157894736842105,0.3082612795778542,6,Thrillers
1309,power_binger,233,0,281,21.855555555555554,98,81,1.2098765432098766,0.8601413324534224,4,Crime TV Shows
1310,new_user,24,2,13,1.011111111111111,13,0,2.0,0.41609342551258427,12,Crime TV Shows
1311,casual_viewer,722,0,102,7.933333333333333,33,39,0.8461538461538461,0.6118223930974342,5,Romantic Movies
1312,new_user,23,0,18,1.4,18,0,2.0,0.44889897757332864,8,Sports Movies
1313,churning_user,473,0,71,5.522222222222222,10,24,0.4166666666666667,0.3290050753660479,5,TV Dramas
1314,power_binger,441,1,264,20.53333333333333,83,99,0.8383838383838383,0.8571120475463949,4,Thrillers
1315,power_binger,488,0,252,19.599999999999998,77,92,0.8369565217391305,0.8486657542711367,5,Sci-Fi & Fantasy
1316,churning_user,136,10,71,5.522222222222222,16,18,0.8888888888888888,0.30109451198654713,8,Crime TV Shows
1317,churning_user,184,2,44,3.422222222222222,8,15,0.5333333333333333,0.30673402656876814,5,Thrillers
1318,power_binger,557,0,291,22.633333333333333,103,94,1.0957446808510638,0.8593516148194557,6,Thrillers
1319,weekend_watcher,684,2,87,6.766666666666667,18,32,0.5625,0.7076902317545146,8,Kids' TV
1320,weekend_watcher,206,4,73,5.677777777777777,20,28,0.7142857142857143,0.7024236102751384,8,Kids' TV
1321,casual_viewer,652,3,91,7.0777777777777775,28,34,0.8235294117647058,0.6200031864986307,8,Romantic Movies
1322,casual_viewer,680,0,95,7.388888888888888,21,37,0.5675675675675675,0.6182092463162833,6,Romantic Movies
1323,power_binger,696,0,294,22.866666666666667,111,81,1.3703703703703705,0.848489529188945,4,TV Dramas
1324,weekend_watcher,555,1,79,6.144444444444444,30,26,1.1538461538461537,0.7129969813780143,6,Stand-Up Comedy
1325,casual_viewer,582,0,94,7.311111111111111,36,34,1.0588235294117647,0.5897148285315689,4,Romantic Movies
1326,weekend_watcher,97,7,69,5.366666666666666,17,31,0.5483870967741935,0.7095827366404429,7,Stand-Up Comedy
1327,casual_viewer,668,0,103,8.011111111111111,33,37,0.8918918918918919,0.6151501631889819,3,Romantic Movies
1328,churning_user,301,10,55,4.277777777777778,8,16,0.5,0.33742411631659247,3,Crime TV Shows
1329,casual_viewer,384,0,89,6.922222222222222,30,24,1.25,0.5881798295232665,4,Comedies
1330,power_binger,605,0,246,19.133333333333333,83,74,1.1216216216216217,0.8492822434880668,4,TV Dramas
1331,weekend_watcher,678,1,78,6.066666666666666,26,27,0.9629629629629629,0.6878354837825614,8,Kids' TV
1332,casual_viewer,240,1,84,6.533333333333333,30,23,1.3043478260869565,0.5925180123397128,8,Comedies
1333,churning_user,271,3,62,4.822222222222222,9,19,0.47368421052631576,0.32868836639875204,4,TV Dramas
1334,new_user,22,1,10,0.7777777777777778,10,0,2.0,0.4135162090696454,14,TV Comedies
1335,new_user,1,90,0,0.0,0,0,0.0,0.0,11,Dramas
1336,weekend_watcher,225,0,70,5.444444444444445,27,17,1.588235294117647,0.6738730033080996,7,Romantic Movies
1337,power_binger,665,1,243,18.9,70,86,0.813953488372093,0.856144102310176,6,Crime TV Shows
1338,churning_user,297,7,56,4.355555555555555,12,13,0.9230769230769231,0.3148302138054036,6,Thrillers
1339,weekend_watcher,340,3,73,5.677777777777777,23,20,1.15,0.7021327851208504,4,Romantic Movies
1340,casual_viewer,112,1,84,6.533333333333333,17,40,0.425,0.6128167298089452,7,Romantic Movies
1341,power_binger,395,0,258,20.066666666666666,84,90,0.9333333333333333,0.8505793004753869,5,Crime TV Shows
1342,weekend_watcher,371,3,87,6.766666666666667,32,29,1.103448275862069,0.7138242798132677,9,Children & Family Movies
1343,casual_viewer,721,0,92,7.155555555555555,30,29,1.0344827586206897,0.5808435500875931,3,Documentaries
1344,churning_user,301,1,49,3.811111111111111,10,13,0.7692307692307693,0.3277798016961822,4,Thrillers
1345,new_user,19,0,12,0.9333333333333333,12,0,2.0,0.41003720675462924,8,International TV Shows
1346,churning_user,217,1,81,6.3,7,30,0.23333333333333334,0.30657855633561903,8,Crime TV Shows
1347,casual_viewer,245,1,95,7.388888888888888,36,24,1.5,0.637372933687832,8,Documentaries
1348,casual_viewer,330,0,88,6.844444444444444,30,31,0.967741935483871,0.5819417843106081,5,Comedies
1349,casual_viewer,212,2,90,7.0,23,30,0.7666666666666667,0.5833355528115145,7,Comedies
1350,power_binger,704,0,246,19.133333333333333,88,79,1.1139240506329113,0.8419834915444576,8,Crime TV Shows
1351,weekend_watcher,518,0,77,5.988888888888889,30,18,1.6666666666666667,0.6837105451601474,4,Kids' TV
1352,weekend_watcher,129,0,78,6.066666666666666,23,22,1.0454545454545454,0.6902592815019083,4,Romantic Movies
1353,casual_viewer,654,1,80,6.222222222222222,26,23,1.1304347826086956,0.6243587835675548,8,Romantic Movies
1354,casual_viewer,212,0,82,6.377777777777777,24,36,0.6666666666666666,0.6244922424836422,4,Documentaries
1355,weekend_watcher,212,1,87,6.766666666666667,28,30,0.9333333333333333,0.6861205532737875,6,Stand-Up Comedy
1356,power_binger,374,0,265,20.61111111111111,95,67,1.4179104477611941,0.8572429999420415,7,Thrillers
1357,churning_user,217,0,51,3.9666666666666663,8,10,0.8,0.3191912081153583,5,Crime TV Shows
1358,casual_viewer,201,0,105,8.166666666666666,38,36,1.0555555555555556,0.6069531166283977,3,Romantic Movies
1359,churning_user,336,10,41,3.1888888888888887,3,19,0.15789473684210525,0.27161457549199625,7,TV Dramas
1360,power_binger,537,0,263,20.455555555555556,86,99,0.8686868686868687,0.841210625709973,7,Crime TV Shows
1361,churning_user,204,3,49,3.811111111111111,6,17,0.35294117647058826,0.27354077814360955,4,Crime TV Shows
1362,casual_viewer,338,0,97,7.544444444444444,40,24,1.6666666666666667,0.5939557088517283,8,Romantic Movies
1363,churning_user,326,2,67,5.211111111111111,9,26,0.34615384615384615,0.3135663910825754,7,Thrillers
1364,power_binger,593,0,265,20.61111111111111,98,96,1.0208333333333333,0.8382899515289182,9,Crime TV Shows
1365,casual_viewer,349,0,99,7.699999999999999,35,28,1.25,0.6154502585424397,5,Romantic Movies
1366,churning_user,486,4,76,5.9111111111111105,14,21,0.6666666666666666,0.27697502200807617,6,Thrillers
1367,casual_viewer,290,0,89,6.922222222222222,25,23,1.0869565217391304,0.6215712976274016,6,Documentaries
1368,power_binger,239,0,297,23.099999999999998,94,87,1.0804597701149425,0.8468965342687693,7,Thrillers
1369,power_binger,562,0,267,20.766666666666666,87,89,0.9775280898876404,0.8452215343450586,6,TV Dramas
1370,casual_viewer,384,2,102,7.933333333333333,30,33,0.9090909090909091,0.5592011081054037,7,Romantic Movies
1371,power_binger,665,0,279,21.7,87,81,1.0740740740740742,0.8396639963668963,5,TV Dramas
1372,new_user,24,1,17,1.3222222222222222,17,0,2.0,0.49270803184937445,9,TV Comedies
1373,casual_viewer,671,0,82,6.377777777777777,29,29,1.0,0.5970517074681422,7,Documentaries
1374,weekend_watcher,695,0,80,6.222222222222222,24,29,0.8275862068965517,0.6650019270077305,8,Kids' TV
1375,new_user,21,2,12,0.9333333333333333,12,0,2.0,0.46462845335411457,13,Comedies
1376,power_binger,607,0,265,20.61111111111111,72,92,0.782608695652174,0.8603810385031161,5,Sci-Fi & Fantasy
1377,churning_user,147,4,68,5.288888888888889,7,24,0.2916666666666667,0.28372442305951334,7,Thrillers
1378,weekend_watcher,219,1,85,6.611111111111111,31,29,1.0689655172413792,0.7020328230587667,5,Stand-Up Comedy
1379,churning_user,233,1,45,3.5,6,16,0.375,0.3229039656792381,4,Crime TV Shows
1380,casual_viewer,95,1,100,7.777777777777778,32,34,0.9411764705882353,0.5534862756088206,3,Documentaries
1381,casual_viewer,291,2,86,6.688888888888888,30,31,0.967741935483871,0.5984934396106912,7,Documentaries
1382,power_binger,432,0,274,21.31111111111111,85,84,1.0119047619047619,0.8470996119208188,9,TV Dramas
1383,churning_user,304,2,49,3.811111111111111,7,12,0.5833333333333334,0.3300874621924507,8,Thrillers
1384,new_user,7,4,8,0.6222222222222222,8,0,2.0,0.49768118702622866,10,Independent Movies
1385,new_user,25,1,11,0.8555555555555555,11,0,2.0,0.5459287953783073,15,Romantic TV Shows
1386,power_binger,668,0,261,20.3,82,83,0.9879518072289156,0.8406052680863588,7,Sci-Fi & Fantasy
1387,weekend_watcher,255,0,84,6.533333333333333,18,38,0.47368421052631576,0.7214201879165968,8,Stand-Up Comedy
1388,casual_viewer,437,0,108,8.4,35,38,0.9210526315789473,0.6030390007841608,7,Romantic Movies
1389,new_user,25,0,23,1.7888888888888888,23,0,2.0,0.4736213378592566,13,International TV Shows
1390,power_binger,689,0,247,19.21111111111111,90,78,1.1538461538461537,0.866748822263826,8,Sci-Fi & Fantasy
1391,new_user,29,0,22,1.711111111111111,22,0,2.0,0.4442995073293421,10,International Movies
1392,weekend_watcher,537,0,87,6.766666666666667,30,21,1.4285714285714286,0.7021791550282477,6,Children & Family Movies
1393,power_binger,720,0,228,17.733333333333334,64,79,0.810126582278481,0.846186874549139,8,TV Dramas
1394,power_binger,553,0,247,19.21111111111111,88,84,1.0476190476190477,0.8533860182528751,5,TV Dramas
1395,weekend_watcher,387,2,88,6.844444444444444,23,32,0.71875,0.7059838699484401,6,Stand-Up Comedy
1396,power_binger,446,0,244,18.977777777777778,82,78,1.0512820512820513,0.8452751358836281,6,Sci-Fi & Fantasy
1397,churning_user,231,11,48,3.7333333333333334,9,13,0.6923076923076923,0.2773128022348585,7,TV Dramas
1398,new_user,2,0,2,0.15555555555555556,2,0,2.0,0.45366019590420736,10,TV Dramas
1399,churning_user,396,0,54,4.2,6,16,0.375,0.30257572441587605,3,Crime TV Shows
1400,casual_viewer,261,1,88,6.844444444444444,22,30,0.7333333333333333,0.5907520453361949,6,Comedies
1401,casual_viewer,90,0,88,6.844444444444444,27,34,0.7941176470588235,0.6138275675184676,8,Documentaries
1402,power_binger,474,0,293,22.788888888888888,97,97,1.0,0.8564002143074193,4,TV Dramas
1403,new_user,8,0,6,0.4666666666666667,6,0,2.0,0.5297313313632009,8,Action & Adventure
1404,casual_viewer,587,1,97,7.544444444444444,30,34,0.8823529411764706,0.6082235101359295,3,Documentaries
1405,power_binger,352,0,295,22.944444444444443,95,98,0.9693877551020408,0.8503705166671792,6,Thrillers
1406,casual_viewer,445,0,107,8.322222222222221,35,42,0.8333333333333334,0.610107122333628,5,Romantic Movies
1407,new_user,14,1,10,0.7777777777777778,10,0,2.0,0.6219279066056628,9,TV Dramas
1408,power_binger,421,0,251,19.522222222222222,85,95,0.8947368421052632,0.8498310661831548,5,Sci-Fi & Fantasy
1409,weekend_watcher,116,0,92,7.155555555555555,32,33,0.9696969696969697,0.697637095253102,5,Kids' TV
1410,weekend_watcher,134,1,78,6.066666666666666,26,29,0.896551724137931,0.7249004176694538,7,Kids' TV
1411,weekend_watcher,158,0,85,6.611111111111111,31,26,1.1923076923076923,0.6961286735808191,8,Children & Family Movies
1412,new_user,20,0,11,0.8555555555555555,11,0,2.0,0.5108584992126459,9,Music & Musicals
1413,weekend_watcher,699,0,65,5.055555555555555,19,26,0.7307692307692307,0.6990463541287653,7,Stand-Up Comedy
1414,new_user,18,0,11,0.8555555555555555,11,0,2.0,0.5297078163061439,14,International TV Shows
1415,power_binger,333,0,258,20.066666666666666,96,84,1.1428571428571428,0.8488361078589173,4,Thrillers
1416,weekend_watcher,724,3,60,4.666666666666666,21,16,1.3125,0.6909253001230036,5,Children & Family Movies
1417,churning_user,318,5,41,3.1888888888888887,7,13,0.5384615384615384,0.27243961466707756,4,TV Dramas
1418,churning_user,489,3,61,4.7444444444444445,12,16,0.75,0.30669585958514106,5,TV Dramas
1419,weekend_watcher,207,0,81,6.3,32,26,1.2307692307692308,0.6828655715857459,7,Romantic Movies
1420,new_user,24,1,18,1.4,18,0,2.0,0.5494079264448146,10,Children & Family Movies
1421,weekend_watcher,319,1,77,5.988888888888889,21,30,0.7,0.7020215076805433,4,Stand-Up Comedy
1422,casual_viewer,123,0,95,7.388888888888888,24,29,0.8275862068965517,0.6115565896611335,5,Comedies
1423,casual_viewer,457,0,95,7.388888888888888,31,31,1.0,0.5922198942890606,6,Romantic Movies
1424,casual_viewer,247,1,85,6.611111111111111,26,24,1.0833333333333333,0.58279380560792,8,Comedies
1425,casual_viewer,400,2,99,7.699999999999999,34,31,1.096774193548387,0.6110321923203001,3,Documentaries
1426,casual_viewer,692,1,99,7.699999999999999,40,26,1.5384615384615385,0.584463070904747,3,Romantic Movies
1427,power_binger,470,0,233,18.12222222222222,79,90,0.8777777777777778,0.8489828608258434,9,Crime TV Shows
1428,power_binger,637,0,249,19.366666666666667,82,84,0.9761904761904762,0.8515819940149174,8,TV Dramas
1429,weekend_watcher,698,0,68,5.288888888888889,24,22,1.0909090909090908,0.7067752971916946,4,Stand-Up Comedy
1430,casual_viewer,186,1,78,6.066666666666666,24,28,0.8571428571428571,0.595001233273374,4,Comedies
1431,new_user,7,0,6,0.4666666666666667,6,0,2.0,0.6950343647536231,12,Horror Movies
1432,churning_user,325,7,62,4.822222222222222,10,15,0.6666666666666666,0.3295659735655385,6,TV Dramas
1433,power_binger,354,0,241,18.744444444444444,80,87,0.9195402298850575,0.8495253022428816,6,Crime TV Shows
1434,power_binger,615,0,267,20.766666666666666,89,74,1.2027027027027026,0.8495444366372251,4,Crime TV Shows
1435,casual_viewer,174,0,94,7.311111111111111,29,27,1.0740740740740742,0.6053846929571958,6,Romantic Movies
1436,new_user,13,2,6,0.4666666666666667,6,0,2.0,0.37677109657471824,14,TV Dramas
1437,casual_viewer,285,0,86,6.688888888888888,31,27,1.1481481481481481,0.5834173198201245,8,Romantic Movies
1438,churning_user,77,1,39,3.033333333333333,9,18,0.5,0.2543994218514648,4,Thrillers
1439,new_user,7,1,1,0.07777777777777778,1,0,2.0,0.6638146712421022,11,Documentaries
1440,new_user,24,0,21,1.6333333333333333,21,0,2.0,0.517418856997368,8,International TV Shows
1441,casual_viewer,564,0,80,6.222222222222222,23,25,0.92,0.6453410091548782,7,Romantic Movies
1442,power_binger,270,0,293,22.788888888888888,111,89,1.247191011235955,0.8610791031175536,4,Thrillers
1443,power_binger,413,0,232,18.044444444444444,83,71,1.1690140845070423,0.8441900163106727,6,Sci-Fi & Fantasy
1444,power_binger,270,0,244,18.977777777777778,75,88,0.8522727272727273,0.8431473073980015,5,Crime TV Shows
1445,power_binger,362,0,232,18.044444444444444,72,84,0.8571428571428571,0.8495436145488436,7,TV Dramas
1446,churning_user,63,8,23,1.7888888888888888,9,14,0.6428571428571429,0.294750083374818,4,TV Dramas
1447,new_user,27,0,16,1.2444444444444445,16,0,2.0,0.6094172754282345,8,Thrillers
1448,churning_user,216,0,69,5.366666666666666,10,19,0.5263157894736842,0.2835662785357851,6,Crime TV Shows
1449,churning_user,82,10,46,3.5777777777777775,5,21,0.23809523809523808,0.28304762684509926,5,Thrillers
1450,casual_viewer,216,1,103,8.011111111111111,26,30,0.8666666666666667,0.6380754045753021,3,Documentaries
1451,weekend_watcher,439,0,86,6.688888888888888,26,26,1.0,0.675804483711507,5,Kids' TV
1452,churning_user,234,3,67,5.211111111111111,11,16,0.6875,0.298522321560536,5,TV Dramas
1453,weekend_watcher,637,0,76,5.9111111111111105,27,27,1.0,0.6916370541745129,5,Children & Family Movies
1454,new_user,26,3,12,0.9333333333333333,12,0,2.0,0.5093432968080539,13,Crime TV Shows
1455,casual_viewer,171,0,110,8.555555555555555,30,47,0.6382978723404256,0.5947478306815089,6,Romantic Movies
1456,power_binger,292,0,247,19.21111111111111,78,88,0.8863636363636364,0.8546579790349178,4,Crime TV Shows
1457,casual_viewer,347,0,93,7.233333333333333,24,26,0.9230769230769231,0.566640392783941,4,Comedies
1458,casual_viewer,494,0,91,7.0777777777777775,23,30,0.7666666666666667,0.5678477973551421,6,Documentaries
1459,new_user,25,6,16,1.2444444444444445,16,0,2.0,0.5043339487062477,12,Sci-Fi & Fantasy
1460,casual_viewer,466,3,88,6.844444444444444,25,21,1.1904761904761905,0.5985804718084552,8,Romantic Movies
1461,weekend_watcher,388,0,62,4.822222222222222,22,18,1.2222222222222223,0.7133840848478629,6,Romantic Movies
1462,churning_user,354,6,46,3.5777777777777775,7,19,0.3684210526315789,0.3753828685393656,6,Thrillers
1463,power_binger,501,0,253,19.677777777777777,95,79,1.2025316455696202,0.8463007563341478,8,Thrillers
1464,casual_viewer,335,2,107,8.322222222222221,27,36,0.75,0.5671897200092492,5,Comedies
1465,churning_user,75,2,42,3.2666666666666666,13,15,0.8666666666666667,0.25709416122759243,5,Thrillers
1466,churning_user,226,9,55,4.277777777777778,6,21,0.2857142857142857,0.2970245785275131,3,Crime TV Shows
1467,casual_viewer,358,1,91,7.0777777777777775,28,23,1.2173913043478262,0.5829109830670971,8,Documentaries
1468,casual_viewer,279,6,80,6.222222222222222,20,32,0.625,0.6073415250679798,6,Romantic Movies
1469,weekend_watcher,446,0,82,6.377777777777777,28,33,0.8484848484848485,0.6840809635092244,9,Kids' TV
1470,power_binger,199,0,247,19.21111111111111,77,83,0.927710843373494,0.8475139755649678,8,TV Dramas
1471,new_user,25,3,13,1.011111111111111,13,0,2.0,0.477991740714676,15,Reality TV
1472,power_binger,384,0,251,19.522222222222222,80,78,1.0256410256410255,0.8556207987939508,9,Sci-Fi & Fantasy
1473,power_binger,703,0,248,19.288888888888888,62,92,0.6739130434782609,0.8531638063525652,6,Crime TV Shows
1474,casual_viewer,148,3,86,6.688888888888888,22,32,0.6875,0.6291430024132937,3,Comedies
1475,churning_user,479,4,70,5.444444444444445,9,23,0.391304347826087,0.2899684375106559,4,Thrillers
1476,churning_user,198,3,50,3.888888888888889,7,11,0.6363636363636364,0.26228218042424417,7,Crime TV Shows
1477,casual_viewer,378,0,97,7.544444444444444,30,29,1.0344827586206897,0.636464354809297,7,Comedies
1478,new_user,16,1,11,0.8555555555555555,11,0,2.0,0.5783225880134368,14,Kids' TV
1479,casual_viewer,347,0,93,7.233333333333333,27,31,0.8709677419354839,0.5845668598536057,7,Documentaries
1480,casual_viewer,578,0,103,8.011111111111111,36,40,0.9,0.6151464883813015,8,Comedies
1481,casual_viewer,140,0,96,7.466666666666667,35,31,1.1290322580645162,0.6489787006714813,6,Comedies
1482,power_binger,240,0,242,18.822222222222223,78,84,0.9285714285714286,0.838143219537058,8,Crime TV Shows
1483,churning_user,323,2,57,4.433333333333334,10,20,0.5,0.3070163572157967,4,TV Dramas
1484,casual_viewer,432,0,100,7.777777777777778,41,30,1.3666666666666667,0.5848192442517944,5,Romantic Movies
1485,churning_user,474,7,57,4.433333333333334,8,19,0.42105263157894735,0.2758096763574046,3,Thrillers
1486,power_binger,274,0,292,22.71111111111111,94,95,0.9894736842105263,0.8494220538762138,7,Thrillers
1487,new_user,6,0,5,0.3888888888888889,5,0,2.0,0.6663260258257715,11,International Movies
1488,casual_viewer,243,0,92,7.155555555555555,26,34,0.7647058823529411,0.5908966964852683,6,Romantic Movies
1489,weekend_watcher,125,0,67,5.211111111111111,19,20,0.95,0.7080167031295337,8,Kids' TV
1490,casual_viewer,514,1,90,7.0,27,34,0.7941176470588235,0.6049311180922086,5,Comedies
1491,power_binger,514,0,232,18.044444444444444,87,61,1.4262295081967213,0.8459538310365915,4,Crime TV Shows
1492,weekend_watcher,160,1,77,5.988888888888889,26,27,0.9629629629629629,0.6595668714908249,4,Stand-Up Comedy
1493,churning_user,372,14,52,4.044444444444444,6,13,0.46153846153846156,0.3548624608721749,4,Crime TV Shows
1494,weekend_watcher,700,0,64,4.977777777777778,22,23,0.9565217391304348,0.6985376758881502,7,Romantic Movies
1495,casual_viewer,677,0,82,6.377777777777777,24,28,0.8571428571428571,0.601818397571487,5,Comedies
1496,churning_user,130,10,61,4.7444444444444445,8,17,0.47058823529411764,0.3217765884542613,6,Crime TV Shows
1497,weekend_watcher,600,2,89,6.922222222222222,36,30,1.2,0.6784747058410973,8,Kids' TV
1498,churning_user,108,6,63,4.8999999999999995,10,20,0.5,0.3119509353097124,3,TV Dramas
1499,casual_viewer,553,0,84,6.533333333333333,29,27,1.0740740740740742,0.6014637159502735,5,Romantic Movies
1500,churning_user,163,0,58,4.511111111111111,7,16,0.4375,0.3440766797601975,3,Crime TV Shows
1501,churning_user,182,1,56,4.355555555555555,11,12,0.9166666666666666,0.27349750216833685,6,Thrillers
1502,new_user,14,0,11,0.8555555555555555,11,0,2.0,0.47265943169164965,15,Horror Movies
1503,casual_viewer,665,1,90,7.0,29,28,1.0357142857142858,0.5814953944130442,5,Documentaries
1504,casual_viewer,438,2,93,7.233333333333333,30,29,1.0344827586206897,0.6036687768325346,8,Documentaries
1505,weekend_watcher,494,0,79,6.144444444444444,24,27,0.8888888888888888,0.7032506761638277,4,Kids' TV
1506,churning_user,474,0,59,4.588888888888889,13,15,0.8666666666666667,0.3188590218784993,5,Thrillers
1507,weekend_watcher,163,0,75,5.833333333333333,23,27,0.8518518518518519,0.7254575325758114,7,Kids' TV
1508,casual_viewer,686,0,106,8.244444444444444,40,37,1.0810810810810811,0.5995233649664595,4,Documentaries
1509,casual_viewer,152,0,88,6.844444444444444,20,34,0.5882352941176471,0.5741648350723133,7,Comedies
1510,weekend_watcher,297,0,74,5.7555555555555555,24,27,0.8888888888888888,0.7025121426533798,9,Romantic Movies
1511,power_binger,338,0,276,21.466666666666665,91,85,1.0705882352941176,0.8453231637393422,4,TV Dramas
1512,power_binger,677,0,256,19.91111111111111,99,87,1.1379310344827587,0.8441613109089922,9,Thrillers
1513,churning_user,95,0,58,4.511111111111111,5,18,0.2777777777777778,0.3175005577108281,3,TV Dramas
1514,weekend_watcher,288,0,86,6.688888888888888,27,30,0.9,0.7052330899580376,7,Kids' TV
1515,weekend_watcher,142,1,78,6.066666666666666,22,33,0.6666666666666666,0.7024152316445015,9,Romantic Movies
1516,casual_viewer,341,0,93,7.233333333333333,22,38,0.5789473684210527,0.6029385498273833,7,Documentaries
1517,power_binger,187,0,262,20.377777777777776,80,91,0.8791208791208791,0.834812688384643,8,Crime TV Shows
1518,new_user,8,4,2,0.15555555555555556,2,0,2.0,0.5093682613882132,8,Music & Musicals
1519,power_binger,186,0,239,18.58888888888889,75,71,1.056338028169014,0.8384077766454545,9,TV Dramas
1520,power_binger,664,0,257,19.988888888888887,91,90,1.011111111111111,0.8539581235444883,9,TV Dramas
1521,casual_viewer,684,1,79,6.144444444444444,22,23,0.9565217391304348,0.582232304339135,3,Comedies
1522,churning_user,117,9,44,3.422222222222222,5,12,0.4166666666666667,0.2812369429152286,4,TV Dramas
1523,weekend_watcher,253,0,74,5.7555555555555555,29,19,1.5263157894736843,0.6909374806939688,8,Children & Family Movies
1524,weekend_watcher,500,0,81,6.3,25,30,0.8333333333333334,0.695590607201441,6,Children & Family Movies
1525,weekend_watcher,274,0,67,5.211111111111111,23,23,1.0,0.7117947148474413,5,Stand-Up Comedy
1526,power_binger,469,0,218,16.955555555555556,67,80,0.8375,0.8472375237714246,7,Sci-Fi & Fantasy
1527,casual_viewer,200,2,88,6.844444444444444,26,30,0.8666666666666667,0.6137803069775051,3,Documentaries
1528,casual_viewer,355,4,89,6.922222222222222,24,30,0.8,0.5818970779108601,5,Romantic Movies
1529,power_binger,569,0,280,21.77777777777778,99,85,1.1647058823529413,0.8553879948026062,8,TV Dramas
1530,casual_viewer,424,1,82,6.377777777777777,23,25,0.92,0.6130494537269131,6,Comedies
1531,casual_viewer,478,0,86,6.688888888888888,26,33,0.7878787878787878,0.563284530779123,3,Documentaries
1532,power_binger,378,0,283,22.01111111111111,103,85,1.2117647058823529,0.8516735483785682,5,Crime TV Shows
1533,churning_user,485,3,50,3.888888888888889,4,15,0.26666666666666666,0.2732756681230676,4,Crime TV Shows
1534,weekend_watcher,119,0,80,6.222222222222222,26,28,0.9285714285714286,0.6720965047613064,8,Children & Family Movies
1535,power_binger,380,0,238,18.51111111111111,80,73,1.095890410958904,0.8464536883687249,9,Sci-Fi & Fantasy
1536,casual_viewer,220,0,115,8.944444444444445,31,37,0.8378378378378378,0.5954696815604711,4,Comedies
1537,weekend_watcher,380,3,80,6.222222222222222,22,29,0.7586206896551724,0.7049333756206229,7,Kids' TV
1538,weekend_watcher,356,0,65,5.055555555555555,29,16,1.8125,0.7210458481673526,4,Romantic Movies
1539,weekend_watcher,717,3,62,4.822222222222222,16,20,0.8,0.7141186902582343,4,Stand-Up Comedy
1540,casual_viewer,174,0,89,6.922222222222222,33,30,1.1,0.5889200912722122,5,Documentaries
1541,weekend_watcher,323,1,86,6.688888888888888,28,33,0.8484848484848485,0.6750700425293937,5,Stand-Up Comedy
1542,casual_viewer,237,0,92,7.155555555555555,24,29,0.8275862068965517,0.6019518212169235,6,Romantic Movies
1543,casual_viewer,342,2,86,6.688888888888888,26,29,0.896551724137931,0.6016546243409522,6,Documentaries
1544,power_binger,449,0,253,19.677777777777777,88,81,1.0864197530864197,0.8501441181106768,7,TV Dramas
1545,casual_viewer,518,0,89,6.922222222222222,20,43,0.46511627906976744,0.6290183494493653,6,Comedies
1546,casual_viewer,202,1,85,6.611111111111111,25,24,1.0416666666666667,0.6021296907818342,5,Romantic Movies
1547,casual_viewer,443,0,92,7.155555555555555,36,23,1.565217391304348,0.5742371282871606,4,Documentaries
1548,weekend_watcher,499,0,83,6.455555555555556,29,31,0.9354838709677419,0.7162066105008766,9,Children & Family Movies
1549,casual_viewer,644,0,96,7.466666666666667,32,31,1.032258064516129,0.6303196550203316,5,Romantic Movies
1550,casual_viewer,114,3,98,7.622222222222222,32,45,0.7111111111111111,0.5946664072427236,4,Comedies
1551,power_binger,355,0,260,20.22222222222222,87,96,0.90625,0.8307927586840662,8,Sci-Fi & Fantasy
1552,casual_viewer,114,0,85,6.611111111111111,29,25,1.16,0.5928709561080636,6,Comedies
1553,casual_viewer,383,0,95,7.388888888888888,33,36,0.9166666666666666,0.5933928104350285,6,Romantic Movies
1554,casual_viewer,474,3,88,6.844444444444444,26,30,0.8666666666666667,0.5821041450464793,7,Comedies
1555,casual_viewer,194,0,100,7.777777777777778,37,35,1.0571428571428572,0.5781820961142812,8,Romantic Movies
1556,weekend_watcher,156,0,89,6.922222222222222,26,32,0.8125,0.7089101159133175,6,Stand-Up Comedy
1557,new_user,3,1,1,0.07777777777777778,1,0,2.0,0.5856839431546852,11,Documentaries
1558,casual_viewer,484,0,100,7.777777777777778,40,17,2.3529411764705883,0.5851188698038927,7,Documentaries
1559,churning_user,416,7,67,5.211111111111111,6,17,0.35294117647058826,0.3406659233358728,3,TV Dramas
1560,weekend_watcher,367,0,72,5.6,32,16,2.0,0.6820297810392469,8,Stand-Up Comedy
1561,new_user,16,1,10,0.7777777777777778,10,0,2.0,0.4884709236781471,12,Sports Movies
1562,churning_user,129,3,66,5.133333333333333,13,16,0.8125,0.2905209449214423,5,Thrillers
1563,weekend_watcher,510,0,80,6.222222222222222,29,23,1.2608695652173914,0.6964104037911356,5,Romantic Movies
1564,new_user,25,2,19,1.4777777777777776,19,0,2.0,0.46447729316453545,12,Dramas
1565,weekend_watcher,198,0,76,5.9111111111111105,25,22,1.1363636363636365,0.6834089181234076,4,Kids' TV
1566,casual_viewer,135,0,91,7.0777777777777775,24,35,0.6857142857142857,0.6144592647748701,6,Romantic Movies
1567,power_binger,566,1,260,20.22222222222222,81,100,0.81,0.8473721357712931,6,Sci-Fi & Fantasy
1568,power_binger,287,0,270,21.0,89,86,1.0348837209302326,0.849320181394811,7,Sci-Fi & Fantasy
1569,casual_viewer,662,0,88,6.844444444444444,32,24,1.3333333333333333,0.6016951603660843,6,Documentaries
1570,casual_viewer,300,0,104,8.088888888888889,30,28,1.0714285714285714,0.5866226676536413,7,Documentaries
1571,casual_viewer,548,0,95,7.388888888888888,33,34,0.9705882352941176,0.5868764127376879,7,Comedies
1572,churning_user,325,1,68,5.288888888888889,12,18,0.6666666666666666,0.2816918473475276,4,Crime TV Shows
1573,churning_user,326,5,62,4.822222222222222,10,18,0.5555555555555556,0.26573205935700056,5,Thrillers
1574,weekend_watcher,711,0,88,6.844444444444444,28,30,0.9333333333333333,0.7050386431924441,7,Stand-Up Comedy
1575,power_binger,404,0,299,23.255555555555553,90,104,0.8653846153846154,0.8514872165869618,5,Crime TV Shows
1576,casual_viewer,296,0,107,8.322222222222221,32,38,0.8421052631578947,0.5957550089429946,4,Romantic Movies
1577,weekend_watcher,663,3,95,7.388888888888888,26,34,0.7647058823529411,0.7207098055920105,8,Stand-Up Comedy
1578,weekend_watcher,110,1,74,5.7555555555555555,18,25,0.72,0.6896820000023381,6,Children & Family Movies
1579,new_user,6,0,3,0.23333333333333334,3,0,2.0,0.3231828589271912,11,International Movies
1580,weekend_watcher,606,0,86,6.688888888888888,28,30,0.9333333333333333,0.6929457631692593,7,Stand-Up Comedy
1581,weekend_watcher,338,2,75,5.833333333333333,27,17,1.588235294117647,0.6846422671849486,5,Romantic Movies
1582,casual_viewer,414,0,103,8.011111111111111,33,34,0.9705882352941176,0.6125119309504119,7,Romantic Movies
1583,casual_viewer,516,0,87,6.766666666666667,21,32,0.65625,0.633113187695263,5,Romantic Movies
1584,casual_viewer,262,0,98,7.622222222222222,38,38,1.0,0.5963854866203272,3,Romantic Movies
1585,churning_user,213,6,40,3.111111111111111,6,13,0.46153846153846156,0.2877599277231371,7,Thrillers
1586,new_user,1,0,1,0.07777777777777778,1,0,2.0,0.46605846543099294,15,TV Dramas
1587,casual_viewer,424,1,84,6.533333333333333,23,26,0.8846153846153846,0.5968862943326309,6,Comedies
1588,churning_user,181,8,58,4.511111111111111,9,17,0.5294117647058824,0.3085586409386436,5,TV Dramas
1589,casual_viewer,210,0,98,7.622222222222222,35,28,1.25,0.6168198097675441,8,Romantic Movies
1590,power_binger,344,0,269,20.92222222222222,93,94,0.9893617021276596,0.8440205794205698,8,Crime TV Shows
1591,power_binger,400,0,268,20.844444444444445,108,75,1.44,0.8531731868383076,8,Thrillers
1592,power_binger,697,0,273,21.23333333333333,94,71,1.323943661971831,0.8521463160649014,5,TV Dramas
1593,new_user,23,0,21,1.6333333333333333,21,0,2.0,0.5797264528151574,9,Comedies
1594,casual_viewer,720,1,84,6.533333333333333,28,26,1.0769230769230769,0.577477285510693,7,Documentaries
1595,weekend_watcher,490,0,80,6.222222222222222,22,25,0.88,0.6993600893799119,9,Kids' TV
1596,churning_user,412,7,49,3.811111111111111,8,15,0.5333333333333333,0.32531894428843317,8,Crime TV Shows
1597,power_binger,434,1,256,19.91111111111111,83,85,0.9764705882352941,0.8489945482841865,8,TV Dramas
1598,power_binger,717,0,233,18.12222222222222,75,80,0.9375,0.8556847624582181,8,Thrillers
1599,weekend_watcher,550,0,83,6.455555555555556,31,25,1.24,0.6837489547150772,8,Romantic Movies
1600,casual_viewer,499,4,106,8.244444444444444,28,33,0.8484848484848485,0.6161442433801001,5,Romantic Movies
1601,new_user,27,0,31,2.411111111111111,31,0,2.0,0.44512041944748637,12,Reality TV
1602,power_binger,491,0,297,23.099999999999998,102,96,1.0625,0.8509754153419339,9,TV Dramas
1603,churning_user,409,1,65,5.055555555555555,12,21,0.5714285714285714,0.30110360825825666,6,Crime TV Shows
1604,weekend_watcher,381,0,83,6.455555555555556,34,18,1.8888888888888888,0.7274867602066477,9,Romantic Movies
1605,casual_viewer,101,3,88,6.844444444444444,26,34,0.7647058823529411,0.5987595381027485,6,Romantic Movies
1606,casual_viewer,632,5,91,7.0777777777777775,36,22,1.6363636363636365,0.5857977994186724,6,Comedies
1607,new_user,23,0,10,0.7777777777777778,10,0,2.0,0.4972476089830054,15,Kids' TV
1608,casual_viewer,129,0,88,6.844444444444444,28,26,1.0769230769230769,0.6016691130689331,5,Documentaries
1609,casual_viewer,379,2,105,8.166666666666666,41,29,1.4137931034482758,0.5889599020518388,8,Romantic Movies
1610,casual_viewer,162,0,89,6.922222222222222,25,29,0.8620689655172413,0.6197367181743275,4,Romantic Movies
1611,casual_viewer,658,1,86,6.688888888888888,31,28,1.1071428571428572,0.5813442070863674,6,Comedies
1612,weekend_watcher,92,0,88,6.844444444444444,33,26,1.2692307692307692,0.7129562179604654,4,Children & Family Movies
1613,weekend_watcher,300,0,68,5.288888888888889,23,27,0.8518518518518519,0.7227767683937162,7,Stand-Up Comedy
1614,casual_viewer,235,0,100,7.777777777777778,35,28,1.25,0.6130875564789167,8,Comedies
1615,weekend_watcher,318,0,60,4.666666666666666,24,21,1.1428571428571428,0.7172180399301007,5,Children & Family Movies
1616,casual_viewer,566,0,83,6.455555555555556,26,21,1.2380952380952381,0.6078685143964617,4,Comedies
1617,power_binger,633,0,267,20.766666666666666,91,86,1.058139534883721,0.8569147593909527,8,Crime TV Shows
1618,churning_user,220,0,52,4.044444444444444,7,16,0.4375,0.2996692943047694,8,Thrillers
1619,new_user,17,1,7,0.5444444444444444,7,0,2.0,0.2740098934862429,10,Thrillers
1620,power_binger,613,0,246,19.133333333333333,81,80,1.0125,0.8478846688038302,5,TV Dramas
1621,casual_viewer,534,0,94,7.311111111111111,29,31,0.9354838709677419,0.6385431437204908,5,Documentaries
1622,churning_user,178,3,57,4.433333333333334,4,21,0.19047619047619047,0.28808422116769494,8,TV Dramas
1623,weekend_watcher,402,0,91,7.0777777777777775,32,31,1.032258064516129,0.6993042410945911,7,Kids' TV
1624,power_binger,649,0,254,19.755555555555556,80,80,1.0,0.8469750337520031,4,Thrillers
1625,casual_viewer,158,1,83,6.455555555555556,31,23,1.3478260869565217,0.6073122340381302,4,Documentaries
1626,weekend_watcher,716,1,81,6.3,25,34,0.7352941176470589,0.7133964267030214,7,Kids' TV
1627,casual_viewer,171,0,86,6.688888888888888,32,22,1.4545454545454546,0.5755629328114891,7,Comedies
1628,power_binger,721,0,259,20.144444444444442,74,87,0.8505747126436781,0.8465490290562114,5,Crime TV Shows
1629,power_binger,621,0,264,20.53333333333333,93,90,1.0333333333333334,0.8530450051250512,7,Crime TV Shows
1630,casual_viewer,382,0,82,6.377777777777777,30,34,0.8823529411764706,0.589184350375683,7,Documentaries
1631,casual_viewer,379,0,99,7.699999999999999,24,34,0.7058823529411765,0.6445545848904272,6,Comedies
1632,weekend_watcher,552,2,74,5.7555555555555555,28,22,1.2727272727272727,0.721052086234182,6,Children & Family Movies
1633,churning_user,246,4,55,4.277777777777778,13,10,1.3,0.309414039730861,3,Crime TV Shows
1634,churning_user,499,0,67,5.211111111111111,13,19,0.6842105263157895,0.2868693092100799,4,TV Dramas
1635,new_user,13,0,9,0.7,9,0,2.0,0.40926950439266013,9,Docuseries
1636,casual_viewer,263,0,87,6.766666666666667,28,26,1.0769230769230769,0.6019495651914374,4,Romantic Movies
1637,casual_viewer,659,1,89,6.922222222222222,35,27,1.2962962962962963,0.5899364849596357,8,Comedies
1638,new_user,14,0,11,0.8555555555555555,11,0,2.0,0.5582252293687827,13,Horror Movies
1639,casual_viewer,653,0,99,7.699999999999999,24,38,0.631578947368421,0.6190358771824568,3,Romantic Movies
1640,weekend_watcher,92,2,74,5.7555555555555555,23,18,1.2777777777777777,0.7065489323661966,9,Stand-Up Comedy
1641,weekend_watcher,609,1,89,6.922222222222222,28,30,0.9333333333333333,0.6665985702991157,4,Stand-Up Comedy
1642,power_binger,513,0,277,21.544444444444444,79,109,0.7247706422018348,0.8617729149652853,9,Thrillers
1643,casual_viewer,684,0,80,6.222222222222222,23,27,0.8518518518518519,0.5763369464205784,5,Comedies
1644,casual_viewer,526,0,88,6.844444444444444,24,24,1.0,0.5916988065924171,8,Documentaries
1645,power_binger,523,0,231,17.966666666666665,71,88,0.8068181818181818,0.8543127125026402,9,TV Dramas
1646,casual_viewer,101,0,110,8.555555555555555,38,40,0.95,0.5876087726761908,5,Documentaries
1647,casual_viewer,445,0,98,7.622222222222222,32,25,1.28,0.5807529630440273,8,Comedies
1648,weekend_watcher,382,0,70,5.444444444444445,22,25,0.88,0.7029463331503899,5,Kids' TV
1649,new_user,21,0,12,0.9333333333333333,12,0,2.0,0.5410794646772771,9,British TV Shows
1650,weekend_watcher,94,0,77,5.988888888888889,24,27,0.8888888888888888,0.6799117708593514,9,Stand-Up Comedy
1651,casual_viewer,200,0,86,6.688888888888888,31,32,0.96875,0.6039934733304375,5,Romantic Movies
1652,casual_viewer,715,1,88,6.844444444444444,20,33,0.6060606060606061,0.6128437810517214,7,Comedies
1653,casual_viewer,595,0,88,6.844444444444444,32,24,1.3333333333333333,0.604443283330222,3,Documentaries
1654,power_binger,255,0,227,17.655555555555555,70,74,0.9459459459459459,0.8473771781439529,7,TV Dramas
1655,new_user,10,0,7,0.5444444444444444,7,0,2.0,0.45898595404434106,10,International TV Shows
1656,casual_viewer,675,0,98,7.622222222222222,29,35,0.8285714285714286,0.5860157893290957,5,Romantic Movies
1657,casual_viewer,502,0,93,7.233333333333333,34,33,1.0303030303030303,0.604860159994932,8,Romantic Movies
1658,weekend_watcher,165,1,72,5.6,27,26,1.0384615384615385,0.7029922618857081,4,Kids' TV
1659,casual_viewer,555,0,90,7.0,31,27,1.1481481481481481,0.6261725598358847,6,Documentaries
1660,power_binger,353,0,236,18.355555555555554,86,73,1.178082191780822,0.8538202273947098,9,Thrillers
1661,power_binger,380,0,255,19.833333333333332,76,93,0.8172043010752689,0.861732522383978,5,Sci-Fi & Fantasy
1662,churning_user,394,0,43,3.344444444444444,5,12,0.4166666666666667,0.30546776938500764,6,Crime TV Shows
1663,weekend_watcher,91,1,73,5.677777777777777,28,20,1.4,0.720186626618213,9,Romantic Movies
1664,casual_viewer,137,0,81,6.3,30,24,1.25,0.6090075738489671,7,Romantic Movies
1665,new_user,6,1,5,0.3888888888888889,5,0,2.0,0.4819914964012086,14,Comedies
1666,weekend_watcher,193,0,59,4.588888888888889,22,20,1.1,0.6822814746530464,5,Children & Family Movies
1667,weekend_watcher,686,0,83,6.455555555555556,30,26,1.1538461538461537,0.7100710072405051,5,Children & Family Movies
1668,casual_viewer,469,2,96,7.466666666666667,30,33,0.9090909090909091,0.6339848511685059,4,Romantic Movies
1669,power_binger,192,0,242,18.822222222222223,74,89,0.8314606741573034,0.8584418907418614,7,TV Dramas
1670,weekend_watcher,462,1,83,6.455555555555556,24,30,0.8,0.6954132490633337,5,Kids' TV
1671,casual_viewer,412,0,91,7.0777777777777775,28,33,0.8484848484848485,0.6142380950960564,6,Romantic Movies
1672,churning_user,434,6,58,4.511111111111111,7,18,0.3888888888888889,0.23865870989415616,7,TV Dramas
1673,weekend_watcher,135,2,64,4.977777777777778,23,15,1.5333333333333334,0.6775631892458149,5,Kids' TV
1674,power_binger,575,0,270,21.0,100,94,1.0638297872340425,0.8573672783320616,4,Crime TV Shows
1675,weekend_watcher,213,0,78,6.066666666666666,26,23,1.1304347826086956,0.7126156360088364,4,Kids' TV
1676,new_user,13,1,12,0.9333333333333333,12,0,2.0,0.6637899263487484,14,International Movies
1677,weekend_watcher,121,3,73,5.677777777777777,22,34,0.6470588235294118,0.7155335770426068,8,Kids' TV
1678,casual_viewer,153,0,77,5.988888888888889,19,27,0.7037037037037037,0.6409583370839128,5,Documentaries
1679,weekend_watcher,387,0,74,5.7555555555555555,24,25,0.96,0.6952136865315468,4,Children & Family Movies
1680,churning_user,459,5,58,4.511111111111111,12,19,0.631578947368421,0.2681864783153901,7,Crime TV Shows
1681,weekend_watcher,458,0,84,6.533333333333333,28,28,1.0,0.6748859227055187,5,Kids' TV
1682,weekend_watcher,676,0,80,6.222222222222222,31,28,1.1071428571428572,0.6912630538024993,5,Kids' TV
1683,weekend_watcher,412,0,75,5.833333333333333,21,23,0.9130434782608695,0.6878721887305688,6,Romantic Movies
1684,casual_viewer,163,0,85,6.611111111111111,27,31,0.8709677419354839,0.5718260844401635,7,Romantic Movies
1685,power_binger,429,1,257,19.988888888888887,75,96,0.78125,0.8549345975185999,6,Crime TV Shows
1686,casual_viewer,554,0,98,7.622222222222222,23,34,0.6764705882352942,0.6140540610457176,4,Comedies
1687,churning_user,132,0,47,3.6555555555555554,3,18,0.16666666666666666,0.30080885893444453,5,Thrillers
1688,churning_user,159,3,62,4.822222222222222,6,22,0.2727272727272727,0.2947718303708394,8,TV Dramas
1689,churning_user,332,1,63,4.8999999999999995,10,22,0.45454545454545453,0.2931066609211427,8,TV Dramas
1690,casual_viewer,379,1,89,6.922222222222222,23,36,0.6388888888888888,0.5848655477123452,4,Comedies
1691,weekend_watcher,581,0,89,6.922222222222222,33,27,1.2222222222222223,0.694870813769911,9,Children & Family Movies
1692,new_user,4,0,7,0.5444444444444444,7,0,2.0,0.5075716878180506,10,Stand-Up Comedy
1693,casual_viewer,696,0,95,7.388888888888888,23,32,0.71875,0.5822754671298633,5,Comedies
1694,weekend_watcher,126,1,65,5.055555555555555,22,23,0.9565217391304348,0.691409967032222,9,Stand-Up Comedy
1695,churning_user,282,8,60,4.666666666666666,9,21,0.42857142857142855,0.2853125027337317,7,TV Dramas
1696,churning_user,491,0,61,4.7444444444444445,7,18,0.3888888888888889,0.2992913342812026,5,Thrillers
1697,power_binger,525,0,241,18.744444444444444,89,75,1.1866666666666668,0.845022618323695,8,Crime TV Shows
1698,weekend_watcher,433,0,96,7.466666666666667,39,28,1.3928571428571428,0.6891907696443282,7,Kids' TV
1699,new_user,16,0,8,0.6222222222222222,8,0,2.0,0.6008878399144795,10,TV Comedies
1700,weekend_watcher,137,1,84,6.533333333333333,31,28,1.1071428571428572,0.7001439673043768,5,Stand-Up Comedy
1701,new_user,16,0,10,0.7777777777777778,10,0,2.0,0.47652205695952954,13,Stand-Up Comedy
1702,new_user,28,2,19,1.4777777777777776,19,0,2.0,0.4242551288425491,12,Sci-Fi & Fantasy
1703,casual_viewer,220,0,89,6.922222222222222,28,23,1.2173913043478262,0.5927718830352718,7,Romantic Movies
1704,churning_user,400,2,50,3.888888888888889,6,21,0.2857142857142857,0.24157610244744368,5,Thrillers
1705,casual_viewer,272,0,77,5.988888888888889,23,28,0.8214285714285714,0.6262418348821456,6,Comedies
1706,new_user,25,0,20,1.5555555555555556,20,0,2.0,0.5674514025816292,11,Horror Movies
1707,power_binger,657,0,253,19.677777777777777,94,78,1.205128205128205,0.8549656257833304,5,Thrillers
1708,casual_viewer,228,2,96,7.466666666666667,29,33,0.8787878787878788,0.5947056985969043,8,Documentaries
1709,weekend_watcher,458,0,81,6.3,24,32,0.75,0.7181525326813472,5,Romantic Movies
1710,casual_viewer,698,0,97,7.544444444444444,27,33,0.8181818181818182,0.6223009791834159,8,Documentaries
1711,weekend_watcher,250,1,67,5.211111111111111,26,25,1.04,0.7056835831631054,4,Romantic Movies
1712,casual_viewer,404,1,99,7.699999999999999,36,28,1.2857142857142858,0.618342604513039,3,Comedies
1713,new_user,20,3,15,1.1666666666666665,15,0,2.0,0.45925553038954886,11,Action & Adventure
1714,weekend_watcher,649,0,77,5.988888888888889,23,27,0.8518518518518519,0.7026778612755494,9,Romantic Movies
1715,casual_viewer,654,0,86,6.688888888888888,31,26,1.1923076923076923,0.6409362056287333,5,Romantic Movies
1716,weekend_watcher,141,2,90,7.0,23,30,0.7666666666666667,0.664235049561945,6,Kids' TV
1717,casual_viewer,614,0,88,6.844444444444444,27,31,0.8709677419354839,0.5950348143462043,8,Romantic Movies
1718,churning_user,89,8,58,4.511111111111111,8,18,0.4444444444444444,0.30087262231823114,8,Thrillers
1719,churning_user,85,4,51,3.9666666666666663,5,16,0.3125,0.3029668689691178,8,Thrillers
1720,weekend_watcher,628,0,87,6.766666666666667,32,26,1.2307692307692308,0.6806994008311446,7,Kids' TV
1721,power_binger,618,0,271,21.077777777777776,93,87,1.0689655172413792,0.8477899795402317,8,Crime TV Shows
1722,casual_viewer,571,0,89,6.922222222222222,32,36,0.8888888888888888,0.5874001516954498,8,Comedies
1723,weekend_watcher,226,0,88,6.844444444444444,30,35,0.8571428571428571,0.7006337429379955,6,Stand-Up Comedy
1724,churning_user,155,7,66,5.133333333333333,6,15,0.4,0.28826860057701575,4,Thrillers
1725,casual_viewer,234,0,83,6.455555555555556,23,31,0.7419354838709677,0.5979774576402069,7,Comedies
1726,power_binger,600,0,266,20.688888888888886,101,91,1.10989010989011,0.8496820921795813,8,TV Dramas
1727,casual_viewer,683,0,83,6.455555555555556,26,28,0.9285714285714286,0.5900391973178996,7,Documentaries
1728,weekend_watcher,217,0,72,5.6,27,21,1.2857142857142858,0.7255294154131136,4,Kids' TV
1729,power_binger,506,0,263,20.455555555555556,93,72,1.2916666666666667,0.8395648495669048,6,TV Dramas
1730,casual_viewer,563,0,93,7.233333333333333,28,31,0.9032258064516129,0.5892415277140685,8,Romantic Movies
1731,new_user,2,90,0,0.0,0,0,0.0,0.0,12,Reality TV
1732,power_binger,507,0,257,19.988888888888887,71,86,0.8255813953488372,0.8518989684963795,5,Sci-Fi & Fantasy
1733,weekend_watcher,99,0,86,6.688888888888888,35,27,1.2962962962962963,0.706850239577178,9,Romantic Movies
1734,casual_viewer,496,1,97,7.544444444444444,32,26,1.2307692307692308,0.5960065810352991,6,Documentaries
1735,weekend_watcher,599,1,63,4.8999999999999995,24,21,1.1428571428571428,0.6984555041818451,5,Kids' TV
1736,weekend_watcher,276,1,70,5.444444444444445,21,19,1.105263157894737,0.6885302156813891,8,Romantic Movies
1737,weekend_watcher,560,0,85,6.611111111111111,24,33,0.7272727272727273,0.663379761058163,7,Children & Family Movies
1738,casual_viewer,149,1,110,8.555555555555555,31,36,0.8611111111111112,0.5976112901873052,6,Documentaries
1739,churning_user,246,3,58,4.511111111111111,5,12,0.4166666666666667,0.30588881392435835,8,TV Dramas
1740,weekend_watcher,387,0,78,6.066666666666666,27,26,1.0384615384615385,0.696586088105937,5,Romantic Movies
1741,casual_viewer,607,1,101,7.855555555555555,26,34,0.7647058823529411,0.5889257187146907,7,Comedies
1742,casual_viewer,428,0,102,7.933333333333333,36,29,1.2413793103448276,0.629547117378791,8,Documentaries
1743,power_binger,696,0,235,18.27777777777778,82,76,1.0789473684210527,0.8517904126212617,8,Sci-Fi & Fantasy
1744,new_user,7,1,3,0.23333333333333334,3,0,2.0,0.37829790138295233,11,Reality TV
1745,weekend_watcher,357,3,85,6.611111111111111,29,22,1.3181818181818181,0.6994431391733078,4,Kids' TV
1746,churning_user,448,0,63,4.8999999999999995,10,16,0.625,0.278635915067948,3,Crime TV Shows
1747,weekend_watcher,613,0,79,6.144444444444444,24,27,0.8888888888888888,0.7058521619164777,9,Romantic Movies
1748,churning_user,188,6,52,4.044444444444444,5,18,0.2777777777777778,0.3276933797653584,7,Crime TV Shows
1749,casual_viewer,670,0,96,7.466666666666667,23,36,0.6388888888888888,0.5887258964769768,3,Comedies
1750,casual_viewer,455,1,104,8.088888888888889,39,37,1.054054054054054,0.5994961799376834,6,Comedies
1751,churning_user,219,3,52,4.044444444444444,8,16,0.5,0.28870973745861445,3,Thrillers
1752,casual_viewer,534,0,97,7.544444444444444,26,32,0.8125,0.5905645711445419,8,Comedies
1753,weekend_watcher,554,4,61,4.7444444444444445,20,23,0.8695652173913043,0.7147646869767839,9,Children & Family Movies
1754,weekend_watcher,215,0,66,5.133333333333333,26,23,1.1304347826086956,0.6855608345609767,6,Children & Family Movies
1755,casual_viewer,219,0,86,6.688888888888888,21,32,0.65625,0.6214237426883531,4,Documentaries
1756,churning_user,206,12,52,4.044444444444444,4,17,0.23529411764705882,0.2658417970382732,7,TV Dramas
1757,power_binger,553,0,290,22.555555555555554,93,91,1.021978021978022,0.8589351934744751,5,Thrillers
1758,new_user,9,5,5,0.3888888888888889,5,0,2.0,0.5094186947140559,13,Comedies
1759,new_user,29,0,22,1.711111111111111,22,0,2.0,0.6216178667340537,12,Dramas
1760,new_user,15,0,10,0.7777777777777778,10,0,2.0,0.6651122591713226,10,Reality TV
1761,casual_viewer,452,0,70,5.444444444444445,21,24,0.875,0.5808491070825853,4,Documentaries
1762,power_binger,485,0,230,17.88888888888889,55,85,0.6470588235294118,0.8440421163335973,4,Sci-Fi & Fantasy
1763,casual_viewer,483,4,85,6.611111111111111,28,27,1.037037037037037,0.6168231591000641,6,Romantic Movies
1764,power_binger,471,1,254,19.755555555555556,71,95,0.7473684210526316,0.8482129271868091,5,Crime TV Shows
1765,power_binger,711,0,253,19.677777777777777,89,83,1.072289156626506,0.8474608344803078,5,Sci-Fi & Fantasy
1766,power_binger,417,0,253,19.677777777777777,82,89,0.9213483146067416,0.8436736658334506,6,Thrillers
1767,new_user,20,2,12,0.9333333333333333,12,0,2.0,0.44512219466936065,12,Thrillers
1768,power_binger,518,1,299,23.255555555555553,112,84,1.3333333333333333,0.8498429339879443,6,Crime TV Shows
1769,power_binger,412,0,248,19.288888888888888,92,74,1.2432432432432432,0.845904335703879,7,Sci-Fi & Fantasy
1770,weekend_watcher,286,0,69,5.366666666666666,23,23,1.0,0.6997825917474345,7,Kids' TV
1771,churning_user,215,0,67,5.211111111111111,6,28,0.21428571428571427,0.26445635800063627,6,TV Dramas
1772,weekend_watcher,293,0,81,6.3,22,32,0.6875,0.7165547349083865,7,Stand-Up Comedy
1773,churning_user,142,8,70,5.444444444444445,10,12,0.8333333333333334,0.3005750682116574,5,Thrillers
1774,weekend_watcher,503,0,76,5.9111111111111105,30,20,1.5,0.6660642865735878,9,Children & Family Movies
1775,churning_user,156,3,57,4.433333333333334,5,12,0.4166666666666667,0.3382598442297565,6,Crime TV Shows
1776,churning_user,419,4,53,4.122222222222222,13,11,1.1818181818181819,0.2811572357504289,4,Crime TV Shows
1777,weekend_watcher,513,2,86,6.688888888888888,31,25,1.24,0.6736262087141709,9,Romantic Movies
1778,casual_viewer,614,1,91,7.0777777777777775,28,26,1.0769230769230769,0.6287143712367601,8,Romantic Movies
1779,casual_viewer,90,2,98,7.622222222222222,34,28,1.2142857142857142,0.6152442579384532,3,Documentaries
1780,casual_viewer,326,0,108,8.4,37,28,1.3214285714285714,0.6016035310184691,8,Romantic Movies
1781,power_binger,222,0,263,20.455555555555556,79,107,0.7383177570093458,0.8429388503149023,8,Thrillers
1782,weekend_watcher,133,0,71,5.522222222222222,21,27,0.7777777777777778,0.7294619777374723,9,Stand-Up Comedy
1783,casual_viewer,229,3,91,7.0777777777777775,35,22,1.5909090909090908,0.5881745209188955,3,Documentaries
1784,power_binger,654,0,267,20.766666666666666,89,92,0.967391304347826,0.8569107767548438,7,Sci-Fi & Fantasy
1785,casual_viewer,94,1,101,7.855555555555555,32,28,1.1428571428571428,0.6126565311689645,7,Documentaries
1786,weekend_watcher,451,0,76,5.9111111111111105,33,26,1.2692307692307692,0.6926770097336029,5,Stand-Up Comedy
1787,casual_viewer,590,1,89,6.922222222222222,28,26,1.0769230769230769,0.6264708966838269,8,Comedies
1788,churning_user,308,5,62,4.822222222222222,10,18,0.5555555555555556,0.30441500330926957,7,Crime TV Shows
1789,weekend_watcher,505,2,71,5.522222222222222,21,19,1.105263157894737,0.6404230373942774,6,Children & Family Movies
1790,power_binger,290,0,241,18.744444444444444,82,74,1.1081081081081081,0.8557082494695177,6,Sci-Fi & Fantasy
1791,weekend_watcher,718,0,76,5.9111111111111105,34,24,1.4166666666666667,0.7055967508951195,6,Romantic Movies
1792,casual_viewer,314,1,102,7.933333333333333,36,37,0.972972972972973,0.587059080665717,4,Comedies
1793,casual_viewer,597,2,102,7.933333333333333,31,38,0.8157894736842105,0.5529821575574811,7,Documentaries
1794,churning_user,255,1,61,4.7444444444444445,7,21,0.3333333333333333,0.29335958182549104,5,TV Dramas
1795,new_user,8,0,4,0.3111111111111111,4,0,2.0,0.7413196813064392,11,Sports Movies
1796,casual_viewer,148,0,89,6.922222222222222,20,35,0.5714285714285714,0.5916214622101923,8,Comedies
1797,churning_user,401,10,47,3.6555555555555554,6,14,0.42857142857142855,0.24976881875180068,6,Crime TV Shows
1798,casual_viewer,525,2,95,7.388888888888888,16,39,0.41025641025641024,0.6269048141979937,3,Comedies
1799,churning_user,270,6,61,4.7444444444444445,8,19,0.42105263157894735,0.30257213384049303,5,TV Dramas
1800,churning_user,162,0,52,4.044444444444444,10,15,0.6666666666666666,0.3117984713641632,3,Crime TV Shows
1801,churning_user,293,2,62,4.822222222222222,11,17,0.6470588235294118,0.2665273612992337,5,Crime TV Shows
1802,churning_user,337,0,52,4.044444444444444,9,7,1.2857142857142858,0.28947681162821115,4,TV Dramas
1803,power_binger,305,0,248,19.288888888888888,82,80,1.025,0.8627736342832385,9,TV Dramas
1804,churning_user,75,11,29,2.2555555555555555,6,12,0.5,0.3113325591934859,7,Crime TV Shows
1805,churning_user,272,1,76,5.9111111111111105,15,22,0.6818181818181818,0.28030507844896446,5,Thrillers
1806,churning_user,160,2,52,4.044444444444444,5,20,0.25,0.3296892266040246,7,TV Dramas
1807,power_binger,455,0,235,18.27777777777778,85,71,1.1971830985915493,0.8624220878930784,4,Thrillers
1808,casual_viewer,492,1,70,5.444444444444445,20,29,0.6896551724137931,0.6172905229563463,6,Comedies
1809,casual_viewer,562,0,93,7.233333333333333,25,34,0.7352941176470589,0.6267617416910092,4,Romantic Movies
1810,power_binger,560,0,272,21.155555555555555,91,95,0.9578947368421052,0.852277754667686,4,Crime TV Shows
1811,casual_viewer,156,0,120,9.333333333333332,34,33,1.0303030303030303,0.5949983582887722,5,Comedies
1812,casual_viewer,234,1,77,5.988888888888889,16,34,0.47058823529411764,0.5843471641406716,4,Romantic Movies
1813,weekend_watcher,174,1,74,5.7555555555555555,30,24,1.25,0.7192323536422068,6,Romantic Movies
1814,casual_viewer,680,1,96,7.466666666666667,27,35,0.7714285714285715,0.5695837895991217,4,Documentaries
1815,weekend_watcher,712,0,87,6.766666666666667,30,30,1.0,0.7085667579640544,8,Children & Family Movies
1816,churning_user,280,0,72,5.6,10,17,0.5882352941176471,0.2980493442625733,5,TV Dramas
1817,weekend_watcher,654,0,81,6.3,29,26,1.1153846153846154,0.6897049846320293,5,Kids' TV
1818,casual_viewer,450,2,87,6.766666666666667,19,35,0.5428571428571428,0.5760518258210012,3,Documentaries
1819,casual_viewer,290,1,101,7.855555555555555,36,31,1.1612903225806452,0.611965445926079,3,Romantic Movies
1820,churning_user,472,4,66,5.133333333333333,8,16,0.5,0.30345729076131284,6,Thrillers
1821,new_user,24,3,12,0.9333333333333333,12,0,2.0,0.5232987523023837,14,Sports Movies
1822,casual_viewer,410,1,87,6.766666666666667,31,27,1.1481481481481481,0.617388578124123,5,Romantic Movies
1823,churning_user,384,0,44,3.422222222222222,5,10,0.5,0.31369337889452104,8,Crime TV Shows
1824,churning_user,148,0,65,5.055555555555555,10,19,0.5263157894736842,0.3382916103196919,3,Crime TV Shows
1825,weekend_watcher,612,0,82,6.377777777777777,30,23,1.3043478260869565,0.7160256540840232,6,Children & Family Movies
1826,power_binger,201,0,261,20.3,87,92,0.9456521739130435,0.8442211606863657,5,Crime TV Shows
1827,churning_user,422,15,51,3.9666666666666663,6,12,0.5,0.3111928559388364,3,TV Dramas
1828,casual_viewer,623,0,81,6.3,33,25,1.32,0.5800761101620027,5,Comedies
1829,new_user,25,0,12,0.9333333333333333,12,0,2.0,0.35586921593675874,8,Stand-Up Comedy
1830,casual_viewer,127,0,88,6.844444444444444,29,27,1.0740740740740742,0.6364284978968703,5,Comedies
1831,casual_viewer,105,2,89,6.922222222222222,24,28,0.8571428571428571,0.5804069279872919,3,Romantic Movies
1832,new_user,15,0,14,1.0888888888888888,14,0,2.0,0.5586985490097406,15,Kids' TV
1833,casual_viewer,619,0,99,7.699999999999999,28,37,0.7567567567567568,0.5928785680273576,5,Romantic Movies
1834,power_binger,611,0,237,18.433333333333334,71,86,0.8255813953488372,0.8483468120869979,5,Thrillers
1835,casual_viewer,578,0,94,7.311111111111111,35,26,1.3461538461538463,0.5976449872110623,6,Comedies
1836,power_binger,716,0,239,18.58888888888889,70,83,0.8433734939759037,0.8525726468054212,9,TV Dramas
1837,power_binger,541,0,274,21.31111111111111,82,108,0.7592592592592593,0.846546031393293,9,Thrillers
1838,casual_viewer,644,0,93,7.233333333333333,32,25,1.28,0.5875531968508118,7,Documentaries
1839,weekend_watcher,91,1,70,5.444444444444445,30,18,1.6666666666666667,0.7091700986620979,5,Children & Family Movies
1840,weekend_watcher,725,0,69,5.366666666666666,26,22,1.1818181818181819,0.7187213507772908,6,Romantic Movies
1841,power_binger,287,0,262,20.377777777777776,78,94,0.8297872340425532,0.8459305172838281,5,TV Dramas
1842,churning_user,330,2,64,4.977777777777778,11,15,0.7333333333333333,0.2660651015746359,6,Thrillers
1843,power_binger,579,0,293,22.788888888888888,105,105,1.0,0.8381407163674192,8,Thrillers
1844,new_user,16,1,14,1.0888888888888888,14,0,2.0,0.4867122702934586,12,Thrillers
1845,power_binger,570,0,261,20.3,91,82,1.1097560975609757,0.8587170005331668,5,Thrillers
1846,churning_user,291,3,60,4.666666666666666,7,16,0.4375,0.30981058256658944,5,TV Dramas
1847,casual_viewer,415,1,85,6.611111111111111,28,32,0.875,0.6133734806060771,4,Comedies
1848,churning_user,200,8,57,4.433333333333334,16,12,1.3333333333333333,0.30609618313699355,3,Crime TV Shows
1849,casual_viewer,95,2,92,7.155555555555555,21,27,0.7777777777777778,0.604414469591681,3,Documentaries
1850,weekend_watcher,579,3,64,4.977777777777778,18,22,0.8181818181818182,0.7049047484461044,5,Children & Family Movies
1851,casual_viewer,396,0,89,6.922222222222222,17,32,0.53125,0.6115431186050871,4,Romantic Movies
1852,new_user,5,0,6,0.4666666666666667,6,0,2.0,0.49196757369402366,13,Music & Musicals
1853,churning_user,197,15,59,4.588888888888889,4,17,0.23529411764705882,0.2862719518026512,6,TV Dramas
1854,weekend_watcher,678,2,59,4.588888888888889,28,11,2.5454545454545454,0.6637936349392904,6,Romantic Movies
1855,weekend_watcher,104,0,68,5.288888888888889,24,27,0.8888888888888888,0.7040937255778426,5,Stand-Up Comedy
1856,new_user,1,0,3,0.23333333333333334,3,0,2.0,0.3598871742535415,12,Music & Musicals
1857,casual_viewer,166,0,94,7.311111111111111,29,26,1.1153846153846154,0.5993234722623575,4,Documentaries
1858,casual_viewer,438,0,87,6.766666666666667,26,24,1.0833333333333333,0.6214852290401374,4,Documentaries
1859,casual_viewer,355,1,88,6.844444444444444,28,27,1.037037037037037,0.5885532455470458,5,Comedies
1860,casual_viewer,372,0,79,6.144444444444444,33,22,1.5,0.6017242126846519,6,Romantic Movies
1861,churning_user,298,0,69,5.366666666666666,12,22,0.5454545454545454,0.27326694324662765,8,Crime TV Shows
1862,new_user,5,3,3,0.23333333333333334,3,0,2.0,0.7312213914208582,8,Sports Movies
1863,new_user,22,1,13,1.011111111111111,13,0,2.0,0.49799869296967186,13,Kids' TV
1864,churning_user,356,1,69,5.366666666666666,14,15,0.9333333333333333,0.3174912070775529,3,TV Dramas
1865,churning_user,336,0,65,5.055555555555555,9,19,0.47368421052631576,0.2745733525080747,5,Crime TV Shows
1866,weekend_watcher,583,1,69,5.366666666666666,21,25,0.84,0.7200839272710833,6,Kids' TV
1867,new_user,25,3,22,1.711111111111111,22,0,2.0,0.5732670336616323,15,Documentaries
1868,casual_viewer,668,1,91,7.0777777777777775,30,26,1.1538461538461537,0.6224261117829506,5,Comedies
1869,churning_user,489,3,66,5.133333333333333,9,24,0.375,0.27373422105175677,8,Thrillers
1870,weekend_watcher,271,1,75,5.833333333333333,16,24,0.6666666666666666,0.7110089807982084,5,Romantic Movies
1871,casual_viewer,439,0,88,6.844444444444444,27,28,0.9642857142857143,0.5915253470634922,7,Romantic Movies
1872,casual_viewer,103,0,87,6.766666666666667,25,27,0.9259259259259259,0.5808655346724239,8,Comedies
1873,new_user,6,0,4,0.3111111111111111,4,0,2.0,0.16015424550863122,11,Dramas
1874,new_user,25,0,16,1.2444444444444445,16,0,2.0,0.5440967921105575,15,Children & Family Movies
1875,new_user,16,1,9,0.7,9,0,2.0,0.4461042138561211,13,International Movies
1876,weekend_watcher,478,0,83,6.455555555555556,21,29,0.7241379310344828,0.7069575973412083,5,Stand-Up Comedy
1877,casual_viewer,173,0,96,7.466666666666667,27,33,0.8181818181818182,0.5616836039816415,5,Comedies
1878,casual_viewer,167,0,93,7.233333333333333,28,27,1.037037037037037,0.599482548291126,7,Documentaries
1879,churning_user,179,4,66,5.133333333333333,15,20,0.75,0.3375328163469196,6,Crime TV Shows
1880,churning_user,260,4,65,5.055555555555555,10,19,0.5263157894736842,0.29715882718760117,8,TV Dramas
1881,churning_user,457,0,45,3.5,8,10,0.8,0.29400260528907785,5,TV Dramas
1882,churning_user,194,3,67,5.211111111111111,12,17,0.7058823529411765,0.2658246246826732,4,Crime TV Shows
1883,casual_viewer,252,1,93,7.233333333333333,36,24,1.5,0.6150182024914618,3,Documentaries
1884,weekend_watcher,486,0,83,6.455555555555556,28,29,0.9655172413793104,0.710110323204379,6,Stand-Up Comedy
1885,casual_viewer,700,2,100,7.777777777777778,34,34,1.0,0.5996283541395829,7,Romantic Movies
1886,casual_viewer,698,4,76,5.9111111111111105,17,29,0.5862068965517241,0.6408678395090601,6,Romantic Movies
1887,power_binger,665,0,253,19.677777777777777,86,79,1.0886075949367089,0.8554502411388138,4,Crime TV Shows
1888,power_binger,698,0,227,17.655555555555555,74,73,1.0136986301369864,0.8525637005599893,4,Thrillers
1889,weekend_watcher,376,1,80,6.222222222222222,26,30,0.8666666666666667,0.7185082946337328,9,Kids' TV
1890,casual_viewer,275,0,92,7.155555555555555,31,24,1.2916666666666667,0.6160884087961407,4,Romantic Movies
1891,casual_viewer,418,0,89,6.922222222222222,20,37,0.5405405405405406,0.6250305245284491,3,Romantic Movies
1892,weekend_watcher,439,0,74,5.7555555555555555,27,25,1.08,0.7034760965052176,8,Kids' TV
1893,churning_user,263,11,53,4.122222222222222,2,19,0.10526315789473684,0.2711420691874971,5,Crime TV Shows
1894,power_binger,707,0,255,19.833333333333332,77,92,0.8369565217391305,0.8587112753163522,5,TV Dramas
1895,casual_viewer,409,0,86,6.688888888888888,30,21,1.4285714285714286,0.6156055655603475,7,Comedies
1896,power_binger,359,0,271,21.077777777777776,103,95,1.0842105263157895,0.8542705914547523,4,Sci-Fi & Fantasy
1897,churning_user,149,9,63,4.8999999999999995,9,23,0.391304347826087,0.31213962913633,8,Thrillers
1898,casual_viewer,293,0,104,8.088888888888889,30,34,0.8823529411764706,0.6234181925108095,5,Documentaries
1899,power_binger,258,0,273,21.23333333333333,83,90,0.9222222222222223,0.8569397716249185,9,Thrillers
1900,power_binger,281,0,250,19.444444444444443,89,74,1.2027027027027026,0.8468134022649447,7,Thrillers
1901,churning_user,431,1,49,3.811111111111111,7,9,0.7777777777777778,0.2697073820262254,5,Crime TV Shows
1902,power_binger,562,0,252,19.599999999999998,81,91,0.8901098901098901,0.8508664921896659,8,Crime TV Shows
1903,weekend_watcher,703,0,75,5.833333333333333,22,21,1.0476190476190477,0.6944321011060672,8,Kids' TV
1904,power_binger,216,0,257,19.988888888888887,92,69,1.3333333333333333,0.8506315210030417,4,Sci-Fi & Fantasy
1905,churning_user,168,0,55,4.277777777777778,10,17,0.5882352941176471,0.2983376110627433,8,Thrillers
1906,casual_viewer,132,0,93,7.233333333333333,30,24,1.25,0.6074970752838312,3,Comedies
1907,casual_viewer,712,0,101,7.855555555555555,30,33,0.9090909090909091,0.5876758518884617,8,Documentaries
1908,power_binger,229,0,242,18.822222222222223,82,76,1.0789473684210527,0.8389833344802332,9,Sci-Fi & Fantasy
1909,weekend_watcher,100,0,83,6.455555555555556,26,35,0.7428571428571429,0.7284055378720975,8,Kids' TV
1910,weekend_watcher,126,0,77,5.988888888888889,30,21,1.4285714285714286,0.6904892165179712,4,Kids' TV
1911,power_binger,659,0,244,18.977777777777778,86,81,1.0617283950617284,0.8599725796186817,8,Sci-Fi & Fantasy
1912,power_binger,676,0,238,18.51111111111111,81,81,1.0,0.8469205883468235,4,Sci-Fi & Fantasy
1913,new_user,23,4,15,1.1666666666666665,15,0,2.0,0.5727091478100692,13,Music & Musicals
1914,churning_user,173,1,51,3.9666666666666663,6,13,0.46153846153846156,0.3453135986144693,7,Thrillers
1915,power_binger,314,0,249,19.366666666666667,84,88,0.9545454545454546,0.8529360238347472,8,Crime TV Shows
1916,casual_viewer,610,0,91,7.0777777777777775,25,31,0.8064516129032258,0.5869892551984489,7,Documentaries
1917,churning_user,411,5,64,4.977777777777778,7,12,0.5833333333333334,0.2993185532466961,6,Crime TV Shows
1918,weekend_watcher,171,0,61,4.7444444444444445,23,18,1.2777777777777777,0.6742209330016701,4,Children & Family Movies
1919,churning_user,465,0,64,4.977777777777778,7,17,0.4117647058823529,0.31503484106950735,8,TV Dramas
1920,new_user,26,1,20,1.5555555555555556,20,0,2.0,0.5315434357030171,9,Comedies
1921,casual_viewer,405,3,91,7.0777777777777775,28,29,0.9655172413793104,0.5828214548241,6,Comedies
1922,casual_viewer,102,1,99,7.699999999999999,28,35,0.8,0.5909291941321619,5,Documentaries
1923,casual_viewer,586,2,97,7.544444444444444,21,44,0.4772727272727273,0.6068352788637368,5,Romantic Movies
1924,casual_viewer,555,0,87,6.766666666666667,29,26,1.1153846153846154,0.5568198994155166,8,Comedies
1925,casual_viewer,233,0,90,7.0,22,40,0.55,0.5725704100218212,8,Documentaries
1926,power_binger,645,0,244,18.977777777777778,88,96,0.9166666666666666,0.8572464755814276,4,Crime TV Shows
1927,casual_viewer,341,2,110,8.555555555555555,29,37,0.7837837837837838,0.5944762766255657,5,Romantic Movies
1928,weekend_watcher,94,0,76,5.9111111111111105,21,27,0.7777777777777778,0.7207143267277764,7,Kids' TV
1929,power_binger,674,0,271,21.077777777777776,91,95,0.9578947368421052,0.8477998246998734,7,Thrillers
1930,casual_viewer,245,3,97,7.544444444444444,33,31,1.064516129032258,0.6066622561799899,8,Comedies
1931,churning_user,172,3,53,4.122222222222222,12,14,0.8571428571428571,0.2808779128470996,7,Thrillers
1932,churning_user,181,3,64,4.977777777777778,11,13,0.8461538461538461,0.3148862013285808,5,TV Dramas
1933,weekend_watcher,367,1,77,5.988888888888889,25,29,0.8620689655172413,0.70960582911272,4,Romantic Movies
1934,weekend_watcher,498,1,68,5.288888888888889,22,21,1.0476190476190477,0.7044952291069401,8,Romantic Movies
1935,weekend_watcher,185,0,82,6.377777777777777,33,27,1.2222222222222223,0.7024907809101308,6,Children & Family Movies
1936,power_binger,396,0,288,22.4,90,91,0.989010989010989,0.8532470926390352,6,Sci-Fi & Fantasy
1937,casual_viewer,530,1,83,6.455555555555556,34,27,1.2592592592592593,0.6041809816418929,8,Comedies
1938,churning_user,404,0,52,4.044444444444444,5,9,0.5555555555555556,0.3527802159741587,6,Crime TV Shows
1939,casual_viewer,142,0,93,7.233333333333333,22,37,0.5945945945945946,0.6050506380776142,6,Documentaries
1940,power_binger,589,0,255,19.833333333333332,93,87,1.0689655172413792,0.8564060869713328,7,Crime TV Shows
1941,casual_viewer,150,0,104,8.088888888888889,42,24,1.75,0.6222919677090594,4,Romantic Movies
1942,casual_viewer,357,0,95,7.388888888888888,30,31,0.967741935483871,0.5826743650464078,7,Romantic Movies
1943,casual_viewer,356,0,87,6.766666666666667,26,30,0.8666666666666667,0.5833815469108786,8,Romantic Movies
1944,power_binger,328,0,240,18.666666666666664,70,80,0.875,0.846775359316023,5,Sci-Fi & Fantasy
1945,weekend_watcher,576,0,75,5.833333333333333,27,22,1.2272727272727273,0.7081257941933069,9,Romantic Movies
1946,new_user,6,1,5,0.3888888888888889,5,0,2.0,0.5935772313282383,10,TV Dramas
1947,casual_viewer,335,0,72,5.6,21,23,0.9130434782608695,0.6225536330476094,7,Comedies
1948,new_user,2,0,2,0.15555555555555556,2,0,2.0,0.6187632517930259,15,Romantic Movies
1949,power_binger,650,0,247,19.21111111111111,85,88,0.9659090909090909,0.8430731741064602,5,Crime TV Shows
1950,new_user,5,2,3,0.23333333333333334,3,0,2.0,0.5494625047421655,9,Crime TV Shows
1951,new_user,19,2,16,1.2444444444444445,16,0,2.0,0.4319351214809537,14,Action & Adventure
1952,power_binger,504,0,267,20.766666666666666,93,84,1.1071428571428572,0.8406221743118082,9,Crime TV Shows
1953,weekend_watcher,402,0,76,5.9111111111111105,27,21,1.2857142857142858,0.6983428060887641,9,Children & Family Movies
1954,new_user,18,0,20,1.5555555555555556,20,0,2.0,0.4748552681336671,14,Children & Family Movies
1955,new_user,27,1,17,1.3222222222222222,17,0,2.0,0.6150163572013527,12,Romantic Movies
1956,new_user,25,1,16,1.2444444444444445,16,0,2.0,0.4802152363343254,13,Children & Family Movies
1957,churning_user,443,7,53,4.122222222222222,7,19,0.3684210526315789,0.2859420413966482,3,Crime TV Shows
1958,power_binger,394,1,240,18.666666666666664,66,89,0.7415730337078652,0.8418795600413757,7,TV Dramas
1959,weekend_watcher,94,0,86,6.688888888888888,30,27,1.1111111111111112,0.7216961630371613,9,Stand-Up Comedy
1960,churning_user,488,6,60,4.666666666666666,10,16,0.625,0.3240903747368783,7,Thrillers
1961,churning_user,413,6,47,3.6555555555555554,4,14,0.2857142857142857,0.29502966787556767,5,Crime TV Shows
1962,casual_viewer,596,0,100,7.777777777777778,32,29,1.103448275862069,0.587342506203993,5,Romantic Movies
1963,churning_user,168,7,59,4.588888888888889,8,11,0.7272727272727273,0.28049947941702913,8,Thrillers
1964,power_binger,634,0,252,19.599999999999998,82,93,0.8817204301075269,0.8530167133971389,8,Thrillers
1965,weekend_watcher,167,0,95,7.388888888888888,32,31,1.032258064516129,0.7344069365286525,8,Romantic Movies
1966,power_binger,586,0,286,22.244444444444444,89,90,0.9888888888888889,0.8572849339607173,5,Thrillers
1967,weekend_watcher,691,0,84,6.533333333333333,32,36,0.8888888888888888,0.713116010393648,5,Romantic Movies
1968,weekend_watcher,196,0,87,6.766666666666667,25,33,0.7575757575757576,0.6791845867572156,5,Stand-Up Comedy
1969,casual_viewer,111,1,93,7.233333333333333,26,27,0.9629629629629629,0.6210752025786257,4,Romantic Movies
1970,churning_user,250,6,57,4.433333333333334,4,18,0.2222222222222222,0.3395823150338828,8,Crime TV Shows
1971,casual_viewer,671,0,89,6.922222222222222,28,28,1.0,0.5993053336751076,8,Comedies
1972,new_user,18,2,6,0.4666666666666667,6,0,2.0,0.5426309605520171,8,Horror Movies
1973,weekend_watcher,657,0,82,6.377777777777777,29,24,1.2083333333333333,0.7079957643754209,6,Children & Family Movies
1974,casual_viewer,536,0,86,6.688888888888888,29,30,0.9666666666666667,0.568709631544997,7,Documentaries
1975,power_binger,724,0,265,20.61111111111111,90,88,1.0227272727272727,0.8549962603400313,5,TV Dramas
1976,casual_viewer,455,2,79,6.144444444444444,25,28,0.8928571428571429,0.6183810697172284,6,Comedies
1977,casual_viewer,674,0,97,7.544444444444444,32,30,1.0666666666666667,0.5896919765453771,3,Comedies
1978,new_user,29,0,23,1.7888888888888888,23,0,2.0,0.4196983779511518,13,Thrillers
1979,weekend_watcher,378,2,75,5.833333333333333,26,26,1.0,0.6813553668824106,6,Kids' TV
1980,casual_viewer,664,2,86,6.688888888888888,27,26,1.0384615384615385,0.5925432902936273,6,Romantic Movies
1981,weekend_watcher,700,3,78,6.066666666666666,29,21,1.380952380952381,0.7138166564422594,9,Romantic Movies
1982,casual_viewer,311,1,87,6.766666666666667,29,29,1.0,0.6093652646718751,6,Romantic Movies
1983,weekend_watcher,337,0,91,7.0777777777777775,29,31,0.9354838709677419,0.7058924559989681,5,Kids' TV
1984,casual_viewer,477,0,85,6.611111111111111,24,37,0.6486486486486487,0.5995748116518526,4,Comedies
1985,churning_user,96,2,64,4.977777777777778,4,24,0.16666666666666666,0.2814008607402327,7,Crime TV Shows
1986,new_user,3,0,3,0.23333333333333334,3,0,2.0,0.5892010379784233,14,Horror Movies
1987,casual_viewer,510,0,77,5.988888888888889,23,29,0.7931034482758621,0.6207049476180291,4,Romantic Movies
1988,churning_user,315,1,66,5.133333333333333,9,25,0.36,0.2793570891040418,4,Thrillers
1989,new_user,27,0,18,1.4,18,0,2.0,0.4150489363570894,10,Reality TV
1990,power_binger,280,0,253,19.677777777777777,77,87,0.8850574712643678,0.8531468627547849,7,Sci-Fi & Fantasy
1991,power_binger,677,0,235,18.27777777777778,88,80,1.1,0.8568550896507128,8,Sci-Fi & Fantasy
1992,churning_user,117,6,59,4.588888888888889,8,12,0.6666666666666666,0.34711336612874866,4,TV Dramas
1993,casual_viewer,254,1,87,6.766666666666667,24,26,0.9230769230769231,0.6038685241938241,5,Comedies
1994,power_binger,448,0,254,19.755555555555556,89,87,1.0229885057471264,0.8564482509948237,4,Thrillers
1995,casual_viewer,177,0,80,6.222222222222222,24,30,0.8,0.5771835073169969,3,Romantic Movies
1996,weekend_watcher,243,0,74,5.7555555555555555,26,20,1.3,0.6993886324384485,7,Romantic Movies
1997,casual_viewer,501,0,100,7.777777777777778,29,37,0.7837837837837838,0.5849051342137052,6,Documentaries
1998,casual_viewer,563,0,98,7.622222222222222,31,33,0.9393939393939394,0.6134774586220187,7,Documentaries
1999,weekend_watcher,168,1,84,6.533333333333333,29,28,1.0357142857142858,0.6951722089861622,4,Stand-Up Comedy
2000,churning_user,207,0,75,5.833333333333333,13,13,1.0,0.287312793450821,6,Thrillers
2001,weekend_watcher,229,2,83,6.455555555555556,26,19,1.368421052631579,0.7050293361493558,9,Stand-Up Comedy
2002,casual_viewer,679,0,96,7.466666666666667,28,35,0.8,0.6291221079465209,7,Romantic Movies
2003,new_user,16,0,10,0.7777777777777778,10,0,2.0,0.6247545981885342,15,Dramas
2004,churning_user,344,3,60,4.666666666666666,10,13,0.7692307692307693,0.3212005947141534,8,Crime TV Shows
2005,power_binger,695,0,252,19.599999999999998,94,83,1.1325301204819278,0.8604279240168622,7,TV Dramas
2006,weekend_watcher,250,0,85,6.611111111111111,26,32,0.8125,0.6681751969981364,9,Children & Family Movies
2007,casual_viewer,553,0,92,7.155555555555555,29,29,1.0,0.5931020965561148,8,Romantic Movies
2008,power_binger,337,0,279,21.7,85,95,0.8947368421052632,0.8517046818759515,5,Sci-Fi & Fantasy
2009,power_binger,626,1,247,19.21111111111111,81,82,0.9878048780487805,0.8619008378414929,4,TV Dramas
2010,churning_user,461,14,59,4.588888888888889,4,14,0.2857142857142857,0.3091105630883832,5,Crime TV Shows
2011,power_binger,489,0,260,20.22222222222222,94,85,1.1058823529411765,0.8445221593802411,5,Sci-Fi & Fantasy
2012,casual_viewer,599,0,84,6.533333333333333,19,34,0.5588235294117647,0.6049750704340378,4,Documentaries
2013,power_binger,493,1,268,20.844444444444445,93,89,1.0449438202247192,0.8519838687880401,9,TV Dramas
2014,casual_viewer,532,0,81,6.3,27,25,1.08,0.6200378097756796,6,Comedies
2015,casual_viewer,602,1,87,6.766666666666667,38,28,1.3571428571428572,0.6019135715720856,7,Comedies
2016,churning_user,325,5,52,4.044444444444444,5,21,0.23809523809523808,0.2989026254080942,7,Thrillers
2017,casual_viewer,98,0,89,6.922222222222222,27,26,1.0384615384615385,0.5956819442404868,3,Comedies
2018,power_binger,201,0,254,19.755555555555556,79,88,0.8977272727272727,0.845925866340317,5,Sci-Fi & Fantasy
2019,churning_user,445,0,50,3.888888888888889,9,9,1.0,0.38218728850928,3,Crime TV Shows
2020,casual_viewer,542,3,76,5.9111111111111105,20,27,0.7407407407407407,0.5736451783962899,5,Romantic Movies
2021,churning_user,313,0,48,3.7333333333333334,5,14,0.35714285714285715,0.31634918212753194,8,Crime TV Shows
2022,power_binger,472,0,256,19.91111111111111,90,76,1.1842105263157894,0.8542450871960103,9,Sci-Fi & Fantasy
2023,power_binger,550,1,263,20.455555555555556,90,89,1.0112359550561798,0.8553220465594009,8,Sci-Fi & Fantasy
2024,casual_viewer,584,3,85,6.611111111111111,17,29,0.5862068965517241,0.5804759999273252,6,Documentaries
2025,casual_viewer,608,2,88,6.844444444444444,23,28,0.8214285714285714,0.5986908830334134,6,Comedies
2026,casual_viewer,621,0,83,6.455555555555556,37,22,1.6818181818181819,0.6243530995194546,5,Documentaries
2027,weekend_watcher,101,0,67,5.211111111111111,31,14,2.2142857142857144,0.6762061408762866,7,Stand-Up Comedy
2028,casual_viewer,383,0,102,7.933333333333333,38,26,1.4615384615384615,0.6318335135981386,8,Documentaries
2029,churning_user,203,17,43,3.344444444444444,4,10,0.4,0.3206868375292599,5,TV Dramas
2030,churning_user,347,7,53,4.122222222222222,9,16,0.5625,0.3126268716167284,7,Crime TV Shows
2031,power_binger,401,0,244,18.977777777777778,76,80,0.95,0.8521098903218771,9,Crime TV Shows
2032,churning_user,258,1,54,4.2,10,17,0.5882352941176471,0.30872796941127684,5,Crime TV Shows
2033,casual_viewer,515,0,96,7.466666666666667,32,31,1.032258064516129,0.5628148977507775,3,Documentaries
2034,casual_viewer,299,0,85,6.611111111111111,23,22,1.0454545454545454,0.6194171887277843,4,Comedies
2035,power_binger,394,0,251,19.522222222222222,92,92,1.0,0.8405079811950092,8,Sci-Fi & Fantasy
2036,weekend_watcher,516,2,62,4.822222222222222,19,17,1.1176470588235294,0.7075742399076207,5,Kids' TV
2037,new_user,22,5,11,0.8555555555555555,11,0,2.0,0.5229508298385437,12,British TV Shows
2038,power_binger,244,0,278,21.62222222222222,99,93,1.064516129032258,0.8595779470824585,8,TV Dramas
2039,churning_user,241,4,58,4.511111111111111,5,20,0.25,0.28599232150507575,3,TV Dramas
2040,weekend_watcher,133,1,82,6.377777777777777,22,24,0.9166666666666666,0.701202602562493,7,Kids' TV
2041,casual_viewer,705,1,118,9.177777777777777,41,40,1.025,0.5893048995938727,5,Documentaries
2042,weekend_watcher,322,1,66,5.133333333333333,26,22,1.1818181818181819,0.6833824387368613,4,Romantic Movies
2043,churning_user,325,4,65,5.055555555555555,10,16,0.625,0.316661856576616,8,TV Dramas
2044,new_user,13,1,9,0.7,9,0,2.0,0.2605285449337077,15,Action & Adventure
2045,new_user,27,2,19,1.4777777777777776,19,0,2.0,0.5573562570749874,8,Reality TV
2046,power_binger,192,0,237,18.433333333333334,73,78,0.9358974358974359,0.8433234827556206,7,TV Dramas
2047,casual_viewer,308,5,104,8.088888888888889,19,39,0.48717948717948717,0.6204006055401329,7,Documentaries
2048,churning_user,469,2,64,4.977777777777778,8,22,0.36363636363636365,0.28729722682880876,4,TV Dramas
2049,power_binger,317,0,250,19.444444444444443,80,87,0.9195402298850575,0.8592268268413821,6,Crime TV Shows
2050,casual_viewer,664,1,94,7.311111111111111,33,36,0.9166666666666666,0.5873660649897278,7,Romantic Movies
2051,new_user,4,1,2,0.15555555555555556,2,0,2.0,0.6756093097286624,15,Romantic TV Shows
2052,power_binger,440,0,277,21.544444444444444,88,96,0.9166666666666666,0.8501380109188521,8,TV Dramas
2053,casual_viewer,653,1,97,7.544444444444444,38,35,1.0857142857142856,0.6295658621911264,8,Documentaries
2054,weekend_watcher,542,0,83,6.455555555555556,27,37,0.7297297297297297,0.7127008068961834,9,Children & Family Movies
2055,casual_viewer,441,0,102,7.933333333333333,35,33,1.0606060606060606,0.6126331391271321,7,Documentaries
2056,casual_viewer,232,0,84,6.533333333333333,23,25,0.92,0.5891774665407363,8,Documentaries
2057,new_user,12,1,6,0.4666666666666667,6,0,2.0,0.5016950939120127,10,British TV Shows
2058,casual_viewer,542,1,88,6.844444444444444,36,24,1.5,0.5886345378711721,7,Documentaries
2059,power_binger,454,0,249,19.366666666666667,84,89,0.9438202247191011,0.842427405599394,5,Thrillers
2060,power_binger,557,0,257,19.988888888888887,86,102,0.8431372549019608,0.843633875662199,6,Thrillers
2061,new_user,19,0,11,0.8555555555555555,11,0,2.0,0.40368907051393665,11,Sci-Fi & Fantasy
2062,casual_viewer,659,0,73,5.677777777777777,31,13,2.3846153846153846,0.5918545612756734,3,Comedies
2063,churning_user,256,1,53,4.122222222222222,7,17,0.4117647058823529,0.3017496717034935,8,Thrillers
2064,power_binger,233,0,283,22.01111111111111,92,106,0.8679245283018868,0.8505225961936969,9,Crime TV Shows
2065,casual_viewer,243,1,105,8.166666666666666,34,34,1.0,0.6104035457814939,7,Documentaries
2066,new_user,11,2,7,0.5444444444444444,7,0,2.0,0.5058131337641268,15,Action & Adventure
2067,churning_user,446,1,53,4.122222222222222,9,15,0.6,0.27918176657693267,4,Thrillers
2068,new_user,15,0,14,1.0888888888888888,14,0,2.0,0.36563817708205976,11,Romantic Movies
2069,casual_viewer,180,1,106,8.244444444444444,29,40,0.725,0.5935220531744322,5,Documentaries
2070,churning_user,276,0,56,4.355555555555555,9,9,1.0,0.30335103908551975,8,Thrillers
2071,weekend_watcher,245,0,70,5.444444444444445,25,22,1.1363636363636365,0.7033801368659651,4,Kids' TV
2072,casual_viewer,542,0,91,7.0777777777777775,34,30,1.1333333333333333,0.5803984283867424,7,Documentaries
2073,casual_viewer,711,0,100,7.777777777777778,28,36,0.7777777777777778,0.6274008574072908,5,Romantic Movies
2074,weekend_watcher,436,1,75,5.833333333333333,14,34,0.4117647058823529,0.6908151161810119,4,Romantic Movies
2075,casual_viewer,343,1,68,5.288888888888889,27,19,1.4210526315789473,0.6172777004137309,7,Romantic Movies
2076,churning_user,282,7,65,5.055555555555555,10,20,0.5,0.32372483193020096,4,Crime TV Shows
2077,new_user,16,0,11,0.8555555555555555,11,0,2.0,0.5070716109938418,8,Sci-Fi & Fantasy
2078,power_binger,242,0,252,19.599999999999998,84,90,0.9333333333333333,0.8437567393303599,5,Sci-Fi & Fantasy
2079,casual_viewer,456,0,81,6.3,32,28,1.1428571428571428,0.600800467030576,6,Romantic Movies
2080,power_binger,282,0,271,21.077777777777776,95,93,1.021505376344086,0.8529415686554478,5,TV Dramas
2081,casual_viewer,195,1,95,7.388888888888888,24,33,0.7272727272727273,0.6255605251357709,8,Documentaries
2082,casual_viewer,173,0,94,7.311111111111111,26,32,0.8125,0.5996680476188938,7,Documentaries
2083,churning_user,300,9,51,3.9666666666666663,7,12,0.5833333333333334,0.3239444340652236,3,Thrillers
2084,power_binger,371,0,260,20.22222222222222,79,83,0.9518072289156626,0.852321674198853,7,Sci-Fi & Fantasy
2085,churning_user,93,3,58,4.511111111111111,11,17,0.6470588235294118,0.2877362141513147,8,Crime TV Shows
2086,casual_viewer,663,0,87,6.766666666666667,26,27,0.9629629629629629,0.5476564880314655,4,Documentaries
2087,casual_viewer,376,0,80,6.222222222222222,22,31,0.7096774193548387,0.5970822548015577,8,Romantic Movies
2088,casual_viewer,561,1,96,7.466666666666667,25,30,0.8333333333333334,0.5875902497912534,7,Documentaries
2089,weekend_watcher,240,0,85,6.611111111111111,24,28,0.8571428571428571,0.7047658372350774,5,Kids' TV
2090,casual_viewer,621,1,98,7.622222222222222,26,34,0.7647058823529411,0.6082124450318461,4,Documentaries
2091,casual_viewer,234,2,89,6.922222222222222,26,22,1.1818181818181819,0.632810679080516,3,Romantic Movies
2092,weekend_watcher,405,0,77,5.988888888888889,28,24,1.1666666666666667,0.692500391912499,4,Stand-Up Comedy
2093,churning_user,176,0,58,4.511111111111111,10,15,0.6666666666666666,0.2904319336158867,6,Crime TV Shows
2094,casual_viewer,567,2,78,6.066666666666666,20,28,0.7142857142857143,0.5821569668014371,3,Comedies
2095,new_user,2,1,2,0.15555555555555556,2,0,2.0,0.6704760153866826,8,Sports Movies
2096,casual_viewer,718,0,77,5.988888888888889,22,21,1.0476190476190477,0.5740582249558063,4,Comedies
2097,power_binger,278,0,277,21.544444444444444,91,90,1.011111111111111,0.8507600523802906,6,Sci-Fi & Fantasy
2098,casual_viewer,684,0,86,6.688888888888888,29,33,0.8787878787878788,0.6036551892497226,3,Romantic Movies
2099,power_binger,354,0,252,19.599999999999998,84,90,0.9333333333333333,0.8598923255605084,8,Sci-Fi & Fantasy
2100,casual_viewer,469,0,105,8.166666666666666,31,42,0.7380952380952381,0.6063052267453393,5,Romantic Movies
2101,weekend_watcher,501,0,77,5.988888888888889,32,20,1.6,0.7076256200260386,5,Romantic Movies
2102,power_binger,248,0,270,21.0,102,87,1.1724137931034482,0.8502343345367127,7,Crime TV Shows
2103,weekend_watcher,480,1,76,5.9111111111111105,23,31,0.7419354838709677,0.7157972521548368,4,Romantic Movies
2104,new_user,18,1,5,0.3888888888888889,5,0,2.0,0.5245036215067577,9,Comedies
2105,churning_user,225,10,67,5.211111111111111,7,18,0.3888888888888889,0.26215132060702434,6,TV Dramas
2106,weekend_watcher,480,1,87,6.766666666666667,33,27,1.2222222222222223,0.7011642816570572,7,Stand-Up Comedy
2107,weekend_watcher,621,1,67,5.211111111111111,23,23,1.0,0.7091061053893085,6,Kids' TV
2108,new_user,4,3,1,0.07777777777777778,1,0,2.0,0.4116397732925623,12,Reality TV
2109,casual_viewer,324,1,72,5.6,19,27,0.7037037037037037,0.5973244010759002,3,Romantic Movies
2110,power_binger,438,0,263,20.455555555555556,97,84,1.1547619047619047,0.847807120963702,5,Sci-Fi & Fantasy
2111,churning_user,444,4,57,4.433333333333334,10,15,0.6666666666666666,0.2887073130770638,5,TV Dramas
2112,churning_user,385,4,59,4.588888888888889,5,15,0.3333333333333333,0.29622533362667813,8,Thrillers
2113,power_binger,583,0,247,19.21111111111111,94,82,1.146341463414634,0.8490452067620768,6,Crime TV Shows
2114,churning_user,117,5,64,4.977777777777778,11,21,0.5238095238095238,0.3018093839458505,6,TV Dramas
2115,power_binger,591,0,238,18.51111111111111,78,76,1.0263157894736843,0.862708156676572,7,Sci-Fi & Fantasy
2116,new_user,2,1,1,0.07777777777777778,1,0,2.0,0.9096743360823702,15,International TV Shows
2117,casual_viewer,601,1,92,7.155555555555555,36,31,1.1612903225806452,0.5791433807838217,8,Comedies
2118,power_binger,429,0,268,20.844444444444445,78,94,0.8297872340425532,0.8614935366435846,7,Thrillers
2119,power_binger,562,0,246,19.133333333333333,75,78,0.9615384615384616,0.8583284205674537,5,Crime TV Shows
2120,casual_viewer,517,4,78,6.066666666666666,19,31,0.6129032258064516,0.6310443083872705,8,Comedies
2121,casual_viewer,706,0,89,6.922222222222222,28,23,1.2173913043478262,0.5914571974279351,4,Romantic Movies
2122,power_binger,559,1,261,20.3,95,92,1.0326086956521738,0.8490511144646564,4,Sci-Fi & Fantasy
2123,casual_viewer,377,1,80,6.222222222222222,18,29,0.6206896551724138,0.6195066710634707,5,Comedies
2124,power_binger,498,0,253,19.677777777777777,81,86,0.9418604651162791,0.8459276709207508,7,Crime TV Shows
2125,casual_viewer,321,3,98,7.622222222222222,25,35,0.7142857142857143,0.5625669826816883,7,Comedies
2126,casual_viewer,294,2,83,6.455555555555556,27,26,1.0384615384615385,0.6187885697553946,6,Comedies
2127,casual_viewer,589,0,91,7.0777777777777775,24,35,0.6857142857142857,0.6243026312782995,3,Romantic Movies
2128,casual_viewer,717,0,87,6.766666666666667,19,36,0.5277777777777778,0.6111334478166862,5,Documentaries
2129,power_binger,491,0,278,21.62222222222222,104,81,1.2839506172839505,0.842900868492481,9,TV Dramas
2130,power_binger,245,0,260,20.22222222222222,88,87,1.0114942528735633,0.8471817348697521,5,Sci-Fi & Fantasy
2131,casual_viewer,685,2,103,8.011111111111111,27,37,0.7297297297297297,0.6162282665508629,5,Documentaries
2132,weekend_watcher,127,3,91,7.0777777777777775,32,28,1.1428571428571428,0.6671554232103497,4,Stand-Up Comedy
2133,new_user,27,0,22,1.711111111111111,22,0,2.0,0.495388275767503,8,International TV Shows
2134,new_user,20,0,12,0.9333333333333333,12,0,2.0,0.4192121021447754,9,Stand-Up Comedy
2135,churning_user,426,2,69,5.366666666666666,12,19,0.631578947368421,0.3102241778490784,7,Thrillers
2136,churning_user,352,0,63,4.8999999999999995,7,18,0.3888888888888889,0.26322207826437066,8,Thrillers
2137,casual_viewer,247,1,76,5.9111111111111105,24,24,1.0,0.6044817774032399,4,Comedies
2138,weekend_watcher,650,1,68,5.288888888888889,17,24,0.7083333333333334,0.7102021553557822,7,Stand-Up Comedy
2139,weekend_watcher,711,0,93,7.233333333333333,35,33,1.0606060606060606,0.6692010922397779,8,Kids' TV
2140,weekend_watcher,150,1,84,6.533333333333333,28,34,0.8235294117647058,0.6946591081192807,6,Romantic Movies
2141,weekend_watcher,344,0,70,5.444444444444445,24,24,1.0,0.6992196667853409,9,Stand-Up Comedy
2142,casual_viewer,370,1,84,6.533333333333333,24,36,0.6666666666666666,0.5524211483444786,7,Documentaries
2143,weekend_watcher,357,1,84,6.533333333333333,28,19,1.4736842105263157,0.7264722282749294,5,Romantic Movies
2144,weekend_watcher,630,0,77,5.988888888888889,21,30,0.7,0.6924209679880119,4,Stand-Up Comedy
2145,casual_viewer,617,0,93,7.233333333333333,31,35,0.8857142857142857,0.5861829341446024,5,Comedies
2146,new_user,6,0,4,0.3111111111111111,4,0,2.0,0.42713590733128814,15,Romantic Movies
2147,power_binger,523,0,227,17.655555555555555,70,81,0.8641975308641975,0.8529494061250937,6,TV Dramas
2148,new_user,16,0,5,0.3888888888888889,5,0,2.0,0.24884386405698664,10,Action & Adventure
2149,weekend_watcher,192,0,80,6.222222222222222,24,31,0.7741935483870968,0.7420257132523992,5,Romantic Movies
2150,power_binger,586,0,238,18.51111111111111,90,83,1.0843373493975903,0.8513357017121997,5,Sci-Fi & Fantasy
2151,churning_user,199,0,58,4.511111111111111,10,19,0.5263157894736842,0.2743222500781617,3,TV Dramas
2152,power_binger,231,0,290,22.555555555555554,107,84,1.2738095238095237,0.8508303326975798,4,Thrillers
2153,weekend_watcher,281,1,86,6.688888888888888,29,28,1.0357142857142858,0.7078362365732466,9,Romantic Movies
2154,weekend_watcher,110,1,60,4.666666666666666,21,22,0.9545454545454546,0.7020705333478667,8,Romantic Movies
2155,churning_user,116,11,77,5.988888888888889,11,20,0.55,0.3151043330047512,5,TV Dramas
2156,weekend_watcher,611,0,62,4.822222222222222,19,22,0.8636363636363636,0.68871624198647,9,Romantic Movies
2157,power_binger,494,0,232,18.044444444444444,77,81,0.9506172839506173,0.8478819651712081,7,TV Dramas
2158,casual_viewer,182,3,90,7.0,23,33,0.696969696969697,0.5937777036652477,7,Comedies
2159,casual_viewer,287,0,89,6.922222222222222,22,31,0.7096774193548387,0.5977434849234108,6,Documentaries
2160,power_binger,425,0,255,19.833333333333332,89,84,1.0595238095238095,0.8516091282030491,7,TV Dramas
2161,casual_viewer,663,0,100,7.777777777777778,23,34,0.6764705882352942,0.5928931363255805,4,Documentaries
2162,casual_viewer,297,0,84,6.533333333333333,26,20,1.3,0.5916815870938544,3,Documentaries
2163,casual_viewer,713,0,100,7.777777777777778,27,30,0.9,0.5653942217014402,4,Documentaries
2164,casual_viewer,699,0,103,8.011111111111111,28,39,0.717948717948718,0.569527467850461,7,Comedies
2165,weekend_watcher,320,0,67,5.211111111111111,37,15,2.466666666666667,0.7171860611298094,9,Stand-Up Comedy
2166,casual_viewer,429,0,92,7.155555555555555,24,30,0.8,0.621674432222485,5,Documentaries
2167,weekend_watcher,427,1,77,5.988888888888889,34,21,1.619047619047619,0.7000456396794152,7,Children & Family Movies
2168,casual_viewer,139,1,76,5.9111111111111105,29,15,1.9333333333333333,0.6157938448194734,8,Romantic Movies
2169,casual_viewer,101,0,101,7.855555555555555,33,27,1.2222222222222223,0.6241140111172515,5,Documentaries
2170,churning_user,312,1,59,4.588888888888889,9,23,0.391304347826087,0.2828775126989981,5,TV Dramas
2171,casual_viewer,123,0,97,7.544444444444444,29,32,0.90625,0.5852964647142807,4,Documentaries
2172,casual_viewer,130,0,102,7.933333333333333,31,35,0.8857142857142857,0.6282652085330309,3,Romantic Movies
2173,churning_user,499,1,53,4.122222222222222,9,15,0.6,0.3059936268836115,3,Crime TV Shows
2174,power_binger,610,0,240,18.666666666666664,73,81,0.9012345679012346,0.8402349153550617,6,Crime TV Shows
2175,casual_viewer,678,0,102,7.933333333333333,32,36,0.8888888888888888,0.5922981948421083,7,Romantic Movies
2176,churning_user,307,3,68,5.288888888888889,10,26,0.38461538461538464,0.3240447910449486,8,TV Dramas
2177,casual_viewer,672,0,93,7.233333333333333,29,30,0.9666666666666667,0.5869031156317457,7,Comedies
2178,weekend_watcher,456,0,71,5.522222222222222,24,21,1.1428571428571428,0.7045380835575817,6,Stand-Up Comedy
2179,casual_viewer,532,0,96,7.466666666666667,22,31,0.7096774193548387,0.5988781617325295,6,Documentaries
2180,new_user,26,1,15,1.1666666666666665,15,0,2.0,0.6486150559393923,9,Music & Musicals
2181,weekend_watcher,240,1,68,5.288888888888889,21,20,1.05,0.7175200225296682,8,Kids' TV
2182,new_user,25,0,19,1.4777777777777776,19,0,2.0,0.5054285834673077,12,Action & Adventure
2183,weekend_watcher,126,1,85,6.611111111111111,28,29,0.9655172413793104,0.7454797824182348,4,Romantic Movies
2184,power_binger,415,0,250,19.444444444444443,68,88,0.7727272727272727,0.8441366896438799,8,TV Dramas
2185,churning_user,173,0,59,4.588888888888889,11,20,0.55,0.3178477382998357,4,Crime TV Shows
2186,power_binger,245,0,268,20.844444444444445,83,94,0.8829787234042553,0.854137438258,5,Sci-Fi & Fantasy
2187,weekend_watcher,160,4,65,5.055555555555555,20,29,0.6896551724137931,0.7249343313634686,6,Stand-Up Comedy
2188,churning_user,127,0,49,3.811111111111111,11,10,1.1,0.29360084343730414,5,Crime TV Shows
2189,casual_viewer,574,0,98,7.622222222222222,36,32,1.125,0.6211414821403427,3,Comedies
2190,new_user,7,0,8,0.6222222222222222,8,0,2.0,0.5338336430850179,13,Romantic TV Shows
2191,power_binger,263,0,267,20.766666666666666,90,82,1.0975609756097562,0.8552100668950673,6,TV Dramas
2192,churning_user,372,0,58,4.511111111111111,7,17,0.4117647058823529,0.3027386813043381,7,TV Dramas
2193,weekend_watcher,145,0,73,5.677777777777777,23,30,0.7666666666666667,0.7003034404959624,6,Stand-Up Comedy
2194,power_binger,575,0,264,20.53333333333333,97,79,1.2278481012658229,0.8396027533331729,9,Sci-Fi & Fantasy
2195,churning_user,113,0,61,4.7444444444444445,12,11,1.0909090909090908,0.37932015613657827,6,Crime TV Shows
2196,weekend_watcher,183,0,77,5.988888888888889,20,28,0.7142857142857143,0.6822845581539785,5,Romantic Movies
2197,power_binger,339,0,279,21.7,109,89,1.2247191011235956,0.8611498090089645,9,TV Dramas
2198,churning_user,348,10,50,3.888888888888889,6,18,0.3333333333333333,0.28326760472350204,3,Crime TV Shows
2199,casual_viewer,639,0,112,8.71111111111111,34,37,0.918918918918919,0.5935054539109524,5,Comedies
2200,churning_user,406,0,58,4.511111111111111,10,18,0.5555555555555556,0.3044730154251993,4,TV Dramas
2201,power_binger,521,0,263,20.455555555555556,84,85,0.9882352941176471,0.8511326849670766,4,Sci-Fi & Fantasy
2202,new_user,17,1,6,0.4666666666666667,6,0,2.0,0.5316560840713038,12,Dramas
2203,weekend_watcher,585,1,95,7.388888888888888,34,32,1.0625,0.7205326228617597,6,Romantic Movies
2204,power_binger,223,0,258,20.066666666666666,89,90,0.9888888888888889,0.8449825053821595,4,Thrillers
2205,casual_viewer,415,1,78,6.066666666666666,25,32,0.78125,0.6281008889266337,3,Romantic Movies
2206,churning_user,209,4,60,4.666666666666666,9,16,0.5625,0.27619799055969657,8,Thrillers
2207,weekend_watcher,444,1,74,5.7555555555555555,19,25,0.76,0.69891585235025,6,Stand-Up Comedy
2208,casual_viewer,389,1,97,7.544444444444444,27,27,1.0,0.5998470587540051,4,Comedies
2209,power_binger,340,0,242,18.822222222222223,79,86,0.9186046511627907,0.849701649778122,6,Thrillers
2210,power_binger,607,0,273,21.23333333333333,86,81,1.0617283950617284,0.8384333752099178,5,Crime TV Shows
2211,new_user,30,1,25,1.9444444444444444,25,0,2.0,0.5762832941362382,13,Thrillers
2212,casual_viewer,464,0,89,6.922222222222222,19,30,0.6333333333333333,0.5718419613167104,5,Comedies
2213,weekend_watcher,439,0,94,7.311111111111111,32,35,0.9142857142857143,0.7078311597893651,9,Stand-Up Comedy
2214,casual_viewer,297,0,76,5.9111111111111105,35,22,1.5909090909090908,0.5634749369720539,3,Romantic Movies
2215,new_user,29,0,24,1.8666666666666667,24,0,2.0,0.4630093761292007,13,Romantic Movies
2216,power_binger,310,0,252,19.599999999999998,89,78,1.141025641025641,0.8449003021418319,4,Thrillers
2217,power_binger,525,0,259,20.144444444444442,102,82,1.2439024390243902,0.8425129197514871,6,Sci-Fi & Fantasy
2218,new_user,14,1,14,1.0888888888888888,14,0,2.0,0.5635056167253147,13,TV Comedies
2219,new_user,20,1,15,1.1666666666666665,15,0,2.0,0.5439206244068873,9,Thrillers
2220,casual_viewer,250,1,117,9.1,39,31,1.2580645161290323,0.6050726361668008,6,Documentaries
2221,casual_viewer,505,1,89,6.922222222222222,29,24,1.2083333333333333,0.5890022244201607,7,Comedies
2222,casual_viewer,163,0,91,7.0777777777777775,30,28,1.0714285714285714,0.5882424673945286,3,Documentaries
2223,casual_viewer,679,0,89,6.922222222222222,38,20,1.9,0.6004992529263911,3,Documentaries
2224,power_binger,498,0,260,20.22222222222222,82,102,0.803921568627451,0.8582641787350731,6,Crime TV Shows
2225,weekend_watcher,253,2,83,6.455555555555556,30,28,1.0714285714285714,0.6720013769053378,7,Stand-Up Comedy
2226,casual_viewer,256,0,87,6.766666666666667,30,29,1.0344827586206897,0.6129693307600514,6,Documentaries
2227,weekend_watcher,271,0,89,6.922222222222222,31,27,1.1481481481481481,0.6745360030011013,8,Stand-Up Comedy
2228,power_binger,554,0,280,21.77777777777778,113,95,1.1894736842105262,0.8526022984029002,8,Crime TV Shows
2229,power_binger,353,2,252,19.599999999999998,83,88,0.9431818181818182,0.8435997680733598,8,Sci-Fi & Fantasy
2230,churning_user,60,0,20,1.5555555555555556,12,8,1.5,0.29698929524798245,5,Thrillers
2231,casual_viewer,368,0,100,7.777777777777778,37,34,1.088235294117647,0.5750626098991588,6,Comedies
2232,churning_user,290,1,47,3.6555555555555554,9,17,0.5294117647058824,0.28138544724699305,5,Crime TV Shows
2233,power_binger,351,0,250,19.444444444444443,81,73,1.1095890410958904,0.8464482566867157,5,Crime TV Shows
2234,new_user,12,0,7,0.5444444444444444,7,0,2.0,0.5806413519181465,14,International Movies
2235,weekend_watcher,514,2,61,4.7444444444444445,20,20,1.0,0.716418431695486,7,Romantic Movies
2236,weekend_watcher,486,2,77,5.988888888888889,29,18,1.6111111111111112,0.7065028367810496,6,Stand-Up Comedy
2237,power_binger,332,0,256,19.91111111111111,80,88,0.9090909090909091,0.8472516340671603,7,Thrillers
2238,casual_viewer,224,0,91,7.0777777777777775,23,32,0.71875,0.6284925918037609,3,Romantic Movies
2239,casual_viewer,116,0,95,7.388888888888888,27,37,0.7297297297297297,0.6121429274867267,6,Documentaries
2240,churning_user,460,7,58,4.511111111111111,5,15,0.3333333333333333,0.23975873929275243,8,TV Dramas
2241,casual_viewer,343,0,96,7.466666666666667,36,26,1.3846153846153846,0.604842184980104,5,Comedies
2242,power_binger,485,0,249,19.366666666666667,80,91,0.8791208791208791,0.8546355196058962,6,Thrillers
2243,casual_viewer,729,0,82,6.377777777777777,20,27,0.7407407407407407,0.5780868645255572,6,Romantic Movies
2244,casual_viewer,653,0,98,7.622222222222222,30,31,0.967741935483871,0.6141276919815508,4,Romantic Movies
2245,casual_viewer,406,0,120,9.333333333333332,37,38,0.9736842105263158,0.6052168447839218,5,Comedies
2246,power_binger,687,1,253,19.677777777777777,84,83,1.0120481927710843,0.8455058088800224,7,TV Dramas
2247,casual_viewer,580,5,108,8.4,35,43,0.813953488372093,0.6059985194393583,7,Romantic Movies
2248,churning_user,97,7,45,3.5,5,18,0.2777777777777778,0.2943784384766185,6,TV Dramas
2249,casual_viewer,573,1,91,7.0777777777777775,36,21,1.7142857142857142,0.6098875491335898,4,Documentaries
2250,casual_viewer,111,0,86,6.688888888888888,28,29,0.9655172413793104,0.5904193868884231,7,Romantic Movies
2251,churning_user,436,7,52,4.044444444444444,7,9,0.7777777777777778,0.3153524910087254,5,Crime TV Shows
2252,weekend_watcher,510,1,79,6.144444444444444,33,26,1.2692307692307692,0.6769547012977164,8,Stand-Up Comedy
2253,casual_viewer,305,2,102,7.933333333333333,30,28,1.0714285714285714,0.5836373434196145,4,Comedies
2254,churning_user,308,0,60,4.666666666666666,8,13,0.6153846153846154,0.3445369525596008,7,Crime TV Shows
2255,new_user,4,0,3,0.23333333333333334,3,0,2.0,0.22063189610383427,8,Crime TV Shows
2256,churning_user,266,0,73,5.677777777777777,11,20,0.55,0.2631257778158592,4,TV Dramas
2257,new_user,2,90,0,0.0,0,0,0.0,0.0,15,Kids' TV
2258,weekend_watcher,432,1,74,5.7555555555555555,27,30,0.9,0.7079266182104118,6,Romantic Movies
2259,power_binger,467,0,242,18.822222222222223,83,76,1.0921052631578947,0.8443288490756999,6,Sci-Fi & Fantasy
2260,casual_viewer,271,0,87,6.766666666666667,29,33,0.8787878787878788,0.5985855066825371,5,Documentaries
2261,churning_user,203,6,59,4.588888888888889,10,15,0.6666666666666666,0.30306744694701704,5,TV Dramas
2262,new_user,26,1,21,1.6333333333333333,21,0,2.0,0.5412308378759336,10,Stand-Up Comedy
2263,casual_viewer,397,0,95,7.388888888888888,38,32,1.1875,0.6037531939459855,6,Comedies
2264,power_binger,216,0,253,19.677777777777777,79,88,0.8977272727272727,0.853254345075683,8,TV Dramas
2265,churning_user,140,10,49,3.811111111111111,7,16,0.4375,0.26098380281562705,5,TV Dramas
2266,power_binger,604,0,251,19.522222222222222,88,91,0.967032967032967,0.8419755040450816,9,Sci-Fi & Fantasy
2267,weekend_watcher,383,2,75,5.833333333333333,25,23,1.0869565217391304,0.7073894007731345,8,Kids' TV
2268,churning_user,266,12,57,4.433333333333334,8,17,0.47058823529411764,0.3330951926361183,5,Crime TV Shows
2269,weekend_watcher,351,0,72,5.6,18,28,0.6428571428571429,0.6919436254533744,9,Children & Family Movies
2270,weekend_watcher,553,0,90,7.0,24,35,0.6857142857142857,0.6706235453533745,5,Children & Family Movies
2271,churning_user,475,6,63,4.8999999999999995,10,21,0.47619047619047616,0.2971914286153714,5,Crime TV Shows
2272,churning_user,420,5,47,3.6555555555555554,8,10,0.8,0.28472367213046784,3,Crime TV Shows
2273,weekend_watcher,322,2,63,4.8999999999999995,15,22,0.6818181818181818,0.7039413874768179,9,Romantic Movies
2274,weekend_watcher,95,1,64,4.977777777777778,26,21,1.2380952380952381,0.6998175242581565,5,Romantic Movies
2275,weekend_watcher,302,2,75,5.833333333333333,27,19,1.4210526315789473,0.6759333292732066,7,Romantic Movies
2276,power_binger,366,0,267,20.766666666666666,95,78,1.2179487179487178,0.8488519377259364,6,Sci-Fi & Fantasy
2277,churning_user,161,0,60,4.666666666666666,11,18,0.6111111111111112,0.2915757753699842,3,Thrillers
2278,casual_viewer,661,2,95,7.388888888888888,21,34,0.6176470588235294,0.6052322516617031,7,Romantic Movies
2279,weekend_watcher,378,0,86,6.688888888888888,30,33,0.9090909090909091,0.7063310985145451,9,Kids' TV
2280,churning_user,491,2,53,4.122222222222222,7,14,0.5,0.33013902718551824,7,Crime TV Shows
2281,casual_viewer,133,0,91,7.0777777777777775,27,29,0.9310344827586207,0.6077613990555528,3,Comedies
2282,power_binger,589,0,256,19.91111111111111,75,97,0.7731958762886598,0.8401415653656331,4,Crime TV Shows
2283,casual_viewer,343,0,81,6.3,21,26,0.8076923076923077,0.5782884160764602,3,Romantic Movies
2284,weekend_watcher,109,0,79,6.144444444444444,26,26,1.0,0.7350995402707641,9,Romantic Movies
2285,casual_viewer,453,1,92,7.155555555555555,23,39,0.5897435897435898,0.6020100230665328,7,Comedies
2286,power_binger,647,0,257,19.988888888888887,100,81,1.2345679012345678,0.8415084472258852,8,Sci-Fi & Fantasy
2287,weekend_watcher,126,0,80,6.222222222222222,36,17,2.1176470588235294,0.6890449559662477,9,Stand-Up Comedy
2288,weekend_watcher,132,0,75,5.833333333333333,21,31,0.6774193548387096,0.6761362550213917,4,Romantic Movies
2289,power_binger,201,0,273,21.23333333333333,80,93,0.8602150537634409,0.8562948428740398,9,Crime TV Shows
2290,casual_viewer,105,1,97,7.544444444444444,21,29,0.7241379310344828,0.6480331975678292,6,Comedies
2291,new_user,24,0,14,1.0888888888888888,14,0,2.0,0.44813096535356917,15,Dramas
2292,weekend_watcher,266,0,81,6.3,29,28,1.0357142857142858,0.6963457224704489,6,Children & Family Movies
2293,churning_user,362,3,53,4.122222222222222,7,15,0.4666666666666667,0.27759916333431595,4,Crime TV Shows
2294,casual_viewer,417,1,94,7.311111111111111,27,28,0.9642857142857143,0.572321170273961,8,Romantic Movies
2295,casual_viewer,179,1,92,7.155555555555555,25,30,0.8333333333333334,0.5955137314587023,8,Comedies
2296,power_binger,725,0,266,20.688888888888886,83,91,0.9120879120879121,0.8475889734331455,7,TV Dramas
2297,weekend_watcher,101,0,79,6.144444444444444,27,21,1.2857142857142858,0.6860814428990715,6,Stand-Up Comedy
2298,power_binger,260,0,254,19.755555555555556,96,77,1.2467532467532467,0.8581467671455562,6,TV Dramas
2299,power_binger,517,0,242,18.822222222222223,69,90,0.7666666666666667,0.8478438122862308,6,Thrillers
2300,weekend_watcher,612,1,61,4.7444444444444445,14,16,0.875,0.7229691406415459,7,Children & Family Movies
2301,new_user,27,7,13,1.011111111111111,13,0,2.0,0.5393388611418761,10,British TV Shows
2302,weekend_watcher,422,0,97,7.544444444444444,29,33,0.8787878787878788,0.6967819385917836,6,Stand-Up Comedy
2303,casual_viewer,409,0,101,7.855555555555555,39,34,1.1470588235294117,0.6097183631268014,6,Documentaries
2304,casual_viewer,422,0,90,7.0,28,28,1.0,0.6099859295530204,7,Romantic Movies
2305,casual_viewer,697,1,89,6.922222222222222,30,31,0.967741935483871,0.6244853757909493,7,Romantic Movies
2306,casual_viewer,679,0,93,7.233333333333333,27,28,0.9642857142857143,0.5861009363857023,4,Comedies
2307,churning_user,393,0,65,5.055555555555555,18,13,1.3846153846153846,0.29784840053396283,6,TV Dramas
2308,casual_viewer,268,3,87,6.766666666666667,31,30,1.0333333333333334,0.58160813967138,4,Documentaries
2309,churning_user,189,0,60,4.666666666666666,11,18,0.6111111111111112,0.2953389117921198,7,Crime TV Shows
2310,weekend_watcher,335,0,98,7.622222222222222,23,40,0.575,0.6943784132579927,4,Children & Family Movies
2311,new_user,7,2,2,0.15555555555555556,2,0,2.0,0.7263387566054063,11,Music & Musicals
2312,power_binger,371,1,269,20.92222222222222,71,101,0.7029702970297029,0.8445458325802044,8,Sci-Fi & Fantasy
2313,casual_viewer,362,0,92,7.155555555555555,31,26,1.1923076923076923,0.6380068066039976,4,Comedies
2314,power_binger,317,0,263,20.455555555555556,85,90,0.9444444444444444,0.8502896383517888,9,Crime TV Shows
2315,casual_viewer,512,1,96,7.466666666666667,29,30,0.9666666666666667,0.581269519377985,6,Romantic Movies
2316,casual_viewer,121,0,108,8.4,34,35,0.9714285714285714,0.6071490103370066,7,Documentaries
2317,power_binger,431,0,236,18.355555555555554,85,66,1.2878787878787878,0.8388219310624258,9,TV Dramas
2318,weekend_watcher,204,0,67,5.211111111111111,27,20,1.35,0.7144689883869417,6,Kids' TV
2319,casual_viewer,187,2,109,8.477777777777778,30,41,0.7317073170731707,0.5922326766815927,8,Documentaries
2320,new_user,11,1,6,0.4666666666666667,6,0,2.0,0.719905784143695,12,Docuseries
2321,power_binger,470,0,268,20.844444444444445,82,96,0.8541666666666666,0.8469855026240213,4,Sci-Fi & Fantasy
2322,power_binger,340,0,246,19.133333333333333,81,88,0.9204545454545454,0.8362158656025448,5,Sci-Fi & Fantasy
2323,casual_viewer,705,0,99,7.699999999999999,32,31,1.032258064516129,0.6170012120330224,3,Documentaries
2324,power_binger,532,0,268,20.844444444444445,82,88,0.9318181818181818,0.8448994488619078,9,TV Dramas
2325,casual_viewer,513,0,94,7.311111111111111,29,33,0.8787878787878788,0.5810644727935881,3,Romantic Movies
2326,new_user,29,2,25,1.9444444444444444,25,0,2.0,0.44339150037840336,10,Romantic Movies
2327,casual_viewer,409,0,78,6.066666666666666,27,22,1.2272727272727273,0.6191616103888524,4,Comedies
2328,power_binger,658,0,250,19.444444444444443,99,84,1.1785714285714286,0.8514191268911326,6,Sci-Fi & Fantasy
2329,churning_user,230,2,60,4.666666666666666,12,22,0.5454545454545454,0.31695744902110795,4,TV Dramas
2330,casual_viewer,490,1,107,8.322222222222221,31,37,0.8378378378378378,0.6448817447440521,5,Documentaries
2331,churning_user,427,2,55,4.277777777777778,2,13,0.15384615384615385,0.3050288061192476,4,Crime TV Shows
2332,casual_viewer,294,2,101,7.855555555555555,33,35,0.9428571428571428,0.5905927313472942,4,Comedies
2333,weekend_watcher,681,1,69,5.366666666666666,29,18,1.6111111111111112,0.6717560894513431,8,Children & Family Movies
2334,power_binger,405,0,267,20.766666666666666,83,98,0.8469387755102041,0.8502849973728221,8,Crime TV Shows
2335,casual_viewer,163,1,72,5.6,27,22,1.2272727272727273,0.6050342604634034,8,Romantic Movies
2336,churning_user,497,2,58,4.511111111111111,4,18,0.2222222222222222,0.31683288111046987,6,Thrillers
2337,weekend_watcher,652,0,77,5.988888888888889,17,31,0.5483870967741935,0.705186804163344,5,Stand-Up Comedy
2338,casual_viewer,405,1,82,6.377777777777777,25,28,0.8928571428571429,0.5944211046305846,6,Documentaries
2339,churning_user,417,10,54,4.2,6,13,0.46153846153846156,0.28223771571559275,4,Thrillers
2340,power_binger,684,0,230,17.88888888888889,74,85,0.8705882352941177,0.8460760880047432,4,TV Dramas
2341,power_binger,435,0,241,18.744444444444444,81,78,1.0384615384615385,0.8497701546062641,6,Sci-Fi & Fantasy
2342,power_binger,565,0,257,19.988888888888887,90,98,0.9183673469387755,0.8396478516189863,6,Thrillers
2343,weekend_watcher,556,0,58,4.511111111111111,16,22,0.7272727272727273,0.7101568365045549,5,Kids' TV
2344,casual_viewer,559,0,96,7.466666666666667,40,25,1.6,0.5986732654254497,5,Comedies
2345,weekend_watcher,197,0,80,6.222222222222222,21,29,0.7241379310344828,0.7147370496788958,4,Kids' TV
2346,power_binger,273,0,238,18.51111111111111,80,78,1.0256410256410255,0.863372512317085,7,Thrillers
2347,weekend_watcher,183,2,78,6.066666666666666,32,21,1.5238095238095237,0.7063332669092109,5,Children & Family Movies
2348,weekend_watcher,170,2,68,5.288888888888889,21,17,1.2352941176470589,0.6897688763732478,7,Kids' TV
2349,power_binger,244,0,235,18.27777777777778,89,77,1.155844155844156,0.8489676165399755,6,Thrillers
2350,power_binger,252,0,239,18.58888888888889,77,83,0.927710843373494,0.8480098803450804,4,TV Dramas
2351,power_binger,715,0,255,19.833333333333332,87,86,1.0116279069767442,0.8502662295769721,7,Sci-Fi & Fantasy
2352,weekend_watcher,594,0,72,5.6,26,21,1.2380952380952381,0.7263737582610915,8,Kids' TV
2353,casual_viewer,710,2,92,7.155555555555555,23,31,0.7419354838709677,0.5692886818392161,6,Comedies
2354,churning_user,144,1,59,4.588888888888889,11,15,0.7333333333333333,0.31432495184557685,6,Thrillers
2355,casual_viewer,295,1,83,6.455555555555556,29,24,1.2083333333333333,0.6027394689288135,5,Romantic Movies
2356,weekend_watcher,268,0,84,6.533333333333333,21,36,0.5833333333333334,0.6847201102399517,8,Kids' TV
2357,casual_viewer,627,0,90,7.0,31,24,1.2916666666666667,0.6078573748039798,8,Romantic Movies
2358,churning_user,65,9,36,2.8,9,21,0.42857142857142855,0.36209571089349296,5,Thrillers
2359,new_user,3,2,2,0.15555555555555556,2,0,2.0,0.25122344836234395,11,Independent Movies
2360,power_binger,642,1,275,21.38888888888889,87,96,0.90625,0.8508402233901491,8,Crime TV Shows
2361,weekend_watcher,223,1,72,5.6,20,28,0.7142857142857143,0.7036862865133526,7,Stand-Up Comedy
2362,power_binger,651,0,284,22.08888888888889,97,92,1.0543478260869565,0.8429342567297066,8,Crime TV Shows
2363,casual_viewer,477,2,89,6.922222222222222,30,29,1.0344827586206897,0.6018928147734401,8,Comedies
2364,weekend_watcher,173,4,97,7.544444444444444,34,30,1.1333333333333333,0.692311779599676,8,Romantic Movies
2365,churning_user,118,2,61,4.7444444444444445,9,18,0.5,0.3090771501664522,3,Thrillers
2366,churning_user,237,2,63,4.8999999999999995,7,21,0.3333333333333333,0.29114363173275914,7,Crime TV Shows
2367,casual_viewer,314,0,79,6.144444444444444,25,27,0.9259259259259259,0.5605430331340256,8,Comedies
2368,casual_viewer,435,0,95,7.388888888888888,28,33,0.8484848484848485,0.5959573040405798,3,Documentaries
2369,casual_viewer,474,0,99,7.699999999999999,29,34,0.8529411764705882,0.576366825750508,8,Comedies
2370,churning_user,330,22,56,4.355555555555555,2,21,0.09523809523809523,0.3033411320204313,5,Thrillers
2371,casual_viewer,297,3,84,6.533333333333333,20,23,0.8695652173913043,0.6073201183812588,8,Documentaries
2372,casual_viewer,706,0,91,7.0777777777777775,27,39,0.6923076923076923,0.6087375761446018,6,Comedies
2373,casual_viewer,257,0,100,7.777777777777778,26,35,0.7428571428571429,0.6025299514351359,6,Comedies
2374,casual_viewer,144,2,88,6.844444444444444,29,33,0.8787878787878788,0.6109595811030754,7,Documentaries
2375,casual_viewer,316,0,81,6.3,25,23,1.0869565217391304,0.560213247538019,4,Comedies
2376,power_binger,211,0,242,18.822222222222223,83,67,1.2388059701492538,0.835254254473038,7,TV Dramas
2377,weekend_watcher,261,0,73,5.677777777777777,24,32,0.75,0.6566668383025153,4,Children & Family Movies
2378,churning_user,214,3,57,4.433333333333334,7,20,0.35,0.25946157948972953,5,Thrillers
2379,power_binger,497,0,243,18.9,93,65,1.4307692307692308,0.8523109732629575,9,Thrillers
2380,churning_user,85,4,50,3.888888888888889,10,12,0.8333333333333334,0.3158858858563448,5,Crime TV Shows
2381,weekend_watcher,650,1,74,5.7555555555555555,26,21,1.2380952380952381,0.7097048791279226,5,Children & Family Movies
2382,casual_viewer,562,2,97,7.544444444444444,28,41,0.6829268292682927,0.6065786747858354,6,Comedies
2383,power_binger,423,0,288,22.4,103,96,1.0729166666666667,0.8464750557130714,8,Sci-Fi & Fantasy
2384,power_binger,604,0,240,18.666666666666664,86,69,1.2463768115942029,0.8513746750806134,8,TV Dramas
2385,power_binger,589,0,272,21.155555555555555,103,86,1.197674418604651,0.8540123171959493,5,Crime TV Shows
2386,weekend_watcher,113,1,79,6.144444444444444,29,21,1.380952380952381,0.685041298829618,6,Stand-Up Comedy
2387,new_user,24,2,13,1.011111111111111,13,0,2.0,0.3717918388448282,15,Dramas
2388,power_binger,299,2,236,18.355555555555554,64,95,0.6736842105263158,0.8588458855455728,7,Crime TV Shows
2389,weekend_watcher,715,0,67,5.211111111111111,24,22,1.0909090909090908,0.6978250360057677,9,Kids' TV
2390,power_binger,609,0,237,18.433333333333334,74,76,0.9736842105263158,0.854438642179449,4,Sci-Fi & Fantasy
2391,churning_user,463,1,56,4.355555555555555,7,17,0.4117647058823529,0.30569837142937384,8,Thrillers
2392,weekend_watcher,203,1,66,5.133333333333333,27,15,1.8,0.696404741094601,9,Children & Family Movies
2393,casual_viewer,435,0,92,7.155555555555555,28,30,0.9333333333333333,0.6153152788263931,7,Romantic Movies
2394,power_binger,547,0,277,21.544444444444444,86,104,0.8269230769230769,0.8479300852295211,8,Thrillers
2395,churning_user,454,4,58,4.511111111111111,16,18,0.8888888888888888,0.25772703916677414,6,Thrillers
2396,new_user,13,8,1,0.07777777777777778,1,0,2.0,0.16625130944713348,14,Sports Movies
2397,casual_viewer,682,0,106,8.244444444444444,31,37,0.8378378378378378,0.594088136599782,3,Romantic Movies
2398,power_binger,588,0,233,18.12222222222222,78,73,1.0684931506849316,0.8453598659534368,5,Thrillers
2399,power_binger,256,0,256,19.91111111111111,86,80,1.075,0.8431890876490948,8,Sci-Fi & Fantasy
2400,churning_user,453,8,61,4.7444444444444445,9,19,0.47368421052631576,0.30580315118465756,5,TV Dramas
2401,churning_user,439,0,66,5.133333333333333,9,18,0.5,0.28715309500128555,5,Crime TV Shows
2402,weekend_watcher,535,1,81,6.3,29,18,1.6111111111111112,0.7352270073244914,9,Romantic Movies
2403,weekend_watcher,441,0,82,6.377777777777777,22,27,0.8148148148148148,0.6946006526979821,9,Stand-Up Comedy
2404,weekend_watcher,383,2,65,5.055555555555555,22,21,1.0476190476190477,0.7391567592873771,9,Romantic Movies
2405,weekend_watcher,117,1,85,6.611111111111111,35,22,1.5909090909090908,0.7232906529200316,8,Kids' TV
2406,casual_viewer,314,2,78,6.066666666666666,26,27,0.9629629629629629,0.5999390687169993,6,Documentaries
2407,churning_user,331,4,60,4.666666666666666,7,19,0.3684210526315789,0.33208003870912983,8,Crime TV Shows
2408,casual_viewer,168,0,78,6.066666666666666,23,37,0.6216216216216216,0.5656308284323135,3,Comedies
2409,casual_viewer,321,0,91,7.0777777777777775,33,31,1.064516129032258,0.6116008437585861,7,Romantic Movies
2410,new_user,24,0,16,1.2444444444444445,16,0,2.0,0.5577315204450204,8,Crime TV Shows
2411,churning_user,317,9,63,4.8999999999999995,9,17,0.5294117647058824,0.3203050028122616,4,Crime TV Shows
2412,new_user,24,4,8,0.6222222222222222,8,0,2.0,0.5638436847575135,14,Children & Family Movies
2413,casual_viewer,640,0,89,6.922222222222222,38,19,2.0,0.6061419526232376,3,Documentaries
2414,churning_user,298,4,65,5.055555555555555,11,22,0.5,0.30277741029199434,5,Thrillers
2415,casual_viewer,466,0,104,8.088888888888889,33,35,0.9428571428571428,0.5994204534499208,5,Documentaries
2416,power_binger,209,0,221,17.188888888888886,69,79,0.8734177215189873,0.8545142186028767,6,Sci-Fi & Fantasy
2417,casual_viewer,155,0,93,7.233333333333333,30,30,1.0,0.5985306056425244,5,Comedies
2418,churning_user,441,2,69,5.366666666666666,9,17,0.5294117647058824,0.29759037638231794,6,Thrillers
2419,power_binger,411,0,258,20.066666666666666,83,87,0.9540229885057471,0.852091919312858,8,Thrillers
2420,new_user,22,0,17,1.3222222222222222,17,0,2.0,0.5856064485457969,15,Comedies
2421,power_binger,356,0,263,20.455555555555556,95,81,1.1728395061728396,0.8461375776209646,4,Crime TV Shows
2422,power_binger,316,0,270,21.0,97,86,1.127906976744186,0.8300728357595061,7,TV Dramas
2423,weekend_watcher,664,0,77,5.988888888888889,25,27,0.9259259259259259,0.6914900808349514,7,Kids' TV
2424,power_binger,577,0,270,21.0,87,93,0.9354838709677419,0.836989086288275,6,TV Dramas
2425,new_user,27,2,17,1.3222222222222222,17,0,2.0,0.48574680943574744,10,Thrillers
2426,weekend_watcher,385,4,71,5.522222222222222,22,23,0.9565217391304348,0.679569665476523,5,Romantic Movies
2427,power_binger,454,0,281,21.855555555555554,86,101,0.8514851485148515,0.8528596049757371,7,Crime TV Shows
2428,churning_user,353,11,65,5.055555555555555,8,21,0.38095238095238093,0.3018394397982699,3,Crime TV Shows
2429,churning_user,355,12,67,5.211111111111111,9,14,0.6428571428571429,0.2774908261821165,8,Crime TV Shows
2430,weekend_watcher,555,1,59,4.588888888888889,17,21,0.8095238095238095,0.6928682588253325,7,Kids' TV
2431,weekend_watcher,413,0,68,5.288888888888889,28,17,1.6470588235294117,0.6856850417471402,6,Stand-Up Comedy
2432,weekend_watcher,544,0,79,6.144444444444444,24,23,1.0434782608695652,0.7089945283056431,9,Romantic Movies
2433,churning_user,89,7,43,3.344444444444444,4,9,0.4444444444444444,0.327807550056094,8,TV Dramas
2434,casual_viewer,337,0,89,6.922222222222222,28,31,0.9032258064516129,0.6396613475667667,5,Romantic Movies
2435,churning_user,360,7,51,3.9666666666666663,7,11,0.6363636363636364,0.3213152533275403,7,Thrillers
2436,new_user,15,0,18,1.4,18,0,2.0,0.5211341205412526,10,Music & Musicals
2437,churning_user,364,5,56,4.355555555555555,11,16,0.6875,0.29143527735240415,4,Crime TV Shows
2438,churning_user,155,5,67,5.211111111111111,11,24,0.4583333333333333,0.2935663058310859,6,TV Dramas
2439,casual_viewer,198,0,97,7.544444444444444,39,36,1.0833333333333333,0.6076141087117329,8,Romantic Movies
2440,weekend_watcher,436,2,71,5.522222222222222,27,19,1.4210526315789473,0.704070688292963,7,Kids' TV
2441,new_user,21,0,20,1.5555555555555556,20,0,2.0,0.6324961257099746,8,Sci-Fi & Fantasy
2442,power_binger,402,0,268,20.844444444444445,84,101,0.8316831683168316,0.8380950784653742,8,Sci-Fi & Fantasy
2443,casual_viewer,569,2,92,7.155555555555555,23,24,0.9583333333333334,0.6178432022029461,4,Romantic Movies
2444,churning_user,423,0,65,5.055555555555555,9,22,0.4090909090909091,0.27830127397221416,4,TV Dramas
2445,casual_viewer,114,0,100,7.777777777777778,29,43,0.6744186046511628,0.5817595563446815,6,Comedies
2446,churning_user,293,3,57,4.433333333333334,5,25,0.2,0.31858532582717275,8,Crime TV Shows
2447,power_binger,201,0,253,19.677777777777777,86,82,1.048780487804878,0.8470619063006543,7,Crime TV Shows
2448,casual_viewer,678,2,79,6.144444444444444,21,31,0.6774193548387096,0.6104927344350269,6,Documentaries
2449,churning_user,290,5,55,4.277777777777778,12,13,0.9230769230769231,0.28878668959831655,6,Thrillers
2450,churning_user,359,2,55,4.277777777777778,9,19,0.47368421052631576,0.3371675822201182,3,Thrillers
2451,churning_user,492,2,59,4.588888888888889,9,11,0.8181818181818182,0.30609176023002704,6,Thrillers
2452,weekend_watcher,385,1,90,7.0,33,33,1.0,0.7200210532849285,5,Stand-Up Comedy
2453,churning_user,246,0,49,3.811111111111111,5,16,0.3125,0.28378287452929923,6,Crime TV Shows
2454,weekend_watcher,199,1,80,6.222222222222222,33,22,1.5,0.6884861302212733,6,Stand-Up Comedy
2455,churning_user,330,1,64,4.977777777777778,7,21,0.3333333333333333,0.2921684013611209,4,Thrillers
2456,churning_user,284,1,60,4.666666666666666,10,14,0.7142857142857143,0.27179780428417494,5,Thrillers
2457,churning_user,235,2,57,4.433333333333334,8,13,0.6153846153846154,0.31785371834475484,5,Thrillers
2458,power_binger,426,0,240,18.666666666666664,74,78,0.9487179487179487,0.8509751237182539,6,TV Dramas
2459,casual_viewer,168,1,98,7.622222222222222,25,27,0.9259259259259259,0.6322017751666617,4,Documentaries
2460,churning_user,207,5,51,3.9666666666666663,9,14,0.6428571428571429,0.27480659784772754,8,Thrillers
2461,weekend_watcher,533,0,76,5.9111111111111105,21,33,0.6363636363636364,0.7324641511930267,8,Romantic Movies
2462,churning_user,405,0,68,5.288888888888889,10,19,0.5263157894736842,0.2986839159502208,4,Thrillers
2463,power_binger,180,0,237,18.433333333333334,75,95,0.7894736842105263,0.8496938814863026,5,Thrillers
2464,churning_user,464,7,61,4.7444444444444445,4,18,0.2222222222222222,0.3032931299890752,8,TV Dramas
2465,casual_viewer,447,0,87,6.766666666666667,32,21,1.5238095238095237,0.60859740858278,8,Romantic Movies
2466,weekend_watcher,173,1,61,4.7444444444444445,21,23,0.9130434782608695,0.6946942195465153,5,Stand-Up Comedy
2467,weekend_watcher,226,0,78,6.066666666666666,24,32,0.75,0.6827198855819159,7,Kids' TV
2468,churning_user,486,5,73,5.677777777777777,5,22,0.22727272727272727,0.2991826201955928,3,Thrillers
2469,churning_user,210,15,53,4.122222222222222,7,15,0.4666666666666667,0.3208973148726143,7,Thrillers
2470,casual_viewer,647,1,102,7.933333333333333,30,33,0.9090909090909091,0.5680304059505051,6,Documentaries
2471,casual_viewer,552,0,89,6.922222222222222,26,32,0.8125,0.6409003455774648,6,Romantic Movies
2472,weekend_watcher,494,0,76,5.9111111111111105,27,23,1.173913043478261,0.7525217626818086,5,Children & Family Movies
2473,weekend_watcher,727,2,83,6.455555555555556,24,25,0.96,0.7017332227513545,6,Stand-Up Comedy
2474,churning_user,401,3,61,4.7444444444444445,10,12,0.8333333333333334,0.2940513492393733,5,Thrillers
2475,casual_viewer,101,1,92,7.155555555555555,28,30,0.9333333333333333,0.6110217015995769,4,Romantic Movies
2476,power_binger,488,0,255,19.833333333333332,91,80,1.1375,0.8460658426611425,4,TV Dramas
2477,power_binger,624,0,262,20.377777777777776,92,80,1.15,0.8560779623704873,6,Crime TV Shows
2478,power_binger,252,0,297,23.099999999999998,100,91,1.098901098901099,0.855217823511673,5,Sci-Fi & Fantasy
2479,casual_viewer,295,0,83,6.455555555555556,29,32,0.90625,0.6054282610236145,6,Documentaries
2480,new_user,22,0,11,0.8555555555555555,11,0,2.0,0.6031210410370184,15,Kids' TV
2481,churning_user,485,5,50,3.888888888888889,7,13,0.5384615384615384,0.31047054553818915,4,Crime TV Shows
2482,casual_viewer,562,0,95,7.388888888888888,36,36,1.0,0.6012121280492917,8,Documentaries
2483,power_binger,356,0,290,22.555555555555554,100,88,1.1363636363636365,0.8456656264564726,8,Sci-Fi & Fantasy
2484,casual_viewer,200,2,104,8.088888888888889,27,35,0.7714285714285715,0.5789813560183743,5,Romantic Movies
2485,weekend_watcher,376,2,81,6.3,34,21,1.619047619047619,0.7003603412243621,7,Stand-Up Comedy
2486,casual_viewer,243,0,95,7.388888888888888,32,33,0.9696969696969697,0.6107711227132486,3,Comedies
2487,weekend_watcher,677,1,62,4.822222222222222,20,18,1.1111111111111112,0.7049754962751508,5,Kids' TV
2488,weekend_watcher,666,1,82,6.377777777777777,26,23,1.1304347826086956,0.7110774260029039,6,Romantic Movies
2489,power_binger,616,0,278,21.62222222222222,95,96,0.9895833333333334,0.8521919040911835,8,TV Dramas
2490,churning_user,131,2,60,4.666666666666666,10,19,0.5263157894736842,0.3202545806890303,4,Thrillers
2491,new_user,25,0,17,1.3222222222222222,17,0,2.0,0.5081938696648336,10,Kids' TV
2492,casual_viewer,403,0,83,6.455555555555556,21,26,0.8076923076923077,0.5538680960415275,8,Comedies
2493,power_binger,488,0,267,20.766666666666666,80,89,0.898876404494382,0.8523947329054533,7,Thrillers
2494,new_user,11,2,6,0.4666666666666667,6,0,2.0,0.444974088017222,10,Stand-Up Comedy
2495,weekend_watcher,714,0,68,5.288888888888889,28,23,1.2173913043478262,0.7030068369837732,6,Children & Family Movies
2496,churning_user,408,6,61,4.7444444444444445,7,19,0.3684210526315789,0.25527205983096535,6,Crime TV Shows
2497,churning_user,185,5,38,2.9555555555555553,6,11,0.5454545454545454,0.27755812782443795,7,TV Dramas
2498,casual_viewer,591,0,85,6.611111111111111,30,30,1.0,0.5875938407523916,6,Documentaries
2499,weekend_watcher,506,3,76,5.9111111111111105,28,23,1.2173913043478262,0.7055196159607613,4,Children & Family Movies
2500,casual_viewer,665,1,88,6.844444444444444,19,36,0.5277777777777778,0.5966436716680161,5,Documentaries
2501,power_binger,497,0,250,19.444444444444443,82,81,1.0123456790123457,0.8537344863741289,6,Sci-Fi & Fantasy
2502,churning_user,497,0,78,6.066666666666666,9,22,0.4090909090909091,0.29295080408030966,3,Thrillers
2503,new_user,23,0,21,1.6333333333333333,21,0,2.0,0.41670789000736413,14,TV Comedies
2504,weekend_watcher,631,0,75,5.833333333333333,19,26,0.7307692307692307,0.7007337623818451,8,Stand-Up Comedy
2505,casual_viewer,307,0,93,7.233333333333333,26,32,0.8125,0.5932921287894269,5,Romantic Movies
2506,power_binger,437,0,254,19.755555555555556,80,98,0.8163265306122449,0.8386254301716805,9,Thrillers
2507,new_user,22,2,14,1.0888888888888888,14,0,2.0,0.5224252371511168,9,Children & Family Movies
2508,new_user,14,1,10,0.7777777777777778,10,0,2.0,0.6520945383804339,8,Comedies
2509,churning_user,495,3,68,5.288888888888889,9,20,0.45,0.30026670958028207,5,Crime TV Shows
2510,churning_user,418,1,53,4.122222222222222,5,19,0.2631578947368421,0.320567988862936,6,TV Dramas
2511,casual_viewer,94,1,94,7.311111111111111,28,24,1.1666666666666667,0.5708937045123698,4,Documentaries
2512,casual_viewer,282,0,89,6.922222222222222,28,31,0.9032258064516129,0.5907439105347781,7,Comedies
2513,power_binger,254,0,277,21.544444444444444,79,92,0.8586956521739131,0.8623009277790066,8,Sci-Fi & Fantasy
2514,power_binger,380,0,258,20.066666666666666,98,88,1.1136363636363635,0.8552952455783855,5,TV Dramas
2515,casual_viewer,636,0,79,6.144444444444444,22,36,0.6111111111111112,0.6015259690367112,6,Comedies
2516,weekend_watcher,312,0,89,6.922222222222222,35,30,1.1666666666666667,0.7070248061375976,9,Kids' TV
2517,power_binger,575,1,258,20.066666666666666,81,81,1.0,0.8455927578479212,5,Thrillers
2518,casual_viewer,517,1,98,7.622222222222222,25,34,0.7352941176470589,0.5672990336055742,6,Romantic Movies
2519,churning_user,405,0,50,3.888888888888889,7,17,0.4117647058823529,0.3278499186817754,3,Thrillers
2520,casual_viewer,464,3,76,5.9111111111111105,21,24,0.875,0.5839803647614272,5,Documentaries
2521,power_binger,329,0,282,21.933333333333334,84,115,0.7304347826086957,0.8413471510139563,4,Thrillers
2522,churning_user,160,2,69,5.366666666666666,10,19,0.5263157894736842,0.31381661569698893,8,TV Dramas
2523,casual_viewer,93,0,96,7.466666666666667,27,35,0.7714285714285715,0.6115588611427638,8,Documentaries
2524,churning_user,467,10,49,3.811111111111111,6,15,0.4,0.28843121570528757,6,TV Dramas
2525,new_user,8,5,1,0.07777777777777778,1,0,2.0,0.3860489030807198,12,Sci-Fi & Fantasy
2526,power_binger,180,0,278,21.62222222222222,95,101,0.9405940594059405,0.8614437461886489,8,Crime TV Shows
2527,new_user,17,2,15,1.1666666666666665,15,0,2.0,0.3536039338338117,11,Sports Movies
2528,new_user,27,0,17,1.3222222222222222,17,0,2.0,0.6085601585825662,11,Children & Family Movies
2529,weekend_watcher,167,0,63,4.8999999999999995,22,19,1.1578947368421053,0.7095950023768153,5,Romantic Movies
2530,churning_user,154,9,62,4.822222222222222,9,19,0.47368421052631576,0.2921276503706488,7,TV Dramas
2531,churning_user,240,0,62,4.822222222222222,7,18,0.3888888888888889,0.3733498944249839,6,Thrillers
2532,churning_user,205,0,69,5.366666666666666,9,21,0.42857142857142855,0.3054603782543677,5,TV Dramas
2533,churning_user,258,0,50,3.888888888888889,6,9,0.6666666666666666,0.2884752487259434,5,TV Dramas
2534,power_binger,635,0,273,21.23333333333333,95,83,1.144578313253012,0.8546195097760797,7,Crime TV Shows
2535,new_user,24,0,19,1.4777777777777776,19,0,2.0,0.511903876450504,13,TV Dramas
2536,churning_user,359,3,67,5.211111111111111,11,17,0.6470588235294118,0.31990368609333436,3,Thrillers
2537,weekend_watcher,222,0,80,6.222222222222222,30,23,1.3043478260869565,0.7101963249973606,7,Romantic Movies
2538,casual_viewer,345,0,101,7.855555555555555,33,27,1.2222222222222223,0.6021385111247323,3,Comedies
2539,power_binger,638,0,279,21.7,90,93,0.967741935483871,0.8434740605847431,6,TV Dramas
2540,churning_user,286,2,67,5.211111111111111,12,15,0.8,0.2720387924781177,5,TV Dramas
2541,churning_user,323,9,65,5.055555555555555,8,22,0.36363636363636365,0.29691210574912313,4,TV Dramas
2542,casual_viewer,397,2,71,5.522222222222222,30,22,1.3636363636363635,0.597613543661198,8,Comedies
2543,casual_viewer,278,1,103,8.011111111111111,32,34,0.9411764705882353,0.5596084026632936,8,Comedies
2544,casual_viewer,540,0,80,6.222222222222222,26,26,1.0,0.628595588341921,6,Romantic Movies
2545,churning_user,434,0,65,5.055555555555555,9,18,0.5,0.2559848075423005,8,Thrillers
2546,casual_viewer,240,0,108,8.4,38,35,1.0857142857142856,0.6101465148148136,3,Comedies
2547,new_user,17,0,10,0.7777777777777778,10,0,2.0,0.4648355429148669,15,Independent Movies
2548,power_binger,588,2,254,19.755555555555556,88,83,1.0602409638554218,0.8509467881055783,4,Thrillers
2549,casual_viewer,273,0,86,6.688888888888888,24,29,0.8275862068965517,0.5962881874575484,8,Comedies
2550,casual_viewer,514,2,104,8.088888888888889,33,36,0.9166666666666666,0.5946790710257167,6,Romantic Movies
2551,churning_user,168,6,48,3.7333333333333334,6,16,0.375,0.3029411764246356,8,TV Dramas
2552,casual_viewer,675,0,88,6.844444444444444,34,28,1.2142857142857142,0.6008945762696725,4,Comedies
2553,churning_user,251,11,51,3.9666666666666663,5,13,0.38461538461538464,0.3723431502109027,6,Thrillers
2554,new_user,28,0,17,1.3222222222222222,17,0,2.0,0.5252669022098253,9,Documentaries
2555,casual_viewer,498,0,108,8.4,40,34,1.1764705882352942,0.6124284002528447,3,Documentaries
2556,churning_user,216,3,58,4.511111111111111,7,14,0.5,0.25604197917397814,6,TV Dramas
2557,power_binger,715,0,249,19.366666666666667,85,83,1.0240963855421688,0.847653278048338,8,Sci-Fi & Fantasy
2558,casual_viewer,119,3,106,8.244444444444444,31,35,0.8857142857142857,0.6277388603189047,3,Romantic Movies
2559,casual_viewer,437,0,95,7.388888888888888,28,30,0.9333333333333333,0.5806919091154208,4,Comedies
2560,power_binger,479,0,243,18.9,82,81,1.0123456790123457,0.8408354740807524,5,Thrillers
2561,churning_user,215,4,58,4.511111111111111,4,13,0.3076923076923077,0.2791674161840422,6,Crime TV Shows
2562,churning_user,73,5,32,2.488888888888889,7,12,0.5833333333333334,0.32698636686009763,6,Thrillers
2563,weekend_watcher,368,1,92,7.155555555555555,24,35,0.6857142857142857,0.6694342006974793,5,Romantic Movies
2564,churning_user,229,3,53,4.122222222222222,10,8,1.25,0.30250582632566325,8,TV Dramas
2565,churning_user,496,1,61,4.7444444444444445,9,17,0.5294117647058824,0.265013990038045,3,Thrillers
2566,casual_viewer,108,0,94,7.311111111111111,25,38,0.6578947368421053,0.5854748467250129,5,Comedies
2567,power_binger,537,0,261,20.3,89,88,1.0113636363636365,0.8619254479630812,5,Crime TV Shows
2568,power_binger,470,0,269,20.92222222222222,85,89,0.9550561797752809,0.8510060691805864,8,Sci-Fi & Fantasy
2569,churning_user,484,7,65,5.055555555555555,8,24,0.3333333333333333,0.33517641608763815,3,Thrillers
2570,new_user,28,0,15,1.1666666666666665,15,0,2.0,0.5566245311456691,10,Sports Movies
2571,power_binger,688,0,254,19.755555555555556,77,92,0.8369565217391305,0.842938056520053,9,TV Dramas
2572,churning_user,488,3,67,5.211111111111111,6,19,0.3157894736842105,0.34422103328188863,4,Crime TV Shows
2573,weekend_watcher,267,1,85,6.611111111111111,27,29,0.9310344827586207,0.6723956874312744,5,Children & Family Movies
2574,weekend_watcher,513,0,84,6.533333333333333,32,28,1.1428571428571428,0.6862527215385377,4,Kids' TV
2575,churning_user,136,15,57,4.433333333333334,9,12,0.75,0.29219302472179765,4,Thrillers
2576,churning_user,365,0,55,4.277777777777778,11,17,0.6470588235294118,0.29079006578882255,3,Crime TV Shows
2577,churning_user,451,3,59,4.588888888888889,9,17,0.5294117647058824,0.3043754280501532,8,Thrillers
2578,weekend_watcher,654,3,69,5.366666666666666,28,20,1.4,0.7050880061419819,4,Stand-Up Comedy
2579,power_binger,695,0,286,22.244444444444444,102,91,1.120879120879121,0.8511948338475578,8,Crime TV Shows
2580,new_user,13,0,12,0.9333333333333333,12,0,2.0,0.5109196434046591,12,TV Comedies
2581,power_binger,389,0,254,19.755555555555556,81,79,1.0253164556962024,0.8530200744145456,5,Sci-Fi & Fantasy
2582,weekend_watcher,236,0,89,6.922222222222222,31,30,1.0333333333333334,0.6799035501374066,4,Kids' TV
2583,power_binger,414,0,246,19.133333333333333,99,70,1.4142857142857144,0.8543435371427739,7,TV Dramas
2584,power_binger,562,1,264,20.53333333333333,84,90,0.9333333333333333,0.8457811009470211,7,Thrillers
2585,power_binger,313,0,268,20.844444444444445,87,92,0.9456521739130435,0.8435200583169781,6,Sci-Fi & Fantasy
2586,casual_viewer,325,0,94,7.311111111111111,38,32,1.1875,0.6126509213650068,5,Comedies
2587,casual_viewer,650,0,91,7.0777777777777775,25,33,0.7575757575757576,0.5757752965595656,8,Comedies
2588,power_binger,501,0,256,19.91111111111111,88,65,1.353846153846154,0.8639482325482553,8,Thrillers
2589,casual_viewer,95,1,76,5.9111111111111105,13,32,0.40625,0.6134988227179364,8,Romantic Movies
2590,casual_viewer,322,3,78,6.066666666666666,20,23,0.8695652173913043,0.6288660532389233,4,Romantic Movies
2591,weekend_watcher,656,0,89,6.922222222222222,24,29,0.8275862068965517,0.6854735986243283,9,Stand-Up Comedy
2592,weekend_watcher,657,0,79,6.144444444444444,36,19,1.894736842105263,0.7181239686118885,8,Stand-Up Comedy
2593,churning_user,79,0,47,3.6555555555555554,10,19,0.5263157894736842,0.28858857375841246,3,Thrillers
2594,power_binger,364,0,257,19.988888888888887,93,80,1.1625,0.8426286480127421,4,TV Dramas
2595,casual_viewer,577,4,96,7.466666666666667,19,40,0.475,0.5584545989968224,8,Documentaries
2596,new_user,21,1,14,1.0888888888888888,14,0,2.0,0.4299480134305282,8,Kids' TV
2597,power_binger,231,0,266,20.688888888888886,83,93,0.8924731182795699,0.8415646748152904,5,Crime TV Shows
2598,casual_viewer,371,1,94,7.311111111111111,28,30,0.9333333333333333,0.5818400553424333,7,Comedies
2599,new_user,13,1,8,0.6222222222222222,8,0,2.0,0.5032118677254411,14,International TV Shows
2600,new_user,3,90,0,0.0,0,0,0.0,0.0,14,Sports Movies
2601,casual_viewer,173,1,94,7.311111111111111,30,36,0.8333333333333334,0.6066412900494609,6,Documentaries
2602,churning_user,242,1,60,4.666666666666666,10,18,0.5555555555555556,0.3184747499133167,3,Thrillers
2603,casual_viewer,551,1,78,6.066666666666666,30,22,1.3636363636363635,0.5699641908111277,6,Comedies
2604,weekend_watcher,248,0,73,5.677777777777777,23,23,1.0,0.7063304382632986,5,Romantic Movies
2605,power_binger,274,0,242,18.822222222222223,80,84,0.9523809523809523,0.8574393512625084,9,Crime TV Shows
2606,power_binger,271,0,273,21.23333333333333,95,89,1.0674157303370786,0.8465143292904922,7,Sci-Fi & Fantasy
2607,churning_user,390,2,54,4.2,8,16,0.5,0.3148917025712581,8,Thrillers
2608,casual_viewer,258,0,93,7.233333333333333,36,25,1.44,0.596350384977211,6,Romantic Movies
2609,churning_user,76,7,48,3.7333333333333334,7,20,0.35,0.30895454742771505,3,Thrillers
2610,casual_viewer,227,0,88,6.844444444444444,25,27,0.9259259259259259,0.6037753681366698,6,Documentaries
2611,weekend_watcher,419,2,63,4.8999999999999995,12,30,0.4,0.695382104451615,6,Kids' TV
2612,weekend_watcher,462,0,97,7.544444444444444,33,33,1.0,0.7141371487490671,4,Stand-Up Comedy
2613,casual_viewer,507,5,94,7.311111111111111,23,40,0.575,0.5868676733091882,5,Comedies
2614,weekend_watcher,141,1,69,5.366666666666666,25,17,1.4705882352941178,0.7052058535261879,4,Stand-Up Comedy
2615,casual_viewer,630,0,79,6.144444444444444,29,25,1.16,0.6367599861013713,5,Documentaries
2616,casual_viewer,178,0,88,6.844444444444444,28,36,0.7777777777777778,0.610752327599775,7,Documentaries
2617,power_binger,628,0,252,19.599999999999998,81,81,1.0,0.853137592451258,8,Crime TV Shows
2618,weekend_watcher,522,0,85,6.611111111111111,30,31,0.967741935483871,0.716248494729454,6,Romantic Movies
2619,weekend_watcher,600,1,71,5.522222222222222,23,21,1.0952380952380953,0.6952241946022041,6,Stand-Up Comedy
2620,new_user,19,2,7,0.5444444444444444,7,0,2.0,0.5887542522642493,15,Crime TV Shows
2621,weekend_watcher,592,0,73,5.677777777777777,25,25,1.0,0.6940221609896934,7,Stand-Up Comedy
2622,new_user,20,0,13,1.011111111111111,13,0,2.0,0.6290625753799166,15,International TV Shows
2623,casual_viewer,174,0,98,7.622222222222222,27,32,0.84375,0.5761656908546048,6,Documentaries
2624,new_user,28,1,17,1.3222222222222222,17,0,2.0,0.5238464682010829,13,Children & Family Movies
2625,churning_user,100,1,65,5.055555555555555,10,17,0.5882352941176471,0.30811242351592744,8,TV Dramas
2626,casual_viewer,360,2,89,6.922222222222222,31,29,1.0689655172413792,0.5909922171865175,6,Romantic Movies
2627,churning_user,203,1,54,4.2,5,20,0.25,0.30531783382075467,5,Thrillers
2628,casual_viewer,292,2,89,6.922222222222222,28,31,0.9032258064516129,0.6279783340336169,8,Documentaries
2629,casual_viewer,370,0,96,7.466666666666667,28,38,0.7368421052631579,0.6138213423641116,5,Comedies
2630,casual_viewer,424,0,87,6.766666666666667,16,24,0.6666666666666666,0.6012294692538377,5,Comedies
2631,power_binger,183,0,244,18.977777777777778,78,94,0.8297872340425532,0.8545429448974927,9,Crime TV Shows
2632,casual_viewer,332,1,86,6.688888888888888,30,32,0.9375,0.5960427344162098,4,Comedies
2633,weekend_watcher,271,2,68,5.288888888888889,26,22,1.1818181818181819,0.7222981449870954,4,Kids' TV
2634,churning_user,455,5,53,4.122222222222222,11,16,0.6875,0.2948900518951944,5,Crime TV Shows
2635,churning_user,153,4,48,3.7333333333333334,4,15,0.26666666666666666,0.32287944392105294,3,Crime TV Shows
2636,casual_viewer,358,0,96,7.466666666666667,21,36,0.5833333333333334,0.6082457085378038,8,Romantic Movies
2637,casual_viewer,374,0,115,8.944444444444445,40,37,1.0810810810810811,0.5918399040282357,3,Romantic Movies
2638,casual_viewer,366,0,94,7.311111111111111,27,37,0.7297297297297297,0.6400096299909891,3,Comedies
2639,weekend_watcher,541,1,81,6.3,31,27,1.1481481481481481,0.7339215756742746,9,Kids' TV
2640,power_binger,695,0,254,19.755555555555556,92,68,1.3529411764705883,0.8501749417003824,4,TV Dramas
2641,weekend_watcher,284,1,81,6.3,26,24,1.0833333333333333,0.7110852794609066,9,Kids' TV
2642,weekend_watcher,654,0,80,6.222222222222222,33,24,1.375,0.7169064286580319,9,Children & Family Movies
2643,churning_user,429,16,58,4.511111111111111,5,17,0.29411764705882354,0.2906864131471749,7,Thrillers
2644,weekend_watcher,469,0,81,6.3,24,25,0.96,0.6865970938116118,6,Kids' TV
2645,casual_viewer,128,0,88,6.844444444444444,25,33,0.7575757575757576,0.583362689685579,3,Documentaries
2646,weekend_watcher,543,0,90,7.0,24,35,0.6857142857142857,0.6856682769881346,7,Kids' TV
2647,weekend_watcher,475,0,79,6.144444444444444,34,30,1.1333333333333333,0.7098856854665271,8,Romantic Movies
2648,weekend_watcher,633,0,78,6.066666666666666,18,34,0.5294117647058824,0.6790426315704565,8,Romantic Movies
2649,churning_user,241,2,63,4.8999999999999995,6,13,0.46153846153846156,0.31604498669065845,7,Crime TV Shows
2650,weekend_watcher,90,1,85,6.611111111111111,27,28,0.9642857142857143,0.6756158566521323,4,Children & Family Movies
2651,new_user,2,0,5,0.3888888888888889,5,0,2.0,0.5643443255063882,15,International Movies
2652,casual_viewer,504,0,89,6.922222222222222,30,27,1.1111111111111112,0.6389590403829273,3,Romantic Movies
2653,weekend_watcher,692,2,71,5.522222222222222,18,20,0.9,0.7021821437088379,7,Kids' TV
2654,weekend_watcher,449,0,92,7.155555555555555,25,30,0.8333333333333334,0.6881091863468254,8,Stand-Up Comedy
2655,casual_viewer,560,1,99,7.699999999999999,23,37,0.6216216216216216,0.6437386849558032,3,Romantic Movies
2656,new_user,8,0,5,0.3888888888888889,5,0,2.0,0.42956555087301956,12,Romantic TV Shows
2657,casual_viewer,498,0,78,6.066666666666666,34,29,1.1724137931034482,0.6157129618935441,6,Romantic Movies
2658,churning_user,284,3,53,4.122222222222222,6,12,0.5,0.28554803656025474,7,Thrillers
2659,power_binger,182,0,237,18.433333333333334,66,88,0.75,0.8472387373466131,4,Crime TV Shows
2660,casual_viewer,131,2,84,6.533333333333333,24,24,1.0,0.571009233713667,8,Comedies
2661,weekend_watcher,525,4,77,5.988888888888889,30,25,1.2,0.691850185890717,7,Stand-Up Comedy
2662,casual_viewer,470,0,84,6.533333333333333,24,30,0.8,0.6304113579995054,8,Romantic Movies
2663,casual_viewer,333,3,87,6.766666666666667,21,34,0.6176470588235294,0.5907793825510729,5,Documentaries
2664,casual_viewer,673,0,89,6.922222222222222,30,23,1.3043478260869565,0.6071465558048926,4,Comedies
2665,casual_viewer,426,1,103,8.011111111111111,34,38,0.8947368421052632,0.5896099274161097,6,Documentaries
2666,weekend_watcher,407,1,73,5.677777777777777,29,19,1.5263157894736843,0.7023673806654994,7,Stand-Up Comedy
2667,weekend_watcher,312,0,72,5.6,23,19,1.2105263157894737,0.7397201869176397,6,Stand-Up Comedy
2668,power_binger,394,0,241,18.744444444444444,86,89,0.9662921348314607,0.8505006879488526,4,TV Dramas
2669,churning_user,214,15,54,4.2,7,17,0.4117647058823529,0.31553593150993986,7,Thrillers
2670,casual_viewer,362,3,98,7.622222222222222,17,36,0.4722222222222222,0.5861852687734757,3,Documentaries
2671,churning_user,427,1,51,3.9666666666666663,6,20,0.3,0.2967508483838812,4,TV Dramas
2672,casual_viewer,502,1,104,8.088888888888889,37,37,1.0,0.6007431827225103,5,Romantic Movies
2673,casual_viewer,179,0,81,6.3,26,23,1.1304347826086956,0.5802378453767408,3,Romantic Movies
2674,casual_viewer,529,3,92,7.155555555555555,27,30,0.9,0.6277198125284932,8,Documentaries
2675,churning_user,226,6,55,4.277777777777778,7,13,0.5384615384615384,0.2975546515119989,6,TV Dramas
2676,churning_user,400,5,54,4.2,6,21,0.2857142857142857,0.3101626099227528,7,Thrillers
2677,casual_viewer,415,2,93,7.233333333333333,30,35,0.8571428571428571,0.5880265662238481,7,Comedies
2678,weekend_watcher,221,4,73,5.677777777777777,16,29,0.5517241379310345,0.6891582140604362,4,Kids' TV
2679,weekend_watcher,619,2,59,4.588888888888889,24,17,1.411764705882353,0.7024459098815012,7,Children & Family Movies
2680,casual_viewer,389,0,82,6.377777777777777,24,23,1.0434782608695652,0.5938731077123994,5,Romantic Movies
2681,weekend_watcher,587,0,74,5.7555555555555555,23,26,0.8846153846153846,0.6658262120423648,4,Romantic Movies
2682,weekend_watcher,367,1,82,6.377777777777777,27,27,1.0,0.7376291721802899,6,Children & Family Movies
2683,power_binger,523,1,246,19.133333333333333,91,84,1.0833333333333333,0.8477468097060936,4,Thrillers
2684,churning_user,84,13,54,4.2,2,14,0.14285714285714285,0.2963612556784166,6,Thrillers
2685,casual_viewer,189,1,86,6.688888888888888,25,25,1.0,0.5871038162029592,5,Comedies
2686,weekend_watcher,713,0,79,6.144444444444444,31,26,1.1923076923076923,0.6999471518606193,5,Children & Family Movies
2687,casual_viewer,574,1,73,5.677777777777777,24,21,1.1428571428571428,0.6278274852447986,5,Documentaries
2688,churning_user,215,2,69,5.366666666666666,15,18,0.8333333333333334,0.24854488820745058,3,Crime TV Shows
2689,casual_viewer,325,2,96,7.466666666666667,28,29,0.9655172413793104,0.5883568044094322,5,Romantic Movies
2690,churning_user,283,3,57,4.433333333333334,7,14,0.5,0.32162353802217064,4,Thrillers
2691,new_user,2,0,2,0.15555555555555556,2,0,2.0,0.7809596565191295,12,International Movies
2692,casual_viewer,493,1,83,6.455555555555556,34,22,1.5454545454545454,0.6309968779624016,4,Comedies
2693,weekend_watcher,638,1,88,6.844444444444444,28,33,0.8484848484848485,0.6883024227966451,4,Stand-Up Comedy
2694,new_user,8,1,3,0.23333333333333334,3,0,2.0,0.5277804017537678,11,Crime TV Shows
2695,weekend_watcher,224,0,81,6.3,23,27,0.8518518518518519,0.7259799920236608,5,Romantic Movies
2696,power_binger,279,0,263,20.455555555555556,99,89,1.1123595505617978,0.8516446876502803,6,Sci-Fi & Fantasy
2697,weekend_watcher,396,0,78,6.066666666666666,32,16,2.0,0.6901179688797555,8,Kids' TV
2698,power_binger,184,0,274,21.31111111111111,97,94,1.0319148936170213,0.8566410755007079,4,TV Dramas
2699,casual_viewer,729,0,86,6.688888888888888,28,26,1.0769230769230769,0.5886012312402158,3,Documentaries
2700,weekend_watcher,110,1,70,5.444444444444445,28,20,1.4,0.6976227627152678,7,Romantic Movies
2701,churning_user,482,8,54,4.2,4,17,0.23529411764705882,0.2997123681040204,3,Crime TV Shows
2702,churning_user,270,0,53,4.122222222222222,6,16,0.375,0.2670835584731332,3,Thrillers
2703,casual_viewer,441,2,91,7.0777777777777775,21,30,0.7,0.575101312954993,5,Comedies
2704,weekend_watcher,147,2,60,4.666666666666666,16,20,0.8,0.6844185105496494,5,Kids' TV
2705,weekend_watcher,272,2,80,6.222222222222222,19,29,0.6551724137931034,0.692658553969182,4,Children & Family Movies
2706,casual_viewer,259,0,103,8.011111111111111,32,35,0.9142857142857143,0.5817259976747653,4,Documentaries
2707,weekend_watcher,193,1,81,6.3,27,26,1.0384615384615385,0.7068716625932255,8,Romantic Movies
2708,casual_viewer,651,0,98,7.622222222222222,28,39,0.717948717948718,0.6268802634697895,5,Comedies
2709,power_binger,301,0,276,21.466666666666665,94,101,0.9306930693069307,0.8481381212849102,4,Thrillers
2710,churning_user,265,0,56,4.355555555555555,13,17,0.7647058823529411,0.2978920717110803,7,TV Dramas
2711,new_user,19,1,11,0.8555555555555555,11,0,2.0,0.5737138382659444,8,Sci-Fi & Fantasy
2712,casual_viewer,472,0,93,7.233333333333333,37,19,1.9473684210526316,0.5784226560754955,7,Documentaries
2713,casual_viewer,167,0,103,8.011111111111111,36,30,1.2,0.6137538399960647,7,Comedies
2714,power_binger,307,0,228,17.733333333333334,74,81,0.9135802469135802,0.8460780373119283,4,Thrillers
2715,weekend_watcher,489,2,81,6.3,27,26,1.0384615384615385,0.7139967191446845,7,Stand-Up Comedy
2716,casual_viewer,266,0,93,7.233333333333333,32,31,1.032258064516129,0.644306206993762,8,Romantic Movies
2717,churning_user,363,4,60,4.666666666666666,10,17,0.5882352941176471,0.3267734214429139,6,Thrillers
2718,new_user,11,1,11,0.8555555555555555,11,0,2.0,0.5542898230290945,8,Music & Musicals
2719,power_binger,448,0,249,19.366666666666667,82,87,0.9425287356321839,0.8477129562308416,8,Crime TV Shows
2720,churning_user,366,9,49,3.811111111111111,9,12,0.75,0.30722849227135585,8,Thrillers
2721,churning_user,347,4,68,5.288888888888889,6,22,0.2727272727272727,0.3233568725890236,5,Crime TV Shows
2722,weekend_watcher,289,0,92,7.155555555555555,38,21,1.8095238095238095,0.6969560954100402,8,Stand-Up Comedy
2723,casual_viewer,392,0,96,7.466666666666667,24,33,0.7272727272727273,0.5976981290335678,3,Documentaries
2724,casual_viewer,332,3,82,6.377777777777777,26,22,1.1818181818181819,0.6110021115472615,3,Romantic Movies
2725,power_binger,230,0,256,19.91111111111111,78,93,0.8387096774193549,0.849225590130642,7,Sci-Fi & Fantasy
2726,weekend_watcher,153,0,73,5.677777777777777,22,24,0.9166666666666666,0.7013614358205773,7,Romantic Movies
2727,weekend_watcher,301,1,79,6.144444444444444,25,23,1.0869565217391304,0.733947271352547,4,Romantic Movies
2728,power_binger,513,0,265,20.61111111111111,87,91,0.9560439560439561,0.8593008914427743,9,Crime TV Shows
2729,casual_viewer,540,0,98,7.622222222222222,27,34,0.7941176470588235,0.6251326310362298,5,Comedies
2730,weekend_watcher,721,0,80,6.222222222222222,30,25,1.2,0.6968725741694859,9,Children & Family Movies
2731,power_binger,583,0,247,19.21111111111111,74,91,0.8131868131868132,0.8345951026480973,9,Thrillers
2732,casual_viewer,459,0,98,7.622222222222222,29,39,0.7435897435897436,0.6130978359024711,7,Comedies
2733,churning_user,436,9,51,3.9666666666666663,10,14,0.7142857142857143,0.2903229762171711,8,Thrillers
2734,casual_viewer,302,1,108,8.4,39,27,1.4444444444444444,0.5837347383899961,8,Comedies
2735,casual_viewer,572,0,94,7.311111111111111,31,30,1.0333333333333334,0.6046465366617693,8,Romantic Movies
2736,casual_viewer,633,0,89,6.922222222222222,28,31,0.9032258064516129,0.6275197599849522,6,Comedies
2737,power_binger,703,0,282,21.933333333333334,105,88,1.1931818181818181,0.8497622685695342,7,TV Dramas
2738,churning_user,397,8,56,4.355555555555555,7,21,0.3333333333333333,0.3753445847588167,6,Crime TV Shows
2739,weekend_watcher,371,0,80,6.222222222222222,33,28,1.1785714285714286,0.6933484003302951,9,Stand-Up Comedy
2740,churning_user,285,14,58,4.511111111111111,4,20,0.2,0.3470489531587148,4,Crime TV Shows
2741,power_binger,266,0,235,18.27777777777778,91,62,1.467741935483871,0.8557135671032091,8,Sci-Fi & Fantasy
2742,weekend_watcher,194,0,85,6.611111111111111,27,28,0.9642857142857143,0.6990044213007521,7,Romantic Movies
2743,power_binger,230,0,248,19.288888888888888,84,91,0.9230769230769231,0.8426795464528917,6,Crime TV Shows
2744,weekend_watcher,558,0,93,7.233333333333333,27,35,0.7714285714285715,0.7185386909241036,7,Romantic Movies
2745,casual_viewer,376,0,92,7.155555555555555,30,26,1.1538461538461537,0.6093675942475212,4,Documentaries
2746,weekend_watcher,689,3,73,5.677777777777777,26,22,1.1818181818181819,0.7113624712737395,6,Kids' TV
2747,casual_viewer,319,4,80,6.222222222222222,29,21,1.380952380952381,0.6423188363047247,6,Documentaries
2748,power_binger,668,0,239,18.58888888888889,66,85,0.7764705882352941,0.8485047010181362,7,Thrillers
2749,casual_viewer,195,0,106,8.244444444444444,34,35,0.9714285714285714,0.6059347741661448,5,Documentaries
2750,power_binger,456,0,279,21.7,93,109,0.8532110091743119,0.8526029065551309,8,Sci-Fi & Fantasy
2751,casual_viewer,321,1,84,6.533333333333333,17,33,0.5151515151515151,0.5794663377989108,3,Romantic Movies
2752,weekend_watcher,479,1,79,6.144444444444444,21,24,0.875,0.6971344408459661,9,Stand-Up Comedy
2753,weekend_watcher,161,1,74,5.7555555555555555,26,21,1.2380952380952381,0.7165969596203163,9,Children & Family Movies
2754,power_binger,617,0,231,17.966666666666665,83,75,1.1066666666666667,0.8604068057630884,5,Thrillers
2755,weekend_watcher,273,0,77,5.988888888888889,24,30,0.8,0.6984355091122879,7,Kids' TV
2756,weekend_watcher,325,0,67,5.211111111111111,18,26,0.6923076923076923,0.6972890270955089,6,Romantic Movies
2757,weekend_watcher,527,0,101,7.855555555555555,34,28,1.2142857142857142,0.6847352454724329,6,Kids' TV
2758,churning_user,129,1,57,4.433333333333334,5,20,0.25,0.3194885308844836,5,TV Dramas
2759,churning_user,294,0,68,5.288888888888889,8,18,0.4444444444444444,0.3086833324244894,5,TV Dramas
2760,churning_user,464,6,56,4.355555555555555,7,18,0.3888888888888889,0.2662405038028673,5,Crime TV Shows
2761,churning_user,361,1,68,5.288888888888889,9,20,0.45,0.273384785287546,7,Crime TV Shows
2762,new_user,7,0,9,0.7,9,0,2.0,0.4519038553478375,15,Horror Movies
2763,power_binger,610,1,269,20.92222222222222,82,91,0.9010989010989011,0.8378941301848689,5,Thrillers
2764,casual_viewer,656,1,88,6.844444444444444,23,28,0.8214285714285714,0.6043051393565125,8,Comedies
2765,power_binger,431,0,283,22.01111111111111,90,89,1.0112359550561798,0.849473312937421,4,Sci-Fi & Fantasy
2766,new_user,25,1,16,1.2444444444444445,16,0,2.0,0.43850089748229193,11,TV Comedies
2767,casual_viewer,575,0,95,7.388888888888888,31,33,0.9393939393939394,0.6083518228711925,7,Romantic Movies
2768,churning_user,222,10,69,5.366666666666666,5,22,0.22727272727272727,0.281823519298698,5,Thrillers
2769,weekend_watcher,338,0,97,7.544444444444444,36,36,1.0,0.7241160271894338,4,Kids' TV
2770,new_user,21,2,13,1.011111111111111,13,0,2.0,0.5209381579254642,15,TV Dramas
2771,power_binger,591,0,260,20.22222222222222,93,87,1.0689655172413792,0.8457891146413772,8,Crime TV Shows
2772,weekend_watcher,135,0,88,6.844444444444444,33,29,1.1379310344827587,0.6731161943388076,4,Children & Family Movies
2773,weekend_watcher,284,0,85,6.611111111111111,41,23,1.7826086956521738,0.7096929049665893,9,Stand-Up Comedy
2774,power_binger,539,0,242,18.822222222222223,78,83,0.9397590361445783,0.8645623224847121,5,Crime TV Shows
2775,weekend_watcher,169,1,68,5.288888888888889,25,25,1.0,0.6747495751528294,5,Stand-Up Comedy
2776,casual_viewer,352,1,94,7.311111111111111,31,30,1.0333333333333334,0.5841132153482139,3,Documentaries
2777,churning_user,459,0,70,5.444444444444445,11,22,0.5,0.30286538895248927,3,TV Dramas
2778,churning_user,64,3,27,2.1,4,20,0.2,0.30797084796834145,4,Crime TV Shows
2779,casual_viewer,406,0,95,7.388888888888888,27,33,0.8181818181818182,0.5530125419124146,5,Romantic Movies
2780,power_binger,245,0,268,20.844444444444445,102,90,1.1333333333333333,0.8427135267629836,6,TV Dramas
2781,power_binger,243,0,279,21.7,97,84,1.1547619047619047,0.8501778564476504,5,Sci-Fi & Fantasy
2782,power_binger,454,0,279,21.7,94,88,1.0681818181818181,0.8430160785951339,9,Thrillers
2783,churning_user,361,6,60,4.666666666666666,8,14,0.5714285714285714,0.2693137914052994,6,Thrillers
2784,casual_viewer,690,2,102,7.933333333333333,33,39,0.8461538461538461,0.5861651663092219,8,Comedies
2785,casual_viewer,565,0,82,6.377777777777777,29,28,1.0357142857142858,0.5888566449198344,5,Documentaries
2786,churning_user,61,0,21,1.6333333333333333,9,12,0.75,0.3411131527127065,8,Crime TV Shows
2787,churning_user,154,24,51,3.9666666666666663,2,18,0.1111111111111111,0.27311506873668917,6,Thrillers
2788,churning_user,299,2,67,5.211111111111111,16,14,1.1428571428571428,0.2946494438853703,4,Thrillers
2789,new_user,13,8,2,0.15555555555555556,2,0,2.0,0.29108267901188534,9,TV Comedies
2790,casual_viewer,193,0,84,6.533333333333333,28,28,1.0,0.5895063213886471,7,Comedies
2791,weekend_watcher,183,2,76,5.9111111111111105,32,24,1.3333333333333333,0.7010257836636291,9,Children & Family Movies
2792,power_binger,589,0,236,18.355555555555554,81,71,1.1408450704225352,0.8593890591949483,9,TV Dramas
2793,weekend_watcher,102,0,93,7.233333333333333,37,29,1.2758620689655173,0.6885822121206117,6,Stand-Up Comedy
2794,new_user,11,1,5,0.3888888888888889,5,0,2.0,0.5157921634439901,10,International TV Shows
2795,weekend_watcher,323,0,101,7.855555555555555,32,28,1.1428571428571428,0.679181120204727,6,Kids' TV
2796,churning_user,73,12,34,2.6444444444444444,10,11,0.9090909090909091,0.30367485193221944,4,TV Dramas
2797,churning_user,191,0,51,3.9666666666666663,11,11,1.0,0.28585611392559446,6,Thrillers
2798,casual_viewer,325,2,79,6.144444444444444,22,25,0.88,0.6131437282772002,8,Comedies
2799,churning_user,365,8,59,4.588888888888889,4,17,0.23529411764705882,0.2954275359080863,7,Crime TV Shows
2800,weekend_watcher,311,1,77,5.988888888888889,24,24,1.0,0.7085449617257317,6,Romantic Movies
2801,new_user,27,0,18,1.4,18,0,2.0,0.4870961235192311,9,TV Comedies
2802,casual_viewer,182,0,108,8.4,32,37,0.8648648648648649,0.5680218164637658,4,Comedies
2803,power_binger,497,0,248,19.288888888888888,73,79,0.9240506329113924,0.857462696347434,4,Crime TV Shows
2804,churning_user,72,18,31,2.411111111111111,4,17,0.23529411764705882,0.2801162745742549,3,Crime TV Shows
2805,power_binger,243,0,244,18.977777777777778,74,83,0.891566265060241,0.8440047244722665,7,Crime TV Shows
2806,casual_viewer,345,0,100,7.777777777777778,33,35,0.9428571428571428,0.5888830533278053,6,Documentaries
2807,casual_viewer,459,0,90,7.0,26,34,0.7647058823529411,0.5933958729562634,4,Comedies
2808,weekend_watcher,181,1,81,6.3,22,32,0.6875,0.6925850380959511,5,Stand-Up Comedy
2809,power_binger,394,0,274,21.31111111111111,92,83,1.108433734939759,0.8545019018497522,6,Sci-Fi & Fantasy
2810,power_binger,404,0,260,20.22222222222222,85,84,1.0119047619047619,0.84626268932323,8,Thrillers
2811,power_binger,490,0,248,19.288888888888888,85,87,0.9770114942528736,0.83608765449474,4,TV Dramas
2812,weekend_watcher,310,0,75,5.833333333333333,25,24,1.0416666666666667,0.7108752826756336,6,Romantic Movies
2813,churning_user,123,19,68,5.288888888888889,3,27,0.1111111111111111,0.26480555855668225,5,TV Dramas
2814,power_binger,232,0,250,19.444444444444443,84,74,1.135135135135135,0.839146036713355,9,TV Dramas
2815,power_binger,618,0,233,18.12222222222222,76,81,0.9382716049382716,0.8508980118114138,6,Crime TV Shows
2816,churning_user,496,2,73,5.677777777777777,13,23,0.5652173913043478,0.3154527346845342,7,Crime TV Shows
2817,casual_viewer,147,3,70,5.444444444444445,17,30,0.5666666666666667,0.6208128086075969,3,Documentaries
2818,churning_user,106,2,63,4.8999999999999995,9,19,0.47368421052631576,0.2619199558101241,4,Thrillers
2819,casual_viewer,197,0,105,8.166666666666666,29,38,0.7631578947368421,0.6067513961190016,7,Romantic Movies
2820,new_user,14,0,10,0.7777777777777778,10,0,2.0,0.5119824187430948,8,Romantic Movies
2821,casual_viewer,566,2,81,6.3,25,26,0.9615384615384616,0.5876620373773214,7,Romantic Movies
2822,churning_user,106,8,49,3.811111111111111,5,14,0.35714285714285715,0.2934968682400935,5,TV Dramas
2823,power_binger,518,0,229,17.81111111111111,72,89,0.8089887640449438,0.8515336789488694,9,TV Dramas
2824,new_user,29,0,20,1.5555555555555556,20,0,2.0,0.4236979580244281,13,International Movies
2825,new_user,8,0,6,0.4666666666666667,6,0,2.0,0.5325285908762968,9,Romantic Movies
2826,weekend_watcher,729,1,65,5.055555555555555,19,24,0.7916666666666666,0.7070585753620496,4,Stand-Up Comedy
2827,casual_viewer,232,0,106,8.244444444444444,27,39,0.6923076923076923,0.6266471826748525,7,Comedies
2828,casual_viewer,594,0,107,8.322222222222221,35,27,1.2962962962962963,0.57748063341321,4,Comedies
2829,weekend_watcher,180,0,75,5.833333333333333,28,15,1.8666666666666667,0.725873136954963,7,Kids' TV
2830,weekend_watcher,234,0,78,6.066666666666666,25,27,0.9259259259259259,0.6814386269811568,5,Children & Family Movies
2831,casual_viewer,512,0,83,6.455555555555556,29,30,0.9666666666666667,0.6223116164470157,5,Documentaries
2832,casual_viewer,245,1,82,6.377777777777777,21,29,0.7241379310344828,0.6038934837289756,5,Documentaries
2833,casual_viewer,133,1,96,7.466666666666667,30,33,0.9090909090909091,0.6003385793307661,5,Comedies
2834,weekend_watcher,466,0,61,4.7444444444444445,19,22,0.8636363636363636,0.705147428854169,4,Romantic Movies
2835,churning_user,214,2,50,3.888888888888889,5,16,0.3125,0.2997116812521317,8,Crime TV Shows
2836,churning_user,165,1,59,4.588888888888889,7,15,0.4666666666666667,0.2790479206909111,4,TV Dramas
2837,churning_user,227,7,56,4.355555555555555,7,18,0.3888888888888889,0.2636135821830149,5,Crime TV Shows
2838,casual_viewer,326,2,86,6.688888888888888,24,27,0.8888888888888888,0.6063876454573923,6,Romantic Movies
2839,casual_viewer,306,2,72,5.6,22,28,0.7857142857142857,0.5963316916325265,3,Romantic Movies
2840,power_binger,555,0,257,19.988888888888887,86,69,1.2463768115942029,0.840202114739776,6,Crime TV Shows
2841,weekend_watcher,417,0,64,4.977777777777778,22,17,1.2941176470588236,0.6928358697768,9,Kids' TV
2842,casual_viewer,537,0,90,7.0,26,26,1.0,0.6097951183765968,8,Comedies
2843,casual_viewer,469,1,82,6.377777777777777,26,20,1.3,0.6203861760201473,8,Romantic Movies
2844,casual_viewer,424,0,94,7.311111111111111,32,30,1.0666666666666667,0.5889590743114244,8,Romantic Movies
2845,casual_viewer,439,1,90,7.0,34,23,1.4782608695652173,0.5857276781135075,3,Comedies
2846,churning_user,347,3,55,4.277777777777778,7,12,0.5833333333333334,0.335059630560618,8,Crime TV Shows
2847,casual_viewer,653,0,105,8.166666666666666,35,37,0.9459459459459459,0.5969650289039317,5,Comedies
2848,power_binger,330,0,247,19.21111111111111,91,71,1.2816901408450705,0.839315195459081,6,Thrillers
2849,weekend_watcher,424,4,74,5.7555555555555555,20,27,0.7407407407407407,0.697304082119347,6,Stand-Up Comedy
2850,casual_viewer,692,0,86,6.688888888888888,31,31,1.0,0.5910325096329814,7,Documentaries
2851,casual_viewer,533,0,101,7.855555555555555,28,38,0.7368421052631579,0.5823212687883079,3,Comedies
2852,casual_viewer,654,2,90,7.0,34,27,1.2592592592592593,0.6484751140497539,8,Romantic Movies
2853,weekend_watcher,127,0,80,6.222222222222222,24,24,1.0,0.7228204516502286,5,Stand-Up Comedy
2854,casual_viewer,558,0,77,5.988888888888889,20,23,0.8695652173913043,0.58952268308807,6,Romantic Movies
2855,weekend_watcher,224,0,82,6.377777777777777,34,23,1.4782608695652173,0.7173291995622706,9,Romantic Movies
2856,new_user,4,3,2,0.15555555555555556,2,0,2.0,0.39792888306958724,10,Romantic Movies
2857,churning_user,353,1,62,4.822222222222222,9,13,0.6923076923076923,0.30244284314436337,5,Crime TV Shows
2858,casual_viewer,723,0,88,6.844444444444444,22,25,0.88,0.5827240763735139,4,Documentaries
2859,weekend_watcher,431,3,60,4.666666666666666,21,15,1.4,0.6974018863224292,9,Stand-Up Comedy
2860,casual_viewer,282,1,90,7.0,29,27,1.0740740740740742,0.6083884544700252,6,Documentaries
2861,casual_viewer,589,3,89,6.922222222222222,26,26,1.0,0.6198303419149975,3,Documentaries
2862,churning_user,116,1,57,4.433333333333334,7,14,0.5,0.3110288387627876,5,TV Dramas
2863,casual_viewer,150,0,82,6.377777777777777,32,30,1.0666666666666667,0.6221400193334903,8,Romantic Movies
2864,power_binger,687,0,236,18.355555555555554,77,73,1.0547945205479452,0.846895437749207,9,TV Dramas
2865,casual_viewer,477,2,96,7.466666666666667,27,35,0.7714285714285715,0.6386459484747692,4,Comedies
2866,power_binger,337,0,233,18.12222222222222,69,64,1.078125,0.8498004655333061,5,Crime TV Shows
2867,casual_viewer,185,0,95,7.388888888888888,25,42,0.5952380952380952,0.5847178461194746,6,Documentaries
2868,churning_user,200,2,50,3.888888888888889,9,10,0.9,0.30277395764382925,6,TV Dramas
2869,new_user,25,0,24,1.8666666666666667,24,0,2.0,0.5664044330590546,11,Kids' TV
2870,power_binger,645,0,245,19.055555555555554,76,85,0.8941176470588236,0.8449546353974544,4,Sci-Fi & Fantasy
2871,churning_user,309,0,58,4.511111111111111,13,13,1.0,0.2981024252738742,7,TV Dramas
2872,casual_viewer,659,3,100,7.777777777777778,28,34,0.8235294117647058,0.5724685795295578,6,Documentaries
2873,power_binger,639,0,244,18.977777777777778,77,86,0.8953488372093024,0.8499817279180639,4,Sci-Fi & Fantasy
2874,casual_viewer,273,2,93,7.233333333333333,35,26,1.3461538461538463,0.6200100650563978,8,Comedies
2875,power_binger,244,0,283,22.01111111111111,84,91,0.9230769230769231,0.8542344435567732,7,Thrillers
2876,casual_viewer,557,0,92,7.155555555555555,28,29,0.9655172413793104,0.6058367725246387,5,Comedies
2877,casual_viewer,514,1,77,5.988888888888889,23,30,0.7666666666666667,0.5595351517423535,5,Documentaries
2878,casual_viewer,457,2,85,6.611111111111111,30,23,1.3043478260869565,0.5849542714350564,3,Comedies
2879,churning_user,308,5,73,5.677777777777777,7,23,0.30434782608695654,0.25971009278032064,8,Crime TV Shows
2880,power_binger,318,0,264,20.53333333333333,96,89,1.0786516853932584,0.8586076983135801,7,Sci-Fi & Fantasy
2881,power_binger,547,0,255,19.833333333333332,87,95,0.9157894736842105,0.8459667612687993,4,Sci-Fi & Fantasy
2882,power_binger,573,1,263,20.455555555555556,91,83,1.0963855421686748,0.8502910780408263,4,Sci-Fi & Fantasy
2883,churning_user,209,0,58,4.511111111111111,8,17,0.47058823529411764,0.29422284555539624,5,Crime TV Shows
2884,casual_viewer,263,0,99,7.699999999999999,36,29,1.2413793103448276,0.6255801556313374,5,Romantic Movies
2885,churning_user,203,4,68,5.288888888888889,7,24,0.2916666666666667,0.3171451207659729,6,Thrillers
2886,casual_viewer,665,0,92,7.155555555555555,22,33,0.6666666666666666,0.5772387389225809,5,Romantic Movies
2887,power_binger,711,0,231,17.966666666666665,83,76,1.0921052631578947,0.8759253321460189,6,Sci-Fi & Fantasy
2888,new_user,11,0,8,0.6222222222222222,8,0,2.0,0.518107452203135,8,Music & Musicals
2889,power_binger,290,0,254,19.755555555555556,104,63,1.6507936507936507,0.8456627896091966,6,TV Dramas
2890,power_binger,209,0,258,20.066666666666666,86,85,1.011764705882353,0.8468676335098102,9,TV Dramas
2891,power_binger,615,0,264,20.53333333333333,80,89,0.898876404494382,0.8397434507466175,5,Thrillers
2892,new_user,27,1,19,1.4777777777777776,19,0,2.0,0.48590694069635754,12,TV Comedies
2893,churning_user,404,2,65,5.055555555555555,5,19,0.2631578947368421,0.2782745071959407,5,Crime TV Shows
2894,churning_user,182,0,56,4.355555555555555,6,10,0.6,0.28315654185496847,3,TV Dramas
2895,new_user,11,2,3,0.23333333333333334,3,0,2.0,0.5810015617023977,11,Documentaries
2896,power_binger,483,0,246,19.133333333333333,88,74,1.1891891891891893,0.8450985613635618,6,Sci-Fi & Fantasy
2897,new_user,17,0,12,0.9333333333333333,12,0,2.0,0.5590839661597736,12,Comedies
2898,casual_viewer,117,0,72,5.6,23,23,1.0,0.630282362110952,3,Romantic Movies
2899,churning_user,271,0,52,4.044444444444444,4,9,0.4444444444444444,0.3131785486233951,7,Thrillers
2900,casual_viewer,588,0,101,7.855555555555555,31,46,0.6739130434782609,0.5993213626902276,6,Romantic Movies
2901,casual_viewer,344,1,113,8.788888888888888,39,37,1.054054054054054,0.595351178677562,8,Comedies
2902,new_user,12,0,5,0.3888888888888889,5,0,2.0,0.49696377271484193,12,Reality TV
2903,power_binger,211,0,250,19.444444444444443,71,103,0.6893203883495146,0.8314645682138987,9,TV Dramas
2904,new_user,5,0,8,0.6222222222222222,8,0,2.0,0.6176317082874015,10,Kids' TV
2905,casual_viewer,493,0,87,6.766666666666667,21,35,0.6,0.5577713546684757,8,Documentaries
2906,churning_user,177,9,50,3.888888888888889,4,11,0.36363636363636365,0.2442207003389228,6,TV Dramas
2907,new_user,2,1,2,0.15555555555555556,2,0,2.0,0.5784451407388496,12,Sci-Fi & Fantasy
2908,power_binger,393,0,253,19.677777777777777,93,85,1.0941176470588236,0.8556770652127683,7,TV Dramas
2909,new_user,7,1,1,0.07777777777777778,1,0,2.0,0.37734985995147746,15,Reality TV
2910,churning_user,140,1,61,4.7444444444444445,11,16,0.6875,0.2973712050202848,7,Thrillers
2911,weekend_watcher,417,0,73,5.677777777777777,24,25,0.96,0.7005034229250261,8,Stand-Up Comedy
2912,power_binger,543,1,274,21.31111111111111,97,84,1.1547619047619047,0.8529753984447749,6,Crime TV Shows
2913,churning_user,357,6,53,4.122222222222222,9,12,0.75,0.32285204140084744,6,TV Dramas
2914,churning_user,377,1,56,4.355555555555555,10,21,0.47619047619047616,0.2944942660566907,4,Thrillers
2915,casual_viewer,440,0,84,6.533333333333333,27,31,0.8709677419354839,0.5903458210667308,7,Documentaries
2916,power_binger,417,0,272,21.155555555555555,84,95,0.8842105263157894,0.8496867644949068,4,TV Dramas
2917,casual_viewer,332,1,96,7.466666666666667,20,42,0.47619047619047616,0.59766330317685,8,Comedies
2918,weekend_watcher,685,0,83,6.455555555555556,25,32,0.78125,0.6990415869157844,9,Children & Family Movies
2919,power_binger,486,0,268,20.844444444444445,91,94,0.9680851063829787,0.8401989693670803,4,Thrillers
2920,weekend_watcher,337,0,76,5.9111111111111105,22,28,0.7857142857142857,0.6675994890295217,9,Children & Family Movies
2921,new_user,6,1,1,0.07777777777777778,1,0,2.0,0.5333871877616299,12,Documentaries
2922,power_binger,694,0,253,19.677777777777777,88,80,1.1,0.8591676923517761,8,Sci-Fi & Fantasy
2923,power_binger,387,0,274,21.31111111111111,94,87,1.0804597701149425,0.8457884150694499,4,Thrillers
2924,churning_user,251,5,59,4.588888888888889,10,22,0.45454545454545453,0.3096274967712536,3,TV Dramas
2925,power_binger,632,0,263,20.455555555555556,73,108,0.6759259259259259,0.8411827098557458,4,Thrillers
2926,churning_user,490,0,46,3.5777777777777775,6,18,0.3333333333333333,0.2987238910870021,3,TV Dramas
2927,churning_user,304,3,56,4.355555555555555,6,19,0.3157894736842105,0.3234573455397047,3,Thrillers
2928,churning_user,102,0,45,3.5,8,13,0.6153846153846154,0.28826148916877126,6,TV Dramas
2929,casual_viewer,134,0,81,6.3,40,23,1.7391304347826086,0.6273810221110605,7,Comedies
2930,churning_user,421,6,66,5.133333333333333,5,23,0.21739130434782608,0.28648174587259473,7,Crime TV Shows
2931,churning_user,351,1,66,5.133333333333333,12,13,0.9230769230769231,0.2892178029536496,4,Thrillers
2932,casual_viewer,532,0,98,7.622222222222222,30,32,0.9375,0.5913593071991824,5,Romantic Movies
2933,churning_user,104,0,56,4.355555555555555,10,16,0.625,0.2817031234743305,8,Thrillers
2934,weekend_watcher,718,0,80,6.222222222222222,27,26,1.0384615384615385,0.7168972853577282,8,Kids' TV
2935,churning_user,445,0,63,4.8999999999999995,9,19,0.47368421052631576,0.3346695842822131,3,TV Dramas
2936,casual_viewer,638,0,71,5.522222222222222,23,21,1.0952380952380953,0.602838783523682,7,Comedies
2937,casual_viewer,448,1,99,7.699999999999999,26,29,0.896551724137931,0.5790733472934376,7,Documentaries
2938,power_binger,632,0,272,21.155555555555555,95,80,1.1875,0.8277723432056594,9,Crime TV Shows
2939,casual_viewer,457,1,98,7.622222222222222,38,29,1.3103448275862069,0.5696013725583536,3,Documentaries
2940,power_binger,692,0,267,20.766666666666666,86,91,0.945054945054945,0.8493662476224713,9,Crime TV Shows
2941,new_user,22,0,18,1.4,18,0,2.0,0.5314544896012481,13,Sports Movies
2942,casual_viewer,624,0,104,8.088888888888889,40,21,1.9047619047619047,0.5900635773058482,4,Documentaries
2943,weekend_watcher,220,2,71,5.522222222222222,28,22,1.2727272727272727,0.6853010558760522,7,Children & Family Movies
2944,power_binger,254,0,246,19.133333333333333,94,78,1.205128205128205,0.8505135767119669,9,Thrillers
2945,casual_viewer,319,0,95,7.388888888888888,29,34,0.8529411764705882,0.5910915781314566,8,Romantic Movies
2946,casual_viewer,521,3,73,5.677777777777777,16,24,0.6666666666666666,0.5614181563801984,3,Comedies
2947,casual_viewer,162,1,92,7.155555555555555,23,36,0.6388888888888888,0.5905841949309163,8,Romantic Movies
2948,weekend_watcher,441,1,81,6.3,24,28,0.8571428571428571,0.7156786466515901,9,Kids' TV
2949,new_user,15,0,8,0.6222222222222222,8,0,2.0,0.41849030347511346,12,Horror Movies
2950,weekend_watcher,525,2,76,5.9111111111111105,24,25,0.96,0.7265985531960689,5,Romantic Movies
2951,power_binger,555,0,223,17.344444444444445,72,71,1.0140845070422535,0.8545229764555479,7,Sci-Fi & Fantasy
2952,weekend_watcher,427,4,80,6.222222222222222,25,22,1.1363636363636365,0.6850785860818055,9,Romantic Movies
2953,power_binger,293,0,262,20.377777777777776,74,100,0.74,0.8533059260985777,4,Thrillers
2954,new_user,30,1,20,1.5555555555555556,20,0,2.0,0.4331940911567827,14,Kids' TV
2955,churning_user,82,1,57,4.433333333333334,10,17,0.5882352941176471,0.3245060402455017,3,TV Dramas
2956,casual_viewer,431,0,88,6.844444444444444,34,26,1.3076923076923077,0.6143849006123737,6,Romantic Movies
2957,power_binger,715,0,246,19.133333333333333,97,76,1.2763157894736843,0.8581555003699632,5,Sci-Fi & Fantasy
2958,power_binger,405,0,252,19.599999999999998,81,93,0.8709677419354839,0.8484951002197483,9,TV Dramas
2959,casual_viewer,628,0,75,5.833333333333333,25,28,0.8928571428571429,0.6310553665885398,5,Comedies
2960,new_user,2,0,3,0.23333333333333334,3,0,2.0,0.5087326840911138,8,Reality TV
2961,weekend_watcher,309,0,97,7.544444444444444,34,26,1.3076923076923077,0.7031368063986445,4,Kids' TV
2962,new_user,14,0,6,0.4666666666666667,6,0,2.0,0.31441841208821475,15,Comedies
2963,power_binger,470,0,291,22.633333333333333,99,88,1.125,0.8446482978151205,5,Sci-Fi & Fantasy
2964,churning_user,65,13,24,1.8666666666666667,9,11,0.8181818181818182,0.25536512859338995,4,TV Dramas
2965,casual_viewer,633,0,113,8.788888888888888,33,35,0.9428571428571428,0.6009161115851496,5,Romantic Movies
2966,churning_user,89,0,55,4.277777777777778,6,17,0.35294117647058826,0.26194526711762334,8,Thrillers
2967,casual_viewer,433,0,82,6.377777777777777,27,23,1.173913043478261,0.5923803205924738,7,Comedies
2968,casual_viewer,131,2,84,6.533333333333333,23,27,0.8518518518518519,0.5835282313221936,6,Comedies
2969,churning_user,448,7,60,4.666666666666666,14,17,0.8235294117647058,0.25673457192348675,5,Crime TV Shows
2970,power_binger,560,0,240,18.666666666666664,79,86,0.9186046511627907,0.857432554096763,8,Crime TV Shows
2971,casual_viewer,336,0,104,8.088888888888889,39,33,1.1818181818181819,0.6069156372507067,3,Documentaries
2972,churning_user,139,14,58,4.511111111111111,5,18,0.2777777777777778,0.29551163540884234,4,TV Dramas
2973,power_binger,625,0,248,19.288888888888888,85,82,1.0365853658536586,0.8594670128520315,4,Crime TV Shows
2974,new_user,21,2,12,0.9333333333333333,12,0,2.0,0.43884104876928115,11,Music & Musicals
2975,churning_user,464,13,68,5.288888888888889,6,25,0.24,0.27461400797213037,8,Crime TV Shows
2976,weekend_watcher,589,1,81,6.3,24,20,1.2,0.7254453388372861,5,Children & Family Movies
2977,churning_user,64,2,23,1.7888888888888888,5,15,0.3333333333333333,0.28617915768164864,4,TV Dramas
2978,weekend_watcher,321,3,75,5.833333333333333,22,26,0.8461538461538461,0.6890305190634485,8,Romantic Movies
2979,weekend_watcher,614,0,59,4.588888888888889,23,18,1.2777777777777777,0.6894299817933929,4,Kids' TV
2980,weekend_watcher,235,1,75,5.833333333333333,26,22,1.1818181818181819,0.7138798002844579,7,Romantic Movies
2981,churning_user,432,1,63,4.8999999999999995,15,17,0.8823529411764706,0.32331901666584795,6,Thrillers
2982,casual_viewer,626,0,100,7.777777777777778,30,39,0.7692307692307693,0.6393960254227686,5,Romantic Movies
2983,power_binger,443,0,272,21.155555555555555,93,83,1.1204819277108433,0.8529604137693989,4,TV Dramas
2984,churning_user,136,2,54,4.2,12,15,0.8,0.27056046629002023,6,Crime TV Shows
2985,power_binger,271,0,257,19.988888888888887,86,79,1.0886075949367089,0.8546984229276063,6,Crime TV Shows
2986,casual_viewer,139,0,95,7.388888888888888,26,33,0.7878787878787878,0.5625842804543635,7,Documentaries
2987,power_binger,376,0,256,19.91111111111111,71,107,0.6635514018691588,0.851504792400698,7,Sci-Fi & Fantasy
2988,churning_user,345,0,74,5.7555555555555555,9,18,0.5,0.3071269466253694,6,TV Dramas
2989,power_binger,496,0,293,22.788888888888888,91,102,0.8921568627450981,0.8423934198856402,7,TV Dramas
2990,churning_user,226,7,56,4.355555555555555,8,19,0.42105263157894735,0.30369048889484385,3,Thrillers
2991,weekend_watcher,456,0,68,5.288888888888889,29,18,1.6111111111111112,0.6914510200553763,6,Kids' TV
2992,weekend_watcher,99,3,93,7.233333333333333,30,30,1.0,0.6853654071147368,8,Kids' TV
2993,casual_viewer,399,0,79,6.144444444444444,24,29,0.8275862068965517,0.6385080884586891,7,Documentaries
2994,churning_user,480,1,54,4.2,7,23,0.30434782608695654,0.28914285915454374,3,Crime TV Shows
2995,churning_user,92,3,50,3.888888888888889,6,13,0.46153846153846156,0.2818675272190558,8,Thrillers
2996,casual_viewer,475,0,94,7.311111111111111,27,29,0.9310344827586207,0.5932561324264295,8,Comedies
2997,churning_user,133,1,63,4.8999999999999995,8,17,0.47058823529411764,0.29045607695003894,7,Thrillers
2998,casual_viewer,408,0,94,7.311111111111111,27,25,1.08,0.5772731274748858,4,Comedies
2999,new_user,18,1,9,0.7,9,0,2.0,0.5443469412779486,11,Comedies
3000,power_binger,619,0,291,22.633333333333333,101,85,1.188235294117647,0.8477171299172362,6,TV Dramas
3001,weekend_watcher,468,1,92,7.155555555555555,30,38,0.7894736842105263,0.7183124642016424,4,Stand-Up Comedy
3002,churning_user,454,1,48,3.7333333333333334,14,11,1.2727272727272727,0.32227459196337044,4,TV Dramas
3003,casual_viewer,203,0,95,7.388888888888888,33,23,1.434782608695652,0.5863375447332125,7,Romantic Movies
3004,weekend_watcher,638,1,72,5.6,24,30,0.8,0.7046956006066522,9,Romantic Movies
3005,power_binger,230,0,262,20.377777777777776,90,79,1.139240506329114,0.8497106780046738,6,TV Dramas
3006,weekend_watcher,610,1,80,6.222222222222222,21,27,0.7777777777777778,0.6864345115502493,4,Children & Family Movies
3007,churning_user,187,2,57,4.433333333333334,10,26,0.38461538461538464,0.31388424055953934,7,Crime TV Shows
3008,power_binger,465,0,242,18.822222222222223,74,81,0.9135802469135802,0.8369705240234488,8,Sci-Fi & Fantasy
3009,power_binger,485,0,267,20.766666666666666,97,77,1.2597402597402598,0.8510114119119253,7,Sci-Fi & Fantasy
3010,weekend_watcher,565,1,77,5.988888888888889,22,21,1.0476190476190477,0.683576056104556,9,Romantic Movies
3011,casual_viewer,97,0,101,7.855555555555555,36,33,1.0909090909090908,0.6096927897086005,5,Documentaries
3012,weekend_watcher,171,0,75,5.833333333333333,20,25,0.8,0.6999491884416252,9,Kids' TV
3013,weekend_watcher,447,0,73,5.677777777777777,22,25,0.88,0.7154420650884857,4,Kids' TV
3014,churning_user,356,3,57,4.433333333333334,6,20,0.3,0.34536505786391236,6,Thrillers
3015,casual_viewer,622,1,84,6.533333333333333,25,26,0.9615384615384616,0.5915375539864797,5,Documentaries
3016,weekend_watcher,315,0,101,7.855555555555555,33,42,0.7857142857142857,0.6852983033724259,6,Children & Family Movies
3017,new_user,10,4,6,0.4666666666666667,6,0,2.0,0.49823228042862416,11,Comedies
3018,power_binger,659,0,236,18.355555555555554,82,84,0.9761904761904762,0.8376066182130405,9,Sci-Fi & Fantasy
3019,casual_viewer,588,0,99,7.699999999999999,33,31,1.064516129032258,0.5659767771133245,6,Romantic Movies
3020,casual_viewer,132,0,98,7.622222222222222,32,35,0.9142857142857143,0.6203706664083424,8,Comedies
3021,casual_viewer,554,0,88,6.844444444444444,25,34,0.7352941176470589,0.5836399943382132,6,Romantic Movies
3022,weekend_watcher,256,1,87,6.766666666666667,30,33,0.9090909090909091,0.6870098548921652,5,Romantic Movies
3023,casual_viewer,723,0,88,6.844444444444444,22,34,0.6470588235294118,0.6196026650636238,3,Comedies
3024,churning_user,304,10,40,3.111111111111111,3,16,0.1875,0.3116526634974012,7,Crime TV Shows
3025,casual_viewer,372,0,72,5.6,19,31,0.6129032258064516,0.5889645848747249,3,Romantic Movies
3026,power_binger,184,0,265,20.61111111111111,98,78,1.2564102564102564,0.8385520534155447,6,Crime TV Shows
3027,casual_viewer,154,0,75,5.833333333333333,21,28,0.75,0.5825655670872232,4,Comedies
3028,weekend_watcher,506,1,84,6.533333333333333,26,27,0.9629629629629629,0.7090453873288263,5,Romantic Movies
3029,churning_user,128,7,64,4.977777777777778,8,17,0.47058823529411764,0.3397505981232921,8,Crime TV Shows
3030,casual_viewer,223,1,80,6.222222222222222,20,21,0.9523809523809523,0.5809615057600057,8,Documentaries
3031,weekend_watcher,633,0,77,5.988888888888889,23,30,0.7666666666666667,0.7096158749717687,9,Children & Family Movies
3032,power_binger,618,0,229,17.81111111111111,71,73,0.9726027397260274,0.8419296841908535,9,Crime TV Shows
3033,casual_viewer,176,4,80,6.222222222222222,29,25,1.16,0.5734851921723084,8,Documentaries
3034,casual_viewer,559,0,93,7.233333333333333,32,31,1.032258064516129,0.5980954804299086,4,Romantic Movies
3035,new_user,10,1,8,0.6222222222222222,8,0,2.0,0.396937122612056,14,International TV Shows
3036,weekend_watcher,227,0,69,5.366666666666666,24,23,1.0434782608695652,0.6772031268936958,4,Children & Family Movies
3037,churning_user,359,1,57,4.433333333333334,14,21,0.6666666666666666,0.2857893730783647,3,Thrillers
3038,power_binger,353,0,247,19.21111111111111,89,95,0.9368421052631579,0.8560511118770866,8,Crime TV Shows
3039,power_binger,594,1,267,20.766666666666666,88,89,0.9887640449438202,0.8530962742979991,7,Crime TV Shows
3040,churning_user,287,1,57,4.433333333333334,9,18,0.5,0.3259798215374618,6,Thrillers
3041,casual_viewer,706,0,93,7.233333333333333,31,27,1.1481481481481481,0.6166151202691965,8,Comedies
3042,new_user,1,0,1,0.07777777777777778,1,0,2.0,0.31764439701710595,13,Horror Movies
3043,weekend_watcher,608,0,76,5.9111111111111105,28,29,0.9655172413793104,0.6827611280264383,5,Kids' TV
3044,casual_viewer,528,0,83,6.455555555555556,34,23,1.4782608695652173,0.5982607424475864,3,Documentaries
3045,weekend_watcher,424,1,83,6.455555555555556,28,20,1.4,0.6935633114606501,8,Children & Family Movies
3046,new_user,27,0,19,1.4777777777777776,19,0,2.0,0.5786407457584554,12,TV Comedies
3047,casual_viewer,722,0,82,6.377777777777777,20,24,0.8333333333333334,0.5924255248248375,7,Comedies
3048,churning_user,148,23,41,3.1888888888888887,3,13,0.23076923076923078,0.344325808507584,5,Crime TV Shows
3049,new_user,5,1,6,0.4666666666666667,6,0,2.0,0.6217497312813115,12,Romantic TV Shows
3050,casual_viewer,519,1,93,7.233333333333333,24,31,0.7741935483870968,0.6165594484901341,8,Documentaries
3051,weekend_watcher,298,1,66,5.133333333333333,19,19,1.0,0.7516402627744629,5,Romantic Movies
3052,power_binger,488,0,269,20.92222222222222,86,104,0.8269230769230769,0.8456772165649802,5,Thrillers
3053,churning_user,304,14,63,4.8999999999999995,7,19,0.3684210526315789,0.29956039997168715,7,Thrillers
3054,weekend_watcher,108,0,69,5.366666666666666,29,21,1.380952380952381,0.7081896922251906,6,Children & Family Movies
3055,churning_user,405,9,53,4.122222222222222,9,15,0.6,0.29398059491614126,5,Crime TV Shows
3056,casual_viewer,514,0,97,7.544444444444444,29,30,0.9666666666666667,0.5914257534713714,8,Romantic Movies
3057,churning_user,129,2,63,4.8999999999999995,16,16,1.0,0.2867087112771248,6,TV Dramas
3058,power_binger,621,0,257,19.988888888888887,86,78,1.1025641025641026,0.8419760499088423,6,TV Dramas
3059,casual_viewer,429,0,100,7.777777777777778,37,31,1.1935483870967742,0.5947530149210462,5,Romantic Movies
3060,casual_viewer,98,1,114,8.866666666666667,30,45,0.6666666666666666,0.6010791987526338,6,Comedies
3061,churning_user,158,4,49,3.811111111111111,8,19,0.42105263157894735,0.26717988937587556,8,Crime TV Shows
3062,casual_viewer,637,0,96,7.466666666666667,28,31,0.9032258064516129,0.6139098195783563,8,Romantic Movies
3063,casual_viewer,130,0,93,7.233333333333333,31,36,0.8611111111111112,0.632838084439936,6,Comedies
3064,weekend_watcher,603,0,57,4.433333333333334,17,16,1.0625,0.7081582506220792,7,Romantic Movies
3065,casual_viewer,271,1,87,6.766666666666667,21,36,0.5833333333333334,0.5999583310682147,7,Documentaries
3066,casual_viewer,144,0,68,5.288888888888889,17,29,0.5862068965517241,0.6033826959010824,3,Romantic Movies
3067,casual_viewer,695,1,86,6.688888888888888,29,22,1.3181818181818181,0.6055426623974538,5,Documentaries
3068,power_binger,197,0,231,17.966666666666665,81,68,1.1911764705882353,0.8532775516331939,8,Crime TV Shows
3069,weekend_watcher,540,1,90,7.0,21,33,0.6363636363636364,0.709207656610994,4,Kids' TV
3070,casual_viewer,496,1,97,7.544444444444444,36,28,1.2857142857142858,0.5903937038554821,8,Romantic Movies
3071,power_binger,518,0,264,20.53333333333333,105,91,1.1538461538461537,0.8481836587719852,8,Thrillers
3072,new_user,4,0,8,0.6222222222222222,8,0,2.0,0.4876342030569485,11,TV Dramas
3073,weekend_watcher,167,0,83,6.455555555555556,30,27,1.1111111111111112,0.676659606319135,7,Stand-Up Comedy
3074,weekend_watcher,516,0,80,6.222222222222222,26,31,0.8387096774193549,0.7181104366715887,6,Romantic Movies
3075,weekend_watcher,687,1,76,5.9111111111111105,31,26,1.1923076923076923,0.6738022382316874,6,Children & Family Movies
3076,new_user,15,0,10,0.7777777777777778,10,0,2.0,0.5850440877836315,11,Stand-Up Comedy
3077,casual_viewer,113,1,81,6.3,29,29,1.0,0.5889824284516321,3,Romantic Movies
3078,churning_user,459,11,56,4.355555555555555,6,24,0.25,0.3053776889942074,8,TV Dramas
3079,churning_user,122,0,62,4.822222222222222,10,16,0.625,0.25871485176863684,5,Crime TV Shows
3080,casual_viewer,290,0,93,7.233333333333333,24,38,0.631578947368421,0.5693033131086025,3,Documentaries
3081,casual_viewer,173,1,77,5.988888888888889,25,31,0.8064516129032258,0.5941183763892602,6,Documentaries
3082,power_binger,269,0,273,21.23333333333333,91,87,1.0459770114942528,0.8487512722080547,4,Crime TV Shows
3083,churning_user,452,4,63,4.8999999999999995,7,13,0.5384615384615384,0.33522025444805886,3,Thrillers
3084,weekend_watcher,682,0,82,6.377777777777777,28,22,1.2727272727272727,0.6988374514309973,6,Romantic Movies
3085,weekend_watcher,530,0,79,6.144444444444444,26,29,0.896551724137931,0.6843606631041075,8,Kids' TV
3086,casual_viewer,435,0,109,8.477777777777778,35,37,0.9459459459459459,0.5932751624293283,5,Romantic Movies
3087,casual_viewer,329,2,90,7.0,26,31,0.8387096774193549,0.5830347002312707,4,Documentaries
3088,casual_viewer,230,0,74,5.7555555555555555,16,23,0.6956521739130435,0.6044140410990407,7,Comedies
3089,churning_user,94,2,68,5.288888888888889,12,16,0.75,0.3053563593573558,5,Crime TV Shows
3090,new_user,18,1,7,0.5444444444444444,7,0,2.0,0.5675128456516266,10,Docuseries
3091,weekend_watcher,486,1,84,6.533333333333333,35,27,1.2962962962962963,0.7006149942627308,7,Kids' TV
3092,new_user,11,1,10,0.7777777777777778,10,0,2.0,0.5450579441455318,15,TV Comedies
3093,weekend_watcher,144,1,65,5.055555555555555,19,25,0.76,0.6737030461106319,9,Kids' TV
3094,new_user,28,1,25,1.9444444444444444,25,0,2.0,0.519989073738413,9,TV Comedies
3095,casual_viewer,207,0,83,6.455555555555556,26,25,1.04,0.6221673072056275,8,Comedies
3096,power_binger,396,0,258,20.066666666666666,80,89,0.898876404494382,0.8488905090007064,8,TV Dramas
3097,power_binger,429,0,248,19.288888888888888,82,90,0.9111111111111111,0.8487349208896036,7,Crime TV Shows
3098,casual_viewer,245,0,87,6.766666666666667,29,26,1.1153846153846154,0.6169332248523662,6,Romantic Movies
3099,casual_viewer,654,2,92,7.155555555555555,26,24,1.0833333333333333,0.6013342050071501,6,Documentaries
3100,power_binger,427,0,250,19.444444444444443,76,87,0.8735632183908046,0.8451759363435923,8,Thrillers
3101,new_user,6,0,6,0.4666666666666667,6,0,2.0,0.48413871971089456,13,International TV Shows
3102,power_binger,269,0,270,21.0,92,82,1.1219512195121952,0.8501357596534078,9,Thrillers
3103,new_user,10,4,7,0.5444444444444444,7,0,2.0,0.6508827524598175,15,Stand-Up Comedy
3104,weekend_watcher,488,1,87,6.766666666666667,31,27,1.1481481481481481,0.6698860766902942,5,Romantic Movies
3105,churning_user,252,3,52,4.044444444444444,12,13,0.9230769230769231,0.32804440722457157,4,Thrillers
3106,churning_user,150,1,47,3.6555555555555554,11,15,0.7333333333333333,0.28118893751501545,7,TV Dramas
3107,casual_viewer,540,0,99,7.699999999999999,27,32,0.84375,0.5908628466986141,3,Romantic Movies
3108,churning_user,91,4,45,3.5,7,16,0.4375,0.32259845221887024,5,Crime TV Shows
3109,power_binger,237,0,265,20.61111111111111,91,83,1.0963855421686748,0.8589295640522784,7,Sci-Fi & Fantasy
3110,new_user,18,0,10,0.7777777777777778,10,0,2.0,0.6242109043172006,8,Docuseries
3111,casual_viewer,414,0,83,6.455555555555556,23,32,0.71875,0.5756314235971594,4,Documentaries
3112,casual_viewer,203,0,88,6.844444444444444,27,31,0.8709677419354839,0.5984765773333426,3,Documentaries
3113,weekend_watcher,326,1,70,5.444444444444445,24,23,1.0434782608695652,0.6988355714241872,7,Children & Family Movies
3114,churning_user,241,7,61,4.7444444444444445,12,16,0.75,0.2996894692774822,8,TV Dramas
3115,casual_viewer,548,1,95,7.388888888888888,32,27,1.1851851851851851,0.5699758800309209,7,Romantic Movies
3116,churning_user,188,1,43,3.344444444444444,10,9,1.1111111111111112,0.3150084850466704,7,Crime TV Shows
3117,power_binger,230,0,260,20.22222222222222,96,91,1.054945054945055,0.8531801241656393,5,TV Dramas
3118,churning_user,472,5,56,4.355555555555555,8,16,0.5,0.29128368152723016,6,Thrillers
3119,casual_viewer,686,0,86,6.688888888888888,21,37,0.5675675675675675,0.6017433803263896,6,Romantic Movies
3120,casual_viewer,499,4,92,7.155555555555555,20,31,0.6451612903225806,0.6082198956226563,5,Comedies
3121,power_binger,363,0,269,20.92222222222222,91,94,0.9680851063829787,0.8561415060746758,9,Thrillers
3122,casual_viewer,176,0,92,7.155555555555555,35,31,1.1290322580645162,0.6043118141062768,4,Comedies
3123,casual_viewer,391,0,89,6.922222222222222,32,32,1.0,0.5963706561167054,4,Romantic Movies
3124,casual_viewer,220,2,102,7.933333333333333,30,34,0.8823529411764706,0.6131111049689222,3,Romantic Movies
3125,power_binger,421,0,232,18.044444444444444,79,70,1.1285714285714286,0.847696642372716,8,TV Dramas
3126,power_binger,303,0,284,22.08888888888889,89,94,0.9468085106382979,0.8615833952847805,7,Sci-Fi & Fantasy
3127,churning_user,349,0,52,4.044444444444444,3,17,0.17647058823529413,0.29883464629243733,6,TV Dramas
3128,power_binger,231,0,237,18.433333333333334,96,70,1.3714285714285714,0.8433284174055955,7,TV Dramas
3129,churning_user,426,0,58,4.511111111111111,9,18,0.5,0.3116815784390252,4,Crime TV Shows
3130,new_user,16,0,17,1.3222222222222222,17,0,2.0,0.4929015209456001,9,Crime TV Shows
3131,casual_viewer,233,0,90,7.0,27,39,0.6923076923076923,0.5709976624418013,5,Comedies
3132,new_user,25,2,13,1.011111111111111,13,0,2.0,0.2864183429221981,8,Horror Movies
3133,power_binger,692,0,233,18.12222222222222,73,84,0.8690476190476191,0.8523536631394829,7,Crime TV Shows
3134,power_binger,606,0,258,20.066666666666666,87,81,1.0740740740740742,0.8584218726816589,6,Crime TV Shows
3135,weekend_watcher,166,0,70,5.444444444444445,30,28,1.0714285714285714,0.6990599339630119,9,Stand-Up Comedy
3136,weekend_watcher,679,0,80,6.222222222222222,27,26,1.0384615384615385,0.7194969184312731,5,Romantic Movies
3137,weekend_watcher,301,0,76,5.9111111111111105,21,28,0.75,0.7359560749568518,6,Children & Family Movies
3138,power_binger,676,0,261,20.3,92,87,1.0574712643678161,0.8413394453463867,8,TV Dramas
3139,weekend_watcher,119,0,71,5.522222222222222,30,18,1.6666666666666667,0.7023907575528799,5,Kids' TV
3140,casual_viewer,486,3,85,6.611111111111111,24,31,0.7741935483870968,0.5816711241853632,6,Romantic Movies
3141,casual_viewer,702,0,96,7.466666666666667,36,20,1.8,0.5887116809995806,7,Romantic Movies
3142,power_binger,470,0,255,19.833333333333332,75,77,0.974025974025974,0.8512318548152179,7,Sci-Fi & Fantasy
3143,new_user,8,1,5,0.3888888888888889,5,0,2.0,0.47801996238059435,11,British TV Shows
3144,power_binger,592,0,217,16.877777777777776,69,82,0.8414634146341463,0.8345682779559438,7,Sci-Fi & Fantasy
3145,weekend_watcher,375,0,76,5.9111111111111105,16,33,0.48484848484848486,0.6626738473023469,4,Stand-Up Comedy
3146,churning_user,456,2,69,5.366666666666666,6,21,0.2857142857142857,0.33312896955220084,8,Thrillers
3147,weekend_watcher,131,0,72,5.6,17,26,0.6538461538461539,0.6805158490784871,9,Children & Family Movies
3148,weekend_watcher,422,1,62,4.822222222222222,24,16,1.5,0.7041243891897971,8,Children & Family Movies
3149,weekend_watcher,559,0,71,5.522222222222222,24,22,1.0909090909090908,0.6847236444696468,5,Kids' TV
3150,power_binger,291,0,242,18.822222222222223,85,83,1.0240963855421688,0.8507224482242891,4,TV Dramas
3151,power_binger,498,0,242,18.822222222222223,90,71,1.267605633802817,0.8472362803441326,7,TV Dramas
3152,churning_user,430,3,62,4.822222222222222,7,16,0.4375,0.29274689312984714,5,TV Dramas
3153,casual_viewer,634,2,80,6.222222222222222,31,29,1.0689655172413792,0.6172945161978969,3,Romantic Movies
3154,power_binger,408,0,265,20.61111111111111,99,79,1.2531645569620253,0.849751821829798,8,Thrillers
3155,power_binger,434,0,245,19.055555555555554,90,85,1.0588235294117647,0.8565059386827883,6,Thrillers
3156,casual_viewer,575,0,86,6.688888888888888,26,21,1.2380952380952381,0.6324765624646275,5,Comedies
3157,power_binger,461,0,273,21.23333333333333,95,89,1.0674157303370786,0.854278264361898,8,Sci-Fi & Fantasy
3158,power_binger,219,0,272,21.155555555555555,106,80,1.325,0.8526357052504665,4,Sci-Fi & Fantasy
3159,new_user,28,0,25,1.9444444444444444,25,0,2.0,0.5845120670445928,10,Kids' TV
3160,casual_viewer,132,0,89,6.922222222222222,27,30,0.9,0.6117461338684532,8,Romantic Movies
3161,new_user,4,0,3,0.23333333333333334,3,0,2.0,0.5302407873008307,8,Documentaries
3162,new_user,25,2,20,1.5555555555555556,20,0,2.0,0.3708124754163029,12,Dramas
3163,power_binger,387,0,276,21.466666666666665,95,86,1.1046511627906976,0.8505330277924226,5,Sci-Fi & Fantasy
3164,weekend_watcher,427,0,73,5.677777777777777,21,20,1.05,0.684587800001655,9,Stand-Up Comedy
3165,churning_user,102,10,62,4.822222222222222,9,15,0.6,0.2794970471824337,6,TV Dramas
3166,churning_user,488,9,62,4.822222222222222,4,11,0.36363636363636365,0.29847016389522535,6,Thrillers
3167,power_binger,674,0,267,20.766666666666666,83,95,0.8736842105263158,0.8495629334237634,8,TV Dramas
3168,power_binger,505,0,290,22.555555555555554,106,95,1.1157894736842104,0.8460879971079878,5,Thrillers
3169,power_binger,541,0,288,22.4,93,99,0.9393939393939394,0.8481919488102324,4,Crime TV Shows
3170,churning_user,72,0,42,3.2666666666666666,10,15,0.6666666666666666,0.29507884874069934,8,Thrillers
3171,new_user,14,1,11,0.8555555555555555,11,0,2.0,0.4603926882261496,12,Sci-Fi & Fantasy
3172,churning_user,277,2,62,4.822222222222222,8,15,0.5333333333333333,0.32754418047667994,4,TV Dramas
3173,weekend_watcher,237,0,87,6.766666666666667,32,33,0.9696969696969697,0.7235208550020111,8,Stand-Up Comedy
3174,new_user,12,0,16,1.2444444444444445,16,0,2.0,0.46162905517871533,10,Sci-Fi & Fantasy
3175,churning_user,114,6,57,4.433333333333334,7,16,0.4375,0.33724869853267586,3,TV Dramas
3176,power_binger,709,0,239,18.58888888888889,87,73,1.1917808219178083,0.8540342370858147,9,Thrillers
3177,weekend_watcher,202,2,66,5.133333333333333,23,24,0.9583333333333334,0.7229059624455217,8,Stand-Up Comedy
3178,casual_viewer,679,1,91,7.0777777777777775,28,28,1.0,0.6079459283092341,6,Romantic Movies
3179,power_binger,546,0,278,21.62222222222222,91,89,1.0224719101123596,0.8605067667469638,8,Crime TV Shows
3180,churning_user,241,1,59,4.588888888888889,13,14,0.9285714285714286,0.28649603399738677,3,TV Dramas
3181,new_user,12,0,6,0.4666666666666667,6,0,2.0,0.44107744076877803,12,International Movies
3182,casual_viewer,276,0,93,7.233333333333333,33,25,1.32,0.6386525166994592,8,Documentaries
3183,casual_viewer,620,0,97,7.544444444444444,30,31,0.967741935483871,0.5987370228706109,6,Comedies
3184,power_binger,426,0,283,22.01111111111111,103,94,1.0957446808510638,0.8418637687083741,7,TV Dramas
3185,power_binger,515,0,224,17.42222222222222,83,79,1.0506329113924051,0.8489246427553621,9,Thrillers
3186,power_binger,488,0,245,19.055555555555554,90,69,1.3043478260869565,0.8563805843956016,4,Sci-Fi & Fantasy
3187,weekend_watcher,688,0,67,5.211111111111111,27,18,1.5,0.7031726799763373,5,Children & Family Movies
3188,weekend_watcher,604,1,80,6.222222222222222,27,33,0.8181818181818182,0.6918850715220873,9,Romantic Movies
3189,power_binger,585,0,260,20.22222222222222,95,90,1.0555555555555556,0.8464578761148683,5,Crime TV Shows
3190,casual_viewer,587,1,94,7.311111111111111,32,29,1.103448275862069,0.6132896098908643,6,Comedies
3191,power_binger,674,1,257,19.988888888888887,84,85,0.9882352941176471,0.8497604760036183,8,TV Dramas
3192,power_binger,233,0,269,20.92222222222222,97,89,1.0898876404494382,0.8413736929781982,7,Crime TV Shows
3193,churning_user,277,5,56,4.355555555555555,5,15,0.3333333333333333,0.2798868835446256,4,Thrillers
3194,churning_user,342,1,57,4.433333333333334,4,25,0.16,0.34314202426760493,3,Thrillers
3195,churning_user,101,10,70,5.444444444444445,9,24,0.375,0.31715471168759973,5,Crime TV Shows
3196,casual_viewer,183,0,98,7.622222222222222,34,29,1.1724137931034482,0.6348504443101001,6,Romantic Movies
3197,churning_user,214,0,41,3.1888888888888887,7,8,0.875,0.3233578708552129,3,Thrillers
3198,power_binger,699,0,283,22.01111111111111,100,97,1.0309278350515463,0.8483445149899072,7,Crime TV Shows
3199,power_binger,703,0,280,21.77777777777778,99,91,1.0879120879120878,0.8422588217393198,5,TV Dramas
3200,new_user,25,11,13,1.011111111111111,13,0,2.0,0.4076284494458167,14,Independent Movies
3201,weekend_watcher,341,0,75,5.833333333333333,27,24,1.125,0.6830194071071267,9,Children & Family Movies
3202,new_user,29,1,17,1.3222222222222222,17,0,2.0,0.5336111071238255,8,Reality TV
3203,new_user,13,1,9,0.7,9,0,2.0,0.5778656998485747,13,Sci-Fi & Fantasy
3204,churning_user,219,2,57,4.433333333333334,6,12,0.5,0.2967955872614708,5,Thrillers
3205,new_user,16,0,9,0.7,9,0,2.0,0.41559919318056715,8,Comedies
3206,casual_viewer,277,0,68,5.288888888888889,24,12,2.0,0.6140544921308091,3,Comedies
3207,power_binger,676,0,249,19.366666666666667,83,87,0.9540229885057471,0.8565739175478359,4,Thrillers
3208,power_binger,311,0,283,22.01111111111111,110,87,1.264367816091954,0.8487257753858786,5,Crime TV Shows
3209,power_binger,557,0,236,18.355555555555554,81,82,0.9878048780487805,0.8550887978936591,8,TV Dramas
3210,power_binger,512,0,274,21.31111111111111,87,100,0.87,0.8426279611179682,8,TV Dramas
3211,casual_viewer,212,1,98,7.622222222222222,34,26,1.3076923076923077,0.6031952299085832,5,Romantic Movies
3212,weekend_watcher,558,1,87,6.766666666666667,28,23,1.2173913043478262,0.6813020971876983,7,Kids' TV
3213,weekend_watcher,262,0,72,5.6,24,34,0.7058823529411765,0.716318698650967,5,Children & Family Movies
3214,churning_user,287,14,50,3.888888888888889,6,20,0.3,0.27584290988546434,4,TV Dramas
3215,power_binger,377,0,231,17.966666666666665,73,72,1.0138888888888888,0.8560557516269476,6,Sci-Fi & Fantasy
3216,weekend_watcher,442,0,71,5.522222222222222,16,33,0.48484848484848486,0.7033548882600941,4,Kids' TV
3217,casual_viewer,316,0,98,7.622222222222222,28,34,0.8235294117647058,0.6124748351866477,8,Comedies
3218,power_binger,559,0,258,20.066666666666666,77,90,0.8555555555555555,0.8643501751194648,7,Crime TV Shows
3219,casual_viewer,412,2,85,6.611111111111111,18,32,0.5625,0.617209853350813,3,Documentaries
3220,casual_viewer,329,2,89,6.922222222222222,23,24,0.9583333333333334,0.5747029167472291,6,Romantic Movies
3221,casual_viewer,645,0,83,6.455555555555556,30,29,1.0344827586206897,0.601436437137082,3,Comedies
3222,weekend_watcher,404,0,83,6.455555555555556,30,33,0.9090909090909091,0.7039288031456997,6,Romantic Movies
3223,weekend_watcher,357,0,77,5.988888888888889,28,25,1.12,0.7136026106910647,6,Stand-Up Comedy
3224,churning_user,270,9,59,4.588888888888889,8,16,0.5,0.3203765940580162,7,Thrillers
3225,power_binger,234,0,268,20.844444444444445,106,74,1.4324324324324325,0.8560717607477407,7,Sci-Fi & Fantasy
3226,weekend_watcher,128,0,95,7.388888888888888,32,31,1.032258064516129,0.7144566134496076,4,Romantic Movies
3227,churning_user,340,1,65,5.055555555555555,12,17,0.7058823529411765,0.2794760647225858,5,Crime TV Shows
3228,power_binger,299,0,248,19.288888888888888,80,82,0.975609756097561,0.8527520723463984,9,TV Dramas
3229,churning_user,105,1,65,5.055555555555555,9,17,0.5294117647058824,0.30196501131453823,7,TV Dramas
3230,casual_viewer,104,0,109,8.477777777777778,27,41,0.6585365853658537,0.6254205620218805,8,Documentaries
3231,casual_viewer,376,2,84,6.533333333333333,19,31,0.6129032258064516,0.6127237235824807,6,Documentaries
3232,power_binger,286,0,246,19.133333333333333,79,82,0.9634146341463414,0.8604983153408653,5,Sci-Fi & Fantasy
3233,churning_user,326,0,48,3.7333333333333334,7,8,0.875,0.3266177822536432,3,Crime TV Shows
3234,power_binger,197,0,266,20.688888888888886,87,99,0.8787878787878788,0.8484022487302317,9,Crime TV Shows
3235,power_binger,538,0,246,19.133333333333333,86,74,1.162162162162162,0.8472970247855264,6,Thrillers
3236,power_binger,199,0,251,19.522222222222222,92,71,1.295774647887324,0.8574836665532073,4,Thrillers
3237,new_user,2,1,1,0.07777777777777778,1,0,2.0,0.36158861409398746,13,TV Dramas
3238,casual_viewer,159,0,103,8.011111111111111,28,33,0.8484848484848485,0.6118161855936193,6,Romantic Movies
3239,casual_viewer,179,1,97,7.544444444444444,32,31,1.032258064516129,0.6223524800296413,3,Comedies
3240,casual_viewer,510,0,93,7.233333333333333,24,31,0.7741935483870968,0.6460182094264263,3,Romantic Movies
3241,weekend_watcher,718,0,76,5.9111111111111105,22,32,0.6875,0.7171527330681933,7,Romantic Movies
3242,churning_user,491,3,71,5.522222222222222,8,23,0.34782608695652173,0.32143863207858636,3,Crime TV Shows
3243,new_user,27,0,22,1.711111111111111,22,0,2.0,0.6356991842643333,12,Children & Family Movies
3244,casual_viewer,432,0,75,5.833333333333333,23,23,1.0,0.5922049498304284,7,Comedies
3245,power_binger,559,0,256,19.91111111111111,78,88,0.8863636363636364,0.8443399425210736,8,Sci-Fi & Fantasy
3246,churning_user,393,3,52,4.044444444444444,6,7,0.8571428571428571,0.3177756156554989,8,Crime TV Shows
3247,casual_viewer,478,0,94,7.311111111111111,31,27,1.1481481481481481,0.6113910017140186,4,Comedies
3248,weekend_watcher,166,0,76,5.9111111111111105,27,25,1.08,0.7119975546052408,8,Children & Family Movies
3249,weekend_watcher,632,0,87,6.766666666666667,30,32,0.9375,0.6903995562669561,7,Kids' TV
3250,casual_viewer,354,0,97,7.544444444444444,25,37,0.6756756756756757,0.6033305787091771,8,Documentaries
3251,new_user,2,0,2,0.15555555555555556,2,0,2.0,0.4774532738064334,11,Comedies
3252,churning_user,296,19,48,3.7333333333333334,5,16,0.3125,0.3358755398202489,5,Thrillers
3253,casual_viewer,98,2,86,6.688888888888888,32,26,1.2307692307692308,0.5956296553913539,7,Documentaries
3254,casual_viewer,607,0,85,6.611111111111111,27,25,1.08,0.592678896110642,7,Comedies
3255,power_binger,414,0,245,19.055555555555554,86,73,1.178082191780822,0.8514399960599878,8,Sci-Fi & Fantasy
3256,weekend_watcher,438,0,79,6.144444444444444,32,26,1.2307692307692308,0.6908022737279346,8,Stand-Up Comedy
3257,power_binger,609,0,290,22.555555555555554,93,104,0.8942307692307693,0.8458666560115026,6,Crime TV Shows
3258,casual_viewer,496,0,101,7.855555555555555,32,22,1.4545454545454546,0.5841517713109146,5,Documentaries
3259,churning_user,440,2,67,5.211111111111111,10,23,0.43478260869565216,0.2981663419472272,8,Thrillers
3260,power_binger,456,0,259,20.144444444444442,80,92,0.8695652173913043,0.8513733473133409,5,TV Dramas
3261,power_binger,628,0,300,23.333333333333332,123,83,1.4819277108433735,0.8429699059556648,7,Thrillers
3262,churning_user,429,2,59,4.588888888888889,8,19,0.42105263157894735,0.29505162269399665,3,Thrillers
3263,power_binger,269,0,264,20.53333333333333,114,77,1.4805194805194806,0.8407063876972982,4,Thrillers
3264,casual_viewer,329,0,88,6.844444444444444,28,27,1.037037037037037,0.5935984614370642,5,Documentaries
3265,casual_viewer,576,1,96,7.466666666666667,27,21,1.2857142857142858,0.5985632504683239,8,Comedies
3266,casual_viewer,449,0,98,7.622222222222222,28,35,0.8,0.571824718934847,3,Romantic Movies
3267,power_binger,352,0,266,20.688888888888886,88,86,1.0232558139534884,0.861068379830213,4,Sci-Fi & Fantasy
3268,weekend_watcher,513,0,65,5.055555555555555,24,22,1.0909090909090908,0.7307528786804897,8,Romantic Movies
3269,new_user,21,0,18,1.4,18,0,2.0,0.5763429840578129,14,Independent Movies
3270,power_binger,283,0,265,20.61111111111111,86,89,0.9662921348314607,0.8434321125483595,6,Thrillers
3271,new_user,3,2,1,0.07777777777777778,1,0,2.0,0.935689437408604,13,Reality TV
3272,churning_user,252,4,54,4.2,11,15,0.7333333333333333,0.3273088707114421,4,Crime TV Shows
3273,churning_user,151,3,43,3.344444444444444,5,7,0.7142857142857143,0.2664238087856431,5,Thrillers
3274,weekend_watcher,626,1,88,6.844444444444444,29,31,0.9354838709677419,0.69589753837115,5,Romantic Movies
3275,weekend_watcher,113,0,80,6.222222222222222,30,25,1.2,0.6794198817398639,4,Kids' TV
3276,weekend_watcher,566,2,63,4.8999999999999995,21,22,0.9545454545454546,0.6981806861148707,9,Romantic Movies
3277,casual_viewer,119,0,105,8.166666666666666,33,28,1.1785714285714286,0.642045681743341,6,Romantic Movies
3278,churning_user,341,5,68,5.288888888888889,9,22,0.4090909090909091,0.3170234202499618,8,Crime TV Shows
3279,casual_viewer,470,1,99,7.699999999999999,29,33,0.8787878787878788,0.595671674702365,5,Documentaries
3280,power_binger,563,0,282,21.933333333333334,92,99,0.9292929292929293,0.8533058597274862,9,Crime TV Shows
3281,churning_user,440,3,69,5.366666666666666,7,18,0.3888888888888889,0.32546563892174424,4,Thrillers
3282,power_binger,188,0,268,20.844444444444445,71,93,0.7634408602150538,0.846527412874811,4,TV Dramas
3283,casual_viewer,294,1,79,6.144444444444444,27,22,1.2272727272727273,0.5929053455239998,4,Romantic Movies
3284,power_binger,330,0,287,22.322222222222223,99,91,1.0879120879120878,0.8423048086762253,5,Sci-Fi & Fantasy
3285,power_binger,182,0,250,19.444444444444443,82,80,1.025,0.8399976148691066,9,Sci-Fi & Fantasy
3286,churning_user,132,19,58,4.511111111111111,6,16,0.375,0.2698506773639111,3,Crime TV Shows
3287,churning_user,306,3,54,4.2,4,18,0.2222222222222222,0.31979821800114716,8,Crime TV Shows
3288,casual_viewer,310,0,77,5.988888888888889,19,27,0.7037037037037037,0.5929817961640923,5,Documentaries
3289,power_binger,723,0,268,20.844444444444445,84,86,0.9767441860465116,0.8426273546043792,9,Thrillers
3290,casual_viewer,347,0,96,7.466666666666667,37,29,1.2758620689655173,0.5911069583803347,6,Documentaries
3291,casual_viewer,592,0,106,8.244444444444444,32,36,0.8888888888888888,0.6215040212456926,7,Comedies
3292,weekend_watcher,619,1,83,6.455555555555556,30,26,1.1538461538461537,0.6819256331735289,4,Stand-Up Comedy
3293,churning_user,231,16,67,5.211111111111111,7,11,0.6363636363636364,0.2841726415904559,5,Crime TV Shows
3294,casual_viewer,295,1,84,6.533333333333333,32,27,1.1851851851851851,0.6251800636654692,8,Comedies
3295,casual_viewer,402,1,101,7.855555555555555,29,30,0.9666666666666667,0.5848239752132758,4,Documentaries
3296,new_user,13,0,15,1.1666666666666665,15,0,2.0,0.4372069288444645,9,Sports Movies
3297,weekend_watcher,245,0,81,6.3,20,22,0.9090909090909091,0.648732285801286,5,Romantic Movies
3298,casual_viewer,326,0,102,7.933333333333333,28,28,1.0,0.6338949646123353,8,Romantic Movies
3299,casual_viewer,665,1,88,6.844444444444444,33,30,1.1,0.588274700014932,6,Romantic Movies
3300,power_binger,190,0,236,18.355555555555554,77,85,0.9058823529411765,0.8523099417670351,5,Sci-Fi & Fantasy
3301,new_user,13,1,9,0.7,9,0,2.0,0.5683088379569863,10,International TV Shows
3302,casual_viewer,551,0,83,6.455555555555556,31,24,1.2916666666666667,0.6146989617524459,7,Romantic Movies
3303,casual_viewer,636,0,103,8.011111111111111,33,33,1.0,0.6166275164329117,7,Documentaries
3304,new_user,25,0,25,1.9444444444444444,25,0,2.0,0.4020669189954497,15,Music & Musicals
3305,weekend_watcher,92,1,77,5.988888888888889,28,24,1.1666666666666667,0.7247505784867566,9,Stand-Up Comedy
3306,power_binger,686,0,265,20.61111111111111,90,82,1.0975609756097562,0.8484118885631908,6,Crime TV Shows
3307,power_binger,347,0,267,20.766666666666666,99,73,1.356164383561644,0.8500066660561453,8,TV Dramas
3308,power_binger,553,0,282,21.933333333333334,83,92,0.9021739130434783,0.8614172718650259,4,Crime TV Shows
3309,churning_user,394,1,49,3.811111111111111,10,9,1.1111111111111112,0.31486099770320747,6,Crime TV Shows
3310,power_binger,438,0,279,21.7,89,98,0.9081632653061225,0.8505540073383469,6,TV Dramas
3311,new_user,3,2,1,0.07777777777777778,1,0,2.0,0.3210030000356648,8,International Movies
3312,new_user,27,0,21,1.6333333333333333,21,0,2.0,0.4900388102237264,15,TV Comedies
3313,churning_user,177,2,58,4.511111111111111,9,15,0.6,0.30196010698606424,3,TV Dramas
3314,churning_user,140,2,51,3.9666666666666663,6,15,0.4,0.29913862375417655,7,Crime TV Shows
3315,casual_viewer,681,0,107,8.322222222222221,37,35,1.0571428571428572,0.6096766080397076,8,Comedies
3316,power_binger,652,0,256,19.91111111111111,86,83,1.036144578313253,0.8508061529708091,4,Crime TV Shows
3317,weekend_watcher,94,1,88,6.844444444444444,29,25,1.16,0.6939942520560475,4,Romantic Movies
3318,power_binger,726,0,267,20.766666666666666,81,99,0.8181818181818182,0.8628242374060818,8,Crime TV Shows
3319,power_binger,650,0,272,21.155555555555555,89,81,1.0987654320987654,0.8549771327485652,9,Thrillers
3320,casual_viewer,211,0,96,7.466666666666667,25,33,0.7575757575757576,0.6033431425340896,3,Comedies
3321,power_binger,521,0,271,21.077777777777776,100,96,1.0416666666666667,0.8417617669849504,4,TV Dramas
3322,casual_viewer,539,0,102,7.933333333333333,34,38,0.8947368421052632,0.590884958086911,7,Romantic Movies
3323,weekend_watcher,519,1,73,5.677777777777777,26,24,1.0833333333333333,0.717934123230697,5,Stand-Up Comedy
3324,weekend_watcher,109,0,92,7.155555555555555,35,26,1.3461538461538463,0.6702469338946218,5,Children & Family Movies
3325,churning_user,335,0,60,4.666666666666666,7,16,0.4375,0.28394709308144866,7,Thrillers
3326,weekend_watcher,258,0,87,6.766666666666667,26,28,0.9285714285714286,0.7209895917080419,8,Kids' TV
3327,casual_viewer,420,0,105,8.166666666666666,27,32,0.84375,0.6070964897098969,5,Comedies
3328,weekend_watcher,509,0,80,6.222222222222222,34,21,1.619047619047619,0.7024850449719736,5,Romantic Movies
3329,churning_user,318,14,47,3.6555555555555554,5,9,0.5555555555555556,0.2889762576486988,8,Thrillers
3330,casual_viewer,362,0,87,6.766666666666667,27,34,0.7941176470588235,0.5921301099063835,6,Comedies
3331,new_user,12,2,9,0.7,9,0,2.0,0.3938183186956652,11,International TV Shows
3332,casual_viewer,93,0,79,6.144444444444444,31,24,1.2916666666666667,0.6011585153702129,6,Documentaries
3333,power_binger,248,0,270,21.0,81,92,0.8804347826086957,0.8404055564435522,7,TV Dramas
3334,casual_viewer,692,2,68,5.288888888888889,22,26,0.8461538461538461,0.5958141091804164,6,Documentaries
3335,casual_viewer,604,1,106,8.244444444444444,34,43,0.7906976744186046,0.5833730186849646,4,Comedies
3336,casual_viewer,325,0,68,5.288888888888889,20,30,0.6666666666666666,0.6300173895228874,5,Documentaries
3337,churning_user,105,5,69,5.366666666666666,6,20,0.3,0.2970830089889742,6,Crime TV Shows
3338,weekend_watcher,226,1,78,6.066666666666666,21,19,1.105263157894737,0.6841480187838607,5,Kids' TV
3339,casual_viewer,351,4,95,7.388888888888888,24,40,0.6,0.5733478068992388,5,Comedies
3340,churning_user,282,0,53,4.122222222222222,10,16,0.625,0.2761749260740648,3,Crime TV Shows
3341,casual_viewer,264,4,101,7.855555555555555,27,37,0.7297297297297297,0.5765416484721237,5,Comedies
3342,weekend_watcher,473,0,80,6.222222222222222,28,24,1.1666666666666667,0.6958708806414141,4,Romantic Movies
3343,power_binger,487,0,253,19.677777777777777,90,87,1.0344827586206897,0.8535737851119274,4,Sci-Fi & Fantasy
3344,power_binger,243,0,262,20.377777777777776,89,88,1.0113636363636365,0.8518383201668664,6,Sci-Fi & Fantasy
3345,churning_user,219,9,62,4.822222222222222,12,14,0.8571428571428571,0.3123601661987749,8,Crime TV Shows
3346,churning_user,174,1,62,4.822222222222222,11,16,0.6875,0.31779022156246806,7,TV Dramas
3347,weekend_watcher,324,0,88,6.844444444444444,28,32,0.875,0.7020618639786914,9,Romantic Movies
3348,churning_user,485,2,56,4.355555555555555,9,16,0.5625,0.303186572494087,6,Crime TV Shows
3349,weekend_watcher,657,1,61,4.7444444444444445,21,14,1.5,0.7084418105222133,6,Kids' TV
3350,casual_viewer,444,3,82,6.377777777777777,23,24,0.9583333333333334,0.5788245450946214,6,Romantic Movies
3351,power_binger,230,0,261,20.3,97,91,1.065934065934066,0.8464075583663799,9,Sci-Fi & Fantasy
3352,power_binger,642,0,267,20.766666666666666,90,90,1.0,0.8555891645418024,4,Crime TV Shows
3353,power_binger,517,0,257,19.988888888888887,85,83,1.0240963855421688,0.8547007271676896,8,TV Dramas
3354,casual_viewer,356,1,94,7.311111111111111,21,33,0.6363636363636364,0.6022950143961674,7,Comedies
3355,casual_viewer,196,0,100,7.777777777777778,29,33,0.8787878787878788,0.5750802718964394,4,Documentaries
3356,casual_viewer,351,0,90,7.0,31,30,1.0333333333333334,0.6001168698189627,7,Romantic Movies
3357,churning_user,380,0,57,4.433333333333334,10,22,0.45454545454545453,0.2999586916219836,8,TV Dramas
3358,casual_viewer,164,1,103,8.011111111111111,31,38,0.8157894736842105,0.6049705719774188,3,Comedies
3359,churning_user,172,2,64,4.977777777777778,12,20,0.6,0.30538644905650925,6,TV Dramas
3360,churning_user,260,2,63,4.8999999999999995,5,17,0.29411764705882354,0.2784819904593471,7,TV Dramas
3361,casual_viewer,571,1,89,6.922222222222222,32,31,1.032258064516129,0.5600605586063943,5,Romantic Movies
3362,casual_viewer,222,0,100,7.777777777777778,21,35,0.6,0.5874604614677061,6,Romantic Movies
3363,churning_user,372,7,71,5.522222222222222,10,20,0.5,0.3101460543688744,8,Crime TV Shows
3364,churning_user,221,0,51,3.9666666666666663,8,15,0.5333333333333333,0.3079156921287774,7,Thrillers
3365,casual_viewer,569,0,89,6.922222222222222,31,30,1.0333333333333334,0.5936114789036108,6,Comedies
3366,casual_viewer,650,0,92,7.155555555555555,29,31,0.9354838709677419,0.5984454773008986,8,Documentaries
3367,churning_user,485,5,53,4.122222222222222,12,17,0.7058823529411765,0.3150022413698461,5,TV Dramas
3368,churning_user,301,1,72,5.6,9,21,0.42857142857142855,0.2873596829456242,3,TV Dramas
3369,power_binger,478,1,268,20.844444444444445,81,100,0.81,0.8484827664152615,4,Thrillers
3370,casual_viewer,556,0,80,6.222222222222222,17,29,0.5862068965517241,0.6321439648984798,3,Documentaries
3371,weekend_watcher,468,0,68,5.288888888888889,28,21,1.3333333333333333,0.7210583503172792,4,Kids' TV
3372,power_binger,497,0,267,20.766666666666666,91,83,1.0963855421686748,0.8573005042834875,6,Sci-Fi & Fantasy
3373,weekend_watcher,519,0,83,6.455555555555556,36,18,2.0,0.723305958749284,7,Children & Family Movies
3374,power_binger,667,0,263,20.455555555555556,93,81,1.1481481481481481,0.8528747973809112,6,Crime TV Shows
3375,churning_user,330,23,53,4.122222222222222,3,18,0.16666666666666666,0.28856950952640537,7,Thrillers
3376,casual_viewer,273,0,112,8.71111111111111,42,33,1.2727272727272727,0.6093973197999077,5,Documentaries
3377,power_binger,653,1,228,17.733333333333334,72,79,0.9113924050632911,0.8552160566138686,7,Sci-Fi & Fantasy
3378,new_user,6,0,5,0.3888888888888889,5,0,2.0,0.6227869762129258,12,Horror Movies
3379,casual_viewer,211,2,90,7.0,28,24,1.1666666666666667,0.5941598378465235,4,Romantic Movies
3380,new_user,29,0,20,1.5555555555555556,20,0,2.0,0.5443261064100378,13,Action & Adventure
3381,casual_viewer,567,0,106,8.244444444444444,33,37,0.8918918918918919,0.6068530224957848,8,Documentaries
3382,weekend_watcher,92,1,81,6.3,30,27,1.1111111111111112,0.7260242438906471,4,Children & Family Movies
3383,new_user,6,0,4,0.3111111111111111,4,0,2.0,0.46537440167329525,15,Documentaries
3384,churning_user,457,2,48,3.7333333333333334,8,17,0.47058823529411764,0.31739744120151375,4,TV Dramas
3385,casual_viewer,525,0,114,8.866666666666667,35,33,1.0606060606060606,0.6078814576620971,3,Comedies
3386,churning_user,437,5,70,5.444444444444445,9,26,0.34615384615384615,0.29826717136127034,5,TV Dramas
3387,churning_user,285,14,61,4.7444444444444445,4,22,0.18181818181818182,0.2913014683134324,4,Crime TV Shows
3388,new_user,27,1,23,1.7888888888888888,23,0,2.0,0.4957048183221322,13,British TV Shows
3389,casual_viewer,665,3,94,7.311111111111111,30,28,1.0714285714285714,0.5912988080994721,8,Documentaries
3390,casual_viewer,226,0,73,5.677777777777777,24,25,0.96,0.6419866465923746,3,Romantic Movies
3391,power_binger,596,0,273,21.23333333333333,97,98,0.9897959183673469,0.8475589896881588,7,TV Dramas
3392,churning_user,465,3,55,4.277777777777778,9,18,0.5,0.28263201254512604,7,TV Dramas
3393,new_user,1,90,0,0.0,0,0,0.0,0.0,11,Reality TV
3394,power_binger,513,0,285,22.166666666666664,89,86,1.0348837209302326,0.8429066872159143,5,Thrillers
3395,weekend_watcher,258,1,79,6.144444444444444,28,25,1.12,0.6939868555939945,5,Stand-Up Comedy
3396,new_user,25,3,21,1.6333333333333333,21,0,2.0,0.4182085653631684,9,Children & Family Movies
3397,power_binger,708,0,262,20.377777777777776,85,84,1.0119047619047619,0.8542364641484124,4,Thrillers
3398,power_binger,227,0,241,18.744444444444444,87,82,1.0609756097560976,0.8553098986352247,4,Crime TV Shows
3399,churning_user,328,2,58,4.511111111111111,7,23,0.30434782608695654,0.28907738249609666,3,Thrillers
3400,churning_user,430,0,50,3.888888888888889,11,10,1.1,0.2489762925929335,3,TV Dramas
3401,power_binger,368,0,234,18.2,78,78,1.0,0.8512206327662746,5,TV Dramas
3402,weekend_watcher,632,0,80,6.222222222222222,28,25,1.12,0.7152969577903678,4,Stand-Up Comedy
3403,churning_user,202,1,42,3.2666666666666666,4,12,0.3333333333333333,0.26562039155987405,8,Crime TV Shows
3404,new_user,28,0,22,1.711111111111111,22,0,2.0,0.48937864843510054,12,Docuseries
3405,weekend_watcher,556,0,72,5.6,22,24,0.9166666666666666,0.7314589187512988,4,Children & Family Movies
3406,weekend_watcher,620,0,67,5.211111111111111,19,20,0.95,0.7311225947783992,4,Stand-Up Comedy
3407,churning_user,398,8,62,4.822222222222222,10,20,0.5,0.30085642722064654,4,TV Dramas
3408,casual_viewer,653,0,85,6.611111111111111,22,26,0.8461538461538461,0.6077374248305267,8,Comedies
3409,churning_user,342,9,52,4.044444444444444,4,14,0.2857142857142857,0.3152439319241957,4,Crime TV Shows
3410,power_binger,684,1,211,16.41111111111111,71,69,1.0289855072463767,0.8463810974333147,9,Thrillers
3411,churning_user,431,6,54,4.2,9,18,0.5,0.33305155946684506,4,Thrillers
3412,power_binger,696,0,265,20.61111111111111,93,78,1.1923076923076923,0.8527689174772699,5,Thrillers
3413,churning_user,282,0,49,3.811111111111111,7,8,0.875,0.27549082053517704,4,Crime TV Shows
3414,power_binger,368,0,275,21.38888888888889,93,98,0.9489795918367347,0.8413002282236605,9,Sci-Fi & Fantasy
3415,casual_viewer,661,0,111,8.633333333333333,44,34,1.2941176470588236,0.5837819158406347,7,Documentaries
3416,casual_viewer,718,0,89,6.922222222222222,27,29,0.9310344827586207,0.600726891565398,3,Comedies
3417,churning_user,483,0,64,4.977777777777778,7,17,0.4117647058823529,0.3033661239175286,8,TV Dramas
3418,weekend_watcher,256,0,74,5.7555555555555555,23,36,0.6388888888888888,0.6926721238142243,6,Romantic Movies
3419,power_binger,262,0,247,19.21111111111111,65,83,0.7831325301204819,0.8560746670796845,7,TV Dramas
3420,weekend_watcher,299,1,83,6.455555555555556,37,22,1.6818181818181819,0.7004688787748382,9,Children & Family Movies
3421,weekend_watcher,588,1,63,4.8999999999999995,26,18,1.4444444444444444,0.6884642081365502,9,Romantic Movies
3422,casual_viewer,534,1,85,6.611111111111111,19,32,0.59375,0.5926878559634824,3,Documentaries
3423,churning_user,87,3,53,4.122222222222222,15,7,2.142857142857143,0.3177443761388841,4,TV Dramas
3424,casual_viewer,693,0,96,7.466666666666667,35,35,1.0,0.6312481578799964,8,Romantic Movies
3425,power_binger,700,0,233,18.12222222222222,69,87,0.7931034482758621,0.8488348212282205,4,TV Dramas
3426,churning_user,481,3,53,4.122222222222222,12,14,0.8571428571428571,0.2975350766081618,6,TV Dramas
3427,power_binger,528,0,254,19.755555555555556,82,86,0.9534883720930233,0.8524658382939186,6,Crime TV Shows
3428,weekend_watcher,124,0,83,6.455555555555556,31,22,1.4090909090909092,0.695784915185702,8,Kids' TV
3429,new_user,5,2,4,0.3111111111111111,4,0,2.0,0.2658289484623044,11,Sports Movies
3430,weekend_watcher,674,0,79,6.144444444444444,32,25,1.28,0.6752201659564303,4,Romantic Movies
3431,churning_user,235,2,56,4.355555555555555,11,19,0.5789473684210527,0.34256025012656416,7,Thrillers
3432,churning_user,223,0,53,4.122222222222222,6,17,0.35294117647058826,0.2951310573922178,6,TV Dramas
3433,new_user,19,1,18,1.4,18,0,2.0,0.46797454527198873,8,Dramas
3434,casual_viewer,536,0,102,7.933333333333333,21,37,0.5675675675675675,0.6229141609533375,6,Romantic Movies
3435,power_binger,499,0,272,21.155555555555555,99,82,1.2073170731707317,0.8525701518279005,8,Crime TV Shows
3436,churning_user,267,3,69,5.366666666666666,14,13,1.0769230769230769,0.3022790451476526,8,TV Dramas
3437,casual_viewer,231,1,85,6.611111111111111,29,28,1.0357142857142858,0.5728697008599869,4,Romantic Movies
3438,casual_viewer,129,0,104,8.088888888888889,36,30,1.2,0.6165200511482817,3,Romantic Movies
3439,power_binger,711,0,248,19.288888888888888,77,86,0.8953488372093024,0.8549133749224882,4,Crime TV Shows
3440,churning_user,240,2,61,4.7444444444444445,9,21,0.42857142857142855,0.2627442660253002,3,Crime TV Shows
3441,casual_viewer,383,2,83,6.455555555555556,27,27,1.0,0.5595414693300303,3,Comedies
3442,power_binger,202,0,281,21.855555555555554,90,89,1.0112359550561798,0.8510486045551147,8,Crime TV Shows
3443,power_binger,204,0,273,21.23333333333333,87,88,0.9886363636363636,0.8423303999028505,9,Thrillers
3444,casual_viewer,402,0,96,7.466666666666667,35,31,1.1290322580645162,0.5860826095407062,7,Comedies
3445,weekend_watcher,114,0,73,5.677777777777777,18,27,0.6666666666666666,0.6905498305119429,9,Children & Family Movies
3446,casual_viewer,618,0,84,6.533333333333333,30,26,1.1538461538461537,0.562671125229494,6,Comedies
3447,churning_user,458,0,68,5.288888888888889,11,23,0.4782608695652174,0.293303254024862,8,Crime TV Shows
3448,weekend_watcher,687,0,77,5.988888888888889,35,17,2.0588235294117645,0.7122401604584699,5,Children & Family Movies
3449,casual_viewer,496,0,89,6.922222222222222,37,24,1.5416666666666667,0.6146953019412703,8,Comedies
3450,weekend_watcher,564,0,73,5.677777777777777,30,21,1.4285714285714286,0.7231858441684078,6,Romantic Movies
3451,churning_user,443,14,46,3.5777777777777775,4,12,0.3333333333333333,0.2604570377394831,3,TV Dramas
3452,churning_user,482,0,62,4.822222222222222,11,17,0.6470588235294118,0.26404595331861364,8,Crime TV Shows
3453,power_binger,372,0,257,19.988888888888887,97,86,1.127906976744186,0.8549243041449308,5,Crime TV Shows
3454,power_binger,190,0,243,18.9,78,83,0.9397590361445783,0.8482045982260645,9,TV Dramas
3455,new_user,1,90,0,0.0,0,0,0.0,0.0,8,Independent Movies
3456,weekend_watcher,120,0,77,5.988888888888889,22,28,0.7857142857142857,0.6850423900293202,6,Stand-Up Comedy
3457,new_user,11,0,11,0.8555555555555555,11,0,2.0,0.5786730707275386,10,Crime TV Shows
3458,new_user,9,0,4,0.3111111111111111,4,0,2.0,0.35624251069782165,12,Reality TV
3459,power_binger,450,0,261,20.3,98,75,1.3066666666666666,0.8458605608011197,8,Sci-Fi & Fantasy
3460,weekend_watcher,119,0,96,7.466666666666667,43,20,2.15,0.6999722561469582,5,Kids' TV
3461,casual_viewer,578,0,101,7.855555555555555,36,31,1.1612903225806452,0.5778997552454301,6,Romantic Movies
3462,weekend_watcher,462,0,84,6.533333333333333,31,28,1.1071428571428572,0.7301281618839688,6,Romantic Movies
3463,power_binger,450,0,267,20.766666666666666,91,97,0.9381443298969072,0.8455075336551673,4,Sci-Fi & Fantasy
3464,casual_viewer,252,0,102,7.933333333333333,32,29,1.103448275862069,0.5599268332613392,3,Romantic Movies
3465,weekend_watcher,308,0,91,7.0777777777777775,34,26,1.3076923076923077,0.6808183205667503,8,Stand-Up Comedy
3466,weekend_watcher,104,0,83,6.455555555555556,35,28,1.25,0.6808528370278472,9,Children & Family Movies
3467,churning_user,375,7,43,3.344444444444444,5,16,0.3125,0.3653229109629029,4,TV Dramas
3468,casual_viewer,699,1,82,6.377777777777777,28,24,1.1666666666666667,0.6131302526700855,8,Comedies
3469,casual_viewer,481,1,107,8.322222222222221,31,38,0.8157894736842105,0.6057378778585856,5,Comedies
3470,new_user,15,0,11,0.8555555555555555,11,0,2.0,0.5256801102116629,12,Docuseries
3471,casual_viewer,326,2,82,6.377777777777777,28,33,0.8484848484848485,0.5931757286587903,7,Comedies
3472,casual_viewer,639,1,101,7.855555555555555,23,34,0.6764705882352942,0.6146411489552367,8,Comedies
3473,churning_user,289,19,59,4.588888888888889,4,17,0.23529411764705882,0.25578184587005376,8,Crime TV Shows
3474,casual_viewer,338,0,84,6.533333333333333,25,30,0.8333333333333334,0.5718963246227614,5,Romantic Movies
3475,churning_user,135,6,52,4.044444444444444,14,15,0.9333333333333333,0.30998081866149546,3,TV Dramas
3476,casual_viewer,502,0,97,7.544444444444444,30,29,1.0344827586206897,0.6241442843998302,7,Romantic Movies
3477,weekend_watcher,524,0,86,6.688888888888888,29,35,0.8285714285714286,0.703101911654436,7,Children & Family Movies
3478,new_user,23,0,12,0.9333333333333333,12,0,2.0,0.497897841729495,8,Thrillers
3479,new_user,25,1,19,1.4777777777777776,19,0,2.0,0.4731135604167938,10,Dramas
3480,churning_user,329,12,62,4.822222222222222,8,17,0.47058823529411764,0.32559723386085065,4,Crime TV Shows
3481,casual_viewer,496,0,79,6.144444444444444,24,31,0.7741935483870968,0.6255842695340763,4,Comedies
3482,weekend_watcher,224,0,81,6.3,24,27,0.8888888888888888,0.7017160119990336,9,Kids' TV
3483,weekend_watcher,555,2,82,6.377777777777777,22,32,0.6875,0.7043967659098088,8,Romantic Movies
3484,churning_user,345,6,59,4.588888888888889,7,16,0.4375,0.2708101173872947,8,Thrillers
3485,churning_user,406,5,56,4.355555555555555,5,13,0.38461538461538464,0.3283919476407628,4,Thrillers
3486,weekend_watcher,378,2,79,6.144444444444444,29,24,1.2083333333333333,0.7068245736263045,9,Stand-Up Comedy
3487,churning_user,151,2,52,4.044444444444444,6,12,0.5,0.31254810446485864,6,TV Dramas
3488,weekend_watcher,487,1,84,6.533333333333333,28,23,1.2173913043478262,0.7113273842530814,6,Kids' TV
3489,casual_viewer,500,1,96,7.466666666666667,26,38,0.6842105263157895,0.5881663498617914,6,Comedies
3490,casual_viewer,96,0,85,6.611111111111111,30,34,0.8823529411764706,0.5966244650852449,8,Romantic Movies
3491,churning_user,270,6,58,4.511111111111111,8,15,0.5333333333333333,0.3262633051635789,8,Crime TV Shows
3492,power_binger,469,0,254,19.755555555555556,86,77,1.1168831168831168,0.8457116534561558,9,Crime TV Shows
3493,weekend_watcher,501,2,55,4.277777777777778,18,20,0.9,0.680175908776835,6,Kids' TV
3494,churning_user,119,3,50,3.888888888888889,9,10,0.9,0.33302639087901953,4,Thrillers
3495,power_binger,649,0,256,19.91111111111111,82,88,0.9318181818181818,0.8411875010936374,8,TV Dramas
3496,weekend_watcher,594,0,80,6.222222222222222,32,22,1.4545454545454546,0.7088746567481349,4,Romantic Movies
3497,weekend_watcher,496,0,73,5.677777777777777,22,23,0.9565217391304348,0.6867024886659947,6,Children & Family Movies
3498,weekend_watcher,615,0,75,5.833333333333333,28,22,1.2727272727272727,0.6947850025862854,5,Children & Family Movies
3499,casual_viewer,697,0,88,6.844444444444444,30,25,1.2,0.6049246495989072,4,Romantic Movies
3500,weekend_watcher,717,1,73,5.677777777777777,28,22,1.2727272727272727,0.6839891555791723,9,Stand-Up Comedy
3501,casual_viewer,656,2,77,5.988888888888889,23,23,1.0,0.6169065577906817,4,Romantic Movies
3502,churning_user,434,8,58,4.511111111111111,8,18,0.4444444444444444,0.3049601392595994,4,Crime TV Shows
3503,power_binger,514,0,276,21.466666666666665,94,87,1.0804597701149425,0.848285783067545,6,TV Dramas
3504,churning_user,358,4,60,4.666666666666666,11,19,0.5789473684210527,0.305301112453178,5,TV Dramas
3505,weekend_watcher,442,3,79,6.144444444444444,23,29,0.7931034482758621,0.722266994398173,9,Stand-Up Comedy
3506,churning_user,120,6,58,4.511111111111111,11,18,0.6111111111111112,0.30251077664700027,8,Thrillers
3507,casual_viewer,500,0,91,7.0777777777777775,28,28,1.0,0.6026647096314336,6,Romantic Movies
3508,weekend_watcher,247,0,75,5.833333333333333,27,24,1.125,0.6748377194133514,4,Kids' TV
3509,churning_user,434,2,60,4.666666666666666,10,18,0.5555555555555556,0.3481229377693414,8,Crime TV Shows
3510,casual_viewer,211,0,78,6.066666666666666,25,24,1.0416666666666667,0.553899701013201,5,Comedies
3511,new_user,17,1,12,0.9333333333333333,12,0,2.0,0.5015634007693242,11,Reality TV
3512,weekend_watcher,667,0,81,6.3,25,24,1.0416666666666667,0.7095163681234263,7,Children & Family Movies
3513,new_user,17,3,10,0.7777777777777778,10,0,2.0,0.5371243023133854,12,Crime TV Shows
3514,new_user,27,2,19,1.4777777777777776,19,0,2.0,0.5134131822281635,10,Dramas
3515,new_user,21,2,14,1.0888888888888888,14,0,2.0,0.5048224140264731,12,TV Dramas
3516,weekend_watcher,682,0,80,6.222222222222222,23,30,0.7666666666666667,0.6993882106053013,8,Kids' TV
3517,churning_user,242,7,48,3.7333333333333334,10,16,0.625,0.3096147998992199,3,TV Dramas
3518,power_binger,483,0,242,18.822222222222223,67,94,0.7127659574468085,0.8377499601316812,8,Crime TV Shows
3519,churning_user,89,2,60,4.666666666666666,7,19,0.3684210526315789,0.33193428201956754,8,Thrillers
3520,weekend_watcher,480,1,72,5.6,24,21,1.1428571428571428,0.7090777441974334,8,Romantic Movies
3521,churning_user,95,3,64,4.977777777777778,10,17,0.5882352941176471,0.3312105219001662,5,Crime TV Shows
3522,weekend_watcher,519,0,83,6.455555555555556,31,24,1.2916666666666667,0.6996623010817099,4,Stand-Up Comedy
3523,power_binger,358,0,276,21.466666666666665,90,92,0.9782608695652174,0.8440884811392592,7,Crime TV Shows
3524,casual_viewer,627,0,74,5.7555555555555555,23,29,0.7931034482758621,0.6226084896721875,6,Romantic Movies
3525,churning_user,259,0,46,3.5777777777777775,10,17,0.5882352941176471,0.30180147941964414,7,Thrillers
3526,casual_viewer,570,0,80,6.222222222222222,30,26,1.1538461538461537,0.6193090202621694,5,Comedies
3527,power_binger,324,0,275,21.38888888888889,76,97,0.7835051546391752,0.8521725928515351,5,Thrillers
3528,power_binger,597,0,258,20.066666666666666,97,82,1.1829268292682926,0.8487719204704917,8,Sci-Fi & Fantasy
3529,weekend_watcher,197,0,66,5.133333333333333,17,18,0.9444444444444444,0.7001857804065085,8,Kids' TV
3530,casual_viewer,201,1,80,6.222222222222222,20,26,0.7692307692307693,0.6079508295221389,5,Comedies
3531,power_binger,519,0,267,20.766666666666666,93,93,1.0,0.8515430456990536,8,Crime TV Shows
3532,power_binger,180,0,241,18.744444444444444,91,85,1.0705882352941176,0.8513727653339622,5,TV Dramas
3533,casual_viewer,346,1,97,7.544444444444444,34,33,1.0303030303030303,0.5753393993261949,3,Documentaries
3534,power_binger,322,0,264,20.53333333333333,91,97,0.9381443298969072,0.8390311280142678,8,Thrillers
3535,weekend_watcher,725,0,90,7.0,28,28,1.0,0.7187506825277291,5,Children & Family Movies
3536,weekend_watcher,528,0,78,6.066666666666666,30,30,1.0,0.6962259707752976,4,Romantic Movies
3537,casual_viewer,354,0,90,7.0,28,28,1.0,0.5794974588614732,6,Romantic Movies
3538,churning_user,160,11,60,4.666666666666666,7,19,0.3684210526315789,0.2654295045793906,3,Crime TV Shows
3539,power_binger,721,0,253,19.677777777777777,103,84,1.2261904761904763,0.8457564126757596,5,Crime TV Shows
3540,casual_viewer,312,0,89,6.922222222222222,25,26,0.9615384615384616,0.6035493049226168,3,Documentaries
3541,weekend_watcher,301,0,81,6.3,30,28,1.0714285714285714,0.6767587484416606,8,Kids' TV
3542,churning_user,325,0,63,4.8999999999999995,8,19,0.42105263157894735,0.2969900058438214,4,TV Dramas
3543,weekend_watcher,302,0,75,5.833333333333333,33,20,1.65,0.6889320058211449,5,Kids' TV
3544,casual_viewer,176,3,88,6.844444444444444,36,26,1.3846153846153846,0.6002987526072895,7,Comedies
3545,casual_viewer,718,2,81,6.3,18,31,0.5806451612903226,0.6266164418645987,8,Documentaries
3546,casual_viewer,129,0,109,8.477777777777778,40,32,1.25,0.5867264036976266,8,Comedies
3547,casual_viewer,202,0,92,7.155555555555555,28,32,0.875,0.5949489898740089,6,Documentaries
3548,new_user,28,1,28,2.1777777777777776,28,0,2.0,0.5593028737354848,9,Romantic Movies
3549,power_binger,465,0,237,18.433333333333334,81,80,1.0125,0.8538163687697792,9,TV Dramas
3550,weekend_watcher,470,1,90,7.0,23,41,0.5609756097560976,0.6935659102299189,7,Romantic Movies
3551,weekend_watcher,372,1,72,5.6,30,24,1.25,0.6863736651907779,7,Romantic Movies
3552,churning_user,131,2,66,5.133333333333333,4,18,0.2222222222222222,0.311994633632458,6,Crime TV Shows
3553,casual_viewer,521,0,125,9.722222222222221,38,39,0.9743589743589743,0.6060333840794984,3,Documentaries
3554,churning_user,295,3,55,4.277777777777778,8,20,0.4,0.31213406604409594,6,Thrillers
3555,casual_viewer,599,0,91,7.0777777777777775,24,29,0.8275862068965517,0.6078618169148879,6,Romantic Movies
3556,weekend_watcher,585,1,87,6.766666666666667,26,26,1.0,0.6913813500333843,9,Kids' TV
3557,casual_viewer,499,1,80,6.222222222222222,25,25,1.0,0.550755182660796,4,Romantic Movies
3558,new_user,4,1,2,0.15555555555555556,2,0,2.0,0.5233274083808024,10,Stand-Up Comedy
3559,churning_user,423,7,54,4.2,12,12,1.0,0.3032995955727161,7,TV Dramas
3560,churning_user,176,0,59,4.588888888888889,8,20,0.4,0.29259843580734,4,Thrillers
3561,weekend_watcher,720,1,96,7.466666666666667,39,28,1.3928571428571428,0.7078273444904556,4,Kids' TV
3562,churning_user,407,9,58,4.511111111111111,5,21,0.23809523809523808,0.31283029375783894,6,Thrillers
3563,new_user,12,0,6,0.4666666666666667,6,0,2.0,0.45897689377224865,13,TV Comedies
3564,power_binger,657,0,251,19.522222222222222,77,83,0.927710843373494,0.8512540371344502,7,Thrillers
3565,new_user,1,90,0,0.0,0,0,0.0,0.0,9,Comedies
3566,weekend_watcher,439,4,78,6.066666666666666,23,27,0.8518518518518519,0.7125143213374785,8,Kids' TV
3567,weekend_watcher,122,0,79,6.144444444444444,27,22,1.2272727272727273,0.7279127278533388,7,Children & Family Movies
3568,casual_viewer,656,0,81,6.3,26,27,0.9629629629629629,0.6145494401573578,7,Romantic Movies
3569,weekend_watcher,664,3,65,5.055555555555555,23,22,1.0454545454545454,0.6862493802938788,7,Stand-Up Comedy
3570,casual_viewer,427,0,88,6.844444444444444,15,27,0.5555555555555556,0.5889889712636278,4,Comedies
3571,weekend_watcher,349,0,75,5.833333333333333,23,25,0.92,0.7255903703167503,8,Children & Family Movies
3572,power_binger,417,0,261,20.3,86,97,0.8865979381443299,0.8580513447144911,9,TV Dramas
3573,casual_viewer,188,1,86,6.688888888888888,22,28,0.7857142857142857,0.6451441286871776,5,Comedies
3574,casual_viewer,538,0,92,7.155555555555555,24,37,0.6486486486486487,0.5908339501175818,7,Romantic Movies
3575,casual_viewer,522,1,88,6.844444444444444,20,27,0.7407407407407407,0.6072055911468159,8,Comedies
3576,casual_viewer,427,0,100,7.777777777777778,36,24,1.5,0.6070873345550788,3,Romantic Movies
3577,weekend_watcher,224,2,62,4.822222222222222,19,22,0.8636363636363636,0.6734681625614258,7,Stand-Up Comedy
3578,casual_viewer,396,0,79,6.144444444444444,28,19,1.4736842105263157,0.5799935200175147,7,Romantic Movies
3579,weekend_watcher,418,0,62,4.822222222222222,23,17,1.3529411764705883,0.6897079372543072,6,Stand-Up Comedy
3580,power_binger,647,0,244,18.977777777777778,80,80,1.0,0.8437755385358072,9,Thrillers
3581,weekend_watcher,644,3,77,5.988888888888889,23,22,1.0454545454545454,0.6838557917479663,8,Romantic Movies
3582,weekend_watcher,651,0,85,6.611111111111111,27,29,0.9310344827586207,0.7149506502485306,7,Stand-Up Comedy
3583,casual_viewer,98,1,110,8.555555555555555,34,41,0.8292682926829268,0.6077794313411323,7,Documentaries
3584,weekend_watcher,676,2,78,6.066666666666666,36,18,2.0,0.6553873183043288,7,Children & Family Movies
3585,new_user,28,1,18,1.4,18,0,2.0,0.5746186347239912,11,Docuseries
3586,weekend_watcher,386,6,66,5.133333333333333,18,26,0.6923076923076923,0.7543973677118616,8,Romantic Movies
3587,casual_viewer,301,1,97,7.544444444444444,20,42,0.47619047619047616,0.5902866509523694,3,Documentaries
3588,casual_viewer,263,1,95,7.388888888888888,31,33,0.9393939393939394,0.5901259479592981,7,Romantic Movies
3589,weekend_watcher,279,0,86,6.688888888888888,30,27,1.1111111111111112,0.7089997756862576,8,Romantic Movies
3590,casual_viewer,463,1,79,6.144444444444444,24,29,0.8275862068965517,0.5986600542383402,4,Comedies
3591,weekend_watcher,389,0,77,5.988888888888889,26,30,0.8666666666666667,0.6695259867312225,8,Romantic Movies
3592,casual_viewer,109,0,101,7.855555555555555,28,34,0.8235294117647058,0.5988797142738366,3,Comedies
3593,weekend_watcher,630,0,96,7.466666666666667,29,42,0.6904761904761905,0.6881956925811403,4,Kids' TV
3594,power_binger,580,0,257,19.988888888888887,80,92,0.8695652173913043,0.8503276133271277,5,Crime TV Shows
3595,power_binger,662,0,293,22.788888888888888,94,112,0.8392857142857143,0.8441595738480735,8,Sci-Fi & Fantasy
3596,new_user,8,1,5,0.3888888888888889,5,0,2.0,0.4575212723449648,10,Horror Movies
3597,weekend_watcher,295,2,66,5.133333333333333,21,21,1.0,0.6669878654721774,7,Children & Family Movies
3598,weekend_watcher,115,0,92,7.155555555555555,29,30,0.9666666666666667,0.6906011151008415,5,Romantic Movies
3599,new_user,13,0,10,0.7777777777777778,10,0,2.0,0.4243749594157407,8,Romantic TV Shows
3600,casual_viewer,271,0,89,6.922222222222222,26,28,0.9285714285714286,0.6074293655105829,8,Comedies
3601,casual_viewer,217,1,87,6.766666666666667,25,25,1.0,0.6063286339065432,6,Comedies
3602,power_binger,716,0,262,20.377777777777776,92,89,1.0337078651685394,0.8357983723986381,6,Sci-Fi & Fantasy
3603,churning_user,100,0,46,3.5777777777777775,9,14,0.6428571428571429,0.3266849161995742,7,TV Dramas
3604,casual_viewer,266,1,94,7.311111111111111,25,32,0.78125,0.6175891766600492,4,Documentaries
3605,new_user,8,1,5,0.3888888888888889,5,0,2.0,0.4408717735853382,10,Horror Movies
3606,power_binger,628,0,272,21.155555555555555,90,91,0.989010989010989,0.8319749844533287,6,TV Dramas
3607,power_binger,271,0,240,18.666666666666664,94,68,1.3823529411764706,0.865283031066176,4,TV Dramas
3608,casual_viewer,312,4,92,7.155555555555555,25,31,0.8064516129032258,0.5989733625017997,7,Comedies
3609,power_binger,393,0,252,19.599999999999998,75,85,0.8823529411764706,0.8547766282546897,4,Sci-Fi & Fantasy
3610,casual_viewer,639,3,70,5.444444444444445,19,21,0.9047619047619048,0.6357568936176085,8,Documentaries
3611,churning_user,229,2,47,3.6555555555555554,8,12,0.6666666666666666,0.3169564539209165,5,Crime TV Shows
3612,casual_viewer,207,0,89,6.922222222222222,31,30,1.0333333333333334,0.5915040237809408,4,Documentaries
3613,churning_user,104,6,56,4.355555555555555,7,13,0.5384615384615384,0.32406156486989535,7,TV Dramas
3614,weekend_watcher,321,1,80,6.222222222222222,23,34,0.6764705882352942,0.7225777609344031,6,Romantic Movies
3615,churning_user,299,4,64,4.977777777777778,6,22,0.2727272727272727,0.26953508666871856,6,Crime TV Shows
3616,churning_user,90,7,66,5.133333333333333,8,15,0.5333333333333333,0.29627652558692014,5,Thrillers
3617,casual_viewer,256,2,88,6.844444444444444,22,39,0.5641025641025641,0.5973919437429238,8,Comedies
3618,power_binger,373,0,250,19.444444444444443,84,84,1.0,0.8538258922848725,8,Sci-Fi & Fantasy
3619,casual_viewer,286,0,88,6.844444444444444,28,36,0.7777777777777778,0.6004504493807921,3,Romantic Movies
3620,new_user,24,0,20,1.5555555555555556,20,0,2.0,0.5153855081164026,8,British TV Shows
3621,churning_user,461,14,65,5.055555555555555,6,21,0.2857142857142857,0.33343957017119363,6,Crime TV Shows
3622,casual_viewer,226,0,91,7.0777777777777775,26,33,0.7878787878787878,0.5818076659148618,8,Romantic Movies
3623,casual_viewer,104,1,109,8.477777777777778,35,34,1.0294117647058822,0.6289429794988078,4,Documentaries
3624,weekend_watcher,419,1,66,5.133333333333333,19,24,0.7916666666666666,0.7326283796137882,5,Stand-Up Comedy
3625,churning_user,98,1,50,3.888888888888889,7,16,0.4375,0.2957991407018672,3,TV Dramas
3626,churning_user,125,2,68,5.288888888888889,10,27,0.37037037037037035,0.27249821935641005,4,Thrillers
3627,weekend_watcher,271,0,62,4.822222222222222,22,16,1.375,0.7082480270662872,8,Kids' TV
3628,churning_user,96,7,56,4.355555555555555,8,14,0.5714285714285714,0.29773252392992094,4,Crime TV Shows
3629,churning_user,195,7,62,4.822222222222222,7,15,0.4666666666666667,0.32932147341906637,3,Crime TV Shows
3630,power_binger,609,0,255,19.833333333333332,77,88,0.875,0.8487691437052891,6,Sci-Fi & Fantasy
3631,power_binger,708,0,257,19.988888888888887,86,89,0.9662921348314607,0.8408835583058661,9,Crime TV Shows
3632,new_user,17,1,21,1.6333333333333333,21,0,2.0,0.4650082037533752,9,Romantic Movies
3633,churning_user,143,3,55,4.277777777777778,13,11,1.1818181818181819,0.3082488840421769,5,Thrillers
3634,casual_viewer,142,3,95,7.388888888888888,33,29,1.1379310344827587,0.5924053612002949,8,Romantic Movies
3635,churning_user,285,1,61,4.7444444444444445,11,12,0.9166666666666666,0.28612597030234316,3,Crime TV Shows
3636,power_binger,199,0,271,21.077777777777776,102,80,1.275,0.857895742064094,6,TV Dramas
3637,weekend_watcher,202,0,70,5.444444444444445,19,24,0.7916666666666666,0.6945139561048146,5,Stand-Up Comedy
3638,casual_viewer,555,0,107,8.322222222222221,34,32,1.0625,0.6149618774168245,6,Comedies
3639,weekend_watcher,342,1,58,4.511111111111111,18,17,1.0588235294117647,0.7402632853472789,8,Children & Family Movies
3640,churning_user,234,2,57,4.433333333333334,6,17,0.35294117647058826,0.2962714445425071,8,TV Dramas
3641,casual_viewer,413,1,95,7.388888888888888,28,36,0.7777777777777778,0.5954625846276282,3,Documentaries
3642,power_binger,447,0,246,19.133333333333333,81,85,0.9529411764705882,0.8513973516565111,4,Crime TV Shows
3643,weekend_watcher,403,0,77,5.988888888888889,30,25,1.2,0.6893016795066752,5,Kids' TV
3644,power_binger,532,0,224,17.42222222222222,68,86,0.7906976744186046,0.8556067270238844,5,TV Dramas
3645,power_binger,431,0,258,20.066666666666666,85,84,1.0119047619047619,0.8552998741986065,9,Sci-Fi & Fantasy
3646,weekend_watcher,154,0,87,6.766666666666667,29,33,0.8787878787878788,0.6981351061537212,9,Romantic Movies
3647,casual_viewer,644,0,91,7.0777777777777775,21,40,0.525,0.592726086605835,6,Romantic Movies
3648,casual_viewer,381,0,88,6.844444444444444,33,27,1.2222222222222223,0.6107454413761902,5,Documentaries
3649,casual_viewer,659,0,74,5.7555555555555555,22,28,0.7857142857142857,0.6104398531007034,4,Documentaries
3650,weekend_watcher,695,2,69,5.366666666666666,21,26,0.8076923076923077,0.6953976011673262,6,Romantic Movies
3651,casual_viewer,418,1,80,6.222222222222222,22,30,0.7333333333333333,0.5975141336136597,3,Documentaries
3652,casual_viewer,581,3,84,6.533333333333333,31,33,0.9393939393939394,0.5944110016003739,6,Romantic Movies
3653,casual_viewer,344,0,87,6.766666666666667,23,36,0.6388888888888888,0.6124411037455968,3,Romantic Movies
3654,casual_viewer,716,2,88,6.844444444444444,21,32,0.65625,0.5977245815184961,6,Comedies
3655,casual_viewer,207,1,90,7.0,30,37,0.8108108108108109,0.6200664281478144,8,Comedies
3656,power_binger,689,0,268,20.844444444444445,83,95,0.8736842105263158,0.8545191866996215,7,Sci-Fi & Fantasy
3657,power_binger,206,0,257,19.988888888888887,92,94,0.9787234042553191,0.8607348088246579,5,Thrillers
3658,casual_viewer,699,1,88,6.844444444444444,31,29,1.0689655172413792,0.6122413849274772,6,Romantic Movies
3659,weekend_watcher,143,0,82,6.377777777777777,34,26,1.3076923076923077,0.6876985571064695,4,Kids' TV
3660,power_binger,380,0,259,20.144444444444442,89,89,1.0,0.8386895079551022,7,Thrillers
3661,casual_viewer,691,0,102,7.933333333333333,32,33,0.9696969696969697,0.5826308593292401,5,Romantic Movies
3662,new_user,21,0,11,0.8555555555555555,11,0,2.0,0.6062513863278522,12,Comedies
3663,weekend_watcher,698,0,74,5.7555555555555555,23,22,1.0454545454545454,0.6756436085653553,9,Romantic Movies
3664,churning_user,166,0,62,4.822222222222222,6,20,0.3,0.33299117086844376,8,Thrillers
3665,casual_viewer,125,0,75,5.833333333333333,27,27,1.0,0.6005907610922576,6,Romantic Movies
3666,casual_viewer,689,2,76,5.9111111111111105,22,27,0.8148148148148148,0.6182418648002843,7,Comedies
3667,casual_viewer,358,0,94,7.311111111111111,27,36,0.75,0.5694666728652547,7,Documentaries
3668,power_binger,398,0,243,18.9,81,77,1.051948051948052,0.8423292954427807,8,TV Dramas
3669,casual_viewer,308,1,85,6.611111111111111,30,28,1.0714285714285714,0.5786342492461057,3,Comedies
3670,churning_user,424,1,61,4.7444444444444445,12,20,0.6,0.3244226493441877,3,Thrillers
3671,casual_viewer,678,0,94,7.311111111111111,27,29,0.9310344827586207,0.6331119182541451,4,Comedies
3672,churning_user,453,6,48,3.7333333333333334,11,10,1.1,0.28486766127252405,3,Crime TV Shows
3673,casual_viewer,520,0,100,7.777777777777778,29,33,0.8787878787878788,0.6135035079110795,3,Documentaries
3674,casual_viewer,568,0,91,7.0777777777777775,26,32,0.8125,0.5955321498180655,7,Comedies
3675,weekend_watcher,200,1,81,6.3,26,26,1.0,0.6989763624866313,9,Stand-Up Comedy
3676,weekend_watcher,415,0,75,5.833333333333333,27,24,1.125,0.6983293308059234,5,Children & Family Movies
3677,casual_viewer,442,0,74,5.7555555555555555,27,27,1.0,0.589345384749406,3,Documentaries
3678,churning_user,486,6,57,4.433333333333334,10,17,0.5882352941176471,0.3211614134266226,5,Thrillers
3679,casual_viewer,150,0,80,6.222222222222222,17,28,0.6071428571428571,0.6092804129568027,6,Comedies
3680,power_binger,578,0,272,21.155555555555555,96,92,1.0434782608695652,0.8441495235276841,4,Sci-Fi & Fantasy
3681,weekend_watcher,621,1,69,5.366666666666666,22,14,1.5714285714285714,0.7241084971742187,6,Stand-Up Comedy
3682,power_binger,729,0,242,18.822222222222223,88,80,1.1,0.8394592647950307,4,Crime TV Shows
3683,casual_viewer,401,1,82,6.377777777777777,17,26,0.6538461538461539,0.589929923243242,5,Documentaries
3684,casual_viewer,214,0,96,7.466666666666667,30,35,0.8571428571428571,0.6038921694746221,8,Comedies
3685,power_binger,617,1,274,21.31111111111111,80,101,0.7920792079207921,0.8369974572268934,5,TV Dramas
3686,power_binger,456,0,265,20.61111111111111,89,98,0.9081632653061225,0.8542626021193612,6,Thrillers
3687,casual_viewer,194,2,79,6.144444444444444,29,20,1.45,0.5942437138521751,8,Documentaries
3688,new_user,4,1,1,0.07777777777777778,1,0,2.0,0.3116030676349322,11,Horror Movies
3689,churning_user,482,13,40,3.111111111111111,5,15,0.3333333333333333,0.298305706669859,7,Crime TV Shows
3690,casual_viewer,175,0,82,6.377777777777777,25,25,1.0,0.604704897881503,6,Comedies
3691,power_binger,594,0,252,19.599999999999998,86,79,1.0886075949367089,0.8526622288164314,4,TV Dramas
3692,churning_user,354,6,56,4.355555555555555,7,21,0.3333333333333333,0.30254955208939255,7,Thrillers
3693,power_binger,628,0,251,19.522222222222222,87,86,1.0116279069767442,0.847355307054821,5,Thrillers
3694,churning_user,349,2,53,4.122222222222222,8,12,0.6666666666666666,0.2937542406581341,6,Crime TV Shows
3695,weekend_watcher,693,0,66,5.133333333333333,21,23,0.9130434782608695,0.678837149744416,8,Romantic Movies
3696,casual_viewer,419,0,103,8.011111111111111,40,31,1.2903225806451613,0.5787710871757397,4,Documentaries
3697,casual_viewer,95,1,95,7.388888888888888,26,35,0.7428571428571429,0.5972628815789769,5,Romantic Movies
3698,power_binger,685,0,269,20.92222222222222,91,97,0.9381443298969072,0.8473880905057097,4,TV Dramas
3699,power_binger,411,0,259,20.144444444444442,90,87,1.0344827586206897,0.8549202300772871,7,TV Dramas
3700,casual_viewer,700,0,101,7.855555555555555,30,34,0.8823529411764706,0.604497410706838,8,Comedies
3701,weekend_watcher,193,0,77,5.988888888888889,19,34,0.5588235294117647,0.6844131697555068,9,Children & Family Movies
3702,casual_viewer,97,3,78,6.066666666666666,21,29,0.7241379310344828,0.5761383754263248,4,Romantic Movies
3703,churning_user,477,5,70,5.444444444444445,11,19,0.5789473684210527,0.33462222712987866,7,Crime TV Shows
3704,churning_user,238,2,58,4.511111111111111,8,17,0.47058823529411764,0.2636975409429002,5,TV Dramas
3705,power_binger,294,0,265,20.61111111111111,102,87,1.1724137931034482,0.853946574218157,5,TV Dramas
3706,power_binger,348,0,243,18.9,79,77,1.025974025974026,0.8437209519488533,4,Sci-Fi & Fantasy
3707,casual_viewer,98,0,95,7.388888888888888,38,26,1.4615384615384615,0.6385182167187654,4,Comedies
3708,churning_user,391,6,52,4.044444444444444,4,21,0.19047619047619047,0.2673823599773825,4,TV Dramas
3709,casual_viewer,247,1,85,6.611111111111111,29,29,1.0,0.5933840645415346,8,Documentaries
3710,weekend_watcher,658,0,78,6.066666666666666,24,26,0.9230769230769231,0.6970515794215665,7,Children & Family Movies
3711,weekend_watcher,353,1,78,6.066666666666666,26,27,0.9629629629629629,0.7114292508925749,5,Children & Family Movies
3712,weekend_watcher,511,2,82,6.377777777777777,25,32,0.78125,0.7158086714409264,7,Children & Family Movies
3713,new_user,10,0,10,0.7777777777777778,10,0,2.0,0.3915928138600391,11,Romantic TV Shows
3714,weekend_watcher,483,1,97,7.544444444444444,29,37,0.7837837837837838,0.7095236149679288,7,Stand-Up Comedy
3715,weekend_watcher,673,0,86,6.688888888888888,20,36,0.5555555555555556,0.6979858051747302,8,Stand-Up Comedy
3716,weekend_watcher,378,3,63,4.8999999999999995,15,20,0.75,0.7005344189530001,8,Stand-Up Comedy
3717,weekend_watcher,283,1,89,6.922222222222222,33,30,1.1,0.6848888065315137,6,Romantic Movies
3718,weekend_watcher,235,0,111,8.633333333333333,42,33,1.2727272727272727,0.7183324426537175,9,Kids' TV
3719,new_user,27,0,21,1.6333333333333333,21,0,2.0,0.42503896905379585,12,TV Dramas
3720,casual_viewer,463,0,89,6.922222222222222,32,28,1.1428571428571428,0.6276177864423245,7,Documentaries
3721,churning_user,251,13,65,5.055555555555555,8,21,0.38095238095238093,0.288057968187928,8,Thrillers
3722,churning_user,352,1,63,4.8999999999999995,6,22,0.2727272727272727,0.3011573288806522,6,Crime TV Shows
3723,weekend_watcher,143,1,73,5.677777777777777,23,23,1.0,0.6623302671959771,8,Romantic Movies
3724,casual_viewer,463,3,102,7.933333333333333,28,39,0.717948717948718,0.5686512572912686,6,Documentaries
3725,weekend_watcher,617,0,88,6.844444444444444,29,29,1.0,0.7085786448315148,6,Stand-Up Comedy
3726,weekend_watcher,354,2,91,7.0777777777777775,30,33,0.9090909090909091,0.6691865958282728,8,Romantic Movies
3727,new_user,19,0,12,0.9333333333333333,12,0,2.0,0.5551281202039094,13,Documentaries
3728,casual_viewer,554,0,89,6.922222222222222,34,26,1.3076923076923077,0.5863851703957091,5,Romantic Movies
3729,weekend_watcher,423,1,73,5.677777777777777,23,20,1.15,0.7337485613649836,5,Children & Family Movies
3730,weekend_watcher,429,0,79,6.144444444444444,23,24,0.9583333333333334,0.6716844707568614,5,Children & Family Movies
3731,new_user,28,2,16,1.2444444444444445,16,0,2.0,0.6148757180735576,13,Docuseries
3732,new_user,8,90,0,0.0,0,0,0.0,0.0,15,Music & Musicals
3733,churning_user,301,2,62,4.822222222222222,12,11,1.0909090909090908,0.2651843796755982,7,Crime TV Shows
3734,churning_user,189,7,64,4.977777777777778,8,16,0.5,0.3131686117999873,5,TV Dramas
3735,power_binger,293,0,270,21.0,79,102,0.7745098039215687,0.8394100522396702,8,Sci-Fi & Fantasy
3736,new_user,2,0,2,0.15555555555555556,2,0,2.0,0.629531373323623,8,British TV Shows
3737,casual_viewer,666,4,88,6.844444444444444,21,36,0.5833333333333334,0.5870195531197983,8,Comedies
3738,weekend_watcher,404,0,68,5.288888888888889,25,9,2.7777777777777777,0.6937495989461222,7,Stand-Up Comedy
3739,weekend_watcher,362,1,70,5.444444444444445,23,28,0.8214285714285714,0.6976768450842981,7,Stand-Up Comedy
3740,casual_viewer,648,2,97,7.544444444444444,30,38,0.7894736842105263,0.587375788636674,3,Documentaries
3741,casual_viewer,574,1,107,8.322222222222221,30,42,0.7142857142857143,0.5972407256418722,6,Comedies
3742,power_binger,585,1,270,21.0,82,105,0.780952380952381,0.8414399197487691,6,TV Dramas
3743,weekend_watcher,468,0,77,5.988888888888889,23,28,0.8214285714285714,0.6709174294971909,4,Children & Family Movies
3744,churning_user,74,0,41,3.1888888888888887,10,23,0.43478260869565216,0.23385402775433142,8,Crime TV Shows
3745,power_binger,366,0,255,19.833333333333332,96,85,1.1294117647058823,0.8544177991559262,6,Crime TV Shows
3746,weekend_watcher,231,1,72,5.6,16,24,0.6666666666666666,0.7282630971004492,8,Romantic Movies
3747,casual_viewer,711,0,104,8.088888888888889,32,34,0.9411764705882353,0.6280884932568406,5,Documentaries
3748,weekend_watcher,706,0,84,6.533333333333333,30,28,1.0714285714285714,0.6884772263615611,7,Children & Family Movies
3749,casual_viewer,248,0,88,6.844444444444444,33,28,1.1785714285714286,0.6121312634922135,3,Documentaries
3750,casual_viewer,608,0,95,7.388888888888888,31,30,1.0333333333333334,0.6240522775711643,5,Comedies
3751,power_binger,458,0,264,20.53333333333333,89,80,1.1125,0.8561063303542936,7,Crime TV Shows
3752,churning_user,470,6,56,4.355555555555555,10,15,0.6666666666666666,0.3315011592806192,3,Thrillers
3753,casual_viewer,305,1,97,7.544444444444444,22,33,0.6666666666666666,0.625808624892044,5,Comedies
3754,weekend_watcher,166,0,78,6.066666666666666,26,25,1.04,0.7101809974743277,5,Stand-Up Comedy
3755,casual_viewer,430,0,98,7.622222222222222,26,36,0.7222222222222222,0.5978069579731956,3,Comedies
3756,casual_viewer,225,1,79,6.144444444444444,16,42,0.38095238095238093,0.5994932810245935,6,Documentaries
3757,casual_viewer,218,1,109,8.477777777777778,24,45,0.5333333333333333,0.6192874257698588,3,Comedies
3758,casual_viewer,611,1,88,6.844444444444444,34,17,2.0,0.594964795493444,4,Comedies
3759,new_user,20,0,15,1.1666666666666665,15,0,2.0,0.5339608922156014,12,Music & Musicals
3760,power_binger,342,0,238,18.51111111111111,79,92,0.8586956521739131,0.8592627073275403,9,TV Dramas
3761,new_user,13,0,10,0.7777777777777778,10,0,2.0,0.7061091663381078,11,Children & Family Movies
3762,casual_viewer,324,0,106,8.244444444444444,33,31,1.064516129032258,0.6238791539713506,3,Romantic Movies
3763,power_binger,517,0,247,19.21111111111111,88,81,1.0864197530864197,0.851976615021917,4,Sci-Fi & Fantasy
3764,casual_viewer,437,6,76,5.9111111111111105,19,28,0.6785714285714286,0.6213353600028778,7,Romantic Movies
3765,power_binger,517,1,249,19.366666666666667,89,75,1.1866666666666668,0.8479066458557782,5,TV Dramas
3766,weekend_watcher,282,0,82,6.377777777777777,26,25,1.04,0.7072636879642786,8,Children & Family Movies
3767,churning_user,242,2,55,4.277777777777778,11,19,0.5789473684210527,0.2582115622525382,3,Crime TV Shows
3768,casual_viewer,335,0,91,7.0777777777777775,25,40,0.625,0.5944292098577941,8,Romantic Movies
3769,churning_user,247,5,61,4.7444444444444445,6,16,0.375,0.2637239431688091,7,TV Dramas
3770,churning_user,66,4,47,3.6555555555555554,7,32,0.21875,0.28748990961724125,8,TV Dramas
3771,new_user,1,0,1,0.07777777777777778,1,0,2.0,0.15261563493898497,11,British TV Shows
3772,new_user,16,0,13,1.011111111111111,13,0,2.0,0.4848077977578327,11,Music & Musicals
3773,churning_user,254,0,57,4.433333333333334,10,16,0.625,0.32295927998501045,7,Thrillers
3774,weekend_watcher,217,1,86,6.688888888888888,28,31,0.9032258064516129,0.7148261435017038,6,Romantic Movies
3775,weekend_watcher,463,0,73,5.677777777777777,20,29,0.6896551724137931,0.7133222309960957,6,Stand-Up Comedy
3776,casual_viewer,227,1,98,7.622222222222222,25,31,0.8064516129032258,0.5820557276330491,4,Documentaries
3777,weekend_watcher,635,0,82,6.377777777777777,30,25,1.2,0.6912325622999652,4,Kids' TV
3778,power_binger,376,0,242,18.822222222222223,67,90,0.7444444444444445,0.8555130855466865,7,TV Dramas
3779,weekend_watcher,667,0,81,6.3,27,29,0.9310344827586207,0.6823742258127473,9,Stand-Up Comedy
3780,new_user,19,0,13,1.011111111111111,13,0,2.0,0.48725965882983857,8,Comedies
3781,power_binger,394,0,238,18.51111111111111,79,76,1.0394736842105263,0.847441806147567,6,Thrillers
3782,weekend_watcher,460,0,78,6.066666666666666,20,26,0.7692307692307693,0.6889364745020213,8,Kids' TV
3783,new_user,20,0,14,1.0888888888888888,14,0,2.0,0.46300867954621205,12,Comedies
3784,casual_viewer,518,0,96,7.466666666666667,37,30,1.2333333333333334,0.5940289943362322,5,Romantic Movies
3785,churning_user,162,0,58,4.511111111111111,6,14,0.42857142857142855,0.3098446314030163,8,TV Dramas
3786,new_user,3,90,0,0.0,0,0,0.0,0.0,9,Comedies
3787,new_user,19,2,9,0.7,9,0,2.0,0.5200576689688373,15,Romantic TV Shows
3788,power_binger,692,0,228,17.733333333333334,79,73,1.082191780821918,0.8536645847958463,7,Crime TV Shows
3789,casual_viewer,362,2,80,6.222222222222222,23,35,0.6571428571428571,0.5893581561351988,4,Romantic Movies
3790,churning_user,417,9,48,3.7333333333333334,7,16,0.4375,0.24260998672433223,5,Crime TV Shows
3791,casual_viewer,385,4,94,7.311111111111111,20,30,0.6666666666666666,0.6251595128386039,4,Romantic Movies
3792,casual_viewer,151,3,79,6.144444444444444,22,28,0.7857142857142857,0.6171746033909293,7,Romantic Movies
3793,power_binger,285,0,253,19.677777777777777,88,87,1.0114942528735633,0.843369981336093,9,TV Dramas
3794,power_binger,662,1,256,19.91111111111111,69,87,0.7931034482758621,0.8506831091087225,8,Thrillers
3795,churning_user,428,8,54,4.2,7,19,0.3684210526315789,0.31244284859702787,5,TV Dramas
3796,churning_user,195,17,61,4.7444444444444445,5,21,0.23809523809523808,0.31222751620695915,5,TV Dramas
3797,churning_user,275,10,60,4.666666666666666,12,20,0.6,0.33565311347467053,5,Thrillers
3798,weekend_watcher,258,0,78,6.066666666666666,27,30,0.9,0.7129708844774079,6,Kids' TV
3799,casual_viewer,590,0,80,6.222222222222222,19,32,0.59375,0.5930353174264129,3,Documentaries
3800,casual_viewer,267,0,75,5.833333333333333,23,24,0.9583333333333334,0.6032477182808902,3,Romantic Movies
3801,power_binger,555,0,236,18.355555555555554,86,75,1.1466666666666667,0.8589014728642937,7,Sci-Fi & Fantasy
3802,casual_viewer,205,0,99,7.699999999999999,37,20,1.85,0.6454232682884078,6,Documentaries
3803,casual_viewer,293,3,84,6.533333333333333,20,33,0.6060606060606061,0.5893892769624977,3,Documentaries
3804,power_binger,482,0,222,17.266666666666666,85,73,1.1643835616438356,0.8534357051397535,6,Thrillers
3805,power_binger,461,0,271,21.077777777777776,99,89,1.1123595505617978,0.8508954663567068,7,TV Dramas
3806,power_binger,242,0,235,18.27777777777778,80,69,1.1594202898550725,0.8441960045120274,8,Thrillers
3807,churning_user,443,2,51,3.9666666666666663,7,16,0.4375,0.33302496902542544,3,Crime TV Shows
3808,churning_user,304,3,67,5.211111111111111,14,16,0.875,0.26327474178710897,7,Thrillers
3809,new_user,19,2,16,1.2444444444444445,16,0,2.0,0.5253283145743426,11,International Movies
3810,weekend_watcher,225,0,79,6.144444444444444,29,27,1.0740740740740742,0.6898821272835559,4,Romantic Movies
3811,churning_user,329,2,58,4.511111111111111,7,21,0.3333333333333333,0.3282514079492089,6,Thrillers
3812,power_binger,484,0,261,20.3,78,77,1.0129870129870129,0.8485825842843641,7,Crime TV Shows
3813,churning_user,326,7,47,3.6555555555555554,11,11,1.0,0.35484997219220343,6,Thrillers
3814,power_binger,427,0,278,21.62222222222222,100,92,1.0869565217391304,0.8496653668828081,8,Thrillers
3815,casual_viewer,366,0,117,9.1,27,41,0.6585365853658537,0.6150603246057125,3,Comedies
3816,casual_viewer,688,0,82,6.377777777777777,28,28,1.0,0.6403718585418102,4,Documentaries
3817,casual_viewer,691,1,93,7.233333333333333,32,30,1.0666666666666667,0.6010491246167347,3,Romantic Movies
3818,casual_viewer,545,0,93,7.233333333333333,26,25,1.04,0.5779015998815281,8,Romantic Movies
3819,churning_user,484,0,59,4.588888888888889,10,16,0.625,0.3031405154326078,4,TV Dramas
3820,weekend_watcher,129,0,82,6.377777777777777,36,30,1.2,0.6971862858624956,8,Stand-Up Comedy
3821,weekend_watcher,725,1,86,6.688888888888888,26,31,0.8387096774193549,0.7166956574447788,4,Stand-Up Comedy
3822,churning_user,385,1,54,4.2,10,15,0.6666666666666666,0.27833436914485915,6,Crime TV Shows
3823,churning_user,306,1,70,5.444444444444445,12,17,0.7058823529411765,0.2972067316099135,3,TV Dramas
3824,power_binger,354,0,256,19.91111111111111,88,89,0.9887640449438202,0.8600496761523735,7,Crime TV Shows
3825,weekend_watcher,104,0,72,5.6,22,31,0.7096774193548387,0.7192326171833392,6,Children & Family Movies
3826,churning_user,417,0,66,5.133333333333333,7,19,0.3684210526315789,0.3110139072810991,6,TV Dramas
3827,casual_viewer,165,2,111,8.633333333333333,33,35,0.9428571428571428,0.5881693729034743,8,Romantic Movies
3828,casual_viewer,420,1,75,5.833333333333333,22,33,0.6666666666666666,0.5976657544097531,6,Comedies
3829,new_user,22,1,13,1.011111111111111,13,0,2.0,0.3718478119525186,9,British TV Shows
3830,churning_user,296,12,64,4.977777777777778,9,21,0.42857142857142855,0.33746941433857175,7,Thrillers
3831,casual_viewer,195,0,103,8.011111111111111,30,39,0.7692307692307693,0.5779469612859793,3,Documentaries
3832,churning_user,358,0,67,5.211111111111111,11,19,0.5789473684210527,0.23853427806264693,5,Crime TV Shows
3833,casual_viewer,355,0,90,7.0,30,29,1.0344827586206897,0.5806135432822939,4,Documentaries
3834,casual_viewer,143,2,89,6.922222222222222,28,28,1.0,0.623068469362155,3,Romantic Movies
3835,casual_viewer,315,0,93,7.233333333333333,20,37,0.5405405405405406,0.6229750940911173,7,Romantic Movies
3836,casual_viewer,403,0,91,7.0777777777777775,26,29,0.896551724137931,0.5834764323254688,5,Romantic Movies
3837,churning_user,220,2,74,5.7555555555555555,9,22,0.4090909090909091,0.29423991776635516,8,Thrillers
3838,power_binger,623,0,240,18.666666666666664,91,74,1.2297297297297298,0.8582722416880907,4,Crime TV Shows
3839,weekend_watcher,439,2,67,5.211111111111111,17,25,0.68,0.7149061829658447,7,Children & Family Movies
3840,casual_viewer,397,3,106,8.244444444444444,28,31,0.9032258064516129,0.6379001273508025,3,Romantic Movies
3841,churning_user,417,3,55,4.277777777777778,9,17,0.5294117647058824,0.331047323422346,5,Thrillers
3842,churning_user,471,0,71,5.522222222222222,10,21,0.47619047619047616,0.3047586428664264,5,Crime TV Shows
3843,churning_user,406,4,63,4.8999999999999995,7,14,0.5,0.3028504308442612,5,TV Dramas
3844,churning_user,79,0,49,3.811111111111111,10,23,0.43478260869565216,0.3297798707926146,5,Thrillers
3845,new_user,19,1,17,1.3222222222222222,17,0,2.0,0.41362625513103635,11,International TV Shows
3846,churning_user,352,5,47,3.6555555555555554,7,12,0.5833333333333334,0.3033358810735327,4,Crime TV Shows
3847,weekend_watcher,202,0,80,6.222222222222222,23,27,0.8518518518518519,0.6917290024427911,8,Stand-Up Comedy
3848,weekend_watcher,491,1,73,5.677777777777777,24,24,1.0,0.7357827576725484,6,Stand-Up Comedy
3849,casual_viewer,704,0,104,8.088888888888889,30,33,0.9090909090909091,0.5911595291213108,3,Romantic Movies
3850,casual_viewer,184,0,99,7.699999999999999,28,36,0.7777777777777778,0.5765008514791301,4,Comedies
3851,casual_viewer,560,0,101,7.855555555555555,37,32,1.15625,0.6061495299407633,7,Comedies
3852,casual_viewer,555,1,83,6.455555555555556,24,25,0.96,0.5864327412420733,6,Romantic Movies
3853,casual_viewer,300,1,97,7.544444444444444,28,33,0.8484848484848485,0.6034848042928884,8,Romantic Movies
3854,casual_viewer,559,0,81,6.3,21,32,0.65625,0.6057893092581559,3,Romantic Movies
3855,churning_user,492,21,54,4.2,4,17,0.23529411764705882,0.2968936739437319,8,Thrillers
3856,casual_viewer,196,0,99,7.699999999999999,24,43,0.5581395348837209,0.5993652604924787,5,Romantic Movies
3857,weekend_watcher,123,0,82,6.377777777777777,28,28,1.0,0.6565926367007776,8,Kids' TV
3858,casual_viewer,622,0,93,7.233333333333333,36,30,1.2,0.5776973386789244,4,Documentaries
3859,weekend_watcher,604,0,77,5.988888888888889,25,28,0.8928571428571429,0.714752348331823,6,Children & Family Movies
3860,power_binger,364,0,274,21.31111111111111,80,100,0.8,0.8582993969879756,4,Crime TV Shows
3861,casual_viewer,680,0,84,6.533333333333333,27,30,0.9,0.5855722345620402,4,Romantic Movies
3862,power_binger,596,0,262,20.377777777777776,93,86,1.0813953488372092,0.8592693438415234,8,TV Dramas
3863,churning_user,256,2,58,4.511111111111111,7,21,0.3333333333333333,0.2997984956070068,4,TV Dramas
3864,casual_viewer,730,1,97,7.544444444444444,33,34,0.9705882352941176,0.6302220618098615,3,Romantic Movies
3865,new_user,17,0,11,0.8555555555555555,11,0,2.0,0.49411612248490927,10,Comedies
3866,casual_viewer,652,0,88,6.844444444444444,23,33,0.696969696969697,0.6012476464081439,6,Romantic Movies
3867,churning_user,378,5,67,5.211111111111111,11,20,0.55,0.31751455457155064,6,Crime TV Shows
3868,casual_viewer,574,1,90,7.0,25,31,0.8064516129032258,0.6019937390706936,4,Romantic Movies
3869,churning_user,206,5,64,4.977777777777778,6,15,0.4,0.3010095695775417,4,TV Dramas
3870,casual_viewer,306,3,76,5.9111111111111105,22,23,0.9565217391304348,0.6062687595737323,7,Documentaries
3871,casual_viewer,308,0,96,7.466666666666667,24,33,0.7272727272727273,0.5688908932626393,5,Comedies
3872,casual_viewer,576,1,91,7.0777777777777775,30,30,1.0,0.6222831528506938,4,Comedies
3873,power_binger,557,0,269,20.92222222222222,96,92,1.0434782608695652,0.8448715131564584,6,Sci-Fi & Fantasy
3874,power_binger,590,0,276,21.466666666666665,102,92,1.108695652173913,0.8495080842803553,5,Crime TV Shows
3875,new_user,1,0,1,0.07777777777777778,1,0,2.0,0.841068139019511,14,Romantic Movies
3876,casual_viewer,724,0,76,5.9111111111111105,24,22,1.0909090909090908,0.5685675323795735,8,Documentaries
3877,power_binger,326,0,253,19.677777777777777,85,74,1.1486486486486487,0.8568066213177571,6,TV Dramas
3878,new_user,19,3,11,0.8555555555555555,11,0,2.0,0.33457917356586936,11,Comedies
3879,power_binger,243,0,262,20.377777777777776,94,86,1.0930232558139534,0.8397696841138087,8,Crime TV Shows
3880,casual_viewer,143,0,76,5.9111111111111105,26,29,0.896551724137931,0.6203366526786258,4,Documentaries
3881,weekend_watcher,309,0,68,5.288888888888889,22,17,1.2941176470588236,0.6913096107527364,8,Romantic Movies
3882,new_user,22,0,11,0.8555555555555555,11,0,2.0,0.4732318082791407,9,Kids' TV
3883,weekend_watcher,124,0,68,5.288888888888889,24,17,1.411764705882353,0.674099306926266,4,Kids' TV
3884,casual_viewer,460,1,90,7.0,29,25,1.16,0.5591831796196689,3,Comedies
3885,new_user,2,1,1,0.07777777777777778,1,0,2.0,0.8386182486335996,8,Docuseries
3886,power_binger,365,0,230,17.88888888888889,85,70,1.2142857142857142,0.8527014473127005,6,TV Dramas
3887,new_user,5,1,3,0.23333333333333334,3,0,2.0,0.2993077593378966,9,Romantic TV Shows
3888,weekend_watcher,704,1,81,6.3,29,29,1.0,0.6916285077012064,6,Kids' TV
3889,new_user,12,2,7,0.5444444444444444,7,0,2.0,0.517635239995314,10,Romantic TV Shows
3890,casual_viewer,352,2,96,7.466666666666667,30,37,0.8108108108108109,0.6076858387506962,8,Documentaries
3891,power_binger,680,0,256,19.91111111111111,83,85,0.9764705882352941,0.8557092256053496,6,Thrillers
3892,churning_user,433,2,68,5.288888888888889,7,13,0.5384615384615384,0.30561816940236647,6,Thrillers
3893,churning_user,382,12,52,4.044444444444444,3,10,0.3,0.31599183521791996,6,TV Dramas
3894,churning_user,375,0,68,5.288888888888889,11,21,0.5238095238095238,0.31721069870483637,7,TV Dramas
3895,new_user,14,0,13,1.011111111111111,13,0,2.0,0.5452880386959923,11,Independent Movies
3896,churning_user,281,2,53,4.122222222222222,6,16,0.375,0.315609532430474,5,Crime TV Shows
3897,casual_viewer,561,0,97,7.544444444444444,32,37,0.8648648648648649,0.6225371057934038,3,Documentaries
3898,casual_viewer,540,1,110,8.555555555555555,35,38,0.9210526315789473,0.6015317896512424,4,Documentaries
3899,power_binger,641,0,246,19.133333333333333,81,89,0.9101123595505618,0.8485418019410503,8,Sci-Fi & Fantasy
3900,power_binger,670,0,247,19.21111111111111,85,81,1.0493827160493827,0.8588729972350982,8,Thrillers
3901,power_binger,280,0,292,22.71111111111111,90,101,0.8910891089108911,0.8416827721337439,7,TV Dramas
3902,weekend_watcher,679,2,76,5.9111111111111105,29,29,1.0,0.7109856151605042,5,Children & Family Movies
3903,weekend_watcher,502,0,98,7.622222222222222,33,25,1.32,0.6888299972624048,6,Children & Family Movies
3904,churning_user,462,6,60,4.666666666666666,9,19,0.47368421052631576,0.2787257395610825,7,Thrillers
3905,casual_viewer,682,0,96,7.466666666666667,42,21,2.0,0.5812596448415207,5,Documentaries
3906,churning_user,497,7,54,4.2,5,19,0.2631578947368421,0.30823439763362825,3,Crime TV Shows
3907,weekend_watcher,202,0,81,6.3,26,24,1.0833333333333333,0.7209542533319118,7,Romantic Movies
3908,weekend_watcher,129,3,69,5.366666666666666,23,23,1.0,0.7167535279522443,9,Kids' TV
3909,churning_user,295,21,52,4.044444444444444,5,16,0.3125,0.30200167079211293,3,TV Dramas
3910,weekend_watcher,286,2,84,6.533333333333333,33,23,1.434782608695652,0.6778134275600658,8,Kids' TV
3911,churning_user,366,4,64,4.977777777777778,14,13,1.0769230769230769,0.2874417062232646,6,Thrillers
3912,casual_viewer,389,2,84,6.533333333333333,25,27,0.9259259259259259,0.5912117423099458,5,Documentaries
3913,weekend_watcher,493,0,74,5.7555555555555555,21,28,0.75,0.66504848738754,4,Stand-Up Comedy
3914,casual_viewer,722,2,87,6.766666666666667,33,25,1.32,0.6236174638083691,3,Romantic Movies
3915,casual_viewer,707,1,85,6.611111111111111,29,28,1.0357142857142858,0.5641871175822866,5,Documentaries
3916,casual_viewer,623,2,91,7.0777777777777775,25,28,0.8928571428571429,0.559290807492688,3,Romantic Movies
3917,churning_user,266,0,46,3.5777777777777775,6,16,0.375,0.27197573181296747,8,Crime TV Shows
3918,churning_user,287,6,65,5.055555555555555,6,23,0.2608695652173913,0.26798835627977297,7,TV Dramas
3919,churning_user,221,5,44,3.422222222222222,5,10,0.5,0.3328830531722277,5,Crime TV Shows
3920,casual_viewer,333,0,78,6.066666666666666,24,27,0.8888888888888888,0.6074981850683041,3,Documentaries
3921,casual_viewer,171,1,97,7.544444444444444,22,37,0.5945945945945946,0.6230530363197228,5,Comedies
3922,weekend_watcher,130,1,57,4.433333333333334,17,21,0.8095238095238095,0.6858990636677362,5,Kids' TV
3923,casual_viewer,577,2,97,7.544444444444444,26,33,0.7878787878787878,0.586952960891573,6,Comedies
3924,new_user,7,0,7,0.5444444444444444,7,0,2.0,0.4853689420012316,8,Documentaries
3925,casual_viewer,574,3,87,6.766666666666667,21,32,0.65625,0.5918969312813355,7,Comedies
3926,churning_user,352,3,56,4.355555555555555,10,13,0.7692307692307693,0.2944972758138558,8,Thrillers
3927,churning_user,195,4,63,4.8999999999999995,6,18,0.3333333333333333,0.3312813092578337,3,TV Dramas
3928,weekend_watcher,536,2,63,4.8999999999999995,22,27,0.8148148148148148,0.6814679804085831,4,Stand-Up Comedy
3929,power_binger,597,0,266,20.688888888888886,86,79,1.0886075949367089,0.8407166605897226,7,TV Dramas
3930,new_user,14,3,8,0.6222222222222222,8,0,2.0,0.41728112405385015,14,Stand-Up Comedy
3931,churning_user,259,2,48,3.7333333333333334,7,12,0.5833333333333334,0.2861266566131397,6,Crime TV Shows
3932,churning_user,279,6,70,5.444444444444445,11,19,0.5789473684210527,0.3422898122479336,8,TV Dramas
3933,churning_user,116,14,64,4.977777777777778,8,22,0.36363636363636365,0.35068385867966567,7,Crime TV Shows
3934,power_binger,678,0,255,19.833333333333332,63,81,0.7777777777777778,0.8515831889938765,5,Thrillers
3935,casual_viewer,472,1,87,6.766666666666667,26,29,0.896551724137931,0.6283964324872917,4,Comedies
3936,casual_viewer,445,1,96,7.466666666666667,34,29,1.1724137931034482,0.5844132196813036,7,Romantic Movies
3937,casual_viewer,657,1,111,8.633333333333333,31,38,0.8157894736842105,0.5934553386822266,5,Romantic Movies
3938,churning_user,182,4,56,4.355555555555555,10,18,0.5555555555555556,0.3369741773237452,4,Thrillers
3939,casual_viewer,477,0,93,7.233333333333333,29,26,1.1153846153846154,0.612971770234884,8,Comedies
3940,power_binger,275,1,248,19.288888888888888,78,82,0.9512195121951219,0.8444319597490993,8,Sci-Fi & Fantasy
3941,power_binger,341,0,285,22.166666666666664,99,91,1.0879120879120878,0.8616743395314568,5,Crime TV Shows
3942,power_binger,337,0,269,20.92222222222222,96,82,1.170731707317073,0.852132670448377,4,TV Dramas
3943,power_binger,361,1,271,21.077777777777776,88,106,0.8301886792452831,0.8464557839336853,6,Thrillers
3944,churning_user,274,2,72,5.6,9,27,0.3333333333333333,0.3217193692586325,8,TV Dramas
3945,power_binger,403,0,258,20.066666666666666,82,88,0.9318181818181818,0.8558250775771478,9,Thrillers
3946,weekend_watcher,266,0,80,6.222222222222222,30,21,1.4285714285714286,0.7134171052845388,4,Stand-Up Comedy
3947,casual_viewer,210,0,104,8.088888888888889,34,28,1.2142857142857142,0.5598838560536445,5,Documentaries
3948,power_binger,417,0,273,21.23333333333333,87,97,0.8969072164948454,0.8439603550692286,4,Sci-Fi & Fantasy
3949,weekend_watcher,361,0,65,5.055555555555555,21,20,1.05,0.6881849307666061,8,Romantic Movies
3950,casual_viewer,258,1,88,6.844444444444444,27,32,0.84375,0.6402689884748725,5,Romantic Movies
3951,casual_viewer,571,1,81,6.3,26,19,1.368421052631579,0.5783887658867226,7,Romantic Movies
3952,new_user,30,0,21,1.6333333333333333,21,0,2.0,0.4081530079294074,8,International Movies
3953,new_user,16,0,8,0.6222222222222222,8,0,2.0,0.44089825074012934,8,British TV Shows
3954,weekend_watcher,567,0,83,6.455555555555556,29,26,1.1153846153846154,0.6994765121987452,5,Children & Family Movies
3955,power_binger,437,0,243,18.9,79,86,0.9186046511627907,0.8557441629175047,8,Crime TV Shows
3956,churning_user,131,7,40,3.111111111111111,4,13,0.3076923076923077,0.35438199959239747,8,Crime TV Shows
3957,new_user,19,0,16,1.2444444444444445,16,0,2.0,0.41705209708872093,8,Stand-Up Comedy
3958,new_user,11,1,11,0.8555555555555555,11,0,2.0,0.6053287268341033,15,Romantic TV Shows
3959,power_binger,633,0,276,21.466666666666665,99,81,1.2222222222222223,0.8564084931658252,9,Crime TV Shows
3960,casual_viewer,254,3,91,7.0777777777777775,28,32,0.875,0.6071359333573165,5,Comedies
3961,casual_viewer,662,3,98,7.622222222222222,29,31,0.9354838709677419,0.5926562803731693,3,Romantic Movies
3962,power_binger,348,0,278,21.62222222222222,90,94,0.9574468085106383,0.8531408412521636,7,Sci-Fi & Fantasy
3963,churning_user,410,6,53,4.122222222222222,9,13,0.6923076923076923,0.3157617709858907,7,TV Dramas
3964,casual_viewer,144,0,75,5.833333333333333,29,25,1.16,0.5982667741835279,3,Documentaries
3965,casual_viewer,616,2,82,6.377777777777777,19,25,0.76,0.5993838059041775,3,Documentaries
3966,power_binger,291,0,248,19.288888888888888,82,84,0.9761904761904762,0.8597531573803417,5,TV Dramas
3967,casual_viewer,95,0,105,8.166666666666666,35,36,0.9722222222222222,0.6117000360932295,7,Comedies
3968,power_binger,525,0,268,20.844444444444445,84,85,0.9882352941176471,0.8462937912489,6,Thrillers
3969,casual_viewer,559,0,72,5.6,20,27,0.7407407407407407,0.6259805245115729,8,Romantic Movies
3970,power_binger,189,0,254,19.755555555555556,82,87,0.9425287356321839,0.8484809161931317,6,Crime TV Shows
3971,new_user,13,0,16,1.2444444444444445,16,0,2.0,0.5198048780855442,14,Romantic TV Shows
3972,power_binger,462,0,266,20.688888888888886,96,88,1.0909090909090908,0.8393004531148661,9,Crime TV Shows
3973,churning_user,313,7,64,4.977777777777778,9,12,0.75,0.3460653538672609,3,Thrillers
3974,power_binger,201,0,255,19.833333333333332,91,79,1.1518987341772151,0.842618841076547,8,TV Dramas
3975,power_binger,569,0,252,19.599999999999998,78,89,0.8764044943820225,0.8506892671987522,7,TV Dramas
3976,casual_viewer,537,0,89,6.922222222222222,23,30,0.7666666666666667,0.6385326417446506,7,Documentaries
3977,power_binger,400,0,268,20.844444444444445,74,99,0.7474747474747475,0.8510647238828445,5,Thrillers
3978,power_binger,720,1,265,20.61111111111111,101,84,1.2023809523809523,0.8532617627990337,7,Thrillers
3979,casual_viewer,311,1,96,7.466666666666667,36,28,1.2857142857142858,0.6254215501876409,8,Documentaries
3980,churning_user,320,0,57,4.433333333333334,9,16,0.5625,0.31838239768281457,8,Crime TV Shows
3981,power_binger,327,0,269,20.92222222222222,92,94,0.9787234042553191,0.8423531095111209,7,TV Dramas
3982,casual_viewer,484,0,83,6.455555555555556,27,25,1.08,0.5942164153053083,5,Romantic Movies
3983,churning_user,386,0,48,3.7333333333333334,8,13,0.6153846153846154,0.3045761980132263,5,TV Dramas
3984,casual_viewer,225,0,97,7.544444444444444,33,39,0.8461538461538461,0.5977189994444684,4,Romantic Movies
3985,casual_viewer,340,0,85,6.611111111111111,18,38,0.47368421052631576,0.6179084497471751,5,Comedies
3986,power_binger,697,0,251,19.522222222222222,70,110,0.6363636363636364,0.8484028244698814,7,Sci-Fi & Fantasy
3987,casual_viewer,438,0,94,7.311111111111111,24,29,0.8275862068965517,0.6297485455784824,8,Romantic Movies
3988,casual_viewer,716,0,97,7.544444444444444,31,35,0.8857142857142857,0.6036406826517389,8,Comedies
3989,new_user,14,0,11,0.8555555555555555,11,0,2.0,0.5855855718956074,10,Romantic Movies
3990,new_user,13,0,10,0.7777777777777778,10,0,2.0,0.4755128467836577,8,Dramas
3991,new_user,29,6,17,1.3222222222222222,17,0,2.0,0.6242414249281175,8,Docuseries
3992,casual_viewer,324,0,81,6.3,31,20,1.55,0.6130426037945383,6,Comedies
3993,power_binger,507,0,253,19.677777777777777,92,75,1.2266666666666666,0.849718036360409,7,Thrillers
3994,casual_viewer,126,0,104,8.088888888888889,27,38,0.7105263157894737,0.630458738354661,7,Comedies
3995,casual_viewer,108,0,105,8.166666666666666,31,37,0.8378378378378378,0.6261950749032951,4,Documentaries
3996,power_binger,612,0,267,20.766666666666666,80,93,0.8602150537634409,0.8497411839308504,4,Crime TV Shows
3997,power_binger,185,0,247,19.21111111111111,72,90,0.8,0.8480027375141754,7,TV Dramas
3998,casual_viewer,227,0,95,7.388888888888888,20,34,0.5882352941176471,0.5655020554988326,7,Comedies
3999,casual_viewer,663,1,89,6.922222222222222,26,25,1.04,0.6248973068722076,7,Romantic Movies
4000,power_binger,216,0,261,20.3,83,82,1.0121951219512195,0.8510814379431306,7,Thrillers
4001,weekend_watcher,527,1,92,7.155555555555555,32,27,1.1851851851851851,0.6984936069403487,5,Stand-Up Comedy
4002,casual_viewer,644,0,105,8.166666666666666,33,38,0.868421052631579,0.5747699275031766,3,Comedies
4003,weekend_watcher,327,1,79,6.144444444444444,23,27,0.8518518518518519,0.6923241225611141,9,Children & Family Movies
4004,casual_viewer,704,4,92,7.155555555555555,31,34,0.9117647058823529,0.5999860986352931,6,Comedies
4005,churning_user,189,0,67,5.211111111111111,18,15,1.2,0.33755999801040226,4,Thrillers
4006,power_binger,397,0,254,19.755555555555556,75,79,0.9493670886075949,0.8505412371987962,6,Thrillers
4007,casual_viewer,477,1,88,6.844444444444444,27,40,0.675,0.6055433313060791,6,Comedies
4008,power_binger,489,0,245,19.055555555555554,81,94,0.8617021276595744,0.8534216011172614,4,Thrillers
4009,power_binger,416,0,252,19.599999999999998,97,81,1.1975308641975309,0.851144436620998,6,Thrillers
4010,churning_user,151,0,58,4.511111111111111,10,18,0.5555555555555556,0.32074062100560025,8,TV Dramas
4011,casual_viewer,257,3,78,6.066666666666666,21,32,0.65625,0.6067640565273097,4,Comedies
4012,power_binger,551,0,253,19.677777777777777,83,85,0.9764705882352941,0.8463542915805159,7,Thrillers
4013,new_user,4,0,4,0.3111111111111111,4,0,2.0,0.47430445090110535,8,Kids' TV
4014,power_binger,220,0,267,20.766666666666666,82,103,0.7961165048543689,0.8389084580072963,6,Crime TV Shows
4015,churning_user,259,2,64,4.977777777777778,10,14,0.7142857142857143,0.24745938351844812,5,Crime TV Shows
4016,churning_user,229,1,72,5.6,10,22,0.45454545454545453,0.35233554437980286,4,Crime TV Shows
4017,casual_viewer,647,0,80,6.222222222222222,25,22,1.1363636363636365,0.5603755905442291,5,Romantic Movies
4018,casual_viewer,337,1,91,7.0777777777777775,25,30,0.8333333333333334,0.5920457349752002,3,Romantic Movies
4019,power_binger,623,0,253,19.677777777777777,75,90,0.8333333333333334,0.8532258230430108,9,Thrillers
4020,weekend_watcher,336,0,79,6.144444444444444,23,17,1.3529411764705883,0.697939738319312,6,Romantic Movies
4021,casual_viewer,628,1,92,7.155555555555555,39,25,1.56,0.6020887035568734,5,Romantic Movies
4022,power_binger,324,0,262,20.377777777777776,97,76,1.2763157894736843,0.8439503391325103,6,Sci-Fi & Fantasy
4023,casual_viewer,209,0,82,6.377777777777777,24,28,0.8571428571428571,0.60757772090698,7,Comedies
4024,new_user,1,0,2,0.15555555555555556,2,0,2.0,0.5497386324296856,14,Documentaries
4025,weekend_watcher,589,0,89,6.922222222222222,33,28,1.1785714285714286,0.6802034672716908,7,Romantic Movies
4026,new_user,2,0,1,0.07777777777777778,1,0,2.0,0.25011143940280745,10,Sports Movies
4027,churning_user,455,0,57,4.433333333333334,10,20,0.5,0.3076216743547401,4,Thrillers
4028,churning_user,150,10,55,4.277777777777778,5,12,0.4166666666666667,0.3133999538330498,8,TV Dramas
4029,casual_viewer,268,0,92,7.155555555555555,31,34,0.9117647058823529,0.5857937008617998,6,Comedies
4030,new_user,2,0,2,0.15555555555555556,2,0,2.0,0.8857754619950209,9,Romantic Movies
4031,churning_user,116,0,66,5.133333333333333,4,21,0.19047619047619047,0.2883277415048281,6,Crime TV Shows
4032,casual_viewer,613,3,93,7.233333333333333,28,33,0.8484848484848485,0.6040625877080815,6,Romantic Movies
4033,churning_user,111,7,57,4.433333333333334,10,10,1.0,0.37842684872699517,5,TV Dramas
4034,churning_user,386,11,58,4.511111111111111,7,15,0.4666666666666667,0.2657407044784048,4,TV Dramas
4035,power_binger,426,0,264,20.53333333333333,87,86,1.0116279069767442,0.848533858777395,9,Sci-Fi & Fantasy
4036,casual_viewer,691,1,92,7.155555555555555,28,32,0.875,0.5690753734541919,4,Documentaries
4037,casual_viewer,621,1,98,7.622222222222222,30,35,0.8571428571428571,0.5760485957417724,8,Comedies
4038,weekend_watcher,616,0,79,6.144444444444444,21,24,0.875,0.6922419990882829,9,Kids' TV
4039,casual_viewer,158,5,95,7.388888888888888,25,33,0.7575757575757576,0.6259866724366953,6,Comedies
4040,weekend_watcher,314,0,84,6.533333333333333,40,22,1.8181818181818181,0.6987379353161233,4,Romantic Movies
4041,casual_viewer,308,1,86,6.688888888888888,29,31,0.9354838709677419,0.5894956869426212,7,Romantic Movies
4042,weekend_watcher,430,0,79,6.144444444444444,22,31,0.7096774193548387,0.7007999833420349,5,Children & Family Movies
4043,power_binger,499,0,240,18.666666666666664,81,78,1.0384615384615385,0.8573265053691235,8,Thrillers
4044,new_user,30,1,19,1.4777777777777776,19,0,2.0,0.4352070724930789,13,Comedies
4045,casual_viewer,446,0,98,7.622222222222222,33,27,1.2222222222222223,0.5545795182704298,7,Documentaries
4046,casual_viewer,683,0,79,6.144444444444444,21,33,0.6363636363636364,0.6003497256713645,3,Comedies
4047,casual_viewer,271,1,89,6.922222222222222,23,31,0.7419354838709677,0.5965181026227809,6,Documentaries
4048,casual_viewer,101,0,87,6.766666666666667,34,28,1.2142857142857142,0.6234889294492983,8,Documentaries
4049,casual_viewer,151,1,104,8.088888888888889,28,36,0.7777777777777778,0.6256385776237188,3,Documentaries
4050,weekend_watcher,156,0,62,4.822222222222222,23,14,1.6428571428571428,0.6998550980402152,6,Stand-Up Comedy
4051,new_user,12,0,11,0.8555555555555555,11,0,2.0,0.5725535729260159,13,Music & Musicals
4052,churning_user,428,18,48,3.7333333333333334,4,14,0.2857142857142857,0.24376713080250012,3,TV Dramas
4053,churning_user,255,2,58,4.511111111111111,10,21,0.47619047619047616,0.3145609176097053,3,TV Dramas
4054,casual_viewer,448,1,69,5.366666666666666,21,22,0.9545454545454546,0.6015900257049538,8,Documentaries
4055,weekend_watcher,716,3,78,6.066666666666666,23,26,0.8846153846153846,0.6957204189302335,8,Romantic Movies
4056,weekend_watcher,366,0,81,6.3,25,26,0.9615384615384616,0.7029790643163853,6,Stand-Up Comedy
4057,casual_viewer,322,0,91,7.0777777777777775,27,32,0.84375,0.5818529442752083,3,Romantic Movies
4058,new_user,4,0,4,0.3111111111111111,4,0,2.0,0.2825450611826742,14,Romantic Movies
4059,casual_viewer,463,0,90,7.0,37,24,1.5416666666666667,0.5653274826445527,6,Comedies
4060,weekend_watcher,341,0,95,7.388888888888888,33,32,1.03125,0.7107395740400736,5,Romantic Movies
4061,new_user,12,5,4,0.3111111111111111,4,0,2.0,0.3968446147176138,13,Action & Adventure
4062,weekend_watcher,513,0,82,6.377777777777777,30,26,1.1538461538461537,0.7016229916467082,7,Kids' TV
4063,power_binger,247,0,260,20.22222222222222,84,105,0.8,0.8624444288824408,9,Crime TV Shows
4064,churning_user,461,3,67,5.211111111111111,13,18,0.7222222222222222,0.31908745847503317,5,Thrillers
4065,power_binger,665,0,256,19.91111111111111,85,78,1.0897435897435896,0.8483574938259579,9,Crime TV Shows
4066,weekend_watcher,113,0,89,6.922222222222222,25,29,0.8620689655172413,0.7029854149893514,9,Romantic Movies
4067,casual_viewer,196,0,88,6.844444444444444,25,30,0.8333333333333334,0.6185444543079869,7,Comedies
4068,churning_user,295,5,59,4.588888888888889,13,19,0.6842105263157895,0.3332638314796275,7,Crime TV Shows
4069,new_user,11,1,5,0.3888888888888889,5,0,2.0,0.5097804841381225,14,Documentaries
4070,power_binger,444,0,278,21.62222222222222,98,84,1.1666666666666667,0.857132902391406,4,TV Dramas
4071,casual_viewer,93,0,102,7.933333333333333,29,36,0.8055555555555556,0.607407694554064,6,Comedies
4072,churning_user,396,1,65,5.055555555555555,14,20,0.7,0.32087691613019703,5,Crime TV Shows
4073,casual_viewer,303,0,83,6.455555555555556,31,26,1.1923076923076923,0.5988551524138187,8,Documentaries
4074,power_binger,691,0,247,19.21111111111111,85,82,1.0365853658536586,0.8452323833693095,8,Sci-Fi & Fantasy
4075,power_binger,442,0,249,19.366666666666667,73,83,0.8795180722891566,0.8420941916313593,6,Sci-Fi & Fantasy
4076,casual_viewer,418,1,92,7.155555555555555,23,32,0.71875,0.5886367653458795,8,Documentaries
4077,churning_user,325,8,65,5.055555555555555,9,12,0.75,0.3028266082886253,7,Thrillers
4078,churning_user,210,20,55,4.277777777777778,7,15,0.4666666666666667,0.3219459178063425,4,Thrillers
4079,power_binger,547,0,250,19.444444444444443,85,75,1.1333333333333333,0.8416375542261442,6,Thrillers
4080,casual_viewer,677,1,88,6.844444444444444,24,36,0.6666666666666666,0.6025579815584162,5,Romantic Movies
4081,casual_viewer,663,0,85,6.611111111111111,23,32,0.71875,0.6044378169412543,5,Documentaries
4082,casual_viewer,589,0,90,7.0,28,27,1.037037037037037,0.6043378594465904,3,Documentaries
4083,weekend_watcher,684,0,95,7.388888888888888,32,39,0.8205128205128205,0.7083953795129926,8,Stand-Up Comedy
4084,casual_viewer,167,1,88,6.844444444444444,25,21,1.1904761904761905,0.5985788622734631,4,Romantic Movies
4085,churning_user,105,0,56,4.355555555555555,9,19,0.47368421052631576,0.3174276083017759,8,TV Dramas
4086,new_user,25,2,17,1.3222222222222222,17,0,2.0,0.36650895761852376,14,TV Comedies
4087,churning_user,332,0,64,4.977777777777778,8,21,0.38095238095238093,0.3247898063845083,3,TV Dramas
4088,churning_user,69,17,30,2.333333333333333,6,15,0.4,0.31869475989675544,4,Crime TV Shows
4089,power_binger,478,0,246,19.133333333333333,87,74,1.1756756756756757,0.846730311553021,7,TV Dramas
4090,power_binger,386,0,256,19.91111111111111,88,92,0.9565217391304348,0.8564496577550965,4,Thrillers
4091,power_binger,400,0,253,19.677777777777777,95,83,1.144578313253012,0.8521950147317339,8,Sci-Fi & Fantasy
4092,weekend_watcher,493,0,85,6.611111111111111,30,26,1.1538461538461537,0.6867250102510836,5,Children & Family Movies
4093,weekend_watcher,587,0,83,6.455555555555556,25,31,0.8064516129032258,0.6942385285973092,5,Romantic Movies
4094,power_binger,440,0,253,19.677777777777777,98,74,1.3243243243243243,0.8479727974629261,6,Crime TV Shows
4095,casual_viewer,472,1,88,6.844444444444444,23,40,0.575,0.5704097890397644,5,Documentaries
4096,casual_viewer,581,0,87,6.766666666666667,35,23,1.5217391304347827,0.604015152709148,5,Romantic Movies
4097,churning_user,299,0,65,5.055555555555555,10,21,0.47619047619047616,0.3205943545329808,5,Crime TV Shows
4098,churning_user,235,5,51,3.9666666666666663,8,12,0.6666666666666666,0.2567102340095253,5,TV Dramas
4099,churning_user,427,0,64,4.977777777777778,9,18,0.5,0.3533052760037054,6,Crime TV Shows
4100,new_user,18,0,14,1.0888888888888888,14,0,2.0,0.4959338717958092,13,Docuseries
4101,casual_viewer,400,2,99,7.699999999999999,26,29,0.896551724137931,0.5637347743481264,3,Romantic Movies
4102,churning_user,342,2,70,5.444444444444445,12,25,0.48,0.31847722960704933,5,Thrillers
4103,churning_user,166,17,55,4.277777777777778,3,17,0.17647058823529413,0.2838982247764874,7,Crime TV Shows
4104,casual_viewer,708,1,96,7.466666666666667,29,35,0.8285714285714286,0.6261674875410592,3,Documentaries
4105,new_user,24,3,15,1.1666666666666665,15,0,2.0,0.49338140201572067,9,Action & Adventure
4106,power_binger,423,0,250,19.444444444444443,89,89,1.0,0.8481757412034915,4,TV Dramas
4107,weekend_watcher,404,0,84,6.533333333333333,26,26,1.0,0.7030053163975946,8,Kids' TV
4108,weekend_watcher,418,0,67,5.211111111111111,16,22,0.7272727272727273,0.70005787060565,4,Stand-Up Comedy
4109,new_user,29,2,13,1.011111111111111,13,0,2.0,0.5079108612285551,10,Romantic Movies
4110,churning_user,298,3,42,3.2666666666666666,10,16,0.625,0.27347671941232177,3,Crime TV Shows
4111,casual_viewer,465,1,93,7.233333333333333,34,25,1.36,0.581575450959966,4,Comedies
4112,weekend_watcher,564,1,77,5.988888888888889,33,23,1.434782608695652,0.69822255098831,5,Children & Family Movies
4113,weekend_watcher,241,0,65,5.055555555555555,18,23,0.782608695652174,0.6974459963009784,4,Stand-Up Comedy
4114,churning_user,295,2,61,4.7444444444444445,10,14,0.7142857142857143,0.32023277630268765,8,Crime TV Shows
4115,weekend_watcher,691,0,83,6.455555555555556,29,22,1.3181818181818181,0.6757310606708182,6,Children & Family Movies
4116,casual_viewer,680,0,77,5.988888888888889,25,23,1.0869565217391304,0.6269697733248637,7,Romantic Movies
4117,churning_user,305,1,56,4.355555555555555,11,17,0.6470588235294118,0.29294568456524633,8,Crime TV Shows
4118,weekend_watcher,465,0,70,5.444444444444445,18,29,0.6206896551724138,0.6930415601086843,5,Stand-Up Comedy
4119,casual_viewer,632,0,92,7.155555555555555,21,36,0.5833333333333334,0.5858438355371565,3,Romantic Movies
4120,casual_viewer,718,0,85,6.611111111111111,28,32,0.875,0.5897692430002331,8,Romantic Movies
4121,new_user,11,2,8,0.6222222222222222,8,0,2.0,0.5717731882232961,9,Crime TV Shows
4122,weekend_watcher,531,6,69,5.366666666666666,26,18,1.4444444444444444,0.6963293914286255,9,Kids' TV
4123,weekend_watcher,532,2,82,6.377777777777777,26,29,0.896551724137931,0.7181849462453394,9,Children & Family Movies
4124,casual_viewer,392,0,96,7.466666666666667,35,27,1.2962962962962963,0.6164738217984854,7,Documentaries
4125,new_user,18,0,8,0.6222222222222222,8,0,2.0,0.38543557345344104,15,Sci-Fi & Fantasy
4126,power_binger,589,0,261,20.3,92,82,1.1219512195121952,0.8456182936122295,4,Thrillers
4127,churning_user,113,10,52,4.044444444444444,3,14,0.21428571428571427,0.2653430392281261,4,TV Dramas
4128,casual_viewer,450,0,84,6.533333333333333,30,23,1.3043478260869565,0.6072899777787361,7,Documentaries
4129,weekend_watcher,446,2,73,5.677777777777777,29,24,1.2083333333333333,0.703527965213981,8,Romantic Movies
4130,new_user,29,1,15,1.1666666666666665,15,0,2.0,0.6131517934158915,15,Independent Movies
4131,weekend_watcher,539,1,71,5.522222222222222,27,18,1.5,0.7448671667813183,7,Romantic Movies
4132,churning_user,84,9,41,3.1888888888888887,9,16,0.5625,0.32680131781114874,5,Crime TV Shows
4133,casual_viewer,562,0,103,8.011111111111111,32,35,0.9142857142857143,0.5603711770760774,7,Comedies
4134,churning_user,87,6,65,5.055555555555555,9,20,0.45,0.30621311463425355,7,TV Dramas
4135,churning_user,307,0,67,5.211111111111111,9,22,0.4090909090909091,0.2793669203649475,4,Crime TV Shows
4136,power_binger,723,0,244,18.977777777777778,73,72,1.0138888888888888,0.8565859460882218,5,Thrillers
4137,churning_user,75,0,36,2.8,9,12,0.75,0.2940367415329026,7,Crime TV Shows
4138,weekend_watcher,691,1,81,6.3,27,24,1.125,0.6832882083554426,6,Kids' TV
4139,weekend_watcher,148,2,78,6.066666666666666,26,23,1.1304347826086956,0.7105629845420637,6,Children & Family Movies
4140,weekend_watcher,509,0,69,5.366666666666666,27,27,1.0,0.7134771589622187,4,Children & Family Movies
4141,casual_viewer,691,0,97,7.544444444444444,29,30,0.9666666666666667,0.6361383483503414,6,Comedies
4142,churning_user,298,1,53,4.122222222222222,10,13,0.7692307692307693,0.2817348123118544,7,Crime TV Shows
4143,power_binger,637,0,268,20.844444444444445,86,83,1.036144578313253,0.845895633713697,4,Crime TV Shows
4144,casual_viewer,591,0,97,7.544444444444444,25,33,0.7575757575757576,0.5726442060129245,3,Documentaries
4145,casual_viewer,498,1,85,6.611111111111111,20,34,0.5882352941176471,0.594685754713548,8,Romantic Movies
4146,casual_viewer,153,0,92,7.155555555555555,26,31,0.8387096774193549,0.5903390200216099,7,Comedies
4147,power_binger,220,0,254,19.755555555555556,82,88,0.9318181818181818,0.8457706704812061,8,Thrillers
4148,churning_user,344,1,53,4.122222222222222,15,12,1.25,0.28365920845418835,5,Crime TV Shows
4149,casual_viewer,515,0,96,7.466666666666667,33,27,1.2222222222222223,0.6189694961093394,4,Comedies
4150,casual_viewer,315,1,94,7.311111111111111,28,39,0.717948717948718,0.641105076351175,3,Romantic Movies
4151,casual_viewer,190,2,90,7.0,30,28,1.0714285714285714,0.597017646980058,3,Comedies
4152,churning_user,244,6,58,4.511111111111111,6,20,0.3,0.29913430414081,3,Thrillers
4153,casual_viewer,436,0,110,8.555555555555555,25,41,0.6097560975609756,0.6120976696268595,8,Comedies
4154,casual_viewer,230,0,91,7.0777777777777775,33,29,1.1379310344827587,0.6167824457268475,5,Romantic Movies
4155,churning_user,136,1,70,5.444444444444445,13,19,0.6842105263157895,0.2877926644561699,8,TV Dramas
4156,power_binger,665,0,238,18.51111111111111,91,63,1.4444444444444444,0.852104606188649,4,Sci-Fi & Fantasy
4157,new_user,17,0,13,1.011111111111111,13,0,2.0,0.42498342695427704,12,Documentaries
4158,power_binger,489,0,278,21.62222222222222,108,86,1.255813953488372,0.847320046004171,6,TV Dramas
4159,casual_viewer,451,1,94,7.311111111111111,32,31,1.032258064516129,0.564082926267866,3,Documentaries
4160,casual_viewer,384,0,88,6.844444444444444,21,28,0.75,0.5936769751177068,6,Documentaries
4161,churning_user,316,2,65,5.055555555555555,6,23,0.2608695652173913,0.28415726615392395,8,Crime TV Shows
4162,casual_viewer,248,0,94,7.311111111111111,20,44,0.45454545454545453,0.5796469653134758,3,Documentaries
4163,weekend_watcher,105,2,78,6.066666666666666,18,30,0.6,0.6952962493744278,7,Romantic Movies
4164,casual_viewer,466,0,81,6.3,22,32,0.6875,0.6202183136265947,7,Romantic Movies
4165,churning_user,303,1,50,3.888888888888889,6,14,0.42857142857142855,0.27031061313050686,7,Thrillers
4166,casual_viewer,684,3,86,6.688888888888888,21,32,0.65625,0.6015082910045574,4,Documentaries
4167,power_binger,190,0,287,22.322222222222223,92,100,0.92,0.8400359775148513,8,Thrillers
4168,casual_viewer,465,1,94,7.311111111111111,26,42,0.6190476190476191,0.592495960846773,7,Documentaries
4169,churning_user,476,2,67,5.211111111111111,15,17,0.8823529411764706,0.31143290617104297,5,Crime TV Shows
4170,casual_viewer,599,0,97,7.544444444444444,29,43,0.6744186046511628,0.578592420670599,7,Documentaries
4171,new_user,6,0,4,0.3111111111111111,4,0,2.0,0.6317696170660994,11,Sci-Fi & Fantasy
4172,weekend_watcher,436,1,82,6.377777777777777,31,20,1.55,0.700150975591267,6,Stand-Up Comedy
4173,new_user,24,2,17,1.3222222222222222,17,0,2.0,0.4862206767400104,9,Independent Movies
4174,casual_viewer,730,2,84,6.533333333333333,32,22,1.4545454545454546,0.6128704274244935,4,Romantic Movies
4175,weekend_watcher,173,0,100,7.777777777777778,41,28,1.4642857142857142,0.7125720755946796,8,Kids' TV
4176,churning_user,256,0,67,5.211111111111111,11,19,0.5789473684210527,0.28860428119314496,3,TV Dramas
4177,churning_user,372,9,60,4.666666666666666,4,23,0.17391304347826086,0.2851274707476964,4,TV Dramas
4178,new_user,16,0,9,0.7,9,0,2.0,0.38025252811139865,10,Independent Movies
4179,churning_user,314,0,66,5.133333333333333,6,24,0.25,0.2881656357739989,7,Thrillers
4180,weekend_watcher,346,0,86,6.688888888888888,37,21,1.7619047619047619,0.7068254291050956,6,Stand-Up Comedy
4181,weekend_watcher,201,1,76,5.9111111111111105,24,31,0.7741935483870968,0.6743277360225999,7,Children & Family Movies
4182,power_binger,443,0,264,20.53333333333333,97,85,1.1411764705882352,0.8460061513707591,7,Crime TV Shows
4183,churning_user,149,4,56,4.355555555555555,9,12,0.75,0.297700732224643,5,Crime TV Shows
4184,casual_viewer,343,0,100,7.777777777777778,37,31,1.1935483870967742,0.5877570627442105,3,Comedies
4185,new_user,12,0,5,0.3888888888888889,5,0,2.0,0.5793869793181838,14,Romantic TV Shows
4186,weekend_watcher,347,0,75,5.833333333333333,27,21,1.2857142857142858,0.7203378906341362,7,Kids' TV
4187,power_binger,685,0,246,19.133333333333333,84,73,1.1506849315068493,0.852925209307,6,Crime TV Shows
4188,power_binger,414,0,277,21.544444444444444,90,93,0.967741935483871,0.8544703683933289,4,Thrillers
4189,power_binger,543,0,259,20.144444444444442,86,80,1.075,0.8386648651241938,7,Sci-Fi & Fantasy
4190,casual_viewer,226,1,83,6.455555555555556,25,21,1.1904761904761905,0.6031144072385497,6,Documentaries
4191,power_binger,198,0,262,20.377777777777776,91,85,1.0705882352941176,0.8488580387851314,6,Thrillers
4192,weekend_watcher,136,1,68,5.288888888888889,25,17,1.4705882352941178,0.6889856985112189,4,Stand-Up Comedy
4193,churning_user,412,0,58,4.511111111111111,6,17,0.35294117647058826,0.2950323796632276,6,Crime TV Shows
4194,weekend_watcher,152,1,80,6.222222222222222,24,29,0.8275862068965517,0.707687676899129,5,Stand-Up Comedy
4195,casual_viewer,251,0,101,7.855555555555555,36,27,1.3333333333333333,0.6125402317814873,6,Comedies
4196,churning_user,409,8,58,4.511111111111111,9,16,0.5625,0.28475282570008054,3,Thrillers
4197,power_binger,294,0,276,21.466666666666665,85,94,0.9042553191489362,0.8499079407939204,8,Thrillers
4198,weekend_watcher,465,0,85,6.611111111111111,30,22,1.3636363636363635,0.6947047498342014,8,Children & Family Movies
4199,power_binger,494,0,249,19.366666666666667,93,88,1.0568181818181819,0.8474136820334115,5,Crime TV Shows
4200,power_binger,537,0,242,18.822222222222223,93,80,1.1625,0.8460138651552279,5,Crime TV Shows
4201,casual_viewer,229,1,96,7.466666666666667,26,40,0.65,0.6030002466631076,3,Romantic Movies
4202,weekend_watcher,699,1,71,5.522222222222222,22,22,1.0,0.6829615306884896,6,Stand-Up Comedy
4203,power_binger,570,0,253,19.677777777777777,88,79,1.1139240506329113,0.8549916656359372,8,Thrillers
4204,churning_user,189,6,61,4.7444444444444445,11,10,1.1,0.28174675875250377,8,TV Dramas
4205,weekend_watcher,476,3,78,6.066666666666666,28,24,1.1666666666666667,0.67469417568838,9,Kids' TV
4206,weekend_watcher,669,0,96,7.466666666666667,30,34,0.8823529411764706,0.6864336770100171,9,Children & Family Movies
4207,power_binger,557,0,277,21.544444444444444,95,94,1.0106382978723405,0.8434651329146884,6,Thrillers
4208,power_binger,440,1,250,19.444444444444443,80,95,0.8421052631578947,0.8411352150938787,6,Thrillers
4209,casual_viewer,608,2,89,6.922222222222222,28,36,0.7777777777777778,0.5826356449282937,6,Romantic Movies
4210,casual_viewer,297,3,90,7.0,23,27,0.8518518518518519,0.6084958144912469,8,Comedies
4211,churning_user,203,12,51,3.9666666666666663,5,15,0.3333333333333333,0.3081072104826658,8,TV Dramas
4212,casual_viewer,581,0,98,7.622222222222222,32,34,0.9411764705882353,0.6139121392555709,4,Documentaries
4213,casual_viewer,289,0,104,8.088888888888889,29,35,0.8285714285714286,0.605348521884338,3,Documentaries
4214,power_binger,444,0,260,20.22222222222222,83,85,0.9764705882352941,0.859207331354748,9,Sci-Fi & Fantasy
4215,churning_user,77,6,45,3.5,11,21,0.5238095238095238,0.31172315197492156,5,Thrillers
4216,power_binger,388,0,258,20.066666666666666,101,78,1.294871794871795,0.852164687648235,8,Sci-Fi & Fantasy
4217,churning_user,244,1,55,4.277777777777778,10,14,0.7142857142857143,0.2816321197545607,8,TV Dramas
4218,power_binger,242,0,217,16.877777777777776,67,81,0.8271604938271605,0.8519849215502643,5,TV Dramas
4219,new_user,30,1,27,2.1,27,0,2.0,0.5833301196446139,9,Thrillers
4220,churning_user,98,0,73,5.677777777777777,11,16,0.6875,0.31029259069693677,6,TV Dramas
4221,power_binger,269,0,296,23.022222222222222,96,111,0.8648648648648649,0.8483798452643502,8,Crime TV Shows
4222,power_binger,728,0,261,20.3,85,82,1.0365853658536586,0.8463040570730446,8,Crime TV Shows
4223,casual_viewer,393,0,86,6.688888888888888,19,30,0.6333333333333333,0.5873429829117641,7,Romantic Movies
4224,power_binger,392,0,271,21.077777777777776,94,84,1.119047619047619,0.8445267511742248,6,Thrillers
4225,casual_viewer,578,1,93,7.233333333333333,32,31,1.032258064516129,0.6148295407868049,3,Documentaries
4226,weekend_watcher,408,0,76,5.9111111111111105,25,18,1.3888888888888888,0.6827861059162562,6,Kids' TV
4227,churning_user,157,0,54,4.2,9,14,0.6428571428571429,0.3290124699872017,6,Crime TV Shows
4228,power_binger,615,0,252,19.599999999999998,81,87,0.9310344827586207,0.8413070742908557,8,Thrillers
4229,churning_user,347,4,57,4.433333333333334,12,17,0.7058823529411765,0.32791109306330674,3,Crime TV Shows
4230,casual_viewer,546,0,100,7.777777777777778,43,20,2.15,0.6263017702074253,3,Romantic Movies
4231,new_user,1,90,0,0.0,0,0,0.0,0.0,15,Music & Musicals
4232,power_binger,496,0,233,18.12222222222222,72,71,1.0140845070422535,0.8541370873648212,5,Thrillers
4233,weekend_watcher,206,0,67,5.211111111111111,23,20,1.15,0.6696822782173553,9,Stand-Up Comedy
4234,weekend_watcher,230,0,82,6.377777777777777,30,31,0.967741935483871,0.6781473630644634,5,Romantic Movies
4235,power_binger,720,0,252,19.599999999999998,85,87,0.9770114942528736,0.8469276639066541,5,TV Dramas
4236,power_binger,530,0,247,19.21111111111111,76,90,0.8444444444444444,0.8529676576153287,7,TV Dramas
4237,casual_viewer,323,1,74,5.7555555555555555,20,31,0.6451612903225806,0.6150509259035021,7,Documentaries
4238,weekend_watcher,528,0,73,5.677777777777777,28,24,1.1666666666666667,0.6602122487492594,7,Kids' TV
4239,churning_user,256,2,72,5.6,13,24,0.5416666666666666,0.29313375568398925,4,TV Dramas
4240,churning_user,451,4,73,5.677777777777777,19,22,0.8636363636363636,0.30013639736503855,3,TV Dramas
4241,weekend_watcher,689,0,80,6.222222222222222,20,27,0.7407407407407407,0.686144568962445,6,Romantic Movies
4242,weekend_watcher,479,3,73,5.677777777777777,30,16,1.875,0.7009171337964907,8,Kids' TV
4243,casual_viewer,515,0,97,7.544444444444444,38,29,1.3103448275862069,0.5832790962267856,3,Romantic Movies
4244,churning_user,203,3,61,4.7444444444444445,5,20,0.25,0.32151422154894366,3,Crime TV Shows
4245,weekend_watcher,346,1,91,7.0777777777777775,31,29,1.0689655172413792,0.6889077474571524,6,Stand-Up Comedy
4246,casual_viewer,99,0,93,7.233333333333333,23,37,0.6216216216216216,0.5996355837358892,8,Documentaries
4247,weekend_watcher,342,0,79,6.144444444444444,28,23,1.2173913043478262,0.7047341211751732,4,Romantic Movies
4248,power_binger,282,0,250,19.444444444444443,78,84,0.9285714285714286,0.8534329339752206,9,Thrillers
4249,power_binger,722,0,263,20.455555555555556,81,80,1.0125,0.8567881162976916,7,Sci-Fi & Fantasy
4250,weekend_watcher,634,0,84,6.533333333333333,33,29,1.1379310344827587,0.7033367520653262,6,Romantic Movies
4251,casual_viewer,589,0,94,7.311111111111111,25,37,0.6756756756756757,0.5787279476760786,7,Comedies
4252,power_binger,484,0,262,20.377777777777776,95,89,1.0674157303370786,0.8438972772185765,4,Thrillers
4253,power_binger,592,0,232,18.044444444444444,67,80,0.8375,0.8498953018184563,4,Sci-Fi & Fantasy
4254,churning_user,436,14,60,4.666666666666666,3,19,0.15789473684210525,0.29266856344707065,3,Crime TV Shows
4255,weekend_watcher,202,0,75,5.833333333333333,28,23,1.2173913043478262,0.694274429114473,4,Romantic Movies
4256,power_binger,561,0,291,22.633333333333333,94,90,1.0444444444444445,0.8537793509141989,7,Crime TV Shows
4257,power_binger,569,0,252,19.599999999999998,88,92,0.9565217391304348,0.85269890234885,8,Sci-Fi & Fantasy
4258,casual_viewer,265,1,100,7.777777777777778,23,35,0.6571428571428571,0.5834519376953883,5,Romantic Movies
4259,new_user,26,0,18,1.4,18,0,2.0,0.49982969799778615,9,British TV Shows
4260,casual_viewer,730,0,84,6.533333333333333,24,29,0.8275862068965517,0.6166152863597912,5,Romantic Movies
4261,new_user,12,2,10,0.7777777777777778,10,0,2.0,0.4533818498748077,9,International Movies
4262,weekend_watcher,538,0,75,5.833333333333333,24,24,1.0,0.6862634583779759,5,Kids' TV
4263,casual_viewer,352,3,117,9.1,38,45,0.8444444444444444,0.601464982273657,8,Romantic Movies
4264,weekend_watcher,595,1,63,4.8999999999999995,17,20,0.85,0.7126196365817438,5,Kids' TV
4265,churning_user,153,11,63,4.8999999999999995,4,17,0.23529411764705882,0.27975916553719266,6,TV Dramas
4266,churning_user,224,1,60,4.666666666666666,7,13,0.5384615384615384,0.2772916025359093,5,Crime TV Shows
4267,casual_viewer,640,0,87,6.766666666666667,27,22,1.2272727272727273,0.5955145056257629,3,Comedies
4268,weekend_watcher,144,2,77,5.988888888888889,25,31,0.8064516129032258,0.6787906697482763,8,Stand-Up Comedy
4269,weekend_watcher,643,2,86,6.688888888888888,21,37,0.5675675675675675,0.7114024886081091,4,Children & Family Movies
4270,weekend_watcher,300,3,69,5.366666666666666,24,21,1.1428571428571428,0.6852865044262437,8,Romantic Movies
4271,new_user,26,3,19,1.4777777777777776,19,0,2.0,0.5133108514976686,14,Music & Musicals
4272,casual_viewer,484,0,87,6.766666666666667,24,29,0.8275862068965517,0.6040013489872447,6,Romantic Movies
4273,weekend_watcher,356,0,58,4.511111111111111,22,15,1.4666666666666666,0.6879846304501428,6,Stand-Up Comedy
4274,weekend_watcher,632,0,57,4.433333333333334,17,13,1.3076923076923077,0.7188539350349061,8,Stand-Up Comedy
4275,casual_viewer,362,0,90,7.0,26,24,1.0833333333333333,0.6041506215557275,3,Comedies
4276,power_binger,444,0,275,21.38888888888889,89,92,0.967391304347826,0.8459553539253529,5,Thrillers
4277,casual_viewer,261,1,85,6.611111111111111,25,29,0.8620689655172413,0.5732629490013944,6,Comedies
4278,weekend_watcher,445,0,77,5.988888888888889,25,22,1.1363636363636365,0.7001943620010944,6,Kids' TV
4279,casual_viewer,569,1,84,6.533333333333333,16,32,0.5,0.6179979877554993,7,Romantic Movies
4280,weekend_watcher,658,0,74,5.7555555555555555,21,21,1.0,0.7285470861498946,7,Romantic Movies
4281,power_binger,432,0,256,19.91111111111111,81,85,0.9529411764705882,0.8431861532466309,5,TV Dramas
4282,casual_viewer,249,1,88,6.844444444444444,25,30,0.8333333333333334,0.6039234758634054,8,Documentaries
4283,churning_user,66,0,31,2.411111111111111,8,18,0.4444444444444444,0.2887023326376211,6,TV Dramas
4284,power_binger,467,0,274,21.31111111111111,101,93,1.086021505376344,0.8480453901607651,5,Crime TV Shows
4285,weekend_watcher,547,0,93,7.233333333333333,32,31,1.032258064516129,0.7206082446753835,5,Stand-Up Comedy
4286,power_binger,566,0,286,22.244444444444444,102,75,1.36,0.8452021095739367,4,TV Dramas
4287,new_user,29,0,20,1.5555555555555556,20,0,2.0,0.4666517560084637,12,Dramas
4288,casual_viewer,581,0,110,8.555555555555555,39,33,1.1818181818181819,0.5935459666564307,3,Documentaries
4289,new_user,9,2,8,0.6222222222222222,8,0,2.0,0.46017359797972757,11,Thrillers
4290,churning_user,374,4,47,3.6555555555555554,5,12,0.4166666666666667,0.3194204807573247,8,Thrillers
4291,power_binger,657,0,279,21.7,94,98,0.9591836734693877,0.8414521516547714,9,Crime TV Shows
4292,power_binger,229,0,225,17.5,74,81,0.9135802469135802,0.850314051558931,5,Thrillers
4293,power_binger,655,0,258,20.066666666666666,77,99,0.7777777777777778,0.8343579887783045,9,Sci-Fi & Fantasy
4294,churning_user,282,1,67,5.211111111111111,9,15,0.6,0.25745045209121303,7,TV Dramas
4295,weekend_watcher,658,1,83,6.455555555555556,24,25,0.96,0.705313680964732,5,Children & Family Movies
4296,casual_viewer,450,1,95,7.388888888888888,29,35,0.8285714285714286,0.6091888127770513,7,Romantic Movies
4297,casual_viewer,318,0,81,6.3,25,26,0.9615384615384616,0.5750114018344206,4,Romantic Movies
4298,churning_user,285,13,53,4.122222222222222,5,21,0.23809523809523808,0.23177702836211364,7,Crime TV Shows
4299,churning_user,101,0,60,4.666666666666666,11,14,0.7857142857142857,0.311514615341291,5,Crime TV Shows
4300,churning_user,362,0,65,5.055555555555555,8,22,0.36363636363636365,0.3043076659423695,3,Crime TV Shows
4301,casual_viewer,211,0,83,6.455555555555556,23,26,0.8846153846153846,0.6211505219818247,4,Romantic Movies
4302,weekend_watcher,206,0,76,5.9111111111111105,23,26,0.8846153846153846,0.6923734523123033,4,Romantic Movies
4303,new_user,5,0,4,0.3111111111111111,4,0,2.0,0.35586912545320243,12,Music & Musicals
4304,casual_viewer,240,0,98,7.622222222222222,31,35,0.8857142857142857,0.609955828501385,7,Comedies
4305,power_binger,358,0,234,18.2,78,78,1.0,0.8431168596946435,8,Crime TV Shows
4306,power_binger,519,0,268,20.844444444444445,94,92,1.0217391304347827,0.8419354408553882,7,TV Dramas
4307,churning_user,452,0,58,4.511111111111111,13,13,1.0,0.2926527707808775,4,Thrillers
4308,casual_viewer,246,0,87,6.766666666666667,27,32,0.84375,0.6297548893069487,8,Comedies
4309,new_user,4,3,1,0.07777777777777778,1,0,2.0,0.7111174150306132,14,Documentaries
4310,churning_user,381,2,52,4.044444444444444,10,12,0.8333333333333334,0.30070366581812136,6,Thrillers
4311,churning_user,297,16,54,4.2,5,16,0.3125,0.3198880136740502,7,TV Dramas
4312,weekend_watcher,519,0,70,5.444444444444445,30,20,1.5,0.6770574146537397,8,Kids' TV
4313,casual_viewer,362,5,67,5.211111111111111,15,17,0.8823529411764706,0.6238895290147662,8,Documentaries
4314,weekend_watcher,260,3,80,6.222222222222222,24,25,0.96,0.6933084194407807,6,Romantic Movies
4315,power_binger,561,0,265,20.61111111111111,82,96,0.8541666666666666,0.845405223212103,7,Crime TV Shows
4316,churning_user,289,1,68,5.288888888888889,11,25,0.44,0.3111813135245243,4,Crime TV Shows
4317,new_user,19,0,15,1.1666666666666665,15,0,2.0,0.42605672875257256,8,TV Comedies
4318,weekend_watcher,289,0,80,6.222222222222222,31,21,1.4761904761904763,0.6768953968161154,6,Stand-Up Comedy
4319,weekend_watcher,184,0,78,6.066666666666666,32,21,1.5238095238095237,0.6933564146158533,5,Children & Family Movies
4320,casual_viewer,343,0,68,5.288888888888889,20,25,0.8,0.5886367088409082,7,Documentaries
4321,weekend_watcher,716,0,72,5.6,24,24,1.0,0.6754676978277593,6,Kids' TV
4322,churning_user,65,2,28,2.1777777777777776,6,17,0.35294117647058826,0.2859944748236495,6,Crime TV Shows
4323,churning_user,450,4,65,5.055555555555555,12,20,0.6,0.2950104443731606,3,Thrillers
4324,power_binger,682,0,240,18.666666666666664,82,71,1.1549295774647887,0.8499411872076209,4,Thrillers
4325,casual_viewer,624,0,84,6.533333333333333,29,28,1.0357142857142858,0.5859249040690493,7,Romantic Movies
4326,churning_user,146,14,60,4.666666666666666,5,17,0.29411764705882354,0.26653901627315696,7,Crime TV Shows
4327,power_binger,350,0,295,22.944444444444443,92,111,0.8288288288288288,0.839877637346522,5,TV Dramas
4328,weekend_watcher,507,0,61,4.7444444444444445,19,19,1.0,0.6807468190164706,5,Children & Family Movies
4329,weekend_watcher,577,0,89,6.922222222222222,31,25,1.24,0.686666079593427,7,Kids' TV
4330,new_user,8,2,6,0.4666666666666667,6,0,2.0,0.3234601388527898,14,Sports Movies
4331,power_binger,619,0,261,20.3,93,81,1.1481481481481481,0.8509691507549342,8,TV Dramas
4332,new_user,14,2,11,0.8555555555555555,11,0,2.0,0.5853583616658009,14,International TV Shows
4333,power_binger,306,0,252,19.599999999999998,82,90,0.9111111111111111,0.8491271928865662,5,TV Dramas
4334,casual_viewer,704,0,101,7.855555555555555,33,28,1.1785714285714286,0.5977180327530194,3,Documentaries
4335,weekend_watcher,209,2,82,6.377777777777777,29,29,1.0,0.6954138526527532,7,Kids' TV
4336,power_binger,338,0,253,19.677777777777777,79,89,0.8876404494382022,0.8510541229738445,9,Sci-Fi & Fantasy
4337,power_binger,665,0,257,19.988888888888887,72,94,0.7659574468085106,0.8442549113255067,4,Sci-Fi & Fantasy
4338,power_binger,399,0,234,18.2,80,80,1.0,0.842894611995965,6,TV Dramas
4339,churning_user,456,12,60,4.666666666666666,9,15,0.6,0.32393056025667255,8,Thrillers
4340,weekend_watcher,626,0,77,5.988888888888889,30,21,1.4285714285714286,0.7033664662705088,4,Romantic Movies
4341,power_binger,619,0,259,20.144444444444442,89,81,1.0987654320987654,0.8454409241886996,7,Sci-Fi & Fantasy
4342,power_binger,468,0,264,20.53333333333333,96,87,1.103448275862069,0.8452214505954116,4,Crime TV Shows
4343,churning_user,245,5,47,3.6555555555555554,11,12,0.9166666666666666,0.33017726480934645,5,TV Dramas
4344,casual_viewer,321,0,94,7.311111111111111,26,32,0.8125,0.592299622288991,7,Documentaries
4345,weekend_watcher,246,1,73,5.677777777777777,26,26,1.0,0.7365019147796835,4,Stand-Up Comedy
4346,new_user,22,1,14,1.0888888888888888,14,0,2.0,0.42491407558228184,9,Crime TV Shows
4347,weekend_watcher,522,0,89,6.922222222222222,34,28,1.2142857142857142,0.6866243512978664,8,Kids' TV
4348,weekend_watcher,307,1,65,5.055555555555555,19,29,0.6551724137931034,0.6584419128746835,4,Romantic Movies
4349,churning_user,177,8,65,5.055555555555555,6,19,0.3157894736842105,0.302758212765156,6,Thrillers
4350,weekend_watcher,118,2,77,5.988888888888889,33,24,1.375,0.7368777952886816,9,Children & Family Movies
4351,power_binger,223,0,242,18.822222222222223,70,91,0.7692307692307693,0.853654357578926,6,Crime TV Shows
4352,power_binger,611,0,267,20.766666666666666,103,81,1.271604938271605,0.8451129460350975,8,Sci-Fi & Fantasy
4353,churning_user,298,0,53,4.122222222222222,8,13,0.6153846153846154,0.3074652153079573,6,Crime TV Shows
4354,power_binger,541,0,238,18.51111111111111,88,72,1.2222222222222223,0.8468009133247474,4,TV Dramas
4355,weekend_watcher,664,0,76,5.9111111111111105,31,22,1.4090909090909092,0.7063341772946297,6,Romantic Movies
4356,churning_user,158,0,39,3.033333333333333,5,11,0.45454545454545453,0.2856995344463811,6,TV Dramas
4357,new_user,11,4,9,0.7,9,0,2.0,0.6141789678229623,9,Reality TV
4358,casual_viewer,487,2,82,6.377777777777777,21,24,0.875,0.5967873266379721,4,Documentaries
4359,casual_viewer,184,0,83,6.455555555555556,28,27,1.037037037037037,0.608009155892102,4,Romantic Movies
4360,weekend_watcher,453,0,88,6.844444444444444,24,33,0.7272727272727273,0.6943419101450216,8,Kids' TV
4361,casual_viewer,398,0,76,5.9111111111111105,20,20,1.0,0.5761397268998429,3,Comedies
4362,churning_user,317,4,60,4.666666666666666,8,17,0.47058823529411764,0.30131648110877784,6,Thrillers
4363,churning_user,256,6,61,4.7444444444444445,11,17,0.6470588235294118,0.3211077325855398,8,Crime TV Shows
4364,new_user,16,3,8,0.6222222222222222,8,0,2.0,0.33204990908469034,9,TV Dramas
4365,weekend_watcher,431,0,77,5.988888888888889,23,33,0.696969696969697,0.675055305083806,5,Stand-Up Comedy
4366,power_binger,611,0,239,18.58888888888889,86,92,0.9347826086956522,0.8498267389974887,7,Crime TV Shows
4367,casual_viewer,231,0,91,7.0777777777777775,27,34,0.7941176470588235,0.5677360048936472,4,Documentaries
4368,churning_user,160,5,53,4.122222222222222,4,11,0.36363636363636365,0.27301443372019224,6,Crime TV Shows
4369,power_binger,199,0,240,18.666666666666664,80,73,1.095890410958904,0.8475844502042539,4,TV Dramas
4370,casual_viewer,550,0,101,7.855555555555555,34,34,1.0,0.5886170596851552,8,Documentaries
4371,casual_viewer,719,0,92,7.155555555555555,25,33,0.7575757575757576,0.6377435724946701,8,Comedies
4372,power_binger,586,0,273,21.23333333333333,86,96,0.8958333333333334,0.8571114151440282,8,Crime TV Shows
4373,churning_user,98,3,54,4.2,7,17,0.4117647058823529,0.2871062020636818,3,Crime TV Shows
4374,power_binger,260,0,246,19.133333333333333,88,83,1.0602409638554218,0.8495968741144436,6,Crime TV Shows
4375,churning_user,311,0,64,4.977777777777778,9,18,0.5,0.2895332356227795,4,Crime TV Shows
4376,power_binger,698,0,274,21.31111111111111,86,90,0.9555555555555556,0.850558921960266,6,Sci-Fi & Fantasy
4377,weekend_watcher,582,1,76,5.9111111111111105,26,25,1.04,0.6901933982908881,9,Romantic Movies
4378,power_binger,723,1,264,20.53333333333333,78,100,0.78,0.8416234312575464,7,TV Dramas
4379,weekend_watcher,632,1,80,6.222222222222222,21,24,0.875,0.6946460008129177,9,Kids' TV
4380,power_binger,440,0,243,18.9,90,64,1.40625,0.8490807367306231,6,TV Dramas
4381,churning_user,229,4,67,5.211111111111111,10,13,0.7692307692307693,0.26073147420040227,6,Crime TV Shows
4382,casual_viewer,496,1,83,6.455555555555556,20,26,0.7692307692307693,0.586027115132461,6,Romantic Movies
4383,casual_viewer,195,0,66,5.133333333333333,21,24,0.875,0.6179716407754935,5,Romantic Movies
4384,casual_viewer,699,1,86,6.688888888888888,30,28,1.0714285714285714,0.5974584134815243,8,Romantic Movies
4385,weekend_watcher,271,0,60,4.666666666666666,17,22,0.7727272727272727,0.7345935833689343,4,Romantic Movies
4386,new_user,17,0,10,0.7777777777777778,10,0,2.0,0.4047672089159652,15,International Movies
4387,casual_viewer,665,0,100,7.777777777777778,25,35,0.7142857142857143,0.603790515393419,6,Documentaries
4388,power_binger,288,0,234,18.2,82,83,0.9879518072289156,0.8428033082785119,6,Thrillers
4389,weekend_watcher,490,0,82,6.377777777777777,28,19,1.4736842105263157,0.713616222379946,4,Kids' TV
4390,churning_user,287,0,53,4.122222222222222,10,16,0.625,0.2935020566211176,5,Thrillers
4391,casual_viewer,506,0,106,8.244444444444444,33,33,1.0,0.6139797733289393,8,Romantic Movies
4392,weekend_watcher,255,0,84,6.533333333333333,29,25,1.16,0.7013855892222085,7,Romantic Movies
4393,churning_user,79,2,37,2.8777777777777778,4,20,0.2,0.33157144502288166,6,Thrillers
4394,churning_user,492,1,52,4.044444444444444,13,12,1.0833333333333333,0.2915667210583944,4,Crime TV Shows
4395,casual_viewer,520,0,78,6.066666666666666,23,29,0.7931034482758621,0.6059176663241475,3,Documentaries
4396,casual_viewer,554,0,97,7.544444444444444,30,23,1.3043478260869565,0.6053068354861912,7,Romantic Movies
4397,power_binger,430,0,263,20.455555555555556,81,86,0.9418604651162791,0.8480485380196261,9,Crime TV Shows
4398,weekend_watcher,655,0,72,5.6,21,22,0.9545454545454546,0.7135500791833812,9,Kids' TV
4399,power_binger,388,0,264,20.53333333333333,101,75,1.3466666666666667,0.8673089558695248,7,Crime TV Shows
4400,weekend_watcher,491,1,74,5.7555555555555555,26,24,1.0833333333333333,0.6875999112217702,4,Kids' TV
4401,weekend_watcher,484,0,88,6.844444444444444,31,28,1.1071428571428572,0.6911831023471408,7,Kids' TV
4402,weekend_watcher,365,0,78,6.066666666666666,32,29,1.103448275862069,0.6603402230312484,8,Children & Family Movies
4403,power_binger,539,0,289,22.477777777777778,95,92,1.0326086956521738,0.8537863889160215,8,Crime TV Shows
4404,casual_viewer,563,0,91,7.0777777777777775,23,33,0.696969696969697,0.5957463380083367,3,Documentaries
4405,casual_viewer,129,0,110,8.555555555555555,29,48,0.6041666666666666,0.6064613993935624,8,Comedies
4406,churning_user,451,7,58,4.511111111111111,10,16,0.625,0.30221559699000256,6,Thrillers
4407,new_user,22,0,14,1.0888888888888888,14,0,2.0,0.45421134932648133,15,Action & Adventure
4408,casual_viewer,308,2,86,6.688888888888888,22,33,0.6666666666666666,0.594016682183985,8,Documentaries
4409,weekend_watcher,150,3,89,6.922222222222222,31,33,0.9393939393939394,0.704822720944194,9,Children & Family Movies
4410,power_binger,351,0,271,21.077777777777776,71,108,0.6574074074074074,0.861896594954204,9,TV Dramas
4411,casual_viewer,151,0,81,6.3,25,28,0.8928571428571429,0.6391989962453977,4,Documentaries
4412,power_binger,691,0,277,21.544444444444444,88,79,1.1139240506329113,0.8516553819329848,5,TV Dramas
4413,weekend_watcher,701,0,69,5.366666666666666,25,24,1.0416666666666667,0.7033553145931687,9,Stand-Up Comedy
4414,power_binger,470,0,268,20.844444444444445,98,80,1.225,0.8509251059516789,6,Crime TV Shows
4415,casual_viewer,686,4,88,6.844444444444444,32,26,1.2307692307692308,0.5748624821681457,8,Documentaries
4416,weekend_watcher,658,0,52,4.044444444444444,17,16,1.0625,0.712091521385398,8,Romantic Movies
4417,churning_user,68,0,36,2.8,8,21,0.38095238095238093,0.31136152999069405,8,Thrillers
4418,power_binger,688,0,259,20.144444444444442,76,77,0.987012987012987,0.8373131601162525,6,Thrillers
4419,power_binger,441,0,270,21.0,86,93,0.9247311827956989,0.8396645609890074,7,TV Dramas
4420,churning_user,241,14,50,3.888888888888889,7,13,0.5384615384615384,0.2843203148778568,3,Thrillers
4421,casual_viewer,413,1,81,6.3,24,31,0.7741935483870968,0.6109459327352109,7,Documentaries
4422,power_binger,192,0,265,20.61111111111111,87,90,0.9666666666666667,0.8431439798763714,7,Crime TV Shows
4423,churning_user,425,3,50,3.888888888888889,11,12,0.9166666666666666,0.31727013143085325,3,Thrillers
4424,casual_viewer,260,0,92,7.155555555555555,30,32,0.9375,0.6192668618549133,8,Romantic Movies
4425,churning_user,155,0,61,4.7444444444444445,13,15,0.8666666666666667,0.28744359867018876,3,Crime TV Shows
4426,casual_viewer,95,2,100,7.777777777777778,33,36,0.9166666666666666,0.5899370692087271,8,Romantic Movies
4427,power_binger,240,0,266,20.688888888888886,96,83,1.1566265060240963,0.8516456647141697,9,TV Dramas
4428,power_binger,730,0,249,19.366666666666667,86,82,1.048780487804878,0.8522341572103261,5,TV Dramas
4429,casual_viewer,710,0,109,8.477777777777778,36,37,0.972972972972973,0.5965188514055113,4,Comedies
4430,power_binger,496,0,259,20.144444444444442,82,82,1.0,0.8495321075457393,9,Thrillers
4431,casual_viewer,124,2,86,6.688888888888888,21,24,0.875,0.5806725160931644,8,Comedies
4432,new_user,20,1,14,1.0888888888888888,14,0,2.0,0.4109448404984793,10,Sci-Fi & Fantasy
4433,weekend_watcher,234,0,72,5.6,20,23,0.8695652173913043,0.7003247942218684,5,Children & Family Movies
4434,casual_viewer,654,1,107,8.322222222222221,31,40,0.775,0.6078524687772915,6,Documentaries
4435,churning_user,278,7,60,4.666666666666666,6,17,0.35294117647058826,0.305418450590868,3,Thrillers
4436,churning_user,383,4,56,4.355555555555555,10,24,0.4166666666666667,0.302532255950566,3,Thrillers
4437,weekend_watcher,610,1,74,5.7555555555555555,23,17,1.3529411764705883,0.706023082512439,8,Stand-Up Comedy
4438,casual_viewer,101,1,100,7.777777777777778,25,36,0.6944444444444444,0.6122402799334733,8,Romantic Movies
4439,casual_viewer,566,0,113,8.788888888888888,36,34,1.0588235294117647,0.5902339371828705,8,Documentaries
4440,casual_viewer,222,2,85,6.611111111111111,22,32,0.6875,0.6195450737171803,8,Romantic Movies
4441,power_binger,446,0,251,19.522222222222222,94,76,1.236842105263158,0.851678925909387,7,Sci-Fi & Fantasy
4442,casual_viewer,439,0,79,6.144444444444444,25,22,1.1363636363636365,0.5836213262239837,3,Romantic Movies
4443,weekend_watcher,508,0,75,5.833333333333333,25,19,1.3157894736842106,0.7037990502005642,6,Romantic Movies
4444,new_user,25,0,18,1.4,18,0,2.0,0.48400346272127404,13,Sci-Fi & Fantasy
4445,power_binger,298,0,262,20.377777777777776,83,86,0.9651162790697675,0.8462244117127826,8,Crime TV Shows
4446,casual_viewer,328,1,96,7.466666666666667,25,35,0.7142857142857143,0.6351665548367028,5,Romantic Movies
4447,casual_viewer,538,0,106,8.244444444444444,37,35,1.0571428571428572,0.6119876620660809,5,Comedies
4448,casual_viewer,354,0,87,6.766666666666667,20,30,0.6666666666666666,0.5803073175664938,4,Romantic Movies
4449,churning_user,486,3,53,4.122222222222222,4,12,0.3333333333333333,0.3061093530333518,4,TV Dramas
4450,power_binger,728,0,272,21.155555555555555,82,86,0.9534883720930233,0.8473353117774357,4,TV Dramas
4451,weekend_watcher,689,1,68,5.288888888888889,30,22,1.3636363636363635,0.6914954670968987,5,Stand-Up Comedy
4452,new_user,12,5,5,0.3888888888888889,5,0,2.0,0.2909382940176283,11,Sports Movies
4453,churning_user,317,4,58,4.511111111111111,9,15,0.6,0.2759194928316292,6,TV Dramas
4454,churning_user,401,2,47,3.6555555555555554,8,14,0.5714285714285714,0.3270221516471337,6,Crime TV Shows
4455,churning_user,455,2,52,4.044444444444444,7,19,0.3684210526315789,0.30688618487122604,6,TV Dramas
4456,casual_viewer,518,0,95,7.388888888888888,28,23,1.2173913043478262,0.6200132320868963,5,Romantic Movies
4457,power_binger,420,0,276,21.466666666666665,89,94,0.9468085106382979,0.854154510175768,7,TV Dramas
4458,churning_user,371,9,51,3.9666666666666663,7,16,0.4375,0.32525080876950835,7,TV Dramas
4459,power_binger,457,0,239,18.58888888888889,94,72,1.3055555555555556,0.8585995022557213,7,Crime TV Shows
4460,weekend_watcher,384,1,76,5.9111111111111105,18,29,0.6206896551724138,0.7327284002337413,6,Romantic Movies
4461,casual_viewer,342,0,84,6.533333333333333,22,28,0.7857142857142857,0.5786010236111555,5,Documentaries
4462,casual_viewer,277,4,84,6.533333333333333,24,28,0.8571428571428571,0.5876175142114424,5,Documentaries
4463,casual_viewer,210,1,106,8.244444444444444,33,44,0.75,0.5980045403677171,6,Comedies
4464,new_user,9,2,11,0.8555555555555555,11,0,2.0,0.5914470445214233,14,Horror Movies
4465,power_binger,719,0,247,19.21111111111111,88,85,1.035294117647059,0.8551606512063953,6,TV Dramas
4466,power_binger,325,0,250,19.444444444444443,81,89,0.9101123595505618,0.8463864169572994,5,Thrillers
4467,power_binger,571,0,257,19.988888888888887,84,90,0.9333333333333333,0.8283441992004186,4,TV Dramas
4468,churning_user,333,29,59,4.588888888888889,2,22,0.09090909090909091,0.30719908147826946,8,TV Dramas
4469,new_user,21,1,16,1.2444444444444445,16,0,2.0,0.6784430437534625,12,Kids' TV
4470,casual_viewer,335,0,85,6.611111111111111,26,30,0.8666666666666667,0.6321866764183716,7,Documentaries
4471,new_user,20,0,19,1.4777777777777776,19,0,2.0,0.48463457392259196,9,Sports Movies
4472,casual_viewer,530,2,90,7.0,34,29,1.1724137931034482,0.5759178169591521,8,Documentaries
4473,churning_user,425,0,55,4.277777777777778,8,19,0.42105263157894735,0.28303724199255037,4,TV Dramas
4474,power_binger,357,0,264,20.53333333333333,82,105,0.780952380952381,0.8480455326017797,5,TV Dramas
4475,casual_viewer,390,1,83,6.455555555555556,23,24,0.9583333333333334,0.6292384556648306,8,Documentaries
4476,churning_user,86,2,62,4.822222222222222,9,23,0.391304347826087,0.2970044934276542,7,TV Dramas
4477,churning_user,426,4,56,4.355555555555555,7,21,0.3333333333333333,0.2945152025232434,7,Crime TV Shows
4478,casual_viewer,220,0,93,7.233333333333333,29,26,1.1153846153846154,0.6057621158677357,5,Documentaries
4479,weekend_watcher,452,0,85,6.611111111111111,32,19,1.6842105263157894,0.7232777420478452,9,Children & Family Movies
4480,new_user,19,1,18,1.4,18,0,2.0,0.5706030407747053,8,Thrillers
4481,casual_viewer,533,0,83,6.455555555555556,31,34,0.9117647058823529,0.5813212867730481,4,Comedies
4482,churning_user,101,1,54,4.2,12,22,0.5454545454545454,0.31279971164594295,3,Thrillers
4483,weekend_watcher,708,0,85,6.611111111111111,30,29,1.0344827586206897,0.6879366490692931,7,Romantic Movies
4484,casual_viewer,658,2,70,5.444444444444445,21,22,0.9545454545454546,0.5952884486072012,3,Romantic Movies
4485,weekend_watcher,100,0,80,6.222222222222222,25,28,0.8928571428571429,0.720554929738649,5,Children & Family Movies
4486,casual_viewer,650,0,104,8.088888888888889,35,34,1.0294117647058822,0.6168682422909861,6,Romantic Movies
4487,weekend_watcher,672,0,73,5.677777777777777,22,22,1.0,0.6811249352741569,5,Kids' TV
4488,power_binger,433,0,263,20.455555555555556,84,90,0.9333333333333333,0.8498935122411538,5,Thrillers
4489,casual_viewer,187,0,88,6.844444444444444,25,32,0.78125,0.6339819227212289,8,Documentaries
4490,churning_user,173,5,55,4.277777777777778,7,21,0.3333333333333333,0.30651076566310986,8,TV Dramas
4491,churning_user,341,3,67,5.211111111111111,13,13,1.0,0.2822265073191503,5,TV Dramas
4492,weekend_watcher,110,0,70,5.444444444444445,26,23,1.1304347826086956,0.7286029708742869,4,Stand-Up Comedy
4493,new_user,17,1,14,1.0888888888888888,14,0,2.0,0.5657385432809391,9,International Movies
4494,power_binger,722,0,280,21.77777777777778,87,98,0.8877551020408163,0.8462842905433341,5,TV Dramas
4495,casual_viewer,98,0,87,6.766666666666667,30,38,0.7894736842105263,0.5786838002129476,6,Documentaries
4496,casual_viewer,283,0,96,7.466666666666667,31,34,0.9117647058823529,0.6219085763129181,3,Romantic Movies
4497,casual_viewer,645,0,87,6.766666666666667,35,25,1.4,0.6118911785132357,5,Romantic Movies
4498,casual_viewer,532,2,82,6.377777777777777,30,24,1.25,0.5655914877894449,8,Romantic Movies
4499,weekend_watcher,554,0,77,5.988888888888889,25,26,0.9615384615384616,0.7327458762303231,9,Kids' TV
4500,weekend_watcher,460,0,84,6.533333333333333,29,31,0.9354838709677419,0.6860408228323569,4,Romantic Movies
4501,power_binger,390,0,271,21.077777777777776,89,80,1.1125,0.8440927322181393,6,Crime TV Shows
4502,casual_viewer,135,2,84,6.533333333333333,30,26,1.1538461538461537,0.5611279198030941,3,Comedies
4503,churning_user,425,7,67,5.211111111111111,14,18,0.7777777777777778,0.2651881139497318,5,TV Dramas
4504,casual_viewer,597,2,80,6.222222222222222,24,29,0.8275862068965517,0.5967913053940602,3,Documentaries
4505,power_binger,319,0,261,20.3,99,79,1.2531645569620253,0.8510014079604304,8,TV Dramas
4506,casual_viewer,490,0,83,6.455555555555556,24,34,0.7058823529411765,0.5856416132498669,7,Romantic Movies
4507,casual_viewer,152,0,105,8.166666666666666,37,39,0.9487179487179487,0.6167651629080863,5,Romantic Movies
4508,power_binger,462,0,277,21.544444444444444,83,106,0.7830188679245284,0.8589248570882664,8,Crime TV Shows
4509,weekend_watcher,419,1,81,6.3,27,29,0.9310344827586207,0.6945313826720572,6,Romantic Movies
4510,casual_viewer,475,0,91,7.0777777777777775,31,33,0.9393939393939394,0.6138595059359991,4,Comedies
4511,churning_user,351,1,48,3.7333333333333334,4,14,0.2857142857142857,0.28727747328381287,8,Thrillers
4512,churning_user,156,0,57,4.433333333333334,5,20,0.25,0.29591079059208336,3,Thrillers
4513,weekend_watcher,301,0,71,5.522222222222222,30,21,1.4285714285714286,0.6824418750918879,6,Children & Family Movies
4514,power_binger,453,0,251,19.522222222222222,99,76,1.3026315789473684,0.8524798276838537,5,Sci-Fi & Fantasy
4515,power_binger,422,0,266,20.688888888888886,82,93,0.8817204301075269,0.8533964107751079,5,Thrillers
4516,casual_viewer,610,0,78,6.066666666666666,24,18,1.3333333333333333,0.6296082226553881,5,Documentaries
4517,casual_viewer,688,1,85,6.611111111111111,24,26,0.9230769230769231,0.6104275036483024,5,Documentaries
4518,casual_viewer,278,0,83,6.455555555555556,26,20,1.3,0.6021226992054941,4,Romantic Movies
4519,weekend_watcher,461,1,73,5.677777777777777,27,23,1.173913043478261,0.6836020932656162,5,Stand-Up Comedy
4520,casual_viewer,494,1,110,8.555555555555555,35,41,0.8536585365853658,0.616953890518685,7,Documentaries
4521,power_binger,298,0,252,19.599999999999998,86,73,1.178082191780822,0.857723744406385,4,TV Dramas
4522,casual_viewer,678,0,85,6.611111111111111,24,27,0.8888888888888888,0.5984648320796131,3,Romantic Movies
4523,weekend_watcher,115,1,78,6.066666666666666,26,25,1.04,0.7321828123011647,6,Stand-Up Comedy
4524,weekend_watcher,216,0,69,5.366666666666666,17,25,0.68,0.6973165300529318,8,Romantic Movies
4525,weekend_watcher,413,0,93,7.233333333333333,24,26,0.9230769230769231,0.6883230821923694,7,Children & Family Movies
4526,churning_user,130,1,70,5.444444444444445,10,13,0.7692307692307693,0.3171476121708709,4,Crime TV Shows
4527,weekend_watcher,629,0,89,6.922222222222222,31,31,1.0,0.7094793042233298,4,Stand-Up Comedy
4528,churning_user,133,6,53,4.122222222222222,7,16,0.4375,0.3118866949879763,8,TV Dramas
4529,casual_viewer,537,0,63,4.8999999999999995,21,18,1.1666666666666667,0.6170064023952927,3,Romantic Movies
4530,churning_user,443,0,59,4.588888888888889,14,16,0.875,0.3092650730618606,7,Crime TV Shows
4531,weekend_watcher,231,1,70,5.444444444444445,20,23,0.8695652173913043,0.6905281284573584,4,Children & Family Movies
4532,casual_viewer,176,1,89,6.922222222222222,21,33,0.6363636363636364,0.6130881975700833,4,Romantic Movies
4533,churning_user,384,6,59,4.588888888888889,13,14,0.9285714285714286,0.25801485136601354,5,Thrillers
4534,casual_viewer,185,1,84,6.533333333333333,24,32,0.75,0.6012040028944907,5,Comedies
4535,churning_user,398,0,44,3.422222222222222,13,8,1.625,0.33745319509780225,8,TV Dramas
4536,power_binger,532,1,237,18.433333333333334,63,84,0.75,0.8378605843881037,4,Crime TV Shows
4537,churning_user,469,0,63,4.8999999999999995,9,20,0.45,0.3236938710054195,8,Thrillers
4538,weekend_watcher,437,0,82,6.377777777777777,22,34,0.6470588235294118,0.6946867748847697,8,Kids' TV
4539,power_binger,230,0,251,19.522222222222222,101,83,1.216867469879518,0.8472830176829612,7,Sci-Fi & Fantasy
4540,casual_viewer,138,3,91,7.0777777777777775,26,36,0.7222222222222222,0.586961397859316,5,Romantic Movies
4541,power_binger,294,0,234,18.2,83,81,1.0246913580246915,0.8545694394774599,5,Crime TV Shows
4542,power_binger,519,0,245,19.055555555555554,73,89,0.8202247191011236,0.8411857278651375,9,Sci-Fi & Fantasy
4543,new_user,14,1,8,0.6222222222222222,8,0,2.0,0.40540881780574134,12,International TV Shows
4544,casual_viewer,372,2,96,7.466666666666667,25,36,0.6944444444444444,0.6076152509492113,4,Romantic Movies
4545,casual_viewer,509,0,89,6.922222222222222,28,28,1.0,0.6129423284593578,5,Romantic Movies
4546,casual_viewer,285,0,84,6.533333333333333,21,25,0.84,0.6169575691999205,8,Romantic Movies
4547,new_user,3,90,0,0.0,0,0,0.0,0.0,10,Crime TV Shows
4548,casual_viewer,626,0,92,7.155555555555555,25,28,0.8928571428571429,0.6436186063055382,7,Romantic Movies
4549,weekend_watcher,634,0,69,5.366666666666666,20,24,0.8333333333333334,0.715417420949432,8,Stand-Up Comedy
4550,casual_viewer,533,1,114,8.866666666666667,43,37,1.162162162162162,0.606641675187985,7,Documentaries
4551,power_binger,201,0,254,19.755555555555556,83,92,0.9021739130434783,0.864359757673365,6,Crime TV Shows
4552,churning_user,65,12,20,1.5555555555555556,4,10,0.4,0.2938654995771155,3,TV Dramas
4553,power_binger,226,0,249,19.366666666666667,75,95,0.7894736842105263,0.8514886841971637,6,Crime TV Shows
4554,churning_user,465,4,60,4.666666666666666,8,22,0.36363636363636365,0.27944350210458,7,Thrillers
4555,casual_viewer,313,1,105,8.166666666666666,30,38,0.7894736842105263,0.6051067171971484,8,Documentaries
4556,weekend_watcher,373,1,81,6.3,25,25,1.0,0.7372628513777009,6,Romantic Movies
4557,weekend_watcher,122,0,82,6.377777777777777,29,34,0.8529411764705882,0.6969142313753428,7,Romantic Movies
4558,weekend_watcher,704,1,70,5.444444444444445,25,24,1.0416666666666667,0.6568890772893269,7,Romantic Movies
4559,power_binger,652,0,297,23.099999999999998,106,86,1.2325581395348837,0.8419385888519108,6,Thrillers
4560,weekend_watcher,608,0,67,5.211111111111111,21,25,0.84,0.6929147398678864,9,Stand-Up Comedy
4561,new_user,23,4,15,1.1666666666666665,15,0,2.0,0.6365410346381997,8,Reality TV
4562,casual_viewer,215,1,83,6.455555555555556,32,26,1.2307692307692308,0.5891209211190166,3,Comedies
4563,casual_viewer,622,0,80,6.222222222222222,24,20,1.2,0.6265867118842714,7,Comedies
4564,weekend_watcher,110,0,93,7.233333333333333,29,28,1.0357142857142858,0.707238876882561,5,Romantic Movies
4565,power_binger,499,0,244,18.977777777777778,84,80,1.05,0.844685115599915,9,TV Dramas
4566,churning_user,341,0,51,3.9666666666666663,14,10,1.4,0.34546758155288404,8,TV Dramas
4567,weekend_watcher,211,0,93,7.233333333333333,31,31,1.0,0.7265522092139086,6,Kids' TV
4568,power_binger,437,0,266,20.688888888888886,96,89,1.0786516853932584,0.838136944488736,4,Crime TV Shows
4569,churning_user,127,1,50,3.888888888888889,9,13,0.6923076923076923,0.3396769377117761,6,Crime TV Shows
4570,churning_user,214,5,64,4.977777777777778,11,21,0.5238095238095238,0.28009875119124733,4,TV Dramas
4571,casual_viewer,388,0,84,6.533333333333333,30,23,1.3043478260869565,0.5934294277103458,8,Romantic Movies
4572,weekend_watcher,461,0,68,5.288888888888889,25,24,1.0416666666666667,0.7151171091322241,7,Romantic Movies
4573,power_binger,511,0,247,19.21111111111111,75,92,0.8152173913043478,0.8539088829648852,4,Thrillers
4574,casual_viewer,535,1,89,6.922222222222222,27,30,0.9,0.6086434004301288,6,Documentaries
4575,weekend_watcher,383,0,72,5.6,25,26,0.9615384615384616,0.7208255700666035,6,Stand-Up Comedy
4576,power_binger,612,0,207,16.099999999999998,62,67,0.9253731343283582,0.8595395244239675,4,Thrillers
4577,weekend_watcher,113,0,82,6.377777777777777,25,29,0.8620689655172413,0.7420343209124851,7,Romantic Movies
4578,power_binger,660,0,279,21.7,95,101,0.9405940594059405,0.8495628955880244,5,Sci-Fi & Fantasy
4579,casual_viewer,663,1,102,7.933333333333333,30,36,0.8333333333333334,0.6113179790299241,6,Romantic Movies
4580,power_binger,718,0,244,18.977777777777778,76,97,0.7835051546391752,0.848999537781569,4,Thrillers
4581,churning_user,104,0,69,5.366666666666666,12,12,1.0,0.2853422001399325,3,TV Dramas
4582,weekend_watcher,482,0,77,5.988888888888889,25,24,1.0416666666666667,0.7185798570236396,6,Stand-Up Comedy
4583,weekend_watcher,394,1,81,6.3,31,20,1.55,0.7020325255338787,5,Children & Family Movies
4584,new_user,8,1,3,0.23333333333333334,3,0,2.0,0.39164435851355855,9,Stand-Up Comedy
4585,churning_user,470,7,59,4.588888888888889,4,19,0.21052631578947367,0.3379399535732593,4,TV Dramas
4586,weekend_watcher,114,0,75,5.833333333333333,35,19,1.8421052631578947,0.7163302545956973,4,Kids' TV
4587,churning_user,444,0,61,4.7444444444444445,4,20,0.2,0.3130704395037552,4,Thrillers
4588,new_user,18,0,16,1.2444444444444445,16,0,2.0,0.489312622304339,14,Children & Family Movies
4589,churning_user,166,1,64,4.977777777777778,11,22,0.5,0.31229176717127793,5,TV Dramas
4590,weekend_watcher,597,0,92,7.155555555555555,41,26,1.5769230769230769,0.717239946746773,8,Stand-Up Comedy
4591,casual_viewer,563,0,106,8.244444444444444,28,36,0.7777777777777778,0.606852827779882,5,Comedies
4592,casual_viewer,677,1,86,6.688888888888888,23,27,0.8518518518518519,0.5996560511973131,4,Romantic Movies
4593,weekend_watcher,699,2,63,4.8999999999999995,19,25,0.76,0.7196689580371058,5,Kids' TV
4594,casual_viewer,553,0,81,6.3,30,21,1.4285714285714286,0.5842927944750342,5,Romantic Movies
4595,casual_viewer,638,0,89,6.922222222222222,25,25,1.0,0.628382890628722,4,Romantic Movies
4596,new_user,15,1,5,0.3888888888888889,5,0,2.0,0.34139106410599085,9,Crime TV Shows
4597,casual_viewer,583,0,68,5.288888888888889,20,25,0.8,0.5891663915492579,6,Documentaries
4598,power_binger,363,0,249,19.366666666666667,82,84,0.9761904761904762,0.8437034860382862,9,Sci-Fi & Fantasy
4599,casual_viewer,529,2,91,7.0777777777777775,31,28,1.1071428571428572,0.6149518548196992,6,Romantic Movies
4600,casual_viewer,255,1,97,7.544444444444444,29,29,1.0,0.6087860572607124,3,Romantic Movies
4601,churning_user,133,0,51,3.9666666666666663,6,17,0.35294117647058826,0.2703823660458229,7,Thrillers
4602,new_user,24,3,22,1.711111111111111,22,0,2.0,0.5474691780949985,8,Dramas
4603,new_user,13,1,5,0.3888888888888889,5,0,2.0,0.5008896049096176,15,International TV Shows
4604,churning_user,270,1,58,4.511111111111111,8,12,0.6666666666666666,0.27332885035553706,4,TV Dramas
4605,churning_user,101,11,52,4.044444444444444,5,23,0.21739130434782608,0.33161883762537353,4,Crime TV Shows
4606,casual_viewer,199,0,77,5.988888888888889,14,26,0.5384615384615384,0.6055108780958582,8,Documentaries
4607,weekend_watcher,100,0,77,5.988888888888889,33,24,1.375,0.7056039334156872,5,Romantic Movies
4608,casual_viewer,457,2,98,7.622222222222222,28,33,0.8484848484848485,0.5975176177122588,5,Documentaries
4609,power_binger,570,0,283,22.01111111111111,100,100,1.0,0.846353877499663,7,Thrillers
4610,new_user,18,1,18,1.4,18,0,2.0,0.4385729950788841,8,TV Comedies
4611,weekend_watcher,99,0,78,6.066666666666666,26,25,1.04,0.6784861321081397,7,Romantic Movies
4612,casual_viewer,671,0,86,6.688888888888888,24,32,0.75,0.6170524907964716,8,Romantic Movies
4613,churning_user,406,4,46,3.5777777777777775,8,11,0.7272727272727273,0.306051885623998,7,Crime TV Shows
4614,casual_viewer,176,1,81,6.3,32,26,1.2307692307692308,0.5973388212453788,8,Romantic Movies
4615,casual_viewer,129,0,96,7.466666666666667,34,31,1.096774193548387,0.6082617357544092,4,Documentaries
4616,casual_viewer,333,1,85,6.611111111111111,25,30,0.8333333333333334,0.5779178038100541,7,Documentaries
4617,power_binger,305,0,259,20.144444444444442,81,96,0.84375,0.8579447728926913,6,Thrillers
4618,churning_user,128,0,54,4.2,8,17,0.47058823529411764,0.2961776198113149,7,TV Dramas
4619,casual_viewer,653,0,106,8.244444444444444,34,34,1.0,0.5742204374244135,7,Romantic Movies
4620,churning_user,168,0,56,4.355555555555555,10,18,0.5555555555555556,0.3047206767998429,4,Thrillers
4621,casual_viewer,606,0,96,7.466666666666667,30,29,1.0344827586206897,0.6163527299865793,8,Romantic Movies
4622,new_user,1,90,0,0.0,0,0,0.0,0.0,9,Docuseries
4623,churning_user,98,7,68,5.288888888888889,11,19,0.5789473684210527,0.337671905684396,8,Thrillers
4624,weekend_watcher,295,0,67,5.211111111111111,28,23,1.2173913043478262,0.7149912536976697,8,Romantic Movies
4625,power_binger,675,0,248,19.288888888888888,69,90,0.7666666666666667,0.8461996485746218,8,Sci-Fi & Fantasy
4626,churning_user,148,2,77,5.988888888888889,13,18,0.7222222222222222,0.2688031512772046,8,TV Dramas
4627,weekend_watcher,176,2,73,5.677777777777777,23,29,0.7931034482758621,0.692307860887926,9,Romantic Movies
4628,casual_viewer,689,0,90,7.0,31,37,0.8378378378378378,0.6014140828504624,5,Documentaries
4629,power_binger,663,0,279,21.7,90,95,0.9473684210526315,0.8516864039240046,9,TV Dramas
4630,casual_viewer,647,0,90,7.0,31,29,1.0689655172413792,0.5956486434138106,5,Documentaries
4631,casual_viewer,144,0,111,8.633333333333333,35,39,0.8974358974358975,0.5765277832479384,5,Romantic Movies
4632,casual_viewer,707,0,82,6.377777777777777,29,24,1.2083333333333333,0.6318267802910921,8,Romantic Movies
4633,casual_viewer,658,2,94,7.311111111111111,25,36,0.6944444444444444,0.6164464738176239,5,Romantic Movies
4634,casual_viewer,586,0,88,6.844444444444444,34,24,1.4166666666666667,0.6021622337867288,8,Romantic Movies
4635,churning_user,107,1,58,4.511111111111111,10,16,0.625,0.2880822797602937,6,TV Dramas
4636,power_binger,265,0,258,20.066666666666666,72,89,0.8089887640449438,0.8629691984766912,8,TV Dramas
4637,casual_viewer,117,1,78,6.066666666666666,26,27,0.9629629629629629,0.5670733600082335,3,Romantic Movies
4638,churning_user,145,1,54,4.2,6,17,0.35294117647058826,0.32194791437738807,7,Thrillers
4639,power_binger,204,1,229,17.81111111111111,65,87,0.7471264367816092,0.859260079889552,5,Crime TV Shows
4640,casual_viewer,406,0,87,6.766666666666667,28,30,0.9333333333333333,0.5786322239406371,6,Documentaries
4641,casual_viewer,319,1,75,5.833333333333333,28,25,1.12,0.5980858693720862,4,Comedies
4642,power_binger,567,0,260,20.22222222222222,84,92,0.9130434782608695,0.8600276200288139,9,Sci-Fi & Fantasy
4643,casual_viewer,321,0,112,8.71111111111111,38,38,1.0,0.6000863955463485,6,Comedies
4644,power_binger,219,0,259,20.144444444444442,77,94,0.8191489361702128,0.8442655204766913,6,Crime TV Shows
4645,casual_viewer,168,2,91,7.0777777777777775,24,30,0.8,0.592696003520684,3,Romantic Movies
4646,new_user,16,1,9,0.7,9,0,2.0,0.40568164352324826,9,British TV Shows
4647,new_user,29,2,26,2.022222222222222,26,0,2.0,0.4202101831410984,9,International TV Shows
4648,casual_viewer,675,0,96,7.466666666666667,26,39,0.6666666666666666,0.6051450410799964,5,Documentaries
4649,casual_viewer,115,0,99,7.699999999999999,34,33,1.0303030303030303,0.6101809652747681,7,Documentaries
4650,casual_viewer,174,0,90,7.0,27,38,0.7105263157894737,0.584277781284121,7,Documentaries
4651,weekend_watcher,527,1,81,6.3,35,28,1.25,0.68283033858638,5,Kids' TV
4652,weekend_watcher,283,1,84,6.533333333333333,23,28,0.8214285714285714,0.6697374624571647,5,Stand-Up Comedy
4653,power_binger,577,0,248,19.288888888888888,80,87,0.9195402298850575,0.8447530635621144,8,Thrillers
4654,power_binger,558,1,276,21.466666666666665,87,91,0.9560439560439561,0.8464737627925002,8,Sci-Fi & Fantasy
4655,casual_viewer,225,0,109,8.477777777777778,32,38,0.8421052631578947,0.6149183691871628,3,Comedies
4656,weekend_watcher,254,0,79,6.144444444444444,25,31,0.8064516129032258,0.6991066095819801,6,Stand-Up Comedy
4657,weekend_watcher,679,1,68,5.288888888888889,24,20,1.2,0.6677902625537959,4,Children & Family Movies
4658,power_binger,207,0,258,20.066666666666666,81,97,0.8350515463917526,0.8484662897770817,9,Sci-Fi & Fantasy
4659,churning_user,248,4,63,4.8999999999999995,11,17,0.6470588235294118,0.28820023299560105,6,TV Dramas
4660,power_binger,269,0,243,18.9,84,76,1.105263157894737,0.8634673990609332,7,Thrillers
4661,churning_user,175,6,64,4.977777777777778,9,18,0.5,0.3170834273635671,7,TV Dramas
4662,new_user,19,1,12,0.9333333333333333,12,0,2.0,0.5650866986966033,14,Thrillers
4663,casual_viewer,345,0,94,7.311111111111111,29,30,0.9666666666666667,0.6112243038672552,5,Comedies
4664,power_binger,532,0,233,18.12222222222222,95,67,1.4179104477611941,0.8325159254897428,8,Sci-Fi & Fantasy
4665,churning_user,109,6,76,5.9111111111111105,10,23,0.43478260869565216,0.29834714398745665,5,TV Dramas
4666,casual_viewer,389,2,95,7.388888888888888,40,24,1.6666666666666667,0.6045938500073811,3,Comedies
4667,weekend_watcher,293,0,74,5.7555555555555555,24,25,0.96,0.7034273554474826,8,Romantic Movies
4668,casual_viewer,519,0,99,7.699999999999999,29,30,0.9666666666666667,0.5482890967227684,3,Comedies
4669,weekend_watcher,700,0,90,7.0,31,28,1.1071428571428572,0.7306929076887485,6,Kids' TV
4670,casual_viewer,656,0,88,6.844444444444444,27,29,0.9310344827586207,0.5976908680826738,7,Documentaries
4671,power_binger,215,0,264,20.53333333333333,102,90,1.1333333333333333,0.8554918336684291,8,Thrillers
4672,casual_viewer,462,0,105,8.166666666666666,34,30,1.1333333333333333,0.5768990532297812,8,Documentaries
4673,power_binger,279,0,238,18.51111111111111,77,81,0.9506172839506173,0.8515395903186412,5,TV Dramas
4674,casual_viewer,496,0,97,7.544444444444444,30,36,0.8333333333333334,0.5940516112371106,8,Romantic Movies
4675,churning_user,233,10,65,5.055555555555555,10,17,0.5882352941176471,0.3113651863701732,3,TV Dramas
4676,power_binger,387,0,281,21.855555555555554,98,76,1.2894736842105263,0.8318275884149383,7,TV Dramas
4677,power_binger,457,0,235,18.27777777777778,72,89,0.8089887640449438,0.8438083804364833,9,Crime TV Shows
4678,power_binger,701,0,285,22.166666666666664,106,85,1.2470588235294118,0.8542873014034139,4,Sci-Fi & Fantasy
4679,power_binger,658,0,226,17.577777777777776,80,67,1.1940298507462686,0.8505528283411998,7,Thrillers
4680,weekend_watcher,619,1,75,5.833333333333333,30,19,1.5789473684210527,0.7020433253673085,4,Stand-Up Comedy
4681,new_user,20,1,16,1.2444444444444445,16,0,2.0,0.46681962150865164,10,Romantic Movies
4682,power_binger,201,0,293,22.788888888888888,104,96,1.0833333333333333,0.8418783566118371,5,TV Dramas
4683,weekend_watcher,660,5,73,5.677777777777777,23,24,0.9583333333333334,0.7109618668851629,4,Romantic Movies
4684,weekend_watcher,576,0,74,5.7555555555555555,23,27,0.8518518518518519,0.6944152264044522,7,Stand-Up Comedy
4685,new_user,21,0,12,0.9333333333333333,12,0,2.0,0.5896751590548592,8,Horror Movies
4686,casual_viewer,261,0,89,6.922222222222222,22,38,0.5789473684210527,0.6252846842517495,3,Comedies
4687,casual_viewer,453,1,88,6.844444444444444,26,32,0.8125,0.6182675295430557,7,Comedies
4688,casual_viewer,594,0,93,7.233333333333333,34,25,1.36,0.5878671894661585,8,Comedies
4689,weekend_watcher,365,1,91,7.0777777777777775,32,36,0.8888888888888888,0.6826877103071143,7,Kids' TV
4690,weekend_watcher,172,0,69,5.366666666666666,20,28,0.7142857142857143,0.6559092818270408,4,Romantic Movies
4691,casual_viewer,360,0,96,7.466666666666667,31,37,0.8378378378378378,0.590310571717353,3,Documentaries
4692,casual_viewer,211,2,84,6.533333333333333,30,24,1.25,0.6156504090337745,8,Documentaries
4693,weekend_watcher,533,1,79,6.144444444444444,25,26,0.9615384615384616,0.670672281204567,8,Romantic Movies
4694,weekend_watcher,525,0,72,5.6,32,20,1.6,0.7019485724696175,7,Kids' TV
4695,casual_viewer,437,1,111,8.633333333333333,35,40,0.875,0.584289239541082,7,Documentaries
4696,churning_user,186,1,60,4.666666666666666,13,18,0.7222222222222222,0.3312286844467007,7,Crime TV Shows
4697,casual_viewer,677,0,91,7.0777777777777775,26,31,0.8387096774193549,0.5753860760054168,8,Documentaries
4698,casual_viewer,624,5,99,7.699999999999999,33,32,1.03125,0.6249691394093151,6,Romantic Movies
4699,churning_user,167,3,50,3.888888888888889,15,9,1.6666666666666667,0.2903488028865877,6,Crime TV Shows
4700,weekend_watcher,248,0,73,5.677777777777777,23,23,1.0,0.6803567587325954,4,Stand-Up Comedy
4701,new_user,3,1,4,0.3111111111111111,4,0,2.0,0.4299721625193206,15,Crime TV Shows
4702,casual_viewer,500,0,99,7.699999999999999,29,33,0.8787878787878788,0.5970672585630022,6,Romantic Movies
4703,casual_viewer,167,0,75,5.833333333333333,17,25,0.68,0.5939831834373194,7,Romantic Movies
4704,casual_viewer,164,0,103,8.011111111111111,31,39,0.7948717948717948,0.6018655549416747,5,Romantic Movies
4705,power_binger,585,0,245,19.055555555555554,86,78,1.1025641025641026,0.8452179507159141,9,Thrillers
4706,casual_viewer,332,4,114,8.866666666666667,33,39,0.8461538461538461,0.622675325383092,4,Comedies
4707,power_binger,689,0,273,21.23333333333333,80,93,0.8602150537634409,0.8656689135224073,6,Crime TV Shows
4708,casual_viewer,474,0,85,6.611111111111111,23,29,0.7931034482758621,0.6306280246703889,3,Romantic Movies
4709,power_binger,447,0,250,19.444444444444443,65,89,0.7303370786516854,0.8558712385126042,4,Thrillers
4710,casual_viewer,138,0,85,6.611111111111111,19,27,0.7037037037037037,0.574882612324491,4,Comedies
4711,weekend_watcher,345,1,58,4.511111111111111,22,19,1.1578947368421053,0.6946293486576036,6,Stand-Up Comedy
4712,casual_viewer,361,0,87,6.766666666666667,21,32,0.65625,0.608049336329879,8,Romantic Movies
4713,churning_user,135,2,56,4.355555555555555,7,12,0.5833333333333334,0.27756801282849025,7,TV Dramas
4714,new_user,28,0,23,1.7888888888888888,23,0,2.0,0.5129220967644786,13,Music & Musicals
4715,churning_user,368,4,62,4.822222222222222,9,18,0.5,0.3284748672885098,5,TV Dramas
4716,power_binger,692,0,246,19.133333333333333,70,92,0.7608695652173914,0.8555719959669977,8,Sci-Fi & Fantasy
4717,casual_viewer,564,0,93,7.233333333333333,29,36,0.8055555555555556,0.6149934147012244,8,Documentaries
4718,churning_user,273,8,50,3.888888888888889,3,16,0.1875,0.34336552077543664,7,Crime TV Shows
4719,churning_user,379,5,54,4.2,6,16,0.375,0.3207775463425918,7,TV Dramas
4720,power_binger,728,0,237,18.433333333333334,81,79,1.0253164556962024,0.8431158685885058,7,Thrillers
4721,casual_viewer,211,0,104,8.088888888888889,44,23,1.9130434782608696,0.6067618436579107,8,Romantic Movies
4722,churning_user,92,3,68,5.288888888888889,7,20,0.35,0.27690126042039004,5,TV Dramas
4723,casual_viewer,139,4,96,7.466666666666667,33,33,1.0,0.5763513526749227,8,Romantic Movies
4724,churning_user,138,2,61,4.7444444444444445,8,19,0.42105263157894735,0.2558517386260045,6,Thrillers
4725,power_binger,398,0,290,22.555555555555554,95,98,0.9693877551020408,0.8584814450294356,6,TV Dramas
4726,casual_viewer,126,1,78,6.066666666666666,17,23,0.7391304347826086,0.5977651954909359,7,Romantic Movies
4727,weekend_watcher,570,0,85,6.611111111111111,30,29,1.0344827586206897,0.7115542415739323,7,Children & Family Movies
4728,casual_viewer,144,1,94,7.311111111111111,28,31,0.9032258064516129,0.6171262961637062,7,Comedies
4729,churning_user,436,1,53,4.122222222222222,10,14,0.7142857142857143,0.27258882427762116,6,TV Dramas
4730,casual_viewer,105,0,79,6.144444444444444,18,26,0.6923076923076923,0.6115642331961948,8,Documentaries
4731,casual_viewer,559,0,87,6.766666666666667,24,29,0.8275862068965517,0.5799643738769846,7,Romantic Movies
4732,new_user,20,1,13,1.011111111111111,13,0,2.0,0.36192166835878,15,Crime TV Shows
4733,casual_viewer,493,1,81,6.3,28,28,1.0,0.6185007318865762,3,Comedies
4734,casual_viewer,412,1,103,8.011111111111111,23,32,0.71875,0.6080322242449198,8,Romantic Movies
4735,new_user,8,0,6,0.4666666666666667,6,0,2.0,0.5770957824611723,8,Thrillers
4736,weekend_watcher,350,0,86,6.688888888888888,33,20,1.65,0.7137825378404254,8,Romantic Movies
4737,churning_user,266,1,64,4.977777777777778,9,12,0.75,0.30708715637104866,5,Thrillers
4738,power_binger,228,0,274,21.31111111111111,86,99,0.8686868686868687,0.8446613729689108,9,Sci-Fi & Fantasy
4739,power_binger,700,0,243,18.9,71,85,0.8352941176470589,0.8480963082112525,5,TV Dramas
4740,churning_user,313,15,56,4.355555555555555,3,16,0.1875,0.279599603683643,5,TV Dramas
4741,casual_viewer,442,4,88,6.844444444444444,22,32,0.6875,0.6073667471022248,4,Comedies
4742,casual_viewer,171,2,78,6.066666666666666,21,35,0.6,0.5765847540005538,4,Romantic Movies
4743,weekend_watcher,474,0,84,6.533333333333333,30,29,1.0344827586206897,0.6915362912250443,8,Stand-Up Comedy
4744,casual_viewer,603,0,89,6.922222222222222,34,26,1.3076923076923077,0.6024123911084218,4,Romantic Movies
4745,power_binger,644,0,256,19.91111111111111,95,77,1.2337662337662338,0.8580516017822338,7,Crime TV Shows
4746,power_binger,483,0,233,18.12222222222222,78,75,1.04,0.8540445280823629,8,Crime TV Shows
4747,casual_viewer,408,0,70,5.444444444444445,22,18,1.2222222222222223,0.6104912307950033,8,Romantic Movies
4748,churning_user,413,9,59,4.588888888888889,8,13,0.6153846153846154,0.31437973615293985,8,Thrillers
4749,weekend_watcher,692,2,77,5.988888888888889,22,31,0.7096774193548387,0.686619450999587,6,Kids' TV
4750,power_binger,291,0,259,20.144444444444442,80,90,0.8888888888888888,0.8441670819294195,5,Sci-Fi & Fantasy
4751,power_binger,354,0,235,18.27777777777778,76,66,1.1515151515151516,0.8471365432326536,4,TV Dramas
4752,churning_user,204,3,65,5.055555555555555,11,13,0.8461538461538461,0.34016258752681416,4,TV Dramas
4753,casual_viewer,407,1,85,6.611111111111111,25,31,0.8064516129032258,0.6236035187124526,3,Romantic Movies
4754,casual_viewer,643,2,84,6.533333333333333,24,30,0.8,0.5868219361134518,6,Comedies
4755,new_user,24,0,15,1.1666666666666665,15,0,2.0,0.43447242049229395,13,Music & Musicals
4756,churning_user,168,4,54,4.2,8,13,0.6153846153846154,0.2867580653300167,8,Thrillers
4757,casual_viewer,634,1,104,8.088888888888889,32,33,0.9696969696969697,0.5906180218016972,3,Documentaries
4758,new_user,19,0,9,0.7,9,0,2.0,0.6172426709667057,15,Reality TV
4759,power_binger,373,1,270,21.0,86,98,0.8775510204081632,0.8551414791106908,4,Thrillers
4760,new_user,9,1,5,0.3888888888888889,5,0,2.0,0.7241608490660896,12,Action & Adventure
4761,churning_user,306,12,50,3.888888888888889,5,11,0.45454545454545453,0.3195672510958889,4,Thrillers
4762,churning_user,266,0,54,4.2,8,18,0.4444444444444444,0.33434182946516816,3,Crime TV Shows
4763,new_user,25,0,20,1.5555555555555556,20,0,2.0,0.5479824982589889,10,Children & Family Movies
4764,churning_user,402,0,55,4.277777777777778,11,17,0.6470588235294118,0.3362729676109464,6,TV Dramas
4765,casual_viewer,102,0,71,5.522222222222222,20,22,0.9090909090909091,0.651411522964616,4,Romantic Movies
4766,casual_viewer,534,0,82,6.377777777777777,21,27,0.7777777777777778,0.6081354317544342,4,Documentaries
4767,churning_user,242,6,53,4.122222222222222,9,15,0.6,0.27629293310220865,3,TV Dramas
4768,churning_user,80,0,47,3.6555555555555554,7,17,0.4117647058823529,0.34985001220789536,6,TV Dramas
4769,casual_viewer,319,0,102,7.933333333333333,29,35,0.8285714285714286,0.5987096762181814,3,Documentaries
4770,weekend_watcher,396,0,77,5.988888888888889,21,38,0.5526315789473685,0.6666936430460008,6,Stand-Up Comedy
4771,churning_user,266,6,59,4.588888888888889,5,20,0.25,0.304984764601541,3,Crime TV Shows
4772,casual_viewer,480,1,74,5.7555555555555555,24,24,1.0,0.621056165270219,8,Comedies
4773,power_binger,692,0,267,20.766666666666666,92,86,1.069767441860465,0.8533878498521135,8,Crime TV Shows
4774,casual_viewer,675,0,88,6.844444444444444,20,32,0.625,0.6193869303350522,3,Documentaries
4775,power_binger,320,0,254,19.755555555555556,86,82,1.048780487804878,0.8469305795014711,7,Sci-Fi & Fantasy
4776,power_binger,518,0,274,21.31111111111111,89,100,0.89,0.8381020804007606,7,Crime TV Shows
4777,casual_viewer,557,0,97,7.544444444444444,30,36,0.8333333333333334,0.6004392403021496,3,Documentaries
4778,power_binger,673,0,255,19.833333333333332,79,82,0.9634146341463414,0.8327929848196567,9,Thrillers
4779,casual_viewer,427,0,86,6.688888888888888,27,32,0.84375,0.5947454499255415,7,Romantic Movies
4780,churning_user,394,0,52,4.044444444444444,8,15,0.5333333333333333,0.35121074004536507,4,Crime TV Shows
4781,casual_viewer,627,0,110,8.555555555555555,29,45,0.6444444444444445,0.5990452016064041,5,Documentaries
4782,new_user,12,0,8,0.6222222222222222,8,0,2.0,0.3355423841752537,12,International TV Shows
4783,new_user,8,1,5,0.3888888888888889,5,0,2.0,0.29134494265473543,9,Children & Family Movies
4784,churning_user,331,0,54,4.2,11,18,0.6111111111111112,0.3534607246888605,4,Crime TV Shows
4785,new_user,3,0,1,0.07777777777777778,1,0,2.0,0.8420703187677184,8,International Movies
4786,weekend_watcher,522,0,70,5.444444444444445,20,27,0.7407407407407407,0.7055479578210637,4,Stand-Up Comedy
4787,casual_viewer,462,2,94,7.311111111111111,28,32,0.875,0.6015109202592724,8,Comedies
4788,weekend_watcher,571,0,81,6.3,31,22,1.4090909090909092,0.6858351110496698,9,Stand-Up Comedy
4789,power_binger,574,1,255,19.833333333333332,78,86,0.9069767441860465,0.8581915772184515,5,Thrillers
4790,churning_user,118,0,47,3.6555555555555554,10,16,0.625,0.33543377752758924,5,Crime TV Shows
4791,casual_viewer,726,1,73,5.677777777777777,21,22,0.9545454545454546,0.5801243731349984,5,Romantic Movies
4792,power_binger,709,0,255,19.833333333333332,91,65,1.4,0.8518322391352717,5,Thrillers
4793,casual_viewer,708,1,99,7.699999999999999,33,31,1.064516129032258,0.5811735716099516,4,Documentaries
4794,new_user,5,0,5,0.3888888888888889,5,0,2.0,0.3621095855610073,14,Music & Musicals
4795,casual_viewer,127,2,104,8.088888888888889,35,32,1.09375,0.6052686526250292,7,Comedies
4796,power_binger,418,0,258,20.066666666666666,102,84,1.2142857142857142,0.851067722782961,6,Thrillers
4797,power_binger,490,0,257,19.988888888888887,87,85,1.0235294117647058,0.8474845299549804,6,TV Dramas
4798,casual_viewer,510,2,82,6.377777777777777,31,22,1.4090909090909092,0.616751993971288,7,Documentaries
4799,weekend_watcher,257,1,75,5.833333333333333,25,23,1.0869565217391304,0.6713370759678933,6,Children & Family Movies
4800,weekend_watcher,453,0,79,6.144444444444444,24,25,0.96,0.6840451915681579,8,Children & Family Movies
4801,casual_viewer,421,0,94,7.311111111111111,34,27,1.2592592592592593,0.604598293357289,3,Documentaries
4802,casual_viewer,489,0,104,8.088888888888889,28,32,0.875,0.6076403094617963,5,Documentaries
4803,power_binger,485,0,267,20.766666666666666,100,88,1.1363636363636365,0.852224031681765,4,TV Dramas
4804,casual_viewer,432,2,107,8.322222222222221,36,35,1.0285714285714285,0.6111688253884112,4,Documentaries
4805,weekend_watcher,362,0,80,6.222222222222222,23,27,0.8518518518518519,0.6871159025142577,6,Romantic Movies
4806,weekend_watcher,160,1,89,6.922222222222222,26,31,0.8387096774193549,0.7129999590668079,5,Children & Family Movies
4807,casual_viewer,580,1,79,6.144444444444444,25,29,0.8620689655172413,0.6132299117602638,7,Romantic Movies
4808,churning_user,341,0,53,4.122222222222222,11,20,0.55,0.31874245569279147,4,Thrillers
4809,casual_viewer,140,0,81,6.3,25,30,0.8333333333333334,0.6000704587186357,5,Comedies
4810,churning_user,78,1,30,2.333333333333333,6,12,0.5,0.33235691242880355,8,Crime TV Shows
4811,churning_user,105,7,54,4.2,7,22,0.3181818181818182,0.2867818896881,7,Thrillers
4812,churning_user,241,10,59,4.588888888888889,8,19,0.42105263157894735,0.317603576545911,8,Thrillers
4813,churning_user,420,3,52,4.044444444444444,10,20,0.5,0.32839843996509427,5,Crime TV Shows
4814,new_user,18,1,17,1.3222222222222222,17,0,2.0,0.38058601152408567,11,Children & Family Movies
4815,casual_viewer,176,4,88,6.844444444444444,33,24,1.375,0.5889961507232138,8,Comedies
4816,power_binger,524,0,256,19.91111111111111,85,80,1.0625,0.851341456168804,4,Sci-Fi & Fantasy
4817,casual_viewer,177,0,78,6.066666666666666,25,32,0.78125,0.608237095652021,8,Documentaries
4818,churning_user,345,6,67,5.211111111111111,8,20,0.4,0.27215640474999847,3,Thrillers
4819,churning_user,280,10,61,4.7444444444444445,6,20,0.3,0.2946027432784411,3,Thrillers
4820,churning_user,484,8,60,4.666666666666666,8,13,0.6153846153846154,0.30488775392172834,7,Thrillers
4821,weekend_watcher,261,0,69,5.366666666666666,14,22,0.6363636363636364,0.7011997511788107,7,Children & Family Movies
4822,casual_viewer,244,0,85,6.611111111111111,26,21,1.2380952380952381,0.6222134223099094,7,Comedies
4823,churning_user,73,6,34,2.6444444444444444,10,16,0.625,0.270103132779925,7,Crime TV Shows
4824,weekend_watcher,642,1,79,6.144444444444444,34,21,1.619047619047619,0.6994981244702713,9,Children & Family Movies
4825,casual_viewer,246,1,66,5.133333333333333,25,22,1.1363636363636365,0.6005940122016579,5,Documentaries
4826,casual_viewer,729,1,85,6.611111111111111,22,34,0.6470588235294118,0.5748999668225251,6,Documentaries
4827,power_binger,456,0,264,20.53333333333333,98,80,1.225,0.8544232479052578,4,Sci-Fi & Fantasy
4828,casual_viewer,613,0,87,6.766666666666667,33,30,1.1,0.5915926390557533,4,Documentaries
4829,weekend_watcher,568,0,82,6.377777777777777,21,30,0.7,0.6863319872338816,7,Children & Family Movies
4830,new_user,19,0,13,1.011111111111111,13,0,2.0,0.44222793831411494,14,British TV Shows
4831,churning_user,266,2,53,4.122222222222222,7,17,0.4117647058823529,0.3232050268127034,8,Crime TV Shows
4832,casual_viewer,340,2,86,6.688888888888888,20,35,0.5714285714285714,0.6221044211152283,6,Documentaries
4833,churning_user,459,1,66,5.133333333333333,9,15,0.6,0.28104593365603986,6,Thrillers
4834,weekend_watcher,195,0,74,5.7555555555555555,22,30,0.7333333333333333,0.6713897022131068,5,Stand-Up Comedy
4835,casual_viewer,120,1,78,6.066666666666666,25,26,0.9615384615384616,0.6316621171268532,3,Comedies
4836,weekend_watcher,166,0,77,5.988888888888889,33,24,1.375,0.7298890649481855,5,Romantic Movies
4837,power_binger,667,0,266,20.688888888888886,85,82,1.0365853658536586,0.8528167052820461,9,TV Dramas
4838,power_binger,312,0,251,19.522222222222222,93,84,1.1071428571428572,0.8489961680093013,6,Thrillers
4839,power_binger,471,0,240,18.666666666666664,81,74,1.0945945945945945,0.8427061047201979,8,TV Dramas
4840,power_binger,543,0,269,20.92222222222222,100,81,1.2345679012345678,0.8469236669541922,4,Crime TV Shows
4841,weekend_watcher,251,1,83,6.455555555555556,30,28,1.0714285714285714,0.7183312803427294,7,Romantic Movies
4842,casual_viewer,218,1,97,7.544444444444444,31,32,0.96875,0.603680002257272,4,Comedies
4843,casual_viewer,177,2,98,7.622222222222222,26,30,0.8666666666666667,0.5904541773043248,8,Documentaries
4844,casual_viewer,118,1,96,7.466666666666667,33,34,0.9705882352941176,0.5940002719941453,7,Comedies
4845,casual_viewer,241,0,100,7.777777777777778,24,44,0.5454545454545454,0.5952899711559813,5,Romantic Movies
4846,casual_viewer,223,0,106,8.244444444444444,19,43,0.4418604651162791,0.5677571452943757,6,Comedies
4847,power_binger,435,0,238,18.51111111111111,73,79,0.9240506329113924,0.8533033211422162,7,Sci-Fi & Fantasy
4848,churning_user,416,0,62,4.822222222222222,8,17,0.47058823529411764,0.29869729849353827,6,TV Dramas
4849,power_binger,557,0,269,20.92222222222222,86,89,0.9662921348314607,0.8558419578007275,6,TV Dramas
4850,weekend_watcher,711,1,89,6.922222222222222,23,40,0.575,0.7026015668109464,8,Children & Family Movies
4851,casual_viewer,693,0,95,7.388888888888888,32,33,0.9696969696969697,0.6113964957362853,5,Comedies
4852,weekend_watcher,215,1,75,5.833333333333333,18,22,0.8181818181818182,0.6849607053039325,5,Stand-Up Comedy
4853,weekend_watcher,675,0,96,7.466666666666667,33,30,1.1,0.6983943066383324,9,Romantic Movies
4854,power_binger,515,0,253,19.677777777777777,80,86,0.9302325581395349,0.8412561191285054,8,Sci-Fi & Fantasy
4855,power_binger,499,0,278,21.62222222222222,89,95,0.9368421052631579,0.8411215573442751,6,Crime TV Shows
4856,new_user,28,0,18,1.4,18,0,2.0,0.5019343018725029,14,Music & Musicals
4857,casual_viewer,171,1,101,7.855555555555555,31,30,1.0333333333333334,0.6526940557058873,7,Documentaries
4858,churning_user,470,0,62,4.822222222222222,13,26,0.5,0.3244088199113795,3,Thrillers
4859,power_binger,245,0,247,19.21111111111111,84,83,1.0120481927710843,0.8535152986611968,6,TV Dramas
4860,casual_viewer,523,5,79,6.144444444444444,21,20,1.05,0.6180520940811588,8,Documentaries
4861,churning_user,424,13,59,4.588888888888889,6,18,0.3333333333333333,0.2842968793015203,5,TV Dramas
4862,weekend_watcher,150,4,70,5.444444444444445,21,24,0.875,0.6766911718386869,8,Kids' TV
4863,casual_viewer,176,1,92,7.155555555555555,18,35,0.5142857142857142,0.5923798323606597,8,Comedies
4864,weekend_watcher,373,1,80,6.222222222222222,20,31,0.6451612903225806,0.6906758824689222,7,Romantic Movies
4865,churning_user,416,3,74,5.7555555555555555,15,23,0.6521739130434783,0.28710383130683853,4,Crime TV Shows
4866,power_binger,496,0,240,18.666666666666664,61,79,0.7721518987341772,0.8462267152631732,8,TV Dramas
4867,casual_viewer,605,0,96,7.466666666666667,35,28,1.25,0.601509880491796,4,Romantic Movies
4868,casual_viewer,626,4,90,7.0,21,38,0.5526315789473685,0.6283210581155705,7,Documentaries
4869,casual_viewer,430,0,93,7.233333333333333,26,26,1.0,0.5905278383426775,7,Comedies
4870,churning_user,247,3,61,4.7444444444444445,13,15,0.8666666666666667,0.33130429145329293,7,Crime TV Shows
4871,casual_viewer,574,1,105,8.166666666666666,32,39,0.8205128205128205,0.56784498442457,6,Documentaries
4872,casual_viewer,611,1,114,8.866666666666667,34,44,0.7727272727272727,0.5930033667407417,5,Romantic Movies
4873,churning_user,217,12,66,5.133333333333333,7,21,0.3333333333333333,0.30807607143228677,4,Thrillers
4874,churning_user,426,0,57,4.433333333333334,11,20,0.55,0.33512853018112193,6,Thrillers
4875,churning_user,83,9,56,4.355555555555555,9,23,0.391304347826087,0.3446127053234576,6,Crime TV Shows
4876,churning_user,410,5,50,3.888888888888889,10,17,0.5882352941176471,0.2878021676390027,4,Crime TV Shows
4877,casual_viewer,551,3,94,7.311111111111111,25,27,0.9259259259259259,0.6023155603645105,7,Comedies
4878,churning_user,221,8,64,4.977777777777778,9,21,0.42857142857142855,0.3128011520235404,3,TV Dramas
4879,casual_viewer,90,0,75,5.833333333333333,26,20,1.3,0.5722432871729547,4,Comedies
4880,casual_viewer,235,3,84,6.533333333333333,24,31,0.7741935483870968,0.6152410422605256,6,Documentaries
4881,power_binger,359,0,270,21.0,100,88,1.1363636363636365,0.8451987869088781,9,TV Dramas
4882,churning_user,212,3,59,4.588888888888889,5,14,0.35714285714285715,0.3187342648758688,7,Crime TV Shows
4883,churning_user,120,2,52,4.044444444444444,11,16,0.6875,0.3489018482739909,4,Thrillers
4884,casual_viewer,176,2,82,6.377777777777777,16,36,0.4444444444444444,0.6148903387697169,5,Romantic Movies
4885,weekend_watcher,553,0,83,6.455555555555556,29,30,0.9666666666666667,0.6907485635770608,9,Children & Family Movies
4886,weekend_watcher,114,1,89,6.922222222222222,33,30,1.1,0.6943398116239222,5,Stand-Up Comedy
4887,power_binger,696,0,265,20.61111111111111,89,81,1.0987654320987654,0.8503995804431705,9,Crime TV Shows
4888,churning_user,258,10,55,4.277777777777778,8,16,0.5,0.2961695471486633,3,Crime TV Shows
4889,casual_viewer,513,1,91,7.0777777777777775,34,31,1.096774193548387,0.6365122142645868,7,Romantic Movies
4890,new_user,3,0,2,0.15555555555555556,2,0,2.0,0.6600656467027233,13,TV Comedies
4891,casual_viewer,169,1,78,6.066666666666666,21,25,0.84,0.5945894742512748,4,Comedies
4892,casual_viewer,327,0,86,6.688888888888888,22,27,0.8148148148148148,0.5961499209886407,8,Romantic Movies
4893,casual_viewer,511,0,112,8.71111111111111,39,30,1.3,0.6199312672865631,3,Documentaries
4894,casual_viewer,627,0,70,5.444444444444445,28,22,1.2727272727272727,0.5719783874426481,4,Documentaries
4895,churning_user,500,3,58,4.511111111111111,12,17,0.7058823529411765,0.31556600170787924,6,TV Dramas
4896,casual_viewer,224,0,99,7.699999999999999,26,39,0.6666666666666666,0.5995054702577111,4,Documentaries
4897,casual_viewer,718,1,80,6.222222222222222,32,23,1.391304347826087,0.5814261677025557,7,Romantic Movies
4898,churning_user,125,6,44,3.422222222222222,7,10,0.7,0.3182711614223972,7,Crime TV Shows
4899,weekend_watcher,221,0,90,7.0,31,24,1.2916666666666667,0.7006040289013568,5,Romantic Movies
4900,weekend_watcher,501,1,79,6.144444444444444,29,22,1.3181818181818181,0.6941860318495051,9,Stand-Up Comedy
4901,casual_viewer,709,0,95,7.388888888888888,31,33,0.9393939393939394,0.6067733582764981,7,Documentaries
4902,casual_viewer,613,0,89,6.922222222222222,31,31,1.0,0.5970238356574157,5,Comedies
4903,power_binger,290,0,233,18.12222222222222,72,88,0.8181818181818182,0.8453535490529238,9,TV Dramas
4904,weekend_watcher,712,0,67,5.211111111111111,20,25,0.8,0.6793065330165762,6,Romantic Movies
4905,weekend_watcher,272,0,72,5.6,22,26,0.8461538461538461,0.7277245675084839,5,Stand-Up Comedy
4906,churning_user,464,5,54,4.2,15,12,1.25,0.3629200888487417,7,Thrillers
4907,weekend_watcher,698,0,85,6.611111111111111,30,27,1.1111111111111112,0.720114470465453,7,Children & Family Movies
4908,power_binger,240,0,275,21.38888888888889,92,88,1.0454545454545454,0.8572835356164009,8,Thrillers
4909,churning_user,196,8,67,5.211111111111111,9,23,0.391304347826087,0.28439722402992573,8,Crime TV Shows
4910,casual_viewer,252,0,76,5.9111111111111105,21,34,0.6176470588235294,0.6230130394575922,8,Documentaries
4911,power_binger,369,0,228,17.733333333333334,70,73,0.958904109589041,0.8459099026403666,6,Thrillers
4912,casual_viewer,662,1,98,7.622222222222222,25,37,0.6756756756756757,0.6194291192177184,8,Comedies
4913,casual_viewer,223,0,101,7.855555555555555,24,33,0.7272727272727273,0.6231054856853284,4,Comedies
4914,new_user,5,0,2,0.15555555555555556,2,0,2.0,0.5087546846443255,13,TV Dramas
4915,casual_viewer,332,2,85,6.611111111111111,30,27,1.1111111111111112,0.6361040480239194,7,Comedies
4916,weekend_watcher,194,0,79,6.144444444444444,27,32,0.84375,0.7083193693926907,4,Romantic Movies
4917,weekend_watcher,676,0,78,6.066666666666666,26,28,0.9285714285714286,0.7328267924156459,4,Stand-Up Comedy
4918,churning_user,242,22,62,4.822222222222222,3,21,0.14285714285714285,0.2623533888316246,7,TV Dramas
4919,new_user,5,1,6,0.4666666666666667,6,0,2.0,0.5754259759959163,15,Sci-Fi & Fantasy
4920,casual_viewer,625,1,85,6.611111111111111,21,26,0.8076923076923077,0.6090296094876105,7,Romantic Movies
4921,casual_viewer,705,0,87,6.766666666666667,29,31,0.9354838709677419,0.5985256891103949,3,Romantic Movies
4922,power_binger,463,0,268,20.844444444444445,102,82,1.2439024390243902,0.8520658336922431,9,TV Dramas
4923,casual_viewer,325,3,71,5.522222222222222,20,26,0.7692307692307693,0.5928185028683938,5,Comedies
4924,weekend_watcher,254,1,79,6.144444444444444,28,18,1.5555555555555556,0.6874533882458278,7,Children & Family Movies
4925,casual_viewer,572,3,83,6.455555555555556,29,27,1.0740740740740742,0.6230347501608559,7,Documentaries
4926,casual_viewer,202,0,92,7.155555555555555,32,30,1.0666666666666667,0.5963290235115537,3,Comedies
4927,casual_viewer,563,2,94,7.311111111111111,31,34,0.9117647058823529,0.5579420332704988,3,Romantic Movies
4928,casual_viewer,362,1,88,6.844444444444444,27,33,0.8181818181818182,0.6021942952513647,8,Documentaries
4929,weekend_watcher,374,0,77,5.988888888888889,29,22,1.3181818181818181,0.7185176538774924,9,Stand-Up Comedy
4930,casual_viewer,161,0,91,7.0777777777777775,24,31,0.7741935483870968,0.5697115064239902,4,Documentaries
4931,weekend_watcher,415,0,84,6.533333333333333,29,27,1.0740740740740742,0.7151682836526388,4,Children & Family Movies
4932,churning_user,271,1,70,5.444444444444445,12,17,0.7058823529411765,0.28285836395637215,5,Thrillers
4933,weekend_watcher,658,0,71,5.522222222222222,22,24,0.9166666666666666,0.6793639732844696,7,Stand-Up Comedy
4934,casual_viewer,396,3,106,8.244444444444444,29,39,0.7435897435897436,0.5836234894046941,8,Comedies
4935,churning_user,357,0,58,4.511111111111111,8,19,0.42105263157894735,0.3415568324732594,4,Thrillers
4936,power_binger,646,0,244,18.977777777777778,70,74,0.9459459459459459,0.8403564173539064,9,Sci-Fi & Fantasy
4937,casual_viewer,203,0,104,8.088888888888889,28,42,0.6666666666666666,0.6171934830620113,7,Documentaries
4938,weekend_watcher,286,0,67,5.211111111111111,13,24,0.5416666666666666,0.67169382899528,7,Romantic Movies
4939,churning_user,359,1,52,4.044444444444444,9,12,0.75,0.38022015869566445,5,TV Dramas
4940,power_binger,205,0,230,17.88888888888889,72,76,0.9473684210526315,0.8391705245285778,6,TV Dramas
4941,weekend_watcher,162,1,81,6.3,27,32,0.84375,0.7061778379381308,4,Stand-Up Comedy
4942,power_binger,680,0,249,19.366666666666667,90,76,1.1842105263157894,0.8546704241327057,9,Thrillers
4943,churning_user,496,0,58,4.511111111111111,12,16,0.75,0.2827445013699338,3,Thrillers
4944,new_user,23,2,18,1.4,18,0,2.0,0.546786154045964,10,Crime TV Shows
4945,churning_user,335,1,46,3.5777777777777775,5,12,0.4166666666666667,0.28963119373312274,7,Crime TV Shows
4946,weekend_watcher,111,2,75,5.833333333333333,31,24,1.2916666666666667,0.6960315134275603,8,Children & Family Movies
4947,churning_user,380,0,56,4.355555555555555,11,16,0.6875,0.2815190079018654,3,TV Dramas
4948,weekend_watcher,398,2,78,6.066666666666666,19,27,0.7037037037037037,0.6741916888345054,4,Romantic Movies
4949,churning_user,457,0,58,4.511111111111111,10,16,0.625,0.3124822613350503,4,TV Dramas
4950,churning_user,290,0,59,4.588888888888889,10,12,0.8333333333333334,0.2906913398068822,8,Thrillers
4951,casual_viewer,321,1,99,7.699999999999999,21,42,0.5,0.6031655777185054,3,Comedies
4952,weekend_watcher,368,1,75,5.833333333333333,33,18,1.8333333333333333,0.6979188816755054,4,Stand-Up Comedy
4953,casual_viewer,483,1,86,6.688888888888888,23,32,0.71875,0.6306491991815361,4,Comedies
4954,new_user,27,1,24,1.8666666666666667,24,0,2.0,0.6256096710917998,12,Action & Adventure
4955,casual_viewer,127,0,100,7.777777777777778,28,27,1.037037037037037,0.6284111677748565,3,Comedies
4956,casual_viewer,240,0,81,6.3,25,31,0.8064516129032258,0.5762465378400594,7,Romantic Movies
4957,weekend_watcher,324,0,81,6.3,26,26,1.0,0.7010539752742012,5,Kids' TV
4958,casual_viewer,133,0,92,7.155555555555555,30,33,0.9090909090909091,0.5948399641471815,8,Romantic Movies
4959,casual_viewer,702,8,99,7.699999999999999,25,33,0.7575757575757576,0.5899267430486852,8,Documentaries
4960,weekend_watcher,727,2,92,7.155555555555555,29,28,1.0357142857142858,0.707946004095286,9,Kids' TV
4961,power_binger,188,0,258,20.066666666666666,84,93,0.9032258064516129,0.8498323388959688,6,Thrillers
4962,power_binger,431,0,245,19.055555555555554,81,69,1.173913043478261,0.8470166356512833,4,Crime TV Shows
4963,casual_viewer,638,1,89,6.922222222222222,25,37,0.6756756756756757,0.6102817530081985,8,Comedies
4964,casual_viewer,530,0,79,6.144444444444444,28,26,1.0769230769230769,0.60570807129784,4,Documentaries
4965,casual_viewer,540,1,105,8.166666666666666,32,34,0.9411764705882353,0.5827629407414281,6,Romantic Movies
4966,power_binger,386,0,266,20.688888888888886,95,88,1.0795454545454546,0.8485219268686872,7,Sci-Fi & Fantasy
4967,casual_viewer,312,0,86,6.688888888888888,21,27,0.7777777777777778,0.6237779650228242,4,Romantic Movies
4968,casual_viewer,275,0,107,8.322222222222221,37,38,0.9736842105263158,0.5960361173282188,4,Documentaries
4969,power_binger,510,0,239,18.58888888888889,83,81,1.0246913580246915,0.8521326026119912,5,Crime TV Shows
4970,churning_user,257,16,59,4.588888888888889,8,17,0.47058823529411764,0.28736187114105766,5,TV Dramas
4971,churning_user,160,4,61,4.7444444444444445,14,17,0.8235294117647058,0.322229953460868,3,TV Dramas
4972,power_binger,590,0,248,19.288888888888888,82,92,0.8913043478260869,0.8420166470403232,9,Sci-Fi & Fantasy
4973,casual_viewer,316,1,102,7.933333333333333,34,37,0.918918918918919,0.5664463182030646,6,Documentaries
4974,weekend_watcher,721,1,86,6.688888888888888,25,34,0.7352941176470589,0.7209109397657699,4,Romantic Movies
4975,churning_user,180,1,60,4.666666666666666,12,12,1.0,0.2862540473910935,6,Thrillers
4976,casual_viewer,457,0,99,7.699999999999999,24,28,0.8571428571428571,0.5918657456730948,5,Documentaries
4977,casual_viewer,117,1,90,7.0,25,34,0.7352941176470589,0.6090131579777979,7,Documentaries
4978,casual_viewer,299,0,99,7.699999999999999,27,34,0.7941176470588235,0.5898597370664329,8,Documentaries
4979,weekend_watcher,95,0,80,6.222222222222222,26,19,1.368421052631579,0.7131651097199526,4,Romantic Movies
4980,new_user,12,1,6,0.4666666666666667,6,0,2.0,0.5719794628980495,8,British TV Shows
4981,new_user,11,1,8,0.6222222222222222,8,0,2.0,0.40895539568462735,11,Independent Movies
4982,casual_viewer,131,0,96,7.466666666666667,31,30,1.0333333333333334,0.6100207505076356,3,Romantic Movies
4983,casual_viewer,257,1,100,7.777777777777778,38,32,1.1875,0.6042218632680987,4,Documentaries
4984,power_binger,375,0,275,21.38888888888889,97,98,0.9897959183673469,0.8532933308875263,9,Sci-Fi & Fantasy
4985,casual_viewer,417,0,88,6.844444444444444,33,26,1.2692307692307692,0.5931917809540682,7,Documentaries
4986,casual_viewer,243,0,92,7.155555555555555,25,34,0.7352941176470589,0.5980907962677194,7,Comedies
4987,churning_user,112,1,56,4.355555555555555,9,18,0.5,0.25033922799245323,4,Crime TV Shows
4988,power_binger,471,0,232,18.044444444444444,74,71,1.0422535211267605,0.8594786659778983,5,Thrillers
4989,new_user,24,0,15,1.1666666666666665,15,0,2.0,0.5461834053063821,15,Romantic TV Shows
4990,power_binger,692,0,272,21.155555555555555,89,91,0.978021978021978,0.8521519388250636,6,Crime TV Shows
4991,power_binger,569,0,229,17.81111111111111,81,70,1.1571428571428573,0.8416875533787685,6,Thrillers
4992,weekend_watcher,216,0,73,5.677777777777777,22,30,0.7333333333333333,0.7150094375528768,4,Kids' TV
4993,weekend_watcher,230,0,79,6.144444444444444,33,16,2.0625,0.6982726539898773,9,Stand-Up Comedy
4994,casual_viewer,133,0,79,6.144444444444444,21,38,0.5526315789473685,0.5908694251426982,6,Romantic Movies
4995,churning_user,239,4,64,4.977777777777778,11,9,1.2222222222222223,0.29404639798859944,5,Thrillers
4996,casual_viewer,220,1,89,6.922222222222222,31,29,1.0689655172413792,0.5995235576822957,5,Documentaries
4997,power_binger,433,0,258,20.066666666666666,83,92,0.9021739130434783,0.8448444318747804,9,TV Dramas
4998,casual_viewer,594,1,91,7.0777777777777775,21,34,0.6176470588235294,0.6252464105594969,8,Documentaries
4999,casual_viewer,667,4,72,5.6,18,33,0.5454545454545454,0.5891454000991503,4,Romantic Movies
5000,churning_user,139,1,57,4.433333333333334,11,17,0.6470588235294118,0.2762362825205751,6,Crime TV Shows
